ARM GAS  C:\Users\ARTEM\AppData\Local\Temp\cce6pwaj.s 			page 1


   1              		.syntax unified
   2              		.cpu cortex-m0
   3              		.fpu softvfp
   4              		.eabi_attribute 20, 1
   5              		.eabi_attribute 21, 1
   6              		.eabi_attribute 23, 3
   7              		.eabi_attribute 24, 1
   8              		.eabi_attribute 25, 1
   9              		.eabi_attribute 26, 1
  10              		.eabi_attribute 30, 1
  11              		.eabi_attribute 34, 0
  12              		.eabi_attribute 18, 4
  13              		.thumb
  14              		.syntax unified
  15              		.file	"aios.c"
  16              		.text
  17              	.Ltext0:
  18              		.cfi_sections	.debug_frame
  19              		.section	.text.AIOS_Handler,"ax",%progbits
  20              		.align	2
  21              		.global	AIOS_Handler
  22              		.code	16
  23              		.thumb_func
  24              		.type	AIOS_Handler, %function
  25              	AIOS_Handler:
  26              	.LFB36:
  27              		.file 1 "aios.c"
   1:aios.c        **** #include "aios.h"
   2:aios.c        **** #include "ballServeController.h"
   3:aios.c        **** #include "motorController.h"
   4:aios.c        **** 
   5:aios.c        **** void AIOS_Handler(uint32 eventCode, void *eventParams)
   6:aios.c        **** {
  28              		.loc 1 6 0
  29              		.cfi_startproc
  30              		@ args = 0, pretend = 0, frame = 0
  31              		@ frame_needed = 0, uses_anonymous_args = 0
  32              	.LVL0:
  33 0000 10B5     		push	{r4, lr}
  34              		.cfi_def_cfa_offset 8
  35              		.cfi_offset 4, -8
  36              		.cfi_offset 14, -4
   7:aios.c        ****     switch(eventCode){
  37              		.loc 1 7 0
  38 0002 0128     		cmp	r0, #1
  39 0004 01D0     		beq	.L3
  40 0006 2828     		cmp	r0, #40
  41 0008 02D1     		bne	.L1
  42              	.L3:
   8:aios.c        ****         case CYBLE_EVT_STACK_ON:
   9:aios.c        ****         case CYBLE_EVT_GAP_DEVICE_DISCONNECTED:
  10:aios.c        ****             CyBle_GappStartAdvertisement(CYBLE_ADVERTISING_FAST);
  43              		.loc 1 10 0
  44 000a 0020     		movs	r0, #0
  45              	.LVL1:
  46 000c FFF7FEFF 		bl	CyBle_GappStartAdvertisement
  47              	.LVL2:
ARM GAS  C:\Users\ARTEM\AppData\Local\Temp\cce6pwaj.s 			page 2


  48              	.L1:
  11:aios.c        ****             break;
  12:aios.c        ****     }
  13:aios.c        **** }
  49              		.loc 1 13 0
  50              		@ sp needed
  51 0010 10BD     		pop	{r4, pc}
  52              		.cfi_endproc
  53              	.LFE36:
  54              		.size	AIOS_Handler, .-AIOS_Handler
  55 0012 C046     		.section	.text.AIOS_Callback,"ax",%progbits
  56              		.align	2
  57              		.global	AIOS_Callback
  58              		.code	16
  59              		.thumb_func
  60              		.type	AIOS_Callback, %function
  61              	AIOS_Callback:
  62              	.LFB37:
  14:aios.c        **** void AIOS_Callback(uint32 eventCode, void *eventParam){
  63              		.loc 1 14 0
  64              		.cfi_startproc
  65              		@ args = 0, pretend = 0, frame = 128
  66              		@ frame_needed = 0, uses_anonymous_args = 0
  67              	.LVL3:
  68 0000 30B5     		push	{r4, r5, lr}
  69              		.cfi_def_cfa_offset 12
  70              		.cfi_offset 4, -12
  71              		.cfi_offset 5, -8
  72              		.cfi_offset 14, -4
  73 0002 A3B0     		sub	sp, sp, #140
  74              		.cfi_def_cfa_offset 152
  75 0004 0C00     		movs	r4, r1
  76              	.LVL4:
  15:aios.c        ****     CYBLE_AIOS_CHAR_VALUE_T *locCharValue = eventParam;
  16:aios.c        **** 
  17:aios.c        ****     switch(eventCode){
  77              		.loc 1 17 0
  78 0006 8C23     		movs	r3, #140
  79 0008 5B00     		lsls	r3, r3, #1
  80 000a 9842     		cmp	r0, r3
  81 000c 5ED1     		bne	.L4
  82              	.LBB2:
  18:aios.c        ****         case CYBLE_EVT_AIOSS_CHAR_WRITE: {
  19:aios.c        ****             char str[100];
  20:aios.c        ****             int motorSpeeds[4] = {5000};
  83              		.loc 1 20 0
  84 000e 1022     		movs	r2, #16
  85 0010 0021     		movs	r1, #0
  86              	.LVL5:
  87 0012 05A8     		add	r0, sp, #20
  88              	.LVL6:
  89 0014 FFF7FEFF 		bl	memset
  90              	.LVL7:
  91 0018 2D4B     		ldr	r3, .L7
  92 001a 0593     		str	r3, [sp, #20]
  21:aios.c        ****             
  22:aios.c        ****             motorSpeeds[0] = CyBle_AiosGet16ByPtr(locCharValue->value->val);
ARM GAS  C:\Users\ARTEM\AppData\Local\Temp\cce6pwaj.s 			page 3


  93              		.loc 1 22 0
  94 001c 6368     		ldr	r3, [r4, #4]
  95 001e 1868     		ldr	r0, [r3]
  96 0020 FFF7FEFF 		bl	CyBle_Get16ByPtr
  97              	.LVL8:
  98 0024 0590     		str	r0, [sp, #20]
  23:aios.c        ****             motorSpeeds[1] = CyBle_AiosGet16ByPtr(locCharValue->value->val+2);
  99              		.loc 1 23 0
 100 0026 6368     		ldr	r3, [r4, #4]
 101 0028 1868     		ldr	r0, [r3]
 102 002a 0230     		adds	r0, r0, #2
 103 002c FFF7FEFF 		bl	CyBle_Get16ByPtr
 104              	.LVL9:
 105 0030 0690     		str	r0, [sp, #24]
  24:aios.c        ****             motorSpeeds[2] = CyBle_AiosGet16ByPtr(locCharValue->value->val+4);
 106              		.loc 1 24 0
 107 0032 6368     		ldr	r3, [r4, #4]
 108 0034 1868     		ldr	r0, [r3]
 109 0036 0430     		adds	r0, r0, #4
 110 0038 FFF7FEFF 		bl	CyBle_Get16ByPtr
 111              	.LVL10:
 112 003c 0790     		str	r0, [sp, #28]
  25:aios.c        ****             motorSpeeds[3] = CyBle_AiosGet16ByPtr(locCharValue->value->val+6);
 113              		.loc 1 25 0
 114 003e 6368     		ldr	r3, [r4, #4]
 115 0040 1868     		ldr	r0, [r3]
 116 0042 0630     		adds	r0, r0, #6
 117 0044 FFF7FEFF 		bl	CyBle_Get16ByPtr
 118              	.LVL11:
 119 0048 0890     		str	r0, [sp, #32]
  26:aios.c        ****             
  27:aios.c        ****             sprintf(str, "Motorspeeds are %d %d %d %d\r\n", motorSpeeds[0], motorSpeeds[1], motorSp
 120              		.loc 1 27 0
 121 004a 069B     		ldr	r3, [sp, #24]
 122 004c 0293     		str	r3, [sp, #8]
 123 004e 0190     		str	r0, [sp, #4]
 124 0050 079B     		ldr	r3, [sp, #28]
 125 0052 0393     		str	r3, [sp, #12]
 126 0054 0093     		str	r3, [sp]
 127 0056 029B     		ldr	r3, [sp, #8]
 128 0058 059A     		ldr	r2, [sp, #20]
 129 005a 1E49     		ldr	r1, .L7+4
 130 005c 09A8     		add	r0, sp, #36
 131 005e FFF7FEFF 		bl	sprintf
 132              	.LVL12:
  28:aios.c        ****             UART_UartPutString(str);
 133              		.loc 1 28 0
 134 0062 09A8     		add	r0, sp, #36
 135 0064 FFF7FEFF 		bl	UART_UartPutString
 136              	.LVL13:
  29:aios.c        ****             
  30:aios.c        ****             setSpin(motorSpeeds);
 137              		.loc 1 30 0
 138 0068 05A8     		add	r0, sp, #20
 139 006a FFF7FEFF 		bl	setSpin
 140              	.LVL14:
  31:aios.c        ****             CyDelay(1500);
ARM GAS  C:\Users\ARTEM\AppData\Local\Temp\cce6pwaj.s 			page 4


 141              		.loc 1 31 0
 142 006e 1A48     		ldr	r0, .L7+8
 143 0070 FFF7FEFF 		bl	CyDelay
 144              	.LVL15:
  32:aios.c        ****             
  33:aios.c        ****             uint8 ZERO = 0;
 145              		.loc 1 33 0
 146 0074 0B25     		movs	r5, #11
 147 0076 02AB     		add	r3, sp, #8
 148 0078 9C46     		mov	ip, r3
 149 007a 6544     		add	r5, r5, ip
 150 007c 0023     		movs	r3, #0
 151 007e 2B70     		strb	r3, [r5]
  34:aios.c        ****             doServe = CyBle_AiosGet16ByPtr(locCharValue->value->val+8);
 152              		.loc 1 34 0
 153 0080 6368     		ldr	r3, [r4, #4]
 154 0082 1868     		ldr	r0, [r3]
 155 0084 0830     		adds	r0, r0, #8
 156 0086 FFF7FEFF 		bl	CyBle_Get16ByPtr
 157              	.LVL16:
 158 008a 431E     		subs	r3, r0, #1
 159 008c 9841     		sbcs	r0, r0, r3
 160 008e 134B     		ldr	r3, .L7+12
 161 0090 1870     		strb	r0, [r3]
  35:aios.c        ****             CyBle_AiossSetCharacteristicValue(CYBLE_AIOS_ANALOG, 4, 2, &ZERO);
 162              		.loc 1 35 0
 163 0092 2B00     		movs	r3, r5
 164 0094 0222     		movs	r2, #2
 165 0096 0421     		movs	r1, #4
 166 0098 0120     		movs	r0, #1
 167 009a FFF7FEFF 		bl	CyBle_AiossSetCharacteristicValue
 168              	.LVL17:
  36:aios.c        ****             
  37:aios.c        ****             bool enabled = CyBle_AiosGet16ByPtr(locCharValue->value->val+10);
 169              		.loc 1 37 0
 170 009e 6368     		ldr	r3, [r4, #4]
 171 00a0 1868     		ldr	r0, [r3]
 172 00a2 0A30     		adds	r0, r0, #10
 173 00a4 FFF7FEFF 		bl	CyBle_Get16ByPtr
 174              	.LVL18:
 175 00a8 431E     		subs	r3, r0, #1
 176 00aa 9841     		sbcs	r0, r0, r3
 177 00ac C0B2     		uxtb	r0, r0
 178              	.LVL19:
  38:aios.c        ****             SetMotorsEnabled(enabled);
 179              		.loc 1 38 0
 180 00ae FFF7FEFF 		bl	SetMotorsEnabled
 181              	.LVL20:
  39:aios.c        ****             
  40:aios.c        ****             int diff = CyBle_AiosGet16ByPtr(locCharValue->value->val+12);
 182              		.loc 1 40 0
 183 00b2 6368     		ldr	r3, [r4, #4]
 184 00b4 1868     		ldr	r0, [r3]
 185 00b6 0C30     		adds	r0, r0, #12
 186 00b8 FFF7FEFF 		bl	CyBle_Get16ByPtr
 187              	.LVL21:
 188 00bc 0200     		movs	r2, r0
ARM GAS  C:\Users\ARTEM\AppData\Local\Temp\cce6pwaj.s 			page 5


 189              	.LVL22:
  41:aios.c        ****             sprintf(str, "difficulty: %d", diff);
 190              		.loc 1 41 0
 191 00be 0849     		ldr	r1, .L7+16
 192 00c0 09A8     		add	r0, sp, #36
 193              	.LVL23:
 194 00c2 FFF7FEFF 		bl	sprintf
 195              	.LVL24:
  42:aios.c        ****             
  43:aios.c        ****             UART_UartPutString(str);
 196              		.loc 1 43 0
 197 00c6 09A8     		add	r0, sp, #36
 198 00c8 FFF7FEFF 		bl	UART_UartPutString
 199              	.LVL25:
 200              	.L4:
 201              	.LBE2:
  44:aios.c        ****             break;
  45:aios.c        ****          }
  46:aios.c        ****     }
  47:aios.c        **** } 
 202              		.loc 1 47 0
 203 00cc 23B0     		add	sp, sp, #140
 204              		@ sp needed
 205              	.LVL26:
 206 00ce 30BD     		pop	{r4, r5, pc}
 207              	.L8:
 208              		.align	2
 209              	.L7:
 210 00d0 88130000 		.word	5000
 211 00d4 00000000 		.word	.LC0
 212 00d8 DC050000 		.word	1500
 213 00dc 00000000 		.word	doServe
 214 00e0 20000000 		.word	.LC3
 215              		.cfi_endproc
 216              	.LFE37:
 217              		.size	AIOS_Callback, .-AIOS_Callback
 218              		.comm	counter,4,4
 219              		.comm	isServing,1,1
 220              		.comm	doServe,1,1
 221              		.comm	disablePrintIfZeroRPM,1,1
 222              		.comm	motorsEnabled,1,1
 223              		.comm	motor_speeds,16,4
 224              		.comm	str,16,4
 225              		.comm	uart_rpm_buff,4,4
 226              		.section	.rodata.str1.4,"aMS",%progbits,1
 227              		.align	2
 228              	.LC0:
 229 0000 4D6F746F 		.ascii	"Motorspeeds are %d %d %d %d\015\012\000"
 229      72737065 
 229      65647320 
 229      61726520 
 229      25642025 
 230 001e 0000     		.space	2
 231              	.LC3:
 232 0020 64696666 		.ascii	"difficulty: %d\000"
 232      6963756C 
 232      74793A20 
ARM GAS  C:\Users\ARTEM\AppData\Local\Temp\cce6pwaj.s 			page 6


 232      256400
 233              		.text
 234              	.Letext0:
 235              		.file 2 "Generated_Source\\PSoC4/cytypes.h"
 236              		.file 3 "Generated_Source\\PSoC4/Bluetooth_Stack.h"
 237              		.file 4 "Generated_Source\\PSoC4/Bluetooth_StackGatt.h"
 238              		.file 5 "Generated_Source\\PSoC4/Bluetooth_aios.h"
 239              		.file 6 "Generated_Source\\PSoC4/Bluetooth_eventHandler.h"
 240              		.file 7 "main_data.h"
 241              		.file 8 "debug.h"
 242              		.file 9 "ballServeController.h"
 243              		.file 10 "Generated_Source\\PSoC4/Bluetooth.h"
 244              		.file 11 "b:\\psoc creator\\4.4\\psoc creator\\import\\gnu\\arm\\5.4.1\\arm-none-eabi\\include\\st
 245              		.file 12 "Generated_Source\\PSoC4/UART_SPI_UART.h"
 246              		.file 13 "motorController.h"
 247              		.file 14 "Generated_Source\\PSoC4/CyLib.h"
 248              		.section	.debug_info,"",%progbits
 249              	.Ldebug_info0:
 250 0000 54100000 		.4byte	0x1054
 251 0004 0400     		.2byte	0x4
 252 0006 00000000 		.4byte	.Ldebug_abbrev0
 253 000a 04       		.byte	0x4
 254 000b 01       		.uleb128 0x1
 255 000c 58120000 		.4byte	.LASF486
 256 0010 0C       		.byte	0xc
 257 0011 2B1A0000 		.4byte	.LASF487
 258 0015 BD190000 		.4byte	.LASF488
 259 0019 00000000 		.4byte	.Ldebug_ranges0+0
 260 001d 00000000 		.4byte	0
 261 0021 00000000 		.4byte	.Ldebug_line0
 262 0025 02       		.uleb128 0x2
 263 0026 01       		.byte	0x1
 264 0027 06       		.byte	0x6
 265 0028 49370000 		.4byte	.LASF0
 266 002c 02       		.uleb128 0x2
 267 002d 01       		.byte	0x1
 268 002e 08       		.byte	0x8
 269 002f 83320000 		.4byte	.LASF1
 270 0033 02       		.uleb128 0x2
 271 0034 02       		.byte	0x2
 272 0035 05       		.byte	0x5
 273 0036 8A070000 		.4byte	.LASF2
 274 003a 02       		.uleb128 0x2
 275 003b 02       		.byte	0x2
 276 003c 07       		.byte	0x7
 277 003d 71370000 		.4byte	.LASF3
 278 0041 02       		.uleb128 0x2
 279 0042 04       		.byte	0x4
 280 0043 05       		.byte	0x5
 281 0044 27290000 		.4byte	.LASF4
 282 0048 02       		.uleb128 0x2
 283 0049 04       		.byte	0x4
 284 004a 07       		.byte	0x7
 285 004b 442F0000 		.4byte	.LASF5
 286 004f 02       		.uleb128 0x2
 287 0050 08       		.byte	0x8
 288 0051 05       		.byte	0x5
ARM GAS  C:\Users\ARTEM\AppData\Local\Temp\cce6pwaj.s 			page 7


 289 0052 D81C0000 		.4byte	.LASF6
 290 0056 02       		.uleb128 0x2
 291 0057 08       		.byte	0x8
 292 0058 07       		.byte	0x7
 293 0059 410E0000 		.4byte	.LASF7
 294 005d 03       		.uleb128 0x3
 295 005e 04       		.byte	0x4
 296 005f 05       		.byte	0x5
 297 0060 696E7400 		.ascii	"int\000"
 298 0064 02       		.uleb128 0x2
 299 0065 04       		.byte	0x4
 300 0066 07       		.byte	0x7
 301 0067 6E1A0000 		.4byte	.LASF8
 302 006b 04       		.uleb128 0x4
 303 006c D2380000 		.4byte	.LASF9
 304 0070 02       		.byte	0x2
 305 0071 FC01     		.2byte	0x1fc
 306 0073 2C000000 		.4byte	0x2c
 307 0077 04       		.uleb128 0x4
 308 0078 451A0000 		.4byte	.LASF10
 309 007c 02       		.byte	0x2
 310 007d FD01     		.2byte	0x1fd
 311 007f 3A000000 		.4byte	0x3a
 312 0083 04       		.uleb128 0x4
 313 0084 E1210000 		.4byte	.LASF11
 314 0088 02       		.byte	0x2
 315 0089 FE01     		.2byte	0x1fe
 316 008b 48000000 		.4byte	0x48
 317 008f 02       		.uleb128 0x2
 318 0090 04       		.byte	0x4
 319 0091 04       		.byte	0x4
 320 0092 750C0000 		.4byte	.LASF12
 321 0096 02       		.uleb128 0x2
 322 0097 08       		.byte	0x8
 323 0098 04       		.byte	0x4
 324 0099 D8380000 		.4byte	.LASF13
 325 009d 02       		.uleb128 0x2
 326 009e 01       		.byte	0x1
 327 009f 08       		.byte	0x8
 328 00a0 08190000 		.4byte	.LASF14
 329 00a4 02       		.uleb128 0x2
 330 00a5 08       		.byte	0x8
 331 00a6 04       		.byte	0x4
 332 00a7 62250000 		.4byte	.LASF15
 333 00ab 02       		.uleb128 0x2
 334 00ac 04       		.byte	0x4
 335 00ad 07       		.byte	0x7
 336 00ae 022F0000 		.4byte	.LASF16
 337 00b2 05       		.uleb128 0x5
 338 00b3 04       		.byte	0x4
 339 00b4 06       		.uleb128 0x6
 340 00b5 04       		.byte	0x4
 341 00b6 6B000000 		.4byte	0x6b
 342 00ba 07       		.uleb128 0x7
 343 00bb 01       		.byte	0x1
 344 00bc 2C000000 		.4byte	0x2c
 345 00c0 03       		.byte	0x3
ARM GAS  C:\Users\ARTEM\AppData\Local\Temp\cce6pwaj.s 			page 8


 346 00c1 3501     		.2byte	0x135
 347 00c3 78020000 		.4byte	0x278
 348 00c7 08       		.uleb128 0x8
 349 00c8 FB2A0000 		.4byte	.LASF17
 350 00cc 00       		.byte	0
 351 00cd 08       		.uleb128 0x8
 352 00ce 321A0000 		.4byte	.LASF18
 353 00d2 01       		.byte	0x1
 354 00d3 08       		.uleb128 0x8
 355 00d4 BB100000 		.4byte	.LASF19
 356 00d8 02       		.byte	0x2
 357 00d9 08       		.uleb128 0x8
 358 00da 04050000 		.4byte	.LASF20
 359 00de 03       		.byte	0x3
 360 00df 08       		.uleb128 0x8
 361 00e0 CD180000 		.4byte	.LASF21
 362 00e4 04       		.byte	0x4
 363 00e5 08       		.uleb128 0x8
 364 00e6 DE0C0000 		.4byte	.LASF22
 365 00ea 05       		.byte	0x5
 366 00eb 08       		.uleb128 0x8
 367 00ec F9310000 		.4byte	.LASF23
 368 00f0 06       		.byte	0x6
 369 00f1 08       		.uleb128 0x8
 370 00f2 BD3A0000 		.4byte	.LASF24
 371 00f6 20       		.byte	0x20
 372 00f7 08       		.uleb128 0x8
 373 00f8 FC010000 		.4byte	.LASF25
 374 00fc 21       		.byte	0x21
 375 00fd 08       		.uleb128 0x8
 376 00fe E7070000 		.4byte	.LASF26
 377 0102 22       		.byte	0x22
 378 0103 08       		.uleb128 0x8
 379 0104 FD060000 		.4byte	.LASF27
 380 0108 23       		.byte	0x23
 381 0109 08       		.uleb128 0x8
 382 010a 5F140000 		.4byte	.LASF28
 383 010e 24       		.byte	0x24
 384 010f 08       		.uleb128 0x8
 385 0110 A72B0000 		.4byte	.LASF29
 386 0114 25       		.byte	0x25
 387 0115 08       		.uleb128 0x8
 388 0116 96210000 		.4byte	.LASF30
 389 011a 26       		.byte	0x26
 390 011b 08       		.uleb128 0x8
 391 011c AE340000 		.4byte	.LASF31
 392 0120 27       		.byte	0x27
 393 0121 08       		.uleb128 0x8
 394 0122 202D0000 		.4byte	.LASF32
 395 0126 28       		.byte	0x28
 396 0127 08       		.uleb128 0x8
 397 0128 42270000 		.4byte	.LASF33
 398 012c 29       		.byte	0x29
 399 012d 08       		.uleb128 0x8
 400 012e 88090000 		.4byte	.LASF34
 401 0132 2A       		.byte	0x2a
 402 0133 08       		.uleb128 0x8
ARM GAS  C:\Users\ARTEM\AppData\Local\Temp\cce6pwaj.s 			page 9


 403 0134 053B0000 		.4byte	.LASF35
 404 0138 2B       		.byte	0x2b
 405 0139 08       		.uleb128 0x8
 406 013a 2A2E0000 		.4byte	.LASF36
 407 013e 2C       		.byte	0x2c
 408 013f 08       		.uleb128 0x8
 409 0140 E01D0000 		.4byte	.LASF37
 410 0144 2D       		.byte	0x2d
 411 0145 08       		.uleb128 0x8
 412 0146 5F320000 		.4byte	.LASF38
 413 014a 2E       		.byte	0x2e
 414 014b 08       		.uleb128 0x8
 415 014c C8220000 		.4byte	.LASF39
 416 0150 2F       		.byte	0x2f
 417 0151 08       		.uleb128 0x8
 418 0152 6D290000 		.4byte	.LASF40
 419 0156 30       		.byte	0x30
 420 0157 08       		.uleb128 0x8
 421 0158 C31B0000 		.4byte	.LASF41
 422 015c 31       		.byte	0x31
 423 015d 08       		.uleb128 0x8
 424 015e C12B0000 		.4byte	.LASF42
 425 0162 32       		.byte	0x32
 426 0163 08       		.uleb128 0x8
 427 0164 B4030000 		.4byte	.LASF43
 428 0168 33       		.byte	0x33
 429 0169 08       		.uleb128 0x8
 430 016a 94310000 		.4byte	.LASF44
 431 016e 34       		.byte	0x34
 432 016f 08       		.uleb128 0x8
 433 0170 DB030000 		.4byte	.LASF45
 434 0174 35       		.byte	0x35
 435 0175 08       		.uleb128 0x8
 436 0176 570F0000 		.4byte	.LASF46
 437 017a 36       		.byte	0x36
 438 017b 08       		.uleb128 0x8
 439 017c 3B340000 		.4byte	.LASF47
 440 0180 37       		.byte	0x37
 441 0181 08       		.uleb128 0x8
 442 0182 7F1D0000 		.4byte	.LASF48
 443 0186 40       		.byte	0x40
 444 0187 08       		.uleb128 0x8
 445 0188 B3290000 		.4byte	.LASF49
 446 018c 41       		.byte	0x41
 447 018d 08       		.uleb128 0x8
 448 018e 69030000 		.4byte	.LASF50
 449 0192 42       		.byte	0x42
 450 0193 08       		.uleb128 0x8
 451 0194 D5350000 		.4byte	.LASF51
 452 0198 43       		.byte	0x43
 453 0199 08       		.uleb128 0x8
 454 019a 42150000 		.4byte	.LASF52
 455 019e 44       		.byte	0x44
 456 019f 08       		.uleb128 0x8
 457 01a0 2A2C0000 		.4byte	.LASF53
 458 01a4 45       		.byte	0x45
 459 01a5 08       		.uleb128 0x8
ARM GAS  C:\Users\ARTEM\AppData\Local\Temp\cce6pwaj.s 			page 10


 460 01a6 84370000 		.4byte	.LASF54
 461 01aa 46       		.byte	0x46
 462 01ab 08       		.uleb128 0x8
 463 01ac 0E110000 		.4byte	.LASF55
 464 01b0 47       		.byte	0x47
 465 01b1 08       		.uleb128 0x8
 466 01b2 E0110000 		.4byte	.LASF56
 467 01b6 48       		.byte	0x48
 468 01b7 08       		.uleb128 0x8
 469 01b8 FB320000 		.4byte	.LASF57
 470 01bc 49       		.byte	0x49
 471 01bd 08       		.uleb128 0x8
 472 01be A6160000 		.4byte	.LASF58
 473 01c2 4A       		.byte	0x4a
 474 01c3 08       		.uleb128 0x8
 475 01c4 052A0000 		.4byte	.LASF59
 476 01c8 4B       		.byte	0x4b
 477 01c9 08       		.uleb128 0x8
 478 01ca A30E0000 		.4byte	.LASF60
 479 01ce 4C       		.byte	0x4c
 480 01cf 08       		.uleb128 0x8
 481 01d0 E90B0000 		.4byte	.LASF61
 482 01d4 4D       		.byte	0x4d
 483 01d5 08       		.uleb128 0x8
 484 01d6 7E050000 		.4byte	.LASF62
 485 01da 4E       		.byte	0x4e
 486 01db 08       		.uleb128 0x8
 487 01dc 0C350000 		.4byte	.LASF63
 488 01e0 4F       		.byte	0x4f
 489 01e1 08       		.uleb128 0x8
 490 01e2 9F270000 		.4byte	.LASF64
 491 01e6 50       		.byte	0x50
 492 01e7 08       		.uleb128 0x8
 493 01e8 25130000 		.4byte	.LASF65
 494 01ec 51       		.byte	0x51
 495 01ed 08       		.uleb128 0x8
 496 01ee 75000000 		.4byte	.LASF66
 497 01f2 52       		.byte	0x52
 498 01f3 08       		.uleb128 0x8
 499 01f4 B2250000 		.4byte	.LASF67
 500 01f8 53       		.byte	0x53
 501 01f9 08       		.uleb128 0x8
 502 01fa B4080000 		.4byte	.LASF68
 503 01fe 54       		.byte	0x54
 504 01ff 08       		.uleb128 0x8
 505 0200 A4040000 		.4byte	.LASF69
 506 0204 55       		.byte	0x55
 507 0205 08       		.uleb128 0x8
 508 0206 53000000 		.4byte	.LASF70
 509 020a 56       		.byte	0x56
 510 020b 08       		.uleb128 0x8
 511 020c 14140000 		.4byte	.LASF71
 512 0210 57       		.byte	0x57
 513 0211 08       		.uleb128 0x8
 514 0212 15240000 		.4byte	.LASF72
 515 0216 58       		.byte	0x58
 516 0217 08       		.uleb128 0x8
ARM GAS  C:\Users\ARTEM\AppData\Local\Temp\cce6pwaj.s 			page 11


 517 0218 1F1E0000 		.4byte	.LASF73
 518 021c 70       		.byte	0x70
 519 021d 08       		.uleb128 0x8
 520 021e E7160000 		.4byte	.LASF74
 521 0222 71       		.byte	0x71
 522 0223 08       		.uleb128 0x8
 523 0224 1C0D0000 		.4byte	.LASF75
 524 0228 72       		.byte	0x72
 525 0229 08       		.uleb128 0x8
 526 022a C62D0000 		.4byte	.LASF76
 527 022e 73       		.byte	0x73
 528 022f 08       		.uleb128 0x8
 529 0230 8C170000 		.4byte	.LASF77
 530 0234 74       		.byte	0x74
 531 0235 08       		.uleb128 0x8
 532 0236 A62A0000 		.4byte	.LASF78
 533 023a 75       		.byte	0x75
 534 023b 08       		.uleb128 0x8
 535 023c B0140000 		.4byte	.LASF79
 536 0240 76       		.byte	0x76
 537 0241 08       		.uleb128 0x8
 538 0242 18220000 		.4byte	.LASF80
 539 0246 77       		.byte	0x77
 540 0247 08       		.uleb128 0x8
 541 0248 25080000 		.4byte	.LASF81
 542 024c 78       		.byte	0x78
 543 024d 08       		.uleb128 0x8
 544 024e 10380000 		.4byte	.LASF82
 545 0252 79       		.byte	0x79
 546 0253 08       		.uleb128 0x8
 547 0254 DE300000 		.4byte	.LASF83
 548 0258 7A       		.byte	0x7a
 549 0259 08       		.uleb128 0x8
 550 025a 16360000 		.4byte	.LASF84
 551 025e FA       		.byte	0xfa
 552 025f 08       		.uleb128 0x8
 553 0260 3B050000 		.4byte	.LASF85
 554 0264 FB       		.byte	0xfb
 555 0265 08       		.uleb128 0x8
 556 0266 56230000 		.4byte	.LASF86
 557 026a FC       		.byte	0xfc
 558 026b 08       		.uleb128 0x8
 559 026c 83150000 		.4byte	.LASF87
 560 0270 FD       		.byte	0xfd
 561 0271 08       		.uleb128 0x8
 562 0272 CE290000 		.4byte	.LASF88
 563 0276 FF       		.byte	0xff
 564 0277 00       		.byte	0
 565 0278 09       		.uleb128 0x9
 566 0279 01       		.byte	0x1
 567 027a 2C000000 		.4byte	0x2c
 568 027e 04       		.byte	0x4
 569 027f A5       		.byte	0xa5
 570 0280 6F030000 		.4byte	0x36f
 571 0284 08       		.uleb128 0x8
 572 0285 980A0000 		.4byte	.LASF89
 573 0289 00       		.byte	0
ARM GAS  C:\Users\ARTEM\AppData\Local\Temp\cce6pwaj.s 			page 12


 574 028a 08       		.uleb128 0x8
 575 028b F7230000 		.4byte	.LASF90
 576 028f 01       		.byte	0x1
 577 0290 08       		.uleb128 0x8
 578 0291 1C260000 		.4byte	.LASF91
 579 0295 02       		.byte	0x2
 580 0296 08       		.uleb128 0x8
 581 0297 CD100000 		.4byte	.LASF92
 582 029b 03       		.byte	0x3
 583 029c 08       		.uleb128 0x8
 584 029d 14330000 		.4byte	.LASF93
 585 02a1 04       		.byte	0x4
 586 02a2 08       		.uleb128 0x8
 587 02a3 3E030000 		.4byte	.LASF94
 588 02a7 05       		.byte	0x5
 589 02a8 08       		.uleb128 0x8
 590 02a9 6B3A0000 		.4byte	.LASF95
 591 02ad 06       		.byte	0x6
 592 02ae 08       		.uleb128 0x8
 593 02af D51A0000 		.4byte	.LASF96
 594 02b3 07       		.byte	0x7
 595 02b4 08       		.uleb128 0x8
 596 02b5 0D190000 		.4byte	.LASF97
 597 02b9 08       		.byte	0x8
 598 02ba 08       		.uleb128 0x8
 599 02bb 15180000 		.4byte	.LASF98
 600 02bf 09       		.byte	0x9
 601 02c0 08       		.uleb128 0x8
 602 02c1 71360000 		.4byte	.LASF99
 603 02c5 0A       		.byte	0xa
 604 02c6 08       		.uleb128 0x8
 605 02c7 2F330000 		.4byte	.LASF100
 606 02cb 0B       		.byte	0xb
 607 02cc 08       		.uleb128 0x8
 608 02cd DC290000 		.4byte	.LASF101
 609 02d1 0C       		.byte	0xc
 610 02d2 08       		.uleb128 0x8
 611 02d3 52100000 		.4byte	.LASF102
 612 02d7 0D       		.byte	0xd
 613 02d8 08       		.uleb128 0x8
 614 02d9 F0100000 		.4byte	.LASF103
 615 02dd 0E       		.byte	0xe
 616 02de 08       		.uleb128 0x8
 617 02df 7A200000 		.4byte	.LASF104
 618 02e3 0F       		.byte	0xf
 619 02e4 08       		.uleb128 0x8
 620 02e5 30230000 		.4byte	.LASF105
 621 02e9 10       		.byte	0x10
 622 02ea 08       		.uleb128 0x8
 623 02eb C5200000 		.4byte	.LASF106
 624 02ef 11       		.byte	0x11
 625 02f0 08       		.uleb128 0x8
 626 02f1 D8340000 		.4byte	.LASF107
 627 02f5 80       		.byte	0x80
 628 02f6 08       		.uleb128 0x8
 629 02f7 7A180000 		.4byte	.LASF108
 630 02fb 80       		.byte	0x80
ARM GAS  C:\Users\ARTEM\AppData\Local\Temp\cce6pwaj.s 			page 13


 631 02fc 08       		.uleb128 0x8
 632 02fd ED240000 		.4byte	.LASF109
 633 0301 80       		.byte	0x80
 634 0302 08       		.uleb128 0x8
 635 0303 FB0E0000 		.4byte	.LASF110
 636 0307 80       		.byte	0x80
 637 0308 08       		.uleb128 0x8
 638 0309 6A070000 		.4byte	.LASF111
 639 030d 80       		.byte	0x80
 640 030e 08       		.uleb128 0x8
 641 030f F9280000 		.4byte	.LASF112
 642 0313 80       		.byte	0x80
 643 0314 08       		.uleb128 0x8
 644 0315 CC130000 		.4byte	.LASF113
 645 0319 80       		.byte	0x80
 646 031a 08       		.uleb128 0x8
 647 031b 8B2A0000 		.4byte	.LASF114
 648 031f 80       		.byte	0x80
 649 0320 08       		.uleb128 0x8
 650 0321 260C0000 		.4byte	.LASF115
 651 0325 81       		.byte	0x81
 652 0326 08       		.uleb128 0x8
 653 0327 53280000 		.4byte	.LASF116
 654 032b 81       		.byte	0x81
 655 032c 08       		.uleb128 0x8
 656 032d FD210000 		.4byte	.LASF117
 657 0331 81       		.byte	0x81
 658 0332 08       		.uleb128 0x8
 659 0333 F10A0000 		.4byte	.LASF118
 660 0337 81       		.byte	0x81
 661 0338 08       		.uleb128 0x8
 662 0339 1E390000 		.4byte	.LASF119
 663 033d 82       		.byte	0x82
 664 033e 08       		.uleb128 0x8
 665 033f 98280000 		.4byte	.LASF120
 666 0343 A0       		.byte	0xa0
 667 0344 08       		.uleb128 0x8
 668 0345 8B230000 		.4byte	.LASF121
 669 0349 A0       		.byte	0xa0
 670 034a 08       		.uleb128 0x8
 671 034b C6390000 		.4byte	.LASF122
 672 034f A1       		.byte	0xa1
 673 0350 08       		.uleb128 0x8
 674 0351 32200000 		.4byte	.LASF123
 675 0355 A2       		.byte	0xa2
 676 0356 08       		.uleb128 0x8
 677 0357 802D0000 		.4byte	.LASF124
 678 035b A3       		.byte	0xa3
 679 035c 08       		.uleb128 0x8
 680 035d C72A0000 		.4byte	.LASF125
 681 0361 FD       		.byte	0xfd
 682 0362 08       		.uleb128 0x8
 683 0363 64080000 		.4byte	.LASF126
 684 0367 FE       		.byte	0xfe
 685 0368 08       		.uleb128 0x8
 686 0369 0F280000 		.4byte	.LASF127
 687 036d FF       		.byte	0xff
ARM GAS  C:\Users\ARTEM\AppData\Local\Temp\cce6pwaj.s 			page 14


 688 036e 00       		.byte	0
 689 036f 04       		.uleb128 0x4
 690 0370 43010000 		.4byte	.LASF128
 691 0374 04       		.byte	0x4
 692 0375 5F01     		.2byte	0x15f
 693 0377 78020000 		.4byte	0x278
 694 037b 0A       		.uleb128 0xa
 695 037c 02       		.byte	0x2
 696 037d 04       		.byte	0x4
 697 037e 9301     		.2byte	0x193
 698 0380 9F030000 		.4byte	0x39f
 699 0384 0B       		.uleb128 0xb
 700 0385 D7360000 		.4byte	.LASF129
 701 0389 04       		.byte	0x4
 702 038a 9A01     		.2byte	0x19a
 703 038c 6B000000 		.4byte	0x6b
 704 0390 00       		.byte	0
 705 0391 0B       		.uleb128 0xb
 706 0392 85230000 		.4byte	.LASF130
 707 0396 04       		.byte	0x4
 708 0397 A001     		.2byte	0x1a0
 709 0399 6B000000 		.4byte	0x6b
 710 039d 01       		.byte	0x1
 711 039e 00       		.byte	0
 712 039f 04       		.uleb128 0x4
 713 03a0 90040000 		.4byte	.LASF131
 714 03a4 04       		.byte	0x4
 715 03a5 A201     		.2byte	0x1a2
 716 03a7 7B030000 		.4byte	0x37b
 717 03ab 0A       		.uleb128 0xa
 718 03ac 08       		.byte	0x8
 719 03ad 04       		.byte	0x4
 720 03ae BE01     		.2byte	0x1be
 721 03b0 DC030000 		.4byte	0x3dc
 722 03b4 0C       		.uleb128 0xc
 723 03b5 76616C00 		.ascii	"val\000"
 724 03b9 04       		.byte	0x4
 725 03ba C101     		.2byte	0x1c1
 726 03bc B4000000 		.4byte	0xb4
 727 03c0 00       		.byte	0
 728 03c1 0C       		.uleb128 0xc
 729 03c2 6C656E00 		.ascii	"len\000"
 730 03c6 04       		.byte	0x4
 731 03c7 C401     		.2byte	0x1c4
 732 03c9 77000000 		.4byte	0x77
 733 03cd 04       		.byte	0x4
 734 03ce 0B       		.uleb128 0xb
 735 03cf 6B2C0000 		.4byte	.LASF132
 736 03d3 04       		.byte	0x4
 737 03d4 CB01     		.2byte	0x1cb
 738 03d6 77000000 		.4byte	0x77
 739 03da 06       		.byte	0x6
 740 03db 00       		.byte	0
 741 03dc 04       		.uleb128 0x4
 742 03dd 181A0000 		.4byte	.LASF133
 743 03e1 04       		.byte	0x4
 744 03e2 CD01     		.2byte	0x1cd
ARM GAS  C:\Users\ARTEM\AppData\Local\Temp\cce6pwaj.s 			page 15


 745 03e4 AB030000 		.4byte	0x3ab
 746 03e8 09       		.uleb128 0x9
 747 03e9 01       		.byte	0x1
 748 03ea 2C000000 		.4byte	0x2c
 749 03ee 05       		.byte	0x5
 750 03ef 2B       		.byte	0x2b
 751 03f0 0D040000 		.4byte	0x40d
 752 03f4 08       		.uleb128 0x8
 753 03f5 D4070000 		.4byte	.LASF134
 754 03f9 00       		.byte	0
 755 03fa 08       		.uleb128 0x8
 756 03fb C1280000 		.4byte	.LASF135
 757 03ff 01       		.byte	0x1
 758 0400 08       		.uleb128 0x8
 759 0401 E8210000 		.4byte	.LASF136
 760 0405 02       		.byte	0x2
 761 0406 08       		.uleb128 0x8
 762 0407 F9130000 		.4byte	.LASF137
 763 040b 03       		.byte	0x3
 764 040c 00       		.byte	0
 765 040d 0D       		.uleb128 0xd
 766 040e 7B1A0000 		.4byte	.LASF138
 767 0412 05       		.byte	0x5
 768 0413 30       		.byte	0x30
 769 0414 E8030000 		.4byte	0x3e8
 770 0418 09       		.uleb128 0x9
 771 0419 01       		.byte	0x1
 772 041a 2C000000 		.4byte	0x2c
 773 041e 05       		.byte	0x5
 774 041f 34       		.byte	0x34
 775 0420 5B040000 		.4byte	0x45b
 776 0424 08       		.uleb128 0x8
 777 0425 7B140000 		.4byte	.LASF139
 778 0429 00       		.byte	0
 779 042a 08       		.uleb128 0x8
 780 042b 69060000 		.4byte	.LASF140
 781 042f 01       		.byte	0x1
 782 0430 08       		.uleb128 0x8
 783 0431 CD1E0000 		.4byte	.LASF141
 784 0435 02       		.byte	0x2
 785 0436 08       		.uleb128 0x8
 786 0437 02370000 		.4byte	.LASF142
 787 043b 03       		.byte	0x3
 788 043c 08       		.uleb128 0x8
 789 043d 920D0000 		.4byte	.LASF143
 790 0441 04       		.byte	0x4
 791 0442 08       		.uleb128 0x8
 792 0443 851B0000 		.4byte	.LASF144
 793 0447 05       		.byte	0x5
 794 0448 08       		.uleb128 0x8
 795 0449 C1150000 		.4byte	.LASF145
 796 044d 06       		.byte	0x6
 797 044e 08       		.uleb128 0x8
 798 044f F4150000 		.4byte	.LASF146
 799 0453 06       		.byte	0x6
 800 0454 08       		.uleb128 0x8
 801 0455 48320000 		.4byte	.LASF147
ARM GAS  C:\Users\ARTEM\AppData\Local\Temp\cce6pwaj.s 			page 16


 802 0459 07       		.byte	0x7
 803 045a 00       		.byte	0
 804 045b 0E       		.uleb128 0xe
 805 045c 0C       		.byte	0xc
 806 045d 05       		.byte	0x5
 807 045e 84       		.byte	0x84
 808 045f A0040000 		.4byte	0x4a0
 809 0463 0F       		.uleb128 0xf
 810 0464 B23A0000 		.4byte	.LASF148
 811 0468 05       		.byte	0x5
 812 0469 86       		.byte	0x86
 813 046a 9F030000 		.4byte	0x39f
 814 046e 00       		.byte	0
 815 046f 0F       		.uleb128 0xf
 816 0470 F12A0000 		.4byte	.LASF149
 817 0474 05       		.byte	0x5
 818 0475 87       		.byte	0x87
 819 0476 0D040000 		.4byte	0x40d
 820 047a 02       		.byte	0x2
 821 047b 0F       		.uleb128 0xf
 822 047c AC310000 		.4byte	.LASF150
 823 0480 05       		.byte	0x5
 824 0481 88       		.byte	0x88
 825 0482 6B000000 		.4byte	0x6b
 826 0486 03       		.byte	0x3
 827 0487 0F       		.uleb128 0xf
 828 0488 07120000 		.4byte	.LASF151
 829 048c 05       		.byte	0x5
 830 048d 89       		.byte	0x89
 831 048e A0040000 		.4byte	0x4a0
 832 0492 04       		.byte	0x4
 833 0493 0F       		.uleb128 0xf
 834 0494 D2110000 		.4byte	.LASF152
 835 0498 05       		.byte	0x5
 836 0499 8A       		.byte	0x8a
 837 049a 6F030000 		.4byte	0x36f
 838 049e 08       		.byte	0x8
 839 049f 00       		.byte	0
 840 04a0 06       		.uleb128 0x6
 841 04a1 04       		.byte	0x4
 842 04a2 DC030000 		.4byte	0x3dc
 843 04a6 0D       		.uleb128 0xd
 844 04a7 5A310000 		.4byte	.LASF153
 845 04ab 05       		.byte	0x5
 846 04ac 8B       		.byte	0x8b
 847 04ad 5B040000 		.4byte	0x45b
 848 04b1 09       		.uleb128 0x9
 849 04b2 02       		.byte	0x2
 850 04b3 3A000000 		.4byte	0x3a
 851 04b7 06       		.byte	0x6
 852 04b8 B4       		.byte	0xb4
 853 04b9 1C0D0000 		.4byte	0xd1c
 854 04bd 10       		.uleb128 0x10
 855 04be F1090000 		.4byte	.LASF154
 856 04c2 0001     		.2byte	0x100
 857 04c4 10       		.uleb128 0x10
 858 04c5 F5330000 		.4byte	.LASF155
ARM GAS  C:\Users\ARTEM\AppData\Local\Temp\cce6pwaj.s 			page 17


 859 04c9 0101     		.2byte	0x101
 860 04cb 10       		.uleb128 0x10
 861 04cc 58200000 		.4byte	.LASF156
 862 04d0 0201     		.2byte	0x102
 863 04d2 10       		.uleb128 0x10
 864 04d3 E2180000 		.4byte	.LASF157
 865 04d7 0301     		.2byte	0x103
 866 04d9 10       		.uleb128 0x10
 867 04da 62260000 		.4byte	.LASF158
 868 04de 0401     		.2byte	0x104
 869 04e0 10       		.uleb128 0x10
 870 04e1 A1200000 		.4byte	.LASF159
 871 04e5 0501     		.2byte	0x105
 872 04e7 10       		.uleb128 0x10
 873 04e8 8F130000 		.4byte	.LASF160
 874 04ec 0601     		.2byte	0x106
 875 04ee 10       		.uleb128 0x10
 876 04ef AC380000 		.4byte	.LASF161
 877 04f3 0701     		.2byte	0x107
 878 04f5 10       		.uleb128 0x10
 879 04f6 93020000 		.4byte	.LASF162
 880 04fa 0801     		.2byte	0x108
 881 04fc 10       		.uleb128 0x10
 882 04fd 601E0000 		.4byte	.LASF163
 883 0501 0901     		.2byte	0x109
 884 0503 10       		.uleb128 0x10
 885 0504 68130000 		.4byte	.LASF164
 886 0508 0A01     		.2byte	0x10a
 887 050a 10       		.uleb128 0x10
 888 050b D6020000 		.4byte	.LASF165
 889 050f 0B01     		.2byte	0x10b
 890 0511 10       		.uleb128 0x10
 891 0512 1F310000 		.4byte	.LASF166
 892 0516 0C01     		.2byte	0x10c
 893 0518 10       		.uleb128 0x10
 894 0519 99100000 		.4byte	.LASF167
 895 051d 0D01     		.2byte	0x10d
 896 051f 10       		.uleb128 0x10
 897 0520 96000000 		.4byte	.LASF168
 898 0524 0E01     		.2byte	0x10e
 899 0526 10       		.uleb128 0x10
 900 0527 00000000 		.4byte	.LASF169
 901 052b 0F01     		.2byte	0x10f
 902 052d 10       		.uleb128 0x10
 903 052e 1B250000 		.4byte	.LASF170
 904 0532 1001     		.2byte	0x110
 905 0534 10       		.uleb128 0x10
 906 0535 AA170000 		.4byte	.LASF171
 907 0539 1101     		.2byte	0x111
 908 053b 10       		.uleb128 0x10
 909 053c 70020000 		.4byte	.LASF172
 910 0540 1201     		.2byte	0x112
 911 0542 10       		.uleb128 0x10
 912 0543 0D120000 		.4byte	.LASF173
 913 0547 1301     		.2byte	0x113
 914 0549 10       		.uleb128 0x10
 915 054a 223A0000 		.4byte	.LASF174
ARM GAS  C:\Users\ARTEM\AppData\Local\Temp\cce6pwaj.s 			page 18


 916 054e 1401     		.2byte	0x114
 917 0550 10       		.uleb128 0x10
 918 0551 CF170000 		.4byte	.LASF175
 919 0555 1501     		.2byte	0x115
 920 0557 10       		.uleb128 0x10
 921 0558 BA0C0000 		.4byte	.LASF176
 922 055c 1601     		.2byte	0x116
 923 055e 10       		.uleb128 0x10
 924 055f 67170000 		.4byte	.LASF177
 925 0563 1701     		.2byte	0x117
 926 0565 10       		.uleb128 0x10
 927 0566 E0000000 		.4byte	.LASF178
 928 056a 1801     		.2byte	0x118
 929 056c 10       		.uleb128 0x10
 930 056d 48080000 		.4byte	.LASF179
 931 0571 1901     		.2byte	0x119
 932 0573 10       		.uleb128 0x10
 933 0574 4A170000 		.4byte	.LASF180
 934 0578 1A01     		.2byte	0x11a
 935 057a 10       		.uleb128 0x10
 936 057b 650E0000 		.4byte	.LASF181
 937 057f 1B01     		.2byte	0x11b
 938 0581 10       		.uleb128 0x10
 939 0582 C4160000 		.4byte	.LASF182
 940 0586 1C01     		.2byte	0x11c
 941 0588 10       		.uleb128 0x10
 942 0589 17340000 		.4byte	.LASF183
 943 058d 1D01     		.2byte	0x11d
 944 058f 10       		.uleb128 0x10
 945 0590 243B0000 		.4byte	.LASF184
 946 0594 1E01     		.2byte	0x11e
 947 0596 10       		.uleb128 0x10
 948 0597 8D060000 		.4byte	.LASF185
 949 059b 1F01     		.2byte	0x11f
 950 059d 10       		.uleb128 0x10
 951 059e F8030000 		.4byte	.LASF186
 952 05a2 2001     		.2byte	0x120
 953 05a4 10       		.uleb128 0x10
 954 05a5 0D200000 		.4byte	.LASF187
 955 05a9 2101     		.2byte	0x121
 956 05ab 10       		.uleb128 0x10
 957 05ac 32120000 		.4byte	.LASF188
 958 05b0 2201     		.2byte	0x122
 959 05b2 10       		.uleb128 0x10
 960 05b3 B9050000 		.4byte	.LASF189
 961 05b7 2301     		.2byte	0x123
 962 05b9 10       		.uleb128 0x10
 963 05ba 0B2F0000 		.4byte	.LASF190
 964 05be 2401     		.2byte	0x124
 965 05c0 10       		.uleb128 0x10
 966 05c1 481C0000 		.4byte	.LASF191
 967 05c5 2501     		.2byte	0x125
 968 05c7 10       		.uleb128 0x10
 969 05c8 841C0000 		.4byte	.LASF192
 970 05cc 2601     		.2byte	0x126
 971 05ce 10       		.uleb128 0x10
 972 05cf 601B0000 		.4byte	.LASF193
ARM GAS  C:\Users\ARTEM\AppData\Local\Temp\cce6pwaj.s 			page 19


 973 05d3 2701     		.2byte	0x127
 974 05d5 10       		.uleb128 0x10
 975 05d6 43250000 		.4byte	.LASF194
 976 05da 2801     		.2byte	0x128
 977 05dc 10       		.uleb128 0x10
 978 05dd AE110000 		.4byte	.LASF195
 979 05e1 2901     		.2byte	0x129
 980 05e3 10       		.uleb128 0x10
 981 05e4 98190000 		.4byte	.LASF196
 982 05e8 2A01     		.2byte	0x12a
 983 05ea 10       		.uleb128 0x10
 984 05eb 2B350000 		.4byte	.LASF197
 985 05ef 2B01     		.2byte	0x12b
 986 05f1 10       		.uleb128 0x10
 987 05f2 A0300000 		.4byte	.LASF198
 988 05f6 2C01     		.2byte	0x12c
 989 05f8 10       		.uleb128 0x10
 990 05f9 FB0D0000 		.4byte	.LASF199
 991 05fd 2D01     		.2byte	0x12d
 992 05ff 10       		.uleb128 0x10
 993 0600 8A390000 		.4byte	.LASF200
 994 0604 2E01     		.2byte	0x12e
 995 0606 10       		.uleb128 0x10
 996 0607 F3350000 		.4byte	.LASF201
 997 060b 2F01     		.2byte	0x12f
 998 060d 10       		.uleb128 0x10
 999 060e B70B0000 		.4byte	.LASF202
 1000 0612 3001     		.2byte	0x130
 1001 0614 10       		.uleb128 0x10
 1002 0615 45350000 		.4byte	.LASF203
 1003 0619 3101     		.2byte	0x131
 1004 061b 10       		.uleb128 0x10
 1005 061c 9B0F0000 		.4byte	.LASF204
 1006 0620 3201     		.2byte	0x132
 1007 0622 10       		.uleb128 0x10
 1008 0623 70340000 		.4byte	.LASF205
 1009 0627 3301     		.2byte	0x133
 1010 0629 10       		.uleb128 0x10
 1011 062a 17040000 		.4byte	.LASF206
 1012 062e 3401     		.2byte	0x134
 1013 0630 10       		.uleb128 0x10
 1014 0631 3F2B0000 		.4byte	.LASF207
 1015 0635 3501     		.2byte	0x135
 1016 0637 10       		.uleb128 0x10
 1017 0638 3E260000 		.4byte	.LASF208
 1018 063c 3601     		.2byte	0x136
 1019 063e 10       		.uleb128 0x10
 1020 063f 77100000 		.4byte	.LASF209
 1021 0643 3701     		.2byte	0x137
 1022 0645 10       		.uleb128 0x10
 1023 0646 39040000 		.4byte	.LASF210
 1024 064a 3801     		.2byte	0x138
 1025 064c 10       		.uleb128 0x10
 1026 064d 62330000 		.4byte	.LASF211
 1027 0651 3901     		.2byte	0x139
 1028 0653 10       		.uleb128 0x10
 1029 0654 5B0D0000 		.4byte	.LASF212
ARM GAS  C:\Users\ARTEM\AppData\Local\Temp\cce6pwaj.s 			page 20


 1030 0658 3A01     		.2byte	0x13a
 1031 065a 10       		.uleb128 0x10
 1032 065b 752C0000 		.4byte	.LASF213
 1033 065f 3B01     		.2byte	0x13b
 1034 0661 10       		.uleb128 0x10
 1035 0662 A81C0000 		.4byte	.LASF214
 1036 0666 3C01     		.2byte	0x13c
 1037 0668 10       		.uleb128 0x10
 1038 0669 5D220000 		.4byte	.LASF215
 1039 066d 3D01     		.2byte	0x13d
 1040 066f 10       		.uleb128 0x10
 1041 0670 5E2D0000 		.4byte	.LASF216
 1042 0674 3E01     		.2byte	0x13e
 1043 0676 10       		.uleb128 0x10
 1044 0677 20010000 		.4byte	.LASF217
 1045 067b 3F01     		.2byte	0x13f
 1046 067d 10       		.uleb128 0x10
 1047 067e DE2E0000 		.4byte	.LASF218
 1048 0682 4001     		.2byte	0x140
 1049 0684 10       		.uleb128 0x10
 1050 0685 712E0000 		.4byte	.LASF219
 1051 0689 4101     		.2byte	0x141
 1052 068b 10       		.uleb128 0x10
 1053 068c 2D100000 		.4byte	.LASF220
 1054 0690 4201     		.2byte	0x142
 1055 0692 10       		.uleb128 0x10
 1056 0693 4F060000 		.4byte	.LASF221
 1057 0697 4301     		.2byte	0x143
 1058 0699 10       		.uleb128 0x10
 1059 069a 641F0000 		.4byte	.LASF222
 1060 069e 4401     		.2byte	0x144
 1061 06a0 10       		.uleb128 0x10
 1062 06a1 FA0C0000 		.4byte	.LASF223
 1063 06a5 4501     		.2byte	0x145
 1064 06a7 10       		.uleb128 0x10
 1065 06a8 60150000 		.4byte	.LASF224
 1066 06ac 4601     		.2byte	0x146
 1067 06ae 10       		.uleb128 0x10
 1068 06af A4220000 		.4byte	.LASF225
 1069 06b3 4701     		.2byte	0x147
 1070 06b5 10       		.uleb128 0x10
 1071 06b6 D9260000 		.4byte	.LASF226
 1072 06ba 4801     		.2byte	0x148
 1073 06bc 10       		.uleb128 0x10
 1074 06bd 692A0000 		.4byte	.LASF227
 1075 06c1 4901     		.2byte	0x149
 1076 06c3 10       		.uleb128 0x10
 1077 06c4 801F0000 		.4byte	.LASF228
 1078 06c8 4A01     		.2byte	0x14a
 1079 06ca 10       		.uleb128 0x10
 1080 06cb A31F0000 		.4byte	.LASF229
 1081 06cf 4B01     		.2byte	0x14b
 1082 06d1 10       		.uleb128 0x10
 1083 06d2 F2170000 		.4byte	.LASF230
 1084 06d6 4C01     		.2byte	0x14c
 1085 06d8 10       		.uleb128 0x10
 1086 06d9 1D0E0000 		.4byte	.LASF231
ARM GAS  C:\Users\ARTEM\AppData\Local\Temp\cce6pwaj.s 			page 21


 1087 06dd 4D01     		.2byte	0x14d
 1088 06df 10       		.uleb128 0x10
 1089 06e0 D3250000 		.4byte	.LASF232
 1090 06e4 4E01     		.2byte	0x14e
 1091 06e6 10       		.uleb128 0x10
 1092 06e7 320F0000 		.4byte	.LASF233
 1093 06eb 4F01     		.2byte	0x14f
 1094 06ed 10       		.uleb128 0x10
 1095 06ee B2060000 		.4byte	.LASF234
 1096 06f2 5001     		.2byte	0x150
 1097 06f4 10       		.uleb128 0x10
 1098 06f5 451E0000 		.4byte	.LASF235
 1099 06f9 5101     		.2byte	0x151
 1100 06fb 10       		.uleb128 0x10
 1101 06fc 12320000 		.4byte	.LASF236
 1102 0700 5201     		.2byte	0x152
 1103 0702 10       		.uleb128 0x10
 1104 0703 9C050000 		.4byte	.LASF237
 1105 0707 5301     		.2byte	0x153
 1106 0709 10       		.uleb128 0x10
 1107 070a 0B1C0000 		.4byte	.LASF238
 1108 070e 5401     		.2byte	0x154
 1109 0710 10       		.uleb128 0x10
 1110 0711 952E0000 		.4byte	.LASF239
 1111 0715 5501     		.2byte	0x155
 1112 0717 10       		.uleb128 0x10
 1113 0718 74280000 		.4byte	.LASF240
 1114 071c 5601     		.2byte	0x156
 1115 071e 10       		.uleb128 0x10
 1116 071f 81160000 		.4byte	.LASF241
 1117 0723 5701     		.2byte	0x157
 1118 0725 10       		.uleb128 0x10
 1119 0726 66390000 		.4byte	.LASF242
 1120 072a 5801     		.2byte	0x158
 1121 072c 10       		.uleb128 0x10
 1122 072d AB330000 		.4byte	.LASF243
 1123 0731 5901     		.2byte	0x159
 1124 0733 10       		.uleb128 0x10
 1125 0734 A5370000 		.4byte	.LASF244
 1126 0738 5A01     		.2byte	0x15a
 1127 073a 10       		.uleb128 0x10
 1128 073b 91010000 		.4byte	.LASF245
 1129 073f 5B01     		.2byte	0x15b
 1130 0741 10       		.uleb128 0x10
 1131 0742 4C020000 		.4byte	.LASF246
 1132 0746 5C01     		.2byte	0x15c
 1133 0748 10       		.uleb128 0x10
 1134 0749 29170000 		.4byte	.LASF247
 1135 074d 5D01     		.2byte	0x15d
 1136 074f 10       		.uleb128 0x10
 1137 0750 3E090000 		.4byte	.LASF248
 1138 0754 5E01     		.2byte	0x15e
 1139 0756 10       		.uleb128 0x10
 1140 0757 B9310000 		.4byte	.LASF249
 1141 075b 5F01     		.2byte	0x15f
 1142 075d 10       		.uleb128 0x10
 1143 075e 242A0000 		.4byte	.LASF250
ARM GAS  C:\Users\ARTEM\AppData\Local\Temp\cce6pwaj.s 			page 22


 1144 0762 6001     		.2byte	0x160
 1145 0764 10       		.uleb128 0x10
 1146 0765 DF380000 		.4byte	.LASF251
 1147 0769 6101     		.2byte	0x161
 1148 076b 10       		.uleb128 0x10
 1149 076c BE000000 		.4byte	.LASF252
 1150 0770 6201     		.2byte	0x162
 1151 0772 10       		.uleb128 0x10
 1152 0773 1F270000 		.4byte	.LASF253
 1153 0777 6301     		.2byte	0x163
 1154 0779 10       		.uleb128 0x10
 1155 077a F31A0000 		.4byte	.LASF254
 1156 077e 6401     		.2byte	0x164
 1157 0780 10       		.uleb128 0x10
 1158 0781 062E0000 		.4byte	.LASF255
 1159 0785 6501     		.2byte	0x165
 1160 0787 10       		.uleb128 0x10
 1161 0788 B5320000 		.4byte	.LASF256
 1162 078c 6601     		.2byte	0x166
 1163 078e 10       		.uleb128 0x10
 1164 078f D8060000 		.4byte	.LASF257
 1165 0793 6701     		.2byte	0x167
 1166 0795 10       		.uleb128 0x10
 1167 0796 9B150000 		.4byte	.LASF258
 1168 079a 6801     		.2byte	0x168
 1169 079c 10       		.uleb128 0x10
 1170 079d 4E2E0000 		.4byte	.LASF259
 1171 07a1 6901     		.2byte	0x169
 1172 07a3 10       		.uleb128 0x10
 1173 07a4 402A0000 		.4byte	.LASF260
 1174 07a8 6A01     		.2byte	0x16a
 1175 07aa 10       		.uleb128 0x10
 1176 07ab 60090000 		.4byte	.LASF261
 1177 07af 6B01     		.2byte	0x16b
 1178 07b1 10       		.uleb128 0x10
 1179 07b2 D6090000 		.4byte	.LASF262
 1180 07b6 6C01     		.2byte	0x16c
 1181 07b8 10       		.uleb128 0x10
 1182 07b9 5F270000 		.4byte	.LASF263
 1183 07bd 6D01     		.2byte	0x16d
 1184 07bf 10       		.uleb128 0x10
 1185 07c0 E6120000 		.4byte	.LASF264
 1186 07c4 6E01     		.2byte	0x16e
 1187 07c6 10       		.uleb128 0x10
 1188 07c7 B40D0000 		.4byte	.LASF265
 1189 07cb 6F01     		.2byte	0x16f
 1190 07cd 10       		.uleb128 0x10
 1191 07ce F4140000 		.4byte	.LASF266
 1192 07d2 7001     		.2byte	0x170
 1193 07d4 10       		.uleb128 0x10
 1194 07d5 D70D0000 		.4byte	.LASF267
 1195 07d9 7101     		.2byte	0x171
 1196 07db 10       		.uleb128 0x10
 1197 07dc C7370000 		.4byte	.LASF268
 1198 07e0 7201     		.2byte	0x172
 1199 07e2 10       		.uleb128 0x10
 1200 07e3 F7080000 		.4byte	.LASF269
ARM GAS  C:\Users\ARTEM\AppData\Local\Temp\cce6pwaj.s 			page 23


 1201 07e7 7301     		.2byte	0x173
 1202 07e9 10       		.uleb128 0x10
 1203 07ea 150B0000 		.4byte	.LASF270
 1204 07ee 7401     		.2byte	0x174
 1205 07f0 10       		.uleb128 0x10
 1206 07f1 0B080000 		.4byte	.LASF271
 1207 07f5 7501     		.2byte	0x175
 1208 07f7 10       		.uleb128 0x10
 1209 07f8 422D0000 		.4byte	.LASF272
 1210 07fc 7601     		.2byte	0x176
 1211 07fe 10       		.uleb128 0x10
 1212 07ff 30290000 		.4byte	.LASF273
 1213 0803 7701     		.2byte	0x177
 1214 0805 10       		.uleb128 0x10
 1215 0806 D4050000 		.4byte	.LASF274
 1216 080a 7801     		.2byte	0x178
 1217 080c 10       		.uleb128 0x10
 1218 080d F8250000 		.4byte	.LASF275
 1219 0811 7901     		.2byte	0x179
 1220 0813 10       		.uleb128 0x10
 1221 0814 CE0A0000 		.4byte	.LASF276
 1222 0818 7A01     		.2byte	0x17a
 1223 081a 10       		.uleb128 0x10
 1224 081b 8C340000 		.4byte	.LASF277
 1225 081f 7B01     		.2byte	0x17b
 1226 0821 10       		.uleb128 0x10
 1227 0822 E13A0000 		.4byte	.LASF278
 1228 0826 7C01     		.2byte	0x17c
 1229 0828 10       		.uleb128 0x10
 1230 0829 FB000000 		.4byte	.LASF279
 1231 082d 7D01     		.2byte	0x17d
 1232 082f 10       		.uleb128 0x10
 1233 0830 D9320000 		.4byte	.LASF280
 1234 0834 7E01     		.2byte	0x17e
 1235 0836 10       		.uleb128 0x10
 1236 0837 EA200000 		.4byte	.LASF281
 1237 083b 7F01     		.2byte	0x17f
 1238 083d 10       		.uleb128 0x10
 1239 083e 181F0000 		.4byte	.LASF282
 1240 0842 8001     		.2byte	0x180
 1241 0844 10       		.uleb128 0x10
 1242 0845 651D0000 		.4byte	.LASF283
 1243 0849 8101     		.2byte	0x181
 1244 084b 10       		.uleb128 0x10
 1245 084c 14160000 		.4byte	.LASF284
 1246 0850 8201     		.2byte	0x182
 1247 0852 10       		.uleb128 0x10
 1248 0853 EA390000 		.4byte	.LASF285
 1249 0857 8301     		.2byte	0x183
 1250 0859 10       		.uleb128 0x10
 1251 085a 40310000 		.4byte	.LASF286
 1252 085e 8401     		.2byte	0x184
 1253 0860 10       		.uleb128 0x10
 1254 0861 AA130000 		.4byte	.LASF287
 1255 0865 8501     		.2byte	0x185
 1256 0867 10       		.uleb128 0x10
 1257 0868 800E0000 		.4byte	.LASF288
ARM GAS  C:\Users\ARTEM\AppData\Local\Temp\cce6pwaj.s 			page 24


 1258 086c 8601     		.2byte	0x186
 1259 086e 10       		.uleb128 0x10
 1260 086f 1B030000 		.4byte	.LASF289
 1261 0873 8701     		.2byte	0x187
 1262 0875 10       		.uleb128 0x10
 1263 0876 7C300000 		.4byte	.LASF290
 1264 087a 8801     		.2byte	0x188
 1265 087c 10       		.uleb128 0x10
 1266 087d 140A0000 		.4byte	.LASF291
 1267 0881 8901     		.2byte	0x189
 1268 0883 10       		.uleb128 0x10
 1269 0884 BD0E0000 		.4byte	.LASF292
 1270 0888 8A01     		.2byte	0x18a
 1271 088a 10       		.uleb128 0x10
 1272 088b C1240000 		.4byte	.LASF293
 1273 088f 8B01     		.2byte	0x18b
 1274 0891 10       		.uleb128 0x10
 1275 0892 F41E0000 		.4byte	.LASF294
 1276 0896 8C01     		.2byte	0x18c
 1277 0898 10       		.uleb128 0x10
 1278 0899 D7010000 		.4byte	.LASF295
 1279 089d 8D01     		.2byte	0x18d
 1280 089f 10       		.uleb128 0x10
 1281 08a0 37190000 		.4byte	.LASF296
 1282 08a4 8E01     		.2byte	0x18e
 1283 08a6 10       		.uleb128 0x10
 1284 08a7 4B1D0000 		.4byte	.LASF297
 1285 08ab 8F01     		.2byte	0x18f
 1286 08ad 10       		.uleb128 0x10
 1287 08ae 55370000 		.4byte	.LASF298
 1288 08b2 9001     		.2byte	0x190
 1289 08b4 10       		.uleb128 0x10
 1290 08b5 93260000 		.4byte	.LASF299
 1291 08b9 9101     		.2byte	0x191
 1292 08bb 10       		.uleb128 0x10
 1293 08bc B2350000 		.4byte	.LASF300
 1294 08c0 9201     		.2byte	0x192
 1295 08c2 10       		.uleb128 0x10
 1296 08c3 562F0000 		.4byte	.LASF301
 1297 08c7 9301     		.2byte	0x193
 1298 08c9 10       		.uleb128 0x10
 1299 08ca 1E150000 		.4byte	.LASF302
 1300 08ce 9401     		.2byte	0x194
 1301 08d0 10       		.uleb128 0x10
 1302 08d1 3F1F0000 		.4byte	.LASF303
 1303 08d5 9501     		.2byte	0x195
 1304 08d7 10       		.uleb128 0x10
 1305 08d8 D3280000 		.4byte	.LASF304
 1306 08dc 9601     		.2byte	0x196
 1307 08de 10       		.uleb128 0x10
 1308 08df 87030000 		.4byte	.LASF305
 1309 08e3 9701     		.2byte	0x197
 1310 08e5 10       		.uleb128 0x10
 1311 08e6 4C1A0000 		.4byte	.LASF306
 1312 08ea 9801     		.2byte	0x198
 1313 08ec 10       		.uleb128 0x10
 1314 08ed 6C1C0000 		.4byte	.LASF307
ARM GAS  C:\Users\ARTEM\AppData\Local\Temp\cce6pwaj.s 			page 25


 1315 08f1 9901     		.2byte	0x199
 1316 08f3 10       		.uleb128 0x10
 1317 08f4 750D0000 		.4byte	.LASF308
 1318 08f8 9A01     		.2byte	0x19a
 1319 08fa 10       		.uleb128 0x10
 1320 08fb E0360000 		.4byte	.LASF309
 1321 08ff 9B01     		.2byte	0x19b
 1322 0901 10       		.uleb128 0x10
 1323 0902 B0180000 		.4byte	.LASF310
 1324 0906 9C01     		.2byte	0x19c
 1325 0908 10       		.uleb128 0x10
 1326 0909 12060000 		.4byte	.LASF311
 1327 090d 9D01     		.2byte	0x19d
 1328 090f 10       		.uleb128 0x10
 1329 0910 F7020000 		.4byte	.LASF312
 1330 0914 9E01     		.2byte	0x19e
 1331 0916 10       		.uleb128 0x10
 1332 0917 44130000 		.4byte	.LASF313
 1333 091b 9F01     		.2byte	0x19f
 1334 091d 10       		.uleb128 0x10
 1335 091e 931A0000 		.4byte	.LASF314
 1336 0922 A001     		.2byte	0x1a0
 1337 0924 10       		.uleb128 0x10
 1338 0925 78240000 		.4byte	.LASF315
 1339 0929 A101     		.2byte	0x1a1
 1340 092b 10       		.uleb128 0x10
 1341 092c 8B140000 		.4byte	.LASF316
 1342 0930 A201     		.2byte	0x1a2
 1343 0932 10       		.uleb128 0x10
 1344 0933 F1220000 		.4byte	.LASF317
 1345 0937 A301     		.2byte	0x1a3
 1346 0939 10       		.uleb128 0x10
 1347 093a 063A0000 		.4byte	.LASF318
 1348 093e A401     		.2byte	0x1a4
 1349 0940 10       		.uleb128 0x10
 1350 0941 3D140000 		.4byte	.LASF319
 1351 0945 A501     		.2byte	0x1a5
 1352 0947 10       		.uleb128 0x10
 1353 0948 1C2B0000 		.4byte	.LASF320
 1354 094c A601     		.2byte	0x1a6
 1355 094e 10       		.uleb128 0x10
 1356 094f A91E0000 		.4byte	.LASF321
 1357 0953 A701     		.2byte	0x1a7
 1358 0955 10       		.uleb128 0x10
 1359 0956 34360000 		.4byte	.LASF322
 1360 095a A801     		.2byte	0x1a8
 1361 095c 10       		.uleb128 0x10
 1362 095d 261D0000 		.4byte	.LASF323
 1363 0961 A901     		.2byte	0x1a9
 1364 0963 10       		.uleb128 0x10
 1365 0964 E21F0000 		.4byte	.LASF324
 1366 0968 AA01     		.2byte	0x1aa
 1367 096a 10       		.uleb128 0x10
 1368 096b F9380000 		.4byte	.LASF325
 1369 096f AB01     		.2byte	0x1ab
 1370 0971 10       		.uleb128 0x10
 1371 0972 282F0000 		.4byte	.LASF326
ARM GAS  C:\Users\ARTEM\AppData\Local\Temp\cce6pwaj.s 			page 26


 1372 0976 AC01     		.2byte	0x1ac
 1373 0978 10       		.uleb128 0x10
 1374 0979 BC300000 		.4byte	.LASF327
 1375 097d AD01     		.2byte	0x1ad
 1376 097f 10       		.uleb128 0x10
 1377 0980 7C270000 		.4byte	.LASF328
 1378 0984 AE01     		.2byte	0x1ae
 1379 0986 10       		.uleb128 0x10
 1380 0987 BE210000 		.4byte	.LASF329
 1381 098b AF01     		.2byte	0x1af
 1382 098d 10       		.uleb128 0x10
 1383 098e D0150000 		.4byte	.LASF330
 1384 0992 B001     		.2byte	0x1b0
 1385 0994 10       		.uleb128 0x10
 1386 0995 E71B0000 		.4byte	.LASF331
 1387 0999 B101     		.2byte	0x1b1
 1388 099b 10       		.uleb128 0x10
 1389 099c B1090000 		.4byte	.LASF332
 1390 09a0 B201     		.2byte	0x1b2
 1391 09a2 10       		.uleb128 0x10
 1392 09a3 903A0000 		.4byte	.LASF333
 1393 09a7 B301     		.2byte	0x1b3
 1394 09a9 10       		.uleb128 0x10
 1395 09aa DB2F0000 		.4byte	.LASF334
 1396 09ae B401     		.2byte	0x1b4
 1397 09b0 10       		.uleb128 0x10
 1398 09b1 54210000 		.4byte	.LASF335
 1399 09b5 B501     		.2byte	0x1b5
 1400 09b7 10       		.uleb128 0x10
 1401 09b8 3D180000 		.4byte	.LASF336
 1402 09bc B601     		.2byte	0x1b6
 1403 09be 10       		.uleb128 0x10
 1404 09bf 75010000 		.4byte	.LASF337
 1405 09c3 B701     		.2byte	0x1b7
 1406 09c5 10       		.uleb128 0x10
 1407 09c6 6E250000 		.4byte	.LASF338
 1408 09ca B801     		.2byte	0x1b8
 1409 09cc 10       		.uleb128 0x10
 1410 09cd 44110000 		.4byte	.LASF339
 1411 09d1 B901     		.2byte	0x1b9
 1412 09d3 10       		.uleb128 0x10
 1413 09d4 F5190000 		.4byte	.LASF340
 1414 09d8 BA01     		.2byte	0x1ba
 1415 09da 10       		.uleb128 0x10
 1416 09db D1140000 		.4byte	.LASF341
 1417 09df BB01     		.2byte	0x1bb
 1418 09e1 10       		.uleb128 0x10
 1419 09e2 66110000 		.4byte	.LASF342
 1420 09e6 BC01     		.2byte	0x1bc
 1421 09e8 10       		.uleb128 0x10
 1422 09e9 B6070000 		.4byte	.LASF343
 1423 09ed BD01     		.2byte	0x1bd
 1424 09ef 10       		.uleb128 0x10
 1425 09f0 57360000 		.4byte	.LASF344
 1426 09f4 BE01     		.2byte	0x1be
 1427 09f6 10       		.uleb128 0x10
 1428 09f7 76190000 		.4byte	.LASF345
ARM GAS  C:\Users\ARTEM\AppData\Local\Temp\cce6pwaj.s 			page 27


 1429 09fb BF01     		.2byte	0x1bf
 1430 09fd 10       		.uleb128 0x10
 1431 09fe CC230000 		.4byte	.LASF346
 1432 0a02 C001     		.2byte	0x1c0
 1433 0a04 10       		.uleb128 0x10
 1434 0a05 5E160000 		.4byte	.LASF347
 1435 0a09 C101     		.2byte	0x1c1
 1436 0a0b 10       		.uleb128 0x10
 1437 0a0c E40F0000 		.4byte	.LASF348
 1438 0a10 C201     		.2byte	0x1c2
 1439 0a12 10       		.uleb128 0x10
 1440 0a13 91320000 		.4byte	.LASF349
 1441 0a17 C301     		.2byte	0x1c3
 1442 0a19 10       		.uleb128 0x10
 1443 0a1a 78210000 		.4byte	.LASF350
 1444 0a1e C401     		.2byte	0x1c4
 1445 0a20 10       		.uleb128 0x10
 1446 0a21 02310000 		.4byte	.LASF351
 1447 0a25 C501     		.2byte	0x1c5
 1448 0a27 10       		.uleb128 0x10
 1449 0a28 13020000 		.4byte	.LASF352
 1450 0a2c C601     		.2byte	0x1c6
 1451 0a2e 10       		.uleb128 0x10
 1452 0a2f E2040000 		.4byte	.LASF353
 1453 0a33 C701     		.2byte	0x1c7
 1454 0a35 10       		.uleb128 0x10
 1455 0a36 380D0000 		.4byte	.LASF354
 1456 0a3a C801     		.2byte	0x1c8
 1457 0a3c 10       		.uleb128 0x10
 1458 0a3d 852B0000 		.4byte	.LASF355
 1459 0a41 C901     		.2byte	0x1c9
 1460 0a43 10       		.uleb128 0x10
 1461 0a44 3B160000 		.4byte	.LASF356
 1462 0a48 CA01     		.2byte	0x1ca
 1463 0a4a 10       		.uleb128 0x10
 1464 0a4b 3A0B0000 		.4byte	.LASF357
 1465 0a4f CB01     		.2byte	0x1cb
 1466 0a51 10       		.uleb128 0x10
 1467 0a52 46070000 		.4byte	.LASF358
 1468 0a56 CC01     		.2byte	0x1cc
 1469 0a58 10       		.uleb128 0x10
 1470 0a59 950C0000 		.4byte	.LASF359
 1471 0a5d CD01     		.2byte	0x1cd
 1472 0a5f 10       		.uleb128 0x10
 1473 0a60 C8040000 		.4byte	.LASF360
 1474 0a64 CE01     		.2byte	0x1ce
 1475 0a66 10       		.uleb128 0x10
 1476 0a67 2E1C0000 		.4byte	.LASF361
 1477 0a6b CF01     		.2byte	0x1cf
 1478 0a6d 10       		.uleb128 0x10
 1479 0a6e C61F0000 		.4byte	.LASF362
 1480 0a72 D001     		.2byte	0x1d0
 1481 0a74 10       		.uleb128 0x10
 1482 0a75 72310000 		.4byte	.LASF363
 1483 0a79 D101     		.2byte	0x1d1
 1484 0a7b 10       		.uleb128 0x10
 1485 0a7c 8A3B0000 		.4byte	.LASF364
ARM GAS  C:\Users\ARTEM\AppData\Local\Temp\cce6pwaj.s 			page 28


 1486 0a80 D201     		.2byte	0x1d2
 1487 0a82 10       		.uleb128 0x10
 1488 0a83 B82F0000 		.4byte	.LASF365
 1489 0a87 D301     		.2byte	0x1d3
 1490 0a89 10       		.uleb128 0x10
 1491 0a8a 33380000 		.4byte	.LASF366
 1492 0a8e D401     		.2byte	0x1d4
 1493 0a90 10       		.uleb128 0x10
 1494 0a91 26370000 		.4byte	.LASF367
 1495 0a95 D501     		.2byte	0x1d5
 1496 0a97 10       		.uleb128 0x10
 1497 0a98 AC0A0000 		.4byte	.LASF368
 1498 0a9c D601     		.2byte	0x1d6
 1499 0a9e 10       		.uleb128 0x10
 1500 0a9f 483A0000 		.4byte	.LASF369
 1501 0aa3 D701     		.2byte	0x1d7
 1502 0aa5 10       		.uleb128 0x10
 1503 0aa6 510C0000 		.4byte	.LASF370
 1504 0aaa D801     		.2byte	0x1d8
 1505 0aac 10       		.uleb128 0x10
 1506 0aad 0C1D0000 		.4byte	.LASF371
 1507 0ab1 D901     		.2byte	0x1d9
 1508 0ab3 10       		.uleb128 0x10
 1509 0ab4 2D320000 		.4byte	.LASF372
 1510 0ab8 DA01     		.2byte	0x1da
 1511 0aba 10       		.uleb128 0x10
 1512 0abb 7B0C0000 		.4byte	.LASF373
 1513 0abf DB01     		.2byte	0x1db
 1514 0ac1 10       		.uleb128 0x10
 1515 0ac2 90250000 		.4byte	.LASF374
 1516 0ac6 DC01     		.2byte	0x1dc
 1517 0ac8 10       		.uleb128 0x10
 1518 0ac9 68230000 		.4byte	.LASF375
 1519 0acd DD01     		.2byte	0x1dd
 1520 0acf 10       		.uleb128 0x10
 1521 0ad0 91080000 		.4byte	.LASF376
 1522 0ad4 DE01     		.2byte	0x1de
 1523 0ad6 10       		.uleb128 0x10
 1524 0ad7 991D0000 		.4byte	.LASF377
 1525 0adb DF01     		.2byte	0x1df
 1526 0add 10       		.uleb128 0x10
 1527 0ade E3270000 		.4byte	.LASF378
 1528 0ae2 E001     		.2byte	0x1e0
 1529 0ae4 10       		.uleb128 0x10
 1530 0ae5 483B0000 		.4byte	.LASF379
 1531 0ae9 E101     		.2byte	0x1e1
 1532 0aeb 10       		.uleb128 0x10
 1533 0aec 932F0000 		.4byte	.LASF380
 1534 0af0 E201     		.2byte	0x1e2
 1535 0af2 10       		.uleb128 0x10
 1536 0af3 07100000 		.4byte	.LASF381
 1537 0af7 E301     		.2byte	0x1e3
 1538 0af9 10       		.uleb128 0x10
 1539 0afa E00E0000 		.4byte	.LASF382
 1540 0afe E401     		.2byte	0x1e4
 1541 0b00 10       		.uleb128 0x10
 1542 0b01 A61B0000 		.4byte	.LASF383
ARM GAS  C:\Users\ARTEM\AppData\Local\Temp\cce6pwaj.s 			page 29


 1543 0b05 E501     		.2byte	0x1e5
 1544 0b07 10       		.uleb128 0x10
 1545 0b08 28000000 		.4byte	.LASF384
 1546 0b0c E601     		.2byte	0x1e6
 1547 0b0e 10       		.uleb128 0x10
 1548 0b0f E22B0000 		.4byte	.LASF385
 1549 0b13 E701     		.2byte	0x1e7
 1550 0b15 10       		.uleb128 0x10
 1551 0b16 53240000 		.4byte	.LASF386
 1552 0b1a E801     		.2byte	0x1e8
 1553 0b1c 10       		.uleb128 0x10
 1554 0b1d 580A0000 		.4byte	.LASF387
 1555 0b21 E901     		.2byte	0x1e9
 1556 0b23 10       		.uleb128 0x10
 1557 0b24 FB2C0000 		.4byte	.LASF388
 1558 0b28 EA01     		.2byte	0x1ea
 1559 0b2a 10       		.uleb128 0x10
 1560 0b2b D3310000 		.4byte	.LASF389
 1561 0b2f EB01     		.2byte	0x1eb
 1562 0b31 10       		.uleb128 0x10
 1563 0b32 D82C0000 		.4byte	.LASF390
 1564 0b36 EC01     		.2byte	0x1ec
 1565 0b38 10       		.uleb128 0x10
 1566 0b39 B5260000 		.4byte	.LASF391
 1567 0b3d ED01     		.2byte	0x1ed
 1568 0b3f 10       		.uleb128 0x10
 1569 0b40 63380000 		.4byte	.LASF392
 1570 0b44 EE01     		.2byte	0x1ee
 1571 0b46 10       		.uleb128 0x10
 1572 0b47 B81A0000 		.4byte	.LASF393
 1573 0b4b EF01     		.2byte	0x1ef
 1574 0b4d 10       		.uleb128 0x10
 1575 0b4e 38240000 		.4byte	.LASF394
 1576 0b52 F001     		.2byte	0x1f0
 1577 0b54 10       		.uleb128 0x10
 1578 0b55 030C0000 		.4byte	.LASF395
 1579 0b59 F101     		.2byte	0x1f1
 1580 0b5b 10       		.uleb128 0x10
 1581 0b5c 8A110000 		.4byte	.LASF396
 1582 0b60 F201     		.2byte	0x1f2
 1583 0b62 10       		.uleb128 0x10
 1584 0b63 5A050000 		.4byte	.LASF397
 1585 0b67 F301     		.2byte	0x1f3
 1586 0b69 10       		.uleb128 0x10
 1587 0b6a BE270000 		.4byte	.LASF398
 1588 0b6e F401     		.2byte	0x1f4
 1589 0b70 10       		.uleb128 0x10
 1590 0b71 2C110000 		.4byte	.LASF399
 1591 0b75 F501     		.2byte	0x1f5
 1592 0b77 10       		.uleb128 0x10
 1593 0b78 69350000 		.4byte	.LASF400
 1594 0b7c F601     		.2byte	0x1f6
 1595 0b7e 10       		.uleb128 0x10
 1596 0b7f 37220000 		.4byte	.LASF401
 1597 0b83 F701     		.2byte	0x1f7
 1598 0b85 10       		.uleb128 0x10
 1599 0b86 81220000 		.4byte	.LASF402
ARM GAS  C:\Users\ARTEM\AppData\Local\Temp\cce6pwaj.s 			page 30


 1600 0b8a F801     		.2byte	0x1f8
 1601 0b8c 10       		.uleb128 0x10
 1602 0b8d A22D0000 		.4byte	.LASF403
 1603 0b91 F901     		.2byte	0x1f9
 1604 0b93 10       		.uleb128 0x10
 1605 0b94 2B280000 		.4byte	.LASF404
 1606 0b98 FA01     		.2byte	0x1fa
 1607 0b9a 10       		.uleb128 0x10
 1608 0b9b 3D300000 		.4byte	.LASF405
 1609 0b9f FB01     		.2byte	0x1fb
 1610 0ba1 10       		.uleb128 0x10
 1611 0ba2 BB2C0000 		.4byte	.LASF406
 1612 0ba6 FC01     		.2byte	0x1fc
 1613 0ba8 10       		.uleb128 0x10
 1614 0ba9 31020000 		.4byte	.LASF407
 1615 0bad FD01     		.2byte	0x1fd
 1616 0baf 10       		.uleb128 0x10
 1617 0bb0 23070000 		.4byte	.LASF408
 1618 0bb4 FE01     		.2byte	0x1fe
 1619 0bb6 10       		.uleb128 0x10
 1620 0bb7 BC1D0000 		.4byte	.LASF409
 1621 0bbb FF01     		.2byte	0x1ff
 1622 0bbd 10       		.uleb128 0x10
 1623 0bbe 01130000 		.4byte	.LASF410
 1624 0bc2 0002     		.2byte	0x200
 1625 0bc4 10       		.uleb128 0x10
 1626 0bc5 730A0000 		.4byte	.LASF411
 1627 0bc9 0102     		.2byte	0x201
 1628 0bcb 10       		.uleb128 0x10
 1629 0bcc B8360000 		.4byte	.LASF412
 1630 0bd0 0202     		.2byte	0x202
 1631 0bd2 10       		.uleb128 0x10
 1632 0bd3 57180000 		.4byte	.LASF413
 1633 0bd7 0302     		.2byte	0x203
 1634 0bd9 10       		.uleb128 0x10
 1635 0bda B92E0000 		.4byte	.LASF414
 1636 0bde 0402     		.2byte	0x204
 1637 0be0 10       		.uleb128 0x10
 1638 0be1 3A1B0000 		.4byte	.LASF415
 1639 0be5 0502     		.2byte	0x205
 1640 0be7 10       		.uleb128 0x10
 1641 0be8 810B0000 		.4byte	.LASF416
 1642 0bec 0602     		.2byte	0x206
 1643 0bee 10       		.uleb128 0x10
 1644 0bef AF230000 		.4byte	.LASF417
 1645 0bf3 0702     		.2byte	0x207
 1646 0bf5 10       		.uleb128 0x10
 1647 0bf6 88380000 		.4byte	.LASF418
 1648 0bfa 0802     		.2byte	0x208
 1649 0bfc 10       		.uleb128 0x10
 1650 0bfd 0B230000 		.4byte	.LASF419
 1651 0c01 0902     		.2byte	0x209
 1652 0c03 10       		.uleb128 0x10
 1653 0c04 972C0000 		.4byte	.LASF420
 1654 0c08 0A02     		.2byte	0x20a
 1655 0c0a 10       		.uleb128 0x10
 1656 0c0b D0330000 		.4byte	.LASF421
ARM GAS  C:\Users\ARTEM\AppData\Local\Temp\cce6pwaj.s 			page 31


 1657 0c0f 0B02     		.2byte	0x20b
 1658 0c11 10       		.uleb128 0x10
 1659 0c12 59010000 		.4byte	.LASF422
 1660 0c16 0C02     		.2byte	0x20c
 1661 0c18 10       		.uleb128 0x10
 1662 0c19 D5080000 		.4byte	.LASF423
 1663 0c1d 0D02     		.2byte	0x20d
 1664 0c1f 10       		.uleb128 0x10
 1665 0c20 5E0B0000 		.4byte	.LASF424
 1666 0c24 0E02     		.2byte	0x20e
 1667 0c26 10       		.uleb128 0x10
 1668 0c27 0D210000 		.4byte	.LASF425
 1669 0c2b 0F02     		.2byte	0x20f
 1670 0c2d 10       		.uleb128 0x10
 1671 0c2e F3260000 		.4byte	.LASF426
 1672 0c32 1002     		.2byte	0x210
 1673 0c34 10       		.uleb128 0x10
 1674 0c35 861E0000 		.4byte	.LASF427
 1675 0c39 1102     		.2byte	0x211
 1676 0c3b 10       		.uleb128 0x10
 1677 0c3c 062C0000 		.4byte	.LASF428
 1678 0c40 1202     		.2byte	0x212
 1679 0c42 10       		.uleb128 0x10
 1680 0c43 EC370000 		.4byte	.LASF429
 1681 0c47 1302     		.2byte	0x213
 1682 0c49 10       		.uleb128 0x10
 1683 0c4a 18300000 		.4byte	.LASF430
 1684 0c4e 1402     		.2byte	0x214
 1685 0c50 10       		.uleb128 0x10
 1686 0c51 AD390000 		.4byte	.LASF431
 1687 0c55 1502     		.2byte	0x215
 1688 0c57 10       		.uleb128 0x10
 1689 0c58 FE2F0000 		.4byte	.LASF432
 1690 0c5c 1602     		.2byte	0x216
 1691 0c5e 10       		.uleb128 0x10
 1692 0c5f 35060000 		.4byte	.LASF433
 1693 0c63 1702     		.2byte	0x217
 1694 0c65 10       		.uleb128 0x10
 1695 0c66 0D170000 		.4byte	.LASF434
 1696 0c6a 1802     		.2byte	0x218
 1697 0c6c 10       		.uleb128 0x10
 1698 0c6d 94070000 		.4byte	.LASF435
 1699 0c71 1902     		.2byte	0x219
 1700 0c73 10       		.uleb128 0x10
 1701 0c74 1B090000 		.4byte	.LASF436
 1702 0c78 1A02     		.2byte	0x21a
 1703 0c7a 10       		.uleb128 0x10
 1704 0c7b 5C040000 		.4byte	.LASF437
 1705 0c7f 1B02     		.2byte	0x21b
 1706 0c81 10       		.uleb128 0x10
 1707 0c82 161B0000 		.4byte	.LASF438
 1708 0c86 1C02     		.2byte	0x21c
 1709 0c88 10       		.uleb128 0x10
 1710 0c89 1D050000 		.4byte	.LASF439
 1711 0c8d 1D02     		.2byte	0x21d
 1712 0c8f 10       		.uleb128 0x10
 1713 0c90 9C240000 		.4byte	.LASF440
ARM GAS  C:\Users\ARTEM\AppData\Local\Temp\cce6pwaj.s 			page 32


 1714 0c94 1E02     		.2byte	0x21e
 1715 0c96 10       		.uleb128 0x10
 1716 0c97 E61C0000 		.4byte	.LASF441
 1717 0c9b 1F02     		.2byte	0x21f
 1718 0c9d 10       		.uleb128 0x10
 1719 0c9e 31210000 		.4byte	.LASF442
 1720 0ca2 2002     		.2byte	0x220
 1721 0ca4 10       		.uleb128 0x10
 1722 0ca5 8E350000 		.4byte	.LASF443
 1723 0ca9 2102     		.2byte	0x221
 1724 0cab 10       		.uleb128 0x10
 1725 0cac 8E290000 		.4byte	.LASF444
 1726 0cb0 2202     		.2byte	0x222
 1727 0cb2 10       		.uleb128 0x10
 1728 0cb3 52290000 		.4byte	.LASF445
 1729 0cb7 2302     		.2byte	0x223
 1730 0cb9 10       		.uleb128 0x10
 1731 0cba B9020000 		.4byte	.LASF446
 1732 0cbe 2402     		.2byte	0x224
 1733 0cc0 10       		.uleb128 0x10
 1734 0cc1 F7050000 		.4byte	.LASF447
 1735 0cc5 2502     		.2byte	0x225
 1736 0cc7 10       		.uleb128 0x10
 1737 0cc8 94360000 		.4byte	.LASF448
 1738 0ccc 2602     		.2byte	0x226
 1739 0cce 10       		.uleb128 0x10
 1740 0ccf B4010000 		.4byte	.LASF449
 1741 0cd3 2702     		.2byte	0x227
 1742 0cd5 10       		.uleb128 0x10
 1743 0cd6 58300000 		.4byte	.LASF450
 1744 0cda 2802     		.2byte	0x228
 1745 0cdc 10       		.uleb128 0x10
 1746 0cdd 51190000 		.4byte	.LASF451
 1747 0ce1 2902     		.2byte	0x229
 1748 0ce3 10       		.uleb128 0x10
 1749 0ce4 E42D0000 		.4byte	.LASF452
 1750 0ce8 2A02     		.2byte	0x22a
 1751 0cea 10       		.uleb128 0x10
 1752 0ceb 622B0000 		.4byte	.LASF453
 1753 0cef 2B02     		.2byte	0x22b
 1754 0cf1 10       		.uleb128 0x10
 1755 0cf2 C00F0000 		.4byte	.LASF454
 1756 0cf6 2C02     		.2byte	0x22c
 1757 0cf8 10       		.uleb128 0x10
 1758 0cf9 512C0000 		.4byte	.LASF455
 1759 0cfd 2D02     		.2byte	0x22d
 1760 0cff 10       		.uleb128 0x10
 1761 0d00 360A0000 		.4byte	.LASF456
 1762 0d04 2E02     		.2byte	0x22e
 1763 0d06 10       		.uleb128 0x10
 1764 0d07 780F0000 		.4byte	.LASF457
 1765 0d0b 2F02     		.2byte	0x22f
 1766 0d0d 10       		.uleb128 0x10
 1767 0d0e 663B0000 		.4byte	.LASF458
 1768 0d12 3002     		.2byte	0x230
 1769 0d14 10       		.uleb128 0x10
 1770 0d15 792F0000 		.4byte	.LASF459
ARM GAS  C:\Users\ARTEM\AppData\Local\Temp\cce6pwaj.s 			page 33


 1771 0d19 00E0     		.2byte	0xe000
 1772 0d1b 00       		.byte	0
 1773 0d1c 11       		.uleb128 0x11
 1774 0d1d 580E0000 		.4byte	.LASF462
 1775 0d21 01       		.byte	0x1
 1776 0d22 05       		.byte	0x5
 1777 0d23 00000000 		.4byte	.LFB36
 1778 0d27 12000000 		.4byte	.LFE36-.LFB36
 1779 0d2b 01       		.uleb128 0x1
 1780 0d2c 9C       		.byte	0x9c
 1781 0d2d 5F0D0000 		.4byte	0xd5f
 1782 0d31 12       		.uleb128 0x12
 1783 0d32 122B0000 		.4byte	.LASF460
 1784 0d36 01       		.byte	0x1
 1785 0d37 05       		.byte	0x5
 1786 0d38 83000000 		.4byte	0x83
 1787 0d3c 00000000 		.4byte	.LLST0
 1788 0d40 12       		.uleb128 0x12
 1789 0d41 2F160000 		.4byte	.LASF461
 1790 0d45 01       		.byte	0x1
 1791 0d46 05       		.byte	0x5
 1792 0d47 B2000000 		.4byte	0xb2
 1793 0d4b 21000000 		.4byte	.LLST1
 1794 0d4f 13       		.uleb128 0x13
 1795 0d50 10000000 		.4byte	.LVL2
 1796 0d54 F30F0000 		.4byte	0xff3
 1797 0d58 14       		.uleb128 0x14
 1798 0d59 01       		.uleb128 0x1
 1799 0d5a 50       		.byte	0x50
 1800 0d5b 01       		.uleb128 0x1
 1801 0d5c 30       		.byte	0x30
 1802 0d5d 00       		.byte	0
 1803 0d5e 00       		.byte	0
 1804 0d5f 11       		.uleb128 0x11
 1805 0d60 A90B0000 		.4byte	.LASF463
 1806 0d64 01       		.byte	0x1
 1807 0d65 0E       		.byte	0xe
 1808 0d66 00000000 		.4byte	.LFB37
 1809 0d6a E4000000 		.4byte	.LFE37-.LFB37
 1810 0d6e 01       		.uleb128 0x1
 1811 0d6f 9C       		.byte	0x9c
 1812 0d70 1E0F0000 		.4byte	0xf1e
 1813 0d74 12       		.uleb128 0x12
 1814 0d75 122B0000 		.4byte	.LASF460
 1815 0d79 01       		.byte	0x1
 1816 0d7a 0E       		.byte	0xe
 1817 0d7b 83000000 		.4byte	0x83
 1818 0d7f 42000000 		.4byte	.LLST2
 1819 0d83 12       		.uleb128 0x12
 1820 0d84 CD340000 		.4byte	.LASF464
 1821 0d88 01       		.byte	0x1
 1822 0d89 0E       		.byte	0xe
 1823 0d8a B2000000 		.4byte	0xb2
 1824 0d8e 63000000 		.4byte	.LLST3
 1825 0d92 15       		.uleb128 0x15
 1826 0d93 A7030000 		.4byte	.LASF465
 1827 0d97 01       		.byte	0x1
ARM GAS  C:\Users\ARTEM\AppData\Local\Temp\cce6pwaj.s 			page 34


 1828 0d98 0F       		.byte	0xf
 1829 0d99 1E0F0000 		.4byte	0xf1e
 1830 0d9d 8F000000 		.4byte	.LLST4
 1831 0da1 16       		.uleb128 0x16
 1832 0da2 0E000000 		.4byte	.LBB2
 1833 0da6 BE000000 		.4byte	.LBE2-.LBB2
 1834 0daa 17       		.uleb128 0x17
 1835 0dab 73747200 		.ascii	"str\000"
 1836 0daf 01       		.byte	0x1
 1837 0db0 13       		.byte	0x13
 1838 0db1 240F0000 		.4byte	0xf24
 1839 0db5 03       		.uleb128 0x3
 1840 0db6 91       		.byte	0x91
 1841 0db7 8C7F     		.sleb128 -116
 1842 0db9 18       		.uleb128 0x18
 1843 0dba 57380000 		.4byte	.LASF466
 1844 0dbe 01       		.byte	0x1
 1845 0dbf 14       		.byte	0x14
 1846 0dc0 340F0000 		.4byte	0xf34
 1847 0dc4 03       		.uleb128 0x3
 1848 0dc5 91       		.byte	0x91
 1849 0dc6 FC7E     		.sleb128 -132
 1850 0dc8 18       		.uleb128 0x18
 1851 0dc9 0F140000 		.4byte	.LASF467
 1852 0dcd 01       		.byte	0x1
 1853 0dce 21       		.byte	0x21
 1854 0dcf 6B000000 		.4byte	0x6b
 1855 0dd3 03       		.uleb128 0x3
 1856 0dd4 91       		.byte	0x91
 1857 0dd5 FB7E     		.sleb128 -133
 1858 0dd7 15       		.uleb128 0x15
 1859 0dd8 07280000 		.4byte	.LASF468
 1860 0ddc 01       		.byte	0x1
 1861 0ddd 25       		.byte	0x25
 1862 0dde 440F0000 		.4byte	0xf44
 1863 0de2 BB000000 		.4byte	.LLST5
 1864 0de6 15       		.uleb128 0x15
 1865 0de7 642A0000 		.4byte	.LASF469
 1866 0deb 01       		.byte	0x1
 1867 0dec 28       		.byte	0x28
 1868 0ded 5D000000 		.4byte	0x5d
 1869 0df1 CE000000 		.4byte	.LLST6
 1870 0df5 19       		.uleb128 0x19
 1871 0df6 18000000 		.4byte	.LVL7
 1872 0dfa FF0F0000 		.4byte	0xfff
 1873 0dfe 140E0000 		.4byte	0xe14
 1874 0e02 14       		.uleb128 0x14
 1875 0e03 01       		.uleb128 0x1
 1876 0e04 50       		.byte	0x50
 1877 0e05 03       		.uleb128 0x3
 1878 0e06 91       		.byte	0x91
 1879 0e07 FC7E     		.sleb128 -132
 1880 0e09 14       		.uleb128 0x14
 1881 0e0a 01       		.uleb128 0x1
 1882 0e0b 51       		.byte	0x51
 1883 0e0c 01       		.uleb128 0x1
 1884 0e0d 30       		.byte	0x30
ARM GAS  C:\Users\ARTEM\AppData\Local\Temp\cce6pwaj.s 			page 35


 1885 0e0e 14       		.uleb128 0x14
 1886 0e0f 01       		.uleb128 0x1
 1887 0e10 52       		.byte	0x52
 1888 0e11 01       		.uleb128 0x1
 1889 0e12 40       		.byte	0x40
 1890 0e13 00       		.byte	0
 1891 0e14 1A       		.uleb128 0x1a
 1892 0e15 24000000 		.4byte	.LVL8
 1893 0e19 08100000 		.4byte	0x1008
 1894 0e1d 1A       		.uleb128 0x1a
 1895 0e1e 30000000 		.4byte	.LVL9
 1896 0e22 08100000 		.4byte	0x1008
 1897 0e26 1A       		.uleb128 0x1a
 1898 0e27 3C000000 		.4byte	.LVL10
 1899 0e2b 08100000 		.4byte	0x1008
 1900 0e2f 1A       		.uleb128 0x1a
 1901 0e30 48000000 		.4byte	.LVL11
 1902 0e34 08100000 		.4byte	0x1008
 1903 0e38 19       		.uleb128 0x19
 1904 0e39 62000000 		.4byte	.LVL12
 1905 0e3d 14100000 		.4byte	0x1014
 1906 0e41 670E0000 		.4byte	0xe67
 1907 0e45 14       		.uleb128 0x14
 1908 0e46 01       		.uleb128 0x1
 1909 0e47 50       		.byte	0x50
 1910 0e48 03       		.uleb128 0x3
 1911 0e49 91       		.byte	0x91
 1912 0e4a 8C7F     		.sleb128 -116
 1913 0e4c 14       		.uleb128 0x14
 1914 0e4d 01       		.uleb128 0x1
 1915 0e4e 51       		.byte	0x51
 1916 0e4f 05       		.uleb128 0x5
 1917 0e50 03       		.byte	0x3
 1918 0e51 00000000 		.4byte	.LC0
 1919 0e55 14       		.uleb128 0x14
 1920 0e56 01       		.uleb128 0x1
 1921 0e57 53       		.byte	0x53
 1922 0e58 04       		.uleb128 0x4
 1923 0e59 91       		.byte	0x91
 1924 0e5a F07E     		.sleb128 -144
 1925 0e5c 06       		.byte	0x6
 1926 0e5d 14       		.uleb128 0x14
 1927 0e5e 02       		.uleb128 0x2
 1928 0e5f 7D       		.byte	0x7d
 1929 0e60 00       		.sleb128 0
 1930 0e61 04       		.uleb128 0x4
 1931 0e62 91       		.byte	0x91
 1932 0e63 F47E     		.sleb128 -140
 1933 0e65 06       		.byte	0x6
 1934 0e66 00       		.byte	0
 1935 0e67 19       		.uleb128 0x19
 1936 0e68 68000000 		.4byte	.LVL13
 1937 0e6c 1F100000 		.4byte	0x101f
 1938 0e70 7C0E0000 		.4byte	0xe7c
 1939 0e74 14       		.uleb128 0x14
 1940 0e75 01       		.uleb128 0x1
 1941 0e76 50       		.byte	0x50
ARM GAS  C:\Users\ARTEM\AppData\Local\Temp\cce6pwaj.s 			page 36


 1942 0e77 03       		.uleb128 0x3
 1943 0e78 91       		.byte	0x91
 1944 0e79 8C7F     		.sleb128 -116
 1945 0e7b 00       		.byte	0
 1946 0e7c 19       		.uleb128 0x19
 1947 0e7d 6E000000 		.4byte	.LVL14
 1948 0e81 2B100000 		.4byte	0x102b
 1949 0e85 910E0000 		.4byte	0xe91
 1950 0e89 14       		.uleb128 0x14
 1951 0e8a 01       		.uleb128 0x1
 1952 0e8b 50       		.byte	0x50
 1953 0e8c 03       		.uleb128 0x3
 1954 0e8d 91       		.byte	0x91
 1955 0e8e FC7E     		.sleb128 -132
 1956 0e90 00       		.byte	0
 1957 0e91 19       		.uleb128 0x19
 1958 0e92 74000000 		.4byte	.LVL15
 1959 0e96 36100000 		.4byte	0x1036
 1960 0e9a A60E0000 		.4byte	0xea6
 1961 0e9e 14       		.uleb128 0x14
 1962 0e9f 01       		.uleb128 0x1
 1963 0ea0 50       		.byte	0x50
 1964 0ea1 03       		.uleb128 0x3
 1965 0ea2 0A       		.byte	0xa
 1966 0ea3 DC05     		.2byte	0x5dc
 1967 0ea5 00       		.byte	0
 1968 0ea6 1A       		.uleb128 0x1a
 1969 0ea7 8A000000 		.4byte	.LVL16
 1970 0eab 08100000 		.4byte	0x1008
 1971 0eaf 19       		.uleb128 0x19
 1972 0eb0 9E000000 		.4byte	.LVL17
 1973 0eb4 41100000 		.4byte	0x1041
 1974 0eb8 D20E0000 		.4byte	0xed2
 1975 0ebc 14       		.uleb128 0x14
 1976 0ebd 01       		.uleb128 0x1
 1977 0ebe 50       		.byte	0x50
 1978 0ebf 01       		.uleb128 0x1
 1979 0ec0 31       		.byte	0x31
 1980 0ec1 14       		.uleb128 0x14
 1981 0ec2 01       		.uleb128 0x1
 1982 0ec3 51       		.byte	0x51
 1983 0ec4 01       		.uleb128 0x1
 1984 0ec5 34       		.byte	0x34
 1985 0ec6 14       		.uleb128 0x14
 1986 0ec7 01       		.uleb128 0x1
 1987 0ec8 52       		.byte	0x52
 1988 0ec9 01       		.uleb128 0x1
 1989 0eca 32       		.byte	0x32
 1990 0ecb 14       		.uleb128 0x14
 1991 0ecc 01       		.uleb128 0x1
 1992 0ecd 53       		.byte	0x53
 1993 0ece 02       		.uleb128 0x2
 1994 0ecf 75       		.byte	0x75
 1995 0ed0 00       		.sleb128 0
 1996 0ed1 00       		.byte	0
 1997 0ed2 1A       		.uleb128 0x1a
 1998 0ed3 A8000000 		.4byte	.LVL18
ARM GAS  C:\Users\ARTEM\AppData\Local\Temp\cce6pwaj.s 			page 37


 1999 0ed7 08100000 		.4byte	0x1008
 2000 0edb 1A       		.uleb128 0x1a
 2001 0edc B2000000 		.4byte	.LVL20
 2002 0ee0 4C100000 		.4byte	0x104c
 2003 0ee4 1A       		.uleb128 0x1a
 2004 0ee5 BC000000 		.4byte	.LVL21
 2005 0ee9 08100000 		.4byte	0x1008
 2006 0eed 19       		.uleb128 0x19
 2007 0eee C6000000 		.4byte	.LVL24
 2008 0ef2 14100000 		.4byte	0x1014
 2009 0ef6 0B0F0000 		.4byte	0xf0b
 2010 0efa 14       		.uleb128 0x14
 2011 0efb 01       		.uleb128 0x1
 2012 0efc 50       		.byte	0x50
 2013 0efd 03       		.uleb128 0x3
 2014 0efe 91       		.byte	0x91
 2015 0eff 8C7F     		.sleb128 -116
 2016 0f01 14       		.uleb128 0x14
 2017 0f02 01       		.uleb128 0x1
 2018 0f03 51       		.byte	0x51
 2019 0f04 05       		.uleb128 0x5
 2020 0f05 03       		.byte	0x3
 2021 0f06 20000000 		.4byte	.LC3
 2022 0f0a 00       		.byte	0
 2023 0f0b 13       		.uleb128 0x13
 2024 0f0c CC000000 		.4byte	.LVL25
 2025 0f10 1F100000 		.4byte	0x101f
 2026 0f14 14       		.uleb128 0x14
 2027 0f15 01       		.uleb128 0x1
 2028 0f16 50       		.byte	0x50
 2029 0f17 03       		.uleb128 0x3
 2030 0f18 91       		.byte	0x91
 2031 0f19 8C7F     		.sleb128 -116
 2032 0f1b 00       		.byte	0
 2033 0f1c 00       		.byte	0
 2034 0f1d 00       		.byte	0
 2035 0f1e 06       		.uleb128 0x6
 2036 0f1f 04       		.byte	0x4
 2037 0f20 A6040000 		.4byte	0x4a6
 2038 0f24 1B       		.uleb128 0x1b
 2039 0f25 9D000000 		.4byte	0x9d
 2040 0f29 340F0000 		.4byte	0xf34
 2041 0f2d 1C       		.uleb128 0x1c
 2042 0f2e AB000000 		.4byte	0xab
 2043 0f32 63       		.byte	0x63
 2044 0f33 00       		.byte	0
 2045 0f34 1B       		.uleb128 0x1b
 2046 0f35 5D000000 		.4byte	0x5d
 2047 0f39 440F0000 		.4byte	0xf44
 2048 0f3d 1C       		.uleb128 0x1c
 2049 0f3e AB000000 		.4byte	0xab
 2050 0f42 03       		.byte	0x3
 2051 0f43 00       		.byte	0
 2052 0f44 02       		.uleb128 0x2
 2053 0f45 01       		.byte	0x1
 2054 0f46 02       		.byte	0x2
 2055 0f47 18150000 		.4byte	.LASF470
ARM GAS  C:\Users\ARTEM\AppData\Local\Temp\cce6pwaj.s 			page 38


 2056 0f4b 1B       		.uleb128 0x1b
 2057 0f4c 9D000000 		.4byte	0x9d
 2058 0f50 5B0F0000 		.4byte	0xf5b
 2059 0f54 1C       		.uleb128 0x1c
 2060 0f55 AB000000 		.4byte	0xab
 2061 0f59 03       		.byte	0x3
 2062 0f5a 00       		.byte	0
 2063 0f5b 1D       		.uleb128 0x1d
 2064 0f5c 85260000 		.4byte	.LASF471
 2065 0f60 07       		.byte	0x7
 2066 0f61 0C       		.byte	0xc
 2067 0f62 4B0F0000 		.4byte	0xf4b
 2068 0f66 05       		.uleb128 0x5
 2069 0f67 03       		.byte	0x3
 2070 0f68 00000000 		.4byte	uart_rpm_buff
 2071 0f6c 1B       		.uleb128 0x1b
 2072 0f6d 9D000000 		.4byte	0x9d
 2073 0f71 7C0F0000 		.4byte	0xf7c
 2074 0f75 1C       		.uleb128 0x1c
 2075 0f76 AB000000 		.4byte	0xab
 2076 0f7a 0F       		.byte	0xf
 2077 0f7b 00       		.byte	0
 2078 0f7c 1E       		.uleb128 0x1e
 2079 0f7d 73747200 		.ascii	"str\000"
 2080 0f81 07       		.byte	0x7
 2081 0f82 0D       		.byte	0xd
 2082 0f83 6C0F0000 		.4byte	0xf6c
 2083 0f87 05       		.uleb128 0x5
 2084 0f88 03       		.byte	0x3
 2085 0f89 00000000 		.4byte	str
 2086 0f8d 1D       		.uleb128 0x1d
 2087 0f8e CB1C0000 		.4byte	.LASF472
 2088 0f92 07       		.byte	0x7
 2089 0f93 0E       		.byte	0xe
 2090 0f94 340F0000 		.4byte	0xf34
 2091 0f98 05       		.uleb128 0x5
 2092 0f99 03       		.byte	0x3
 2093 0f9a 00000000 		.4byte	motor_speeds
 2094 0f9e 1D       		.uleb128 0x1d
 2095 0f9f DB0B0000 		.4byte	.LASF473
 2096 0fa3 07       		.byte	0x7
 2097 0fa4 0F       		.byte	0xf
 2098 0fa5 440F0000 		.4byte	0xf44
 2099 0fa9 05       		.uleb128 0x5
 2100 0faa 03       		.byte	0x3
 2101 0fab 00000000 		.4byte	motorsEnabled
 2102 0faf 1D       		.uleb128 0x1d
 2103 0fb0 091E0000 		.4byte	.LASF474
 2104 0fb4 08       		.byte	0x8
 2105 0fb5 0B       		.byte	0xb
 2106 0fb6 440F0000 		.4byte	0xf44
 2107 0fba 05       		.uleb128 0x5
 2108 0fbb 03       		.byte	0x3
 2109 0fbc 00000000 		.4byte	disablePrintIfZeroRPM
 2110 0fc0 1D       		.uleb128 0x1d
 2111 0fc1 86330000 		.4byte	.LASF475
 2112 0fc5 09       		.byte	0x9
ARM GAS  C:\Users\ARTEM\AppData\Local\Temp\cce6pwaj.s 			page 39


 2113 0fc6 08       		.byte	0x8
 2114 0fc7 440F0000 		.4byte	0xf44
 2115 0fcb 05       		.uleb128 0x5
 2116 0fcc 03       		.byte	0x3
 2117 0fcd 00000000 		.4byte	doServe
 2118 0fd1 1D       		.uleb128 0x1d
 2119 0fd2 15270000 		.4byte	.LASF476
 2120 0fd6 09       		.byte	0x9
 2121 0fd7 09       		.byte	0x9
 2122 0fd8 440F0000 		.4byte	0xf44
 2123 0fdc 05       		.uleb128 0x5
 2124 0fdd 03       		.byte	0x3
 2125 0fde 00000000 		.4byte	isServing
 2126 0fe2 1D       		.uleb128 0x1d
 2127 0fe3 F1130000 		.4byte	.LASF477
 2128 0fe7 09       		.byte	0x9
 2129 0fe8 0A       		.byte	0xa
 2130 0fe9 5D000000 		.4byte	0x5d
 2131 0fed 05       		.uleb128 0x5
 2132 0fee 03       		.byte	0x3
 2133 0fef 00000000 		.4byte	counter
 2134 0ff3 1F       		.uleb128 0x1f
 2135 0ff4 8E330000 		.4byte	.LASF478
 2136 0ff8 8E330000 		.4byte	.LASF478
 2137 0ffc 0A       		.byte	0xa
 2138 0ffd 8102     		.2byte	0x281
 2139 0fff 20       		.uleb128 0x20
 2140 1000 06200000 		.4byte	.LASF489
 2141 1004 06200000 		.4byte	.LASF489
 2142 1008 1F       		.uleb128 0x1f
 2143 1009 7F040000 		.4byte	.LASF479
 2144 100d 7F040000 		.4byte	.LASF479
 2145 1011 0A       		.byte	0xa
 2146 1012 6302     		.2byte	0x263
 2147 1014 21       		.uleb128 0x21
 2148 1015 88250000 		.4byte	.LASF480
 2149 1019 88250000 		.4byte	.LASF480
 2150 101d 0B       		.byte	0xb
 2151 101e E7       		.byte	0xe7
 2152 101f 1F       		.uleb128 0x1f
 2153 1020 AD3B0000 		.4byte	.LASF481
 2154 1024 AD3B0000 		.4byte	.LASF481
 2155 1028 0C       		.byte	0xc
 2156 1029 2A03     		.2byte	0x32a
 2157 102b 21       		.uleb128 0x21
 2158 102c E5240000 		.4byte	.LASF482
 2159 1030 E5240000 		.4byte	.LASF482
 2160 1034 0D       		.byte	0xd
 2161 1035 0D       		.byte	0xd
 2162 1036 21       		.uleb128 0x21
 2163 1037 4B000000 		.4byte	.LASF483
 2164 103b 4B000000 		.4byte	.LASF483
 2165 103f 0E       		.byte	0xe
 2166 1040 EC       		.byte	0xec
 2167 1041 21       		.uleb128 0x21
 2168 1042 44390000 		.4byte	.LASF484
 2169 1046 44390000 		.4byte	.LASF484
ARM GAS  C:\Users\ARTEM\AppData\Local\Temp\cce6pwaj.s 			page 40


 2170 104a 05       		.byte	0x5
 2171 104b BE       		.byte	0xbe
 2172 104c 21       		.uleb128 0x21
 2173 104d 51330000 		.4byte	.LASF485
 2174 1051 51330000 		.4byte	.LASF485
 2175 1055 0D       		.byte	0xd
 2176 1056 0F       		.byte	0xf
 2177 1057 00       		.byte	0
 2178              		.section	.debug_abbrev,"",%progbits
 2179              	.Ldebug_abbrev0:
 2180 0000 01       		.uleb128 0x1
 2181 0001 11       		.uleb128 0x11
 2182 0002 01       		.byte	0x1
 2183 0003 25       		.uleb128 0x25
 2184 0004 0E       		.uleb128 0xe
 2185 0005 13       		.uleb128 0x13
 2186 0006 0B       		.uleb128 0xb
 2187 0007 03       		.uleb128 0x3
 2188 0008 0E       		.uleb128 0xe
 2189 0009 1B       		.uleb128 0x1b
 2190 000a 0E       		.uleb128 0xe
 2191 000b 55       		.uleb128 0x55
 2192 000c 17       		.uleb128 0x17
 2193 000d 11       		.uleb128 0x11
 2194 000e 01       		.uleb128 0x1
 2195 000f 10       		.uleb128 0x10
 2196 0010 17       		.uleb128 0x17
 2197 0011 00       		.byte	0
 2198 0012 00       		.byte	0
 2199 0013 02       		.uleb128 0x2
 2200 0014 24       		.uleb128 0x24
 2201 0015 00       		.byte	0
 2202 0016 0B       		.uleb128 0xb
 2203 0017 0B       		.uleb128 0xb
 2204 0018 3E       		.uleb128 0x3e
 2205 0019 0B       		.uleb128 0xb
 2206 001a 03       		.uleb128 0x3
 2207 001b 0E       		.uleb128 0xe
 2208 001c 00       		.byte	0
 2209 001d 00       		.byte	0
 2210 001e 03       		.uleb128 0x3
 2211 001f 24       		.uleb128 0x24
 2212 0020 00       		.byte	0
 2213 0021 0B       		.uleb128 0xb
 2214 0022 0B       		.uleb128 0xb
 2215 0023 3E       		.uleb128 0x3e
 2216 0024 0B       		.uleb128 0xb
 2217 0025 03       		.uleb128 0x3
 2218 0026 08       		.uleb128 0x8
 2219 0027 00       		.byte	0
 2220 0028 00       		.byte	0
 2221 0029 04       		.uleb128 0x4
 2222 002a 16       		.uleb128 0x16
 2223 002b 00       		.byte	0
 2224 002c 03       		.uleb128 0x3
 2225 002d 0E       		.uleb128 0xe
 2226 002e 3A       		.uleb128 0x3a
ARM GAS  C:\Users\ARTEM\AppData\Local\Temp\cce6pwaj.s 			page 41


 2227 002f 0B       		.uleb128 0xb
 2228 0030 3B       		.uleb128 0x3b
 2229 0031 05       		.uleb128 0x5
 2230 0032 49       		.uleb128 0x49
 2231 0033 13       		.uleb128 0x13
 2232 0034 00       		.byte	0
 2233 0035 00       		.byte	0
 2234 0036 05       		.uleb128 0x5
 2235 0037 0F       		.uleb128 0xf
 2236 0038 00       		.byte	0
 2237 0039 0B       		.uleb128 0xb
 2238 003a 0B       		.uleb128 0xb
 2239 003b 00       		.byte	0
 2240 003c 00       		.byte	0
 2241 003d 06       		.uleb128 0x6
 2242 003e 0F       		.uleb128 0xf
 2243 003f 00       		.byte	0
 2244 0040 0B       		.uleb128 0xb
 2245 0041 0B       		.uleb128 0xb
 2246 0042 49       		.uleb128 0x49
 2247 0043 13       		.uleb128 0x13
 2248 0044 00       		.byte	0
 2249 0045 00       		.byte	0
 2250 0046 07       		.uleb128 0x7
 2251 0047 04       		.uleb128 0x4
 2252 0048 01       		.byte	0x1
 2253 0049 0B       		.uleb128 0xb
 2254 004a 0B       		.uleb128 0xb
 2255 004b 49       		.uleb128 0x49
 2256 004c 13       		.uleb128 0x13
 2257 004d 3A       		.uleb128 0x3a
 2258 004e 0B       		.uleb128 0xb
 2259 004f 3B       		.uleb128 0x3b
 2260 0050 05       		.uleb128 0x5
 2261 0051 01       		.uleb128 0x1
 2262 0052 13       		.uleb128 0x13
 2263 0053 00       		.byte	0
 2264 0054 00       		.byte	0
 2265 0055 08       		.uleb128 0x8
 2266 0056 28       		.uleb128 0x28
 2267 0057 00       		.byte	0
 2268 0058 03       		.uleb128 0x3
 2269 0059 0E       		.uleb128 0xe
 2270 005a 1C       		.uleb128 0x1c
 2271 005b 0B       		.uleb128 0xb
 2272 005c 00       		.byte	0
 2273 005d 00       		.byte	0
 2274 005e 09       		.uleb128 0x9
 2275 005f 04       		.uleb128 0x4
 2276 0060 01       		.byte	0x1
 2277 0061 0B       		.uleb128 0xb
 2278 0062 0B       		.uleb128 0xb
 2279 0063 49       		.uleb128 0x49
 2280 0064 13       		.uleb128 0x13
 2281 0065 3A       		.uleb128 0x3a
 2282 0066 0B       		.uleb128 0xb
 2283 0067 3B       		.uleb128 0x3b
ARM GAS  C:\Users\ARTEM\AppData\Local\Temp\cce6pwaj.s 			page 42


 2284 0068 0B       		.uleb128 0xb
 2285 0069 01       		.uleb128 0x1
 2286 006a 13       		.uleb128 0x13
 2287 006b 00       		.byte	0
 2288 006c 00       		.byte	0
 2289 006d 0A       		.uleb128 0xa
 2290 006e 13       		.uleb128 0x13
 2291 006f 01       		.byte	0x1
 2292 0070 0B       		.uleb128 0xb
 2293 0071 0B       		.uleb128 0xb
 2294 0072 3A       		.uleb128 0x3a
 2295 0073 0B       		.uleb128 0xb
 2296 0074 3B       		.uleb128 0x3b
 2297 0075 05       		.uleb128 0x5
 2298 0076 01       		.uleb128 0x1
 2299 0077 13       		.uleb128 0x13
 2300 0078 00       		.byte	0
 2301 0079 00       		.byte	0
 2302 007a 0B       		.uleb128 0xb
 2303 007b 0D       		.uleb128 0xd
 2304 007c 00       		.byte	0
 2305 007d 03       		.uleb128 0x3
 2306 007e 0E       		.uleb128 0xe
 2307 007f 3A       		.uleb128 0x3a
 2308 0080 0B       		.uleb128 0xb
 2309 0081 3B       		.uleb128 0x3b
 2310 0082 05       		.uleb128 0x5
 2311 0083 49       		.uleb128 0x49
 2312 0084 13       		.uleb128 0x13
 2313 0085 38       		.uleb128 0x38
 2314 0086 0B       		.uleb128 0xb
 2315 0087 00       		.byte	0
 2316 0088 00       		.byte	0
 2317 0089 0C       		.uleb128 0xc
 2318 008a 0D       		.uleb128 0xd
 2319 008b 00       		.byte	0
 2320 008c 03       		.uleb128 0x3
 2321 008d 08       		.uleb128 0x8
 2322 008e 3A       		.uleb128 0x3a
 2323 008f 0B       		.uleb128 0xb
 2324 0090 3B       		.uleb128 0x3b
 2325 0091 05       		.uleb128 0x5
 2326 0092 49       		.uleb128 0x49
 2327 0093 13       		.uleb128 0x13
 2328 0094 38       		.uleb128 0x38
 2329 0095 0B       		.uleb128 0xb
 2330 0096 00       		.byte	0
 2331 0097 00       		.byte	0
 2332 0098 0D       		.uleb128 0xd
 2333 0099 16       		.uleb128 0x16
 2334 009a 00       		.byte	0
 2335 009b 03       		.uleb128 0x3
 2336 009c 0E       		.uleb128 0xe
 2337 009d 3A       		.uleb128 0x3a
 2338 009e 0B       		.uleb128 0xb
 2339 009f 3B       		.uleb128 0x3b
 2340 00a0 0B       		.uleb128 0xb
ARM GAS  C:\Users\ARTEM\AppData\Local\Temp\cce6pwaj.s 			page 43


 2341 00a1 49       		.uleb128 0x49
 2342 00a2 13       		.uleb128 0x13
 2343 00a3 00       		.byte	0
 2344 00a4 00       		.byte	0
 2345 00a5 0E       		.uleb128 0xe
 2346 00a6 13       		.uleb128 0x13
 2347 00a7 01       		.byte	0x1
 2348 00a8 0B       		.uleb128 0xb
 2349 00a9 0B       		.uleb128 0xb
 2350 00aa 3A       		.uleb128 0x3a
 2351 00ab 0B       		.uleb128 0xb
 2352 00ac 3B       		.uleb128 0x3b
 2353 00ad 0B       		.uleb128 0xb
 2354 00ae 01       		.uleb128 0x1
 2355 00af 13       		.uleb128 0x13
 2356 00b0 00       		.byte	0
 2357 00b1 00       		.byte	0
 2358 00b2 0F       		.uleb128 0xf
 2359 00b3 0D       		.uleb128 0xd
 2360 00b4 00       		.byte	0
 2361 00b5 03       		.uleb128 0x3
 2362 00b6 0E       		.uleb128 0xe
 2363 00b7 3A       		.uleb128 0x3a
 2364 00b8 0B       		.uleb128 0xb
 2365 00b9 3B       		.uleb128 0x3b
 2366 00ba 0B       		.uleb128 0xb
 2367 00bb 49       		.uleb128 0x49
 2368 00bc 13       		.uleb128 0x13
 2369 00bd 38       		.uleb128 0x38
 2370 00be 0B       		.uleb128 0xb
 2371 00bf 00       		.byte	0
 2372 00c0 00       		.byte	0
 2373 00c1 10       		.uleb128 0x10
 2374 00c2 28       		.uleb128 0x28
 2375 00c3 00       		.byte	0
 2376 00c4 03       		.uleb128 0x3
 2377 00c5 0E       		.uleb128 0xe
 2378 00c6 1C       		.uleb128 0x1c
 2379 00c7 05       		.uleb128 0x5
 2380 00c8 00       		.byte	0
 2381 00c9 00       		.byte	0
 2382 00ca 11       		.uleb128 0x11
 2383 00cb 2E       		.uleb128 0x2e
 2384 00cc 01       		.byte	0x1
 2385 00cd 3F       		.uleb128 0x3f
 2386 00ce 19       		.uleb128 0x19
 2387 00cf 03       		.uleb128 0x3
 2388 00d0 0E       		.uleb128 0xe
 2389 00d1 3A       		.uleb128 0x3a
 2390 00d2 0B       		.uleb128 0xb
 2391 00d3 3B       		.uleb128 0x3b
 2392 00d4 0B       		.uleb128 0xb
 2393 00d5 27       		.uleb128 0x27
 2394 00d6 19       		.uleb128 0x19
 2395 00d7 11       		.uleb128 0x11
 2396 00d8 01       		.uleb128 0x1
 2397 00d9 12       		.uleb128 0x12
ARM GAS  C:\Users\ARTEM\AppData\Local\Temp\cce6pwaj.s 			page 44


 2398 00da 06       		.uleb128 0x6
 2399 00db 40       		.uleb128 0x40
 2400 00dc 18       		.uleb128 0x18
 2401 00dd 9742     		.uleb128 0x2117
 2402 00df 19       		.uleb128 0x19
 2403 00e0 01       		.uleb128 0x1
 2404 00e1 13       		.uleb128 0x13
 2405 00e2 00       		.byte	0
 2406 00e3 00       		.byte	0
 2407 00e4 12       		.uleb128 0x12
 2408 00e5 05       		.uleb128 0x5
 2409 00e6 00       		.byte	0
 2410 00e7 03       		.uleb128 0x3
 2411 00e8 0E       		.uleb128 0xe
 2412 00e9 3A       		.uleb128 0x3a
 2413 00ea 0B       		.uleb128 0xb
 2414 00eb 3B       		.uleb128 0x3b
 2415 00ec 0B       		.uleb128 0xb
 2416 00ed 49       		.uleb128 0x49
 2417 00ee 13       		.uleb128 0x13
 2418 00ef 02       		.uleb128 0x2
 2419 00f0 17       		.uleb128 0x17
 2420 00f1 00       		.byte	0
 2421 00f2 00       		.byte	0
 2422 00f3 13       		.uleb128 0x13
 2423 00f4 898201   		.uleb128 0x4109
 2424 00f7 01       		.byte	0x1
 2425 00f8 11       		.uleb128 0x11
 2426 00f9 01       		.uleb128 0x1
 2427 00fa 31       		.uleb128 0x31
 2428 00fb 13       		.uleb128 0x13
 2429 00fc 00       		.byte	0
 2430 00fd 00       		.byte	0
 2431 00fe 14       		.uleb128 0x14
 2432 00ff 8A8201   		.uleb128 0x410a
 2433 0102 00       		.byte	0
 2434 0103 02       		.uleb128 0x2
 2435 0104 18       		.uleb128 0x18
 2436 0105 9142     		.uleb128 0x2111
 2437 0107 18       		.uleb128 0x18
 2438 0108 00       		.byte	0
 2439 0109 00       		.byte	0
 2440 010a 15       		.uleb128 0x15
 2441 010b 34       		.uleb128 0x34
 2442 010c 00       		.byte	0
 2443 010d 03       		.uleb128 0x3
 2444 010e 0E       		.uleb128 0xe
 2445 010f 3A       		.uleb128 0x3a
 2446 0110 0B       		.uleb128 0xb
 2447 0111 3B       		.uleb128 0x3b
 2448 0112 0B       		.uleb128 0xb
 2449 0113 49       		.uleb128 0x49
 2450 0114 13       		.uleb128 0x13
 2451 0115 02       		.uleb128 0x2
 2452 0116 17       		.uleb128 0x17
 2453 0117 00       		.byte	0
 2454 0118 00       		.byte	0
ARM GAS  C:\Users\ARTEM\AppData\Local\Temp\cce6pwaj.s 			page 45


 2455 0119 16       		.uleb128 0x16
 2456 011a 0B       		.uleb128 0xb
 2457 011b 01       		.byte	0x1
 2458 011c 11       		.uleb128 0x11
 2459 011d 01       		.uleb128 0x1
 2460 011e 12       		.uleb128 0x12
 2461 011f 06       		.uleb128 0x6
 2462 0120 00       		.byte	0
 2463 0121 00       		.byte	0
 2464 0122 17       		.uleb128 0x17
 2465 0123 34       		.uleb128 0x34
 2466 0124 00       		.byte	0
 2467 0125 03       		.uleb128 0x3
 2468 0126 08       		.uleb128 0x8
 2469 0127 3A       		.uleb128 0x3a
 2470 0128 0B       		.uleb128 0xb
 2471 0129 3B       		.uleb128 0x3b
 2472 012a 0B       		.uleb128 0xb
 2473 012b 49       		.uleb128 0x49
 2474 012c 13       		.uleb128 0x13
 2475 012d 02       		.uleb128 0x2
 2476 012e 18       		.uleb128 0x18
 2477 012f 00       		.byte	0
 2478 0130 00       		.byte	0
 2479 0131 18       		.uleb128 0x18
 2480 0132 34       		.uleb128 0x34
 2481 0133 00       		.byte	0
 2482 0134 03       		.uleb128 0x3
 2483 0135 0E       		.uleb128 0xe
 2484 0136 3A       		.uleb128 0x3a
 2485 0137 0B       		.uleb128 0xb
 2486 0138 3B       		.uleb128 0x3b
 2487 0139 0B       		.uleb128 0xb
 2488 013a 49       		.uleb128 0x49
 2489 013b 13       		.uleb128 0x13
 2490 013c 02       		.uleb128 0x2
 2491 013d 18       		.uleb128 0x18
 2492 013e 00       		.byte	0
 2493 013f 00       		.byte	0
 2494 0140 19       		.uleb128 0x19
 2495 0141 898201   		.uleb128 0x4109
 2496 0144 01       		.byte	0x1
 2497 0145 11       		.uleb128 0x11
 2498 0146 01       		.uleb128 0x1
 2499 0147 31       		.uleb128 0x31
 2500 0148 13       		.uleb128 0x13
 2501 0149 01       		.uleb128 0x1
 2502 014a 13       		.uleb128 0x13
 2503 014b 00       		.byte	0
 2504 014c 00       		.byte	0
 2505 014d 1A       		.uleb128 0x1a
 2506 014e 898201   		.uleb128 0x4109
 2507 0151 00       		.byte	0
 2508 0152 11       		.uleb128 0x11
 2509 0153 01       		.uleb128 0x1
 2510 0154 31       		.uleb128 0x31
 2511 0155 13       		.uleb128 0x13
ARM GAS  C:\Users\ARTEM\AppData\Local\Temp\cce6pwaj.s 			page 46


 2512 0156 00       		.byte	0
 2513 0157 00       		.byte	0
 2514 0158 1B       		.uleb128 0x1b
 2515 0159 01       		.uleb128 0x1
 2516 015a 01       		.byte	0x1
 2517 015b 49       		.uleb128 0x49
 2518 015c 13       		.uleb128 0x13
 2519 015d 01       		.uleb128 0x1
 2520 015e 13       		.uleb128 0x13
 2521 015f 00       		.byte	0
 2522 0160 00       		.byte	0
 2523 0161 1C       		.uleb128 0x1c
 2524 0162 21       		.uleb128 0x21
 2525 0163 00       		.byte	0
 2526 0164 49       		.uleb128 0x49
 2527 0165 13       		.uleb128 0x13
 2528 0166 2F       		.uleb128 0x2f
 2529 0167 0B       		.uleb128 0xb
 2530 0168 00       		.byte	0
 2531 0169 00       		.byte	0
 2532 016a 1D       		.uleb128 0x1d
 2533 016b 34       		.uleb128 0x34
 2534 016c 00       		.byte	0
 2535 016d 03       		.uleb128 0x3
 2536 016e 0E       		.uleb128 0xe
 2537 016f 3A       		.uleb128 0x3a
 2538 0170 0B       		.uleb128 0xb
 2539 0171 3B       		.uleb128 0x3b
 2540 0172 0B       		.uleb128 0xb
 2541 0173 49       		.uleb128 0x49
 2542 0174 13       		.uleb128 0x13
 2543 0175 3F       		.uleb128 0x3f
 2544 0176 19       		.uleb128 0x19
 2545 0177 02       		.uleb128 0x2
 2546 0178 18       		.uleb128 0x18
 2547 0179 00       		.byte	0
 2548 017a 00       		.byte	0
 2549 017b 1E       		.uleb128 0x1e
 2550 017c 34       		.uleb128 0x34
 2551 017d 00       		.byte	0
 2552 017e 03       		.uleb128 0x3
 2553 017f 08       		.uleb128 0x8
 2554 0180 3A       		.uleb128 0x3a
 2555 0181 0B       		.uleb128 0xb
 2556 0182 3B       		.uleb128 0x3b
 2557 0183 0B       		.uleb128 0xb
 2558 0184 49       		.uleb128 0x49
 2559 0185 13       		.uleb128 0x13
 2560 0186 3F       		.uleb128 0x3f
 2561 0187 19       		.uleb128 0x19
 2562 0188 02       		.uleb128 0x2
 2563 0189 18       		.uleb128 0x18
 2564 018a 00       		.byte	0
 2565 018b 00       		.byte	0
 2566 018c 1F       		.uleb128 0x1f
 2567 018d 2E       		.uleb128 0x2e
 2568 018e 00       		.byte	0
ARM GAS  C:\Users\ARTEM\AppData\Local\Temp\cce6pwaj.s 			page 47


 2569 018f 3F       		.uleb128 0x3f
 2570 0190 19       		.uleb128 0x19
 2571 0191 3C       		.uleb128 0x3c
 2572 0192 19       		.uleb128 0x19
 2573 0193 6E       		.uleb128 0x6e
 2574 0194 0E       		.uleb128 0xe
 2575 0195 03       		.uleb128 0x3
 2576 0196 0E       		.uleb128 0xe
 2577 0197 3A       		.uleb128 0x3a
 2578 0198 0B       		.uleb128 0xb
 2579 0199 3B       		.uleb128 0x3b
 2580 019a 05       		.uleb128 0x5
 2581 019b 00       		.byte	0
 2582 019c 00       		.byte	0
 2583 019d 20       		.uleb128 0x20
 2584 019e 2E       		.uleb128 0x2e
 2585 019f 00       		.byte	0
 2586 01a0 3F       		.uleb128 0x3f
 2587 01a1 19       		.uleb128 0x19
 2588 01a2 3C       		.uleb128 0x3c
 2589 01a3 19       		.uleb128 0x19
 2590 01a4 6E       		.uleb128 0x6e
 2591 01a5 0E       		.uleb128 0xe
 2592 01a6 03       		.uleb128 0x3
 2593 01a7 0E       		.uleb128 0xe
 2594 01a8 00       		.byte	0
 2595 01a9 00       		.byte	0
 2596 01aa 21       		.uleb128 0x21
 2597 01ab 2E       		.uleb128 0x2e
 2598 01ac 00       		.byte	0
 2599 01ad 3F       		.uleb128 0x3f
 2600 01ae 19       		.uleb128 0x19
 2601 01af 3C       		.uleb128 0x3c
 2602 01b0 19       		.uleb128 0x19
 2603 01b1 6E       		.uleb128 0x6e
 2604 01b2 0E       		.uleb128 0xe
 2605 01b3 03       		.uleb128 0x3
 2606 01b4 0E       		.uleb128 0xe
 2607 01b5 3A       		.uleb128 0x3a
 2608 01b6 0B       		.uleb128 0xb
 2609 01b7 3B       		.uleb128 0x3b
 2610 01b8 0B       		.uleb128 0xb
 2611 01b9 00       		.byte	0
 2612 01ba 00       		.byte	0
 2613 01bb 00       		.byte	0
 2614              		.section	.debug_loc,"",%progbits
 2615              	.Ldebug_loc0:
 2616              	.LLST0:
 2617 0000 00000000 		.4byte	.LVL0
 2618 0004 0C000000 		.4byte	.LVL1
 2619 0008 0100     		.2byte	0x1
 2620 000a 50       		.byte	0x50
 2621 000b 0C000000 		.4byte	.LVL1
 2622 000f 12000000 		.4byte	.LFE36
 2623 0013 0400     		.2byte	0x4
 2624 0015 F3       		.byte	0xf3
 2625 0016 01       		.uleb128 0x1
ARM GAS  C:\Users\ARTEM\AppData\Local\Temp\cce6pwaj.s 			page 48


 2626 0017 50       		.byte	0x50
 2627 0018 9F       		.byte	0x9f
 2628 0019 00000000 		.4byte	0
 2629 001d 00000000 		.4byte	0
 2630              	.LLST1:
 2631 0021 00000000 		.4byte	.LVL0
 2632 0025 0F000000 		.4byte	.LVL2-1
 2633 0029 0100     		.2byte	0x1
 2634 002b 51       		.byte	0x51
 2635 002c 0F000000 		.4byte	.LVL2-1
 2636 0030 12000000 		.4byte	.LFE36
 2637 0034 0400     		.2byte	0x4
 2638 0036 F3       		.byte	0xf3
 2639 0037 01       		.uleb128 0x1
 2640 0038 51       		.byte	0x51
 2641 0039 9F       		.byte	0x9f
 2642 003a 00000000 		.4byte	0
 2643 003e 00000000 		.4byte	0
 2644              	.LLST2:
 2645 0042 00000000 		.4byte	.LVL3
 2646 0046 14000000 		.4byte	.LVL6
 2647 004a 0100     		.2byte	0x1
 2648 004c 50       		.byte	0x50
 2649 004d 14000000 		.4byte	.LVL6
 2650 0051 E4000000 		.4byte	.LFE37
 2651 0055 0400     		.2byte	0x4
 2652 0057 F3       		.byte	0xf3
 2653 0058 01       		.uleb128 0x1
 2654 0059 50       		.byte	0x50
 2655 005a 9F       		.byte	0x9f
 2656 005b 00000000 		.4byte	0
 2657 005f 00000000 		.4byte	0
 2658              	.LLST3:
 2659 0063 00000000 		.4byte	.LVL3
 2660 0067 12000000 		.4byte	.LVL5
 2661 006b 0100     		.2byte	0x1
 2662 006d 51       		.byte	0x51
 2663 006e 12000000 		.4byte	.LVL5
 2664 0072 CE000000 		.4byte	.LVL26
 2665 0076 0100     		.2byte	0x1
 2666 0078 54       		.byte	0x54
 2667 0079 CE000000 		.4byte	.LVL26
 2668 007d E4000000 		.4byte	.LFE37
 2669 0081 0400     		.2byte	0x4
 2670 0083 F3       		.byte	0xf3
 2671 0084 01       		.uleb128 0x1
 2672 0085 51       		.byte	0x51
 2673 0086 9F       		.byte	0x9f
 2674 0087 00000000 		.4byte	0
 2675 008b 00000000 		.4byte	0
 2676              	.LLST4:
 2677 008f 06000000 		.4byte	.LVL4
 2678 0093 12000000 		.4byte	.LVL5
 2679 0097 0100     		.2byte	0x1
 2680 0099 51       		.byte	0x51
 2681 009a 12000000 		.4byte	.LVL5
 2682 009e CE000000 		.4byte	.LVL26
ARM GAS  C:\Users\ARTEM\AppData\Local\Temp\cce6pwaj.s 			page 49


 2683 00a2 0100     		.2byte	0x1
 2684 00a4 54       		.byte	0x54
 2685 00a5 CE000000 		.4byte	.LVL26
 2686 00a9 E4000000 		.4byte	.LFE37
 2687 00ad 0400     		.2byte	0x4
 2688 00af F3       		.byte	0xf3
 2689 00b0 01       		.uleb128 0x1
 2690 00b1 51       		.byte	0x51
 2691 00b2 9F       		.byte	0x9f
 2692 00b3 00000000 		.4byte	0
 2693 00b7 00000000 		.4byte	0
 2694              	.LLST5:
 2695 00bb AE000000 		.4byte	.LVL19
 2696 00bf B1000000 		.4byte	.LVL20-1
 2697 00c3 0100     		.2byte	0x1
 2698 00c5 50       		.byte	0x50
 2699 00c6 00000000 		.4byte	0
 2700 00ca 00000000 		.4byte	0
 2701              	.LLST6:
 2702 00ce BE000000 		.4byte	.LVL22
 2703 00d2 C2000000 		.4byte	.LVL23
 2704 00d6 0100     		.2byte	0x1
 2705 00d8 50       		.byte	0x50
 2706 00d9 C2000000 		.4byte	.LVL23
 2707 00dd C5000000 		.4byte	.LVL24-1
 2708 00e1 0100     		.2byte	0x1
 2709 00e3 52       		.byte	0x52
 2710 00e4 00000000 		.4byte	0
 2711 00e8 00000000 		.4byte	0
 2712              		.section	.debug_aranges,"",%progbits
 2713 0000 24000000 		.4byte	0x24
 2714 0004 0200     		.2byte	0x2
 2715 0006 00000000 		.4byte	.Ldebug_info0
 2716 000a 04       		.byte	0x4
 2717 000b 00       		.byte	0
 2718 000c 0000     		.2byte	0
 2719 000e 0000     		.2byte	0
 2720 0010 00000000 		.4byte	.LFB36
 2721 0014 12000000 		.4byte	.LFE36-.LFB36
 2722 0018 00000000 		.4byte	.LFB37
 2723 001c E4000000 		.4byte	.LFE37-.LFB37
 2724 0020 00000000 		.4byte	0
 2725 0024 00000000 		.4byte	0
 2726              		.section	.debug_ranges,"",%progbits
 2727              	.Ldebug_ranges0:
 2728 0000 00000000 		.4byte	.LFB36
 2729 0004 12000000 		.4byte	.LFE36
 2730 0008 00000000 		.4byte	.LFB37
 2731 000c E4000000 		.4byte	.LFE37
 2732 0010 00000000 		.4byte	0
 2733 0014 00000000 		.4byte	0
 2734              		.section	.debug_line,"",%progbits
 2735              	.Ldebug_line0:
 2736 0000 A3010000 		.section	.debug_str,"MS",%progbits,1
 2736      02006B01 
 2736      00000201 
 2736      FB0E0D00 
ARM GAS  C:\Users\ARTEM\AppData\Local\Temp\cce6pwaj.s 			page 50


 2736      01010101 
 2737              	.LASF169:
 2738 0000 4359424C 		.ascii	"CYBLE_EVT_GATTC_INCL_DISCOVERY_COMPLETE\000"
 2738      455F4556 
 2738      545F4741 
 2738      5454435F 
 2738      494E434C 
 2739              	.LASF384:
 2740 0028 4359424C 		.ascii	"CYBLE_EVT_PASSC_READ_CHAR_RESPONSE\000"
 2740      455F4556 
 2740      545F5041 
 2740      5353435F 
 2740      52454144 
 2741              	.LASF483:
 2742 004b 43794465 		.ascii	"CyDelay\000"
 2742      6C617900 
 2743              	.LASF70:
 2744 0053 4359424C 		.ascii	"CYBLE_EVT_GATTC_STOP_CMD_COMPLETE\000"
 2744      455F4556 
 2744      545F4741 
 2744      5454435F 
 2744      53544F50 
 2745              	.LASF66:
 2746 0075 4359424C 		.ascii	"CYBLE_EVT_GATTC_HANDLE_VALUE_NTF\000"
 2746      455F4556 
 2746      545F4741 
 2746      5454435F 
 2746      48414E44 
 2747              	.LASF168:
 2748 0096 4359424C 		.ascii	"CYBLE_EVT_GATTC_SRVC_DISCOVERY_COMPLETE\000"
 2748      455F4556 
 2748      545F4741 
 2748      5454435F 
 2748      53525643 
 2749              	.LASF252:
 2750 00be 4359424C 		.ascii	"CYBLE_EVT_CPSC_READ_CHAR_RESPONSE\000"
 2750      455F4556 
 2750      545F4350 
 2750      53435F52 
 2750      4541445F 
 2751              	.LASF178:
 2752 00e0 4359424C 		.ascii	"CYBLE_EVT_AIOSS_CHAR_WRITE\000"
 2752      455F4556 
 2752      545F4149 
 2752      4F53535F 
 2752      43484152 
 2753              	.LASF279:
 2754 00fb 4359424C 		.ascii	"CYBLE_EVT_ESSS_NOTIFICATION_DISABLED\000"
 2754      455F4556 
 2754      545F4553 
 2754      53535F4E 
 2754      4F544946 
 2755              	.LASF217:
 2756 0120 4359424C 		.ascii	"CYBLE_EVT_BLSS_INDICATION_DISABLED\000"
 2756      455F4556 
 2756      545F424C 
 2756      53535F49 
ARM GAS  C:\Users\ARTEM\AppData\Local\Temp\cce6pwaj.s 			page 51


 2756      4E444943 
 2757              	.LASF128:
 2758 0143 4359424C 		.ascii	"CYBLE_GATT_ERR_CODE_T\000"
 2758      455F4741 
 2758      54545F45 
 2758      52525F43 
 2758      4F44455F 
 2759              	.LASF422:
 2760 0159 4359424C 		.ascii	"CYBLE_EVT_TPSC_NOTIFICATION\000"
 2760      455F4556 
 2760      545F5450 
 2760      53435F4E 
 2760      4F544946 
 2761              	.LASF337:
 2762 0175 4359424C 		.ascii	"CYBLE_EVT_HTSC_NOTIFICATION\000"
 2762      455F4556 
 2762      545F4854 
 2762      53435F4E 
 2762      4F544946 
 2763              	.LASF245:
 2764 0191 4359424C 		.ascii	"CYBLE_EVT_CPSS_INDICATION_DISABLED\000"
 2764      455F4556 
 2764      545F4350 
 2764      53535F49 
 2764      4E444943 
 2765              	.LASF449:
 2766 01b4 4359424C 		.ascii	"CYBLE_EVT_WPTSC_READ_CHAR_RESPONSE\000"
 2766      455F4556 
 2766      545F5750 
 2766      5453435F 
 2766      52454144 
 2767              	.LASF295:
 2768 01d7 4359424C 		.ascii	"CYBLE_EVT_GLSS_NOTIFICATION_DISABLED\000"
 2768      455F4556 
 2768      545F474C 
 2768      53535F4E 
 2768      4F544946 
 2769              	.LASF25:
 2770 01fc 4359424C 		.ascii	"CYBLE_EVT_GAP_AUTH_REQ\000"
 2770      455F4556 
 2770      545F4741 
 2770      505F4155 
 2770      54485F52 
 2771              	.LASF352:
 2772 0213 4359424C 		.ascii	"CYBLE_EVT_LLSS_WRITE_CHAR_REQ\000"
 2772      455F4556 
 2772      545F4C4C 
 2772      53535F57 
 2772      52495445 
 2773              	.LASF407:
 2774 0231 4359424C 		.ascii	"CYBLE_EVT_RSCSC_INDICATION\000"
 2774      455F4556 
 2774      545F5253 
 2774      4353435F 
 2774      494E4449 
 2775              	.LASF246:
 2776 024c 4359424C 		.ascii	"CYBLE_EVT_CPSS_INDICATION_CONFIRMED\000"
ARM GAS  C:\Users\ARTEM\AppData\Local\Temp\cce6pwaj.s 			page 52


 2776      455F4556 
 2776      545F4350 
 2776      53535F49 
 2776      4E444943 
 2777              	.LASF172:
 2778 0270 4359424C 		.ascii	"CYBLE_EVT_GATTC_DISCOVERY_COMPLETE\000"
 2778      455F4556 
 2778      545F4741 
 2778      5454435F 
 2778      44495343 
 2779              	.LASF162:
 2780 0293 4359424C 		.ascii	"CYBLE_EVT_GATTC_INCL_DISCOVERY_FAILED\000"
 2780      455F4556 
 2780      545F4741 
 2780      5454435F 
 2780      494E434C 
 2781              	.LASF446:
 2782 02b9 4359424C 		.ascii	"CYBLE_EVT_WPTSC_NOTIFICATION\000"
 2782      455F4556 
 2782      545F5750 
 2782      5453435F 
 2782      4E4F5449 
 2783              	.LASF165:
 2784 02d6 4359424C 		.ascii	"CYBLE_EVT_GATTC_SRVC_DUPLICATION\000"
 2784      455F4556 
 2784      545F4741 
 2784      5454435F 
 2784      53525643 
 2785              	.LASF312:
 2786 02f7 4359424C 		.ascii	"CYBLE_EVT_HIDSC_WRITE_CHAR_RESPONSE\000"
 2786      455F4556 
 2786      545F4849 
 2786      4453435F 
 2786      57524954 
 2787              	.LASF289:
 2788 031b 4359424C 		.ascii	"CYBLE_EVT_ESSC_READ_DESCR_RESPONSE\000"
 2788      455F4556 
 2788      545F4553 
 2788      53435F52 
 2788      4541445F 
 2789              	.LASF94:
 2790 033e 4359424C 		.ascii	"CYBLE_GATT_ERR_INSUFFICIENT_AUTHENTICATION\000"
 2790      455F4741 
 2790      54545F45 
 2790      52525F49 
 2790      4E535546 
 2791              	.LASF50:
 2792 0369 4359424C 		.ascii	"CYBLE_EVT_GATT_DISCONNECT_IND\000"
 2792      455F4556 
 2792      545F4741 
 2792      54545F44 
 2792      4953434F 
 2793              	.LASF305:
 2794 0387 4359424C 		.ascii	"CYBLE_EVT_HIDSS_BOOT_MODE_ENTER\000"
 2794      455F4556 
 2794      545F4849 
 2794      4453535F 
ARM GAS  C:\Users\ARTEM\AppData\Local\Temp\cce6pwaj.s 			page 53


 2794      424F4F54 
 2795              	.LASF465:
 2796 03a7 6C6F6343 		.ascii	"locCharValue\000"
 2796      68617256 
 2796      616C7565 
 2796      00
 2797              	.LASF43:
 2798 03b4 4359424C 		.ascii	"CYBLE_EVT_GAP_SMP_NEGOTIATED_AUTH_INFO\000"
 2798      455F4556 
 2798      545F4741 
 2798      505F534D 
 2798      505F4E45 
 2799              	.LASF45:
 2800 03db 4359424C 		.ascii	"CYBLE_EVT_GAP_SCAN_REQ_RECVD\000"
 2800      455F4556 
 2800      545F4741 
 2800      505F5343 
 2800      414E5F52 
 2801              	.LASF186:
 2802 03f8 4359424C 		.ascii	"CYBLE_EVT_AIOSC_ERROR_RESPONSE\000"
 2802      455F4556 
 2802      545F4149 
 2802      4F53435F 
 2802      4552524F 
 2803              	.LASF206:
 2804 0417 4359424C 		.ascii	"CYBLE_EVT_BASC_READ_CHAR_RESPONSE\000"
 2804      455F4556 
 2804      545F4241 
 2804      53435F52 
 2804      4541445F 
 2805              	.LASF210:
 2806 0439 4359424C 		.ascii	"CYBLE_EVT_BCSS_INDICATION_DISABLED\000"
 2806      455F4556 
 2806      545F4243 
 2806      53535F49 
 2806      4E444943 
 2807              	.LASF437:
 2808 045c 4359424C 		.ascii	"CYBLE_EVT_UDSC_READ_DESCR_RESPONSE\000"
 2808      455F4556 
 2808      545F5544 
 2808      53435F52 
 2808      4541445F 
 2809              	.LASF479:
 2810 047f 4379426C 		.ascii	"CyBle_Get16ByPtr\000"
 2810      655F4765 
 2810      74313642 
 2810      79507472 
 2810      00
 2811              	.LASF131:
 2812 0490 4359424C 		.ascii	"CYBLE_CONN_HANDLE_T\000"
 2812      455F434F 
 2812      4E4E5F48 
 2812      414E444C 
 2812      455F5400 
 2813              	.LASF69:
 2814 04a4 4359424C 		.ascii	"CYBLE_EVT_GATTS_DATA_SIGNED_CMD_REQ\000"
 2814      455F4556 
ARM GAS  C:\Users\ARTEM\AppData\Local\Temp\cce6pwaj.s 			page 54


 2814      545F4741 
 2814      5454535F 
 2814      44415441 
 2815              	.LASF360:
 2816 04c8 4359424C 		.ascii	"CYBLE_EVT_LNSS_WRITE_CHAR\000"
 2816      455F4556 
 2816      545F4C4E 
 2816      53535F57 
 2816      52495445 
 2817              	.LASF353:
 2818 04e2 4359424C 		.ascii	"CYBLE_EVT_LLSC_READ_CHAR_RESPONSE\000"
 2818      455F4556 
 2818      545F4C4C 
 2818      53435F52 
 2818      4541445F 
 2819              	.LASF20:
 2820 0504 4359424C 		.ascii	"CYBLE_EVT_HARDWARE_ERROR\000"
 2820      455F4556 
 2820      545F4841 
 2820      52445741 
 2820      52455F45 
 2821              	.LASF439:
 2822 051d 4359424C 		.ascii	"CYBLE_EVT_UDSC_ERROR_RESPONSE\000"
 2822      455F4556 
 2822      545F5544 
 2822      53435F45 
 2822      52524F52 
 2823              	.LASF85:
 2824 053b 4359424C 		.ascii	"CYBLE_EVT_LE_PING_AUTH_TIMEOUT\000"
 2824      455F4556 
 2824      545F4C45 
 2824      5F50494E 
 2824      475F4155 
 2825              	.LASF397:
 2826 055a 4359424C 		.ascii	"CYBLE_EVT_PLXSC_READ_DESCR_RESPONSE\000"
 2826      455F4556 
 2826      545F504C 
 2826      5853435F 
 2826      52454144 
 2827              	.LASF62:
 2828 057e 4359424C 		.ascii	"CYBLE_EVT_GATTS_WRITE_CMD_REQ\000"
 2828      455F4556 
 2828      545F4741 
 2828      5454535F 
 2828      57524954 
 2829              	.LASF237:
 2830 059c 4359424C 		.ascii	"CYBLE_EVT_CGMSC_NOTIFICATION\000"
 2830      455F4556 
 2830      545F4347 
 2830      4D53435F 
 2830      4E4F5449 
 2831              	.LASF189:
 2832 05b9 4359424C 		.ascii	"CYBLE_EVT_ANCSS_WRITE_CHAR\000"
 2832      455F4556 
 2832      545F414E 
 2832      4353535F 
 2832      57524954 
ARM GAS  C:\Users\ARTEM\AppData\Local\Temp\cce6pwaj.s 			page 55


 2833              	.LASF274:
 2834 05d4 4359424C 		.ascii	"CYBLE_EVT_CTSC_READ_DESCR_RESPONSE\000"
 2834      455F4556 
 2834      545F4354 
 2834      53435F52 
 2834      4541445F 
 2835              	.LASF447:
 2836 05f7 4359424C 		.ascii	"CYBLE_EVT_WPTSC_INDICATION\000"
 2836      455F4556 
 2836      545F5750 
 2836      5453435F 
 2836      494E4449 
 2837              	.LASF311:
 2838 0612 4359424C 		.ascii	"CYBLE_EVT_HIDSC_READ_CHAR_RESPONSE\000"
 2838      455F4556 
 2838      545F4849 
 2838      4453435F 
 2838      52454144 
 2839              	.LASF433:
 2840 0635 4359424C 		.ascii	"CYBLE_EVT_UDSC_INDICATION\000"
 2840      455F4556 
 2840      545F5544 
 2840      53435F49 
 2840      4E444943 
 2841              	.LASF221:
 2842 064f 4359424C 		.ascii	"CYBLE_EVT_BLSC_INDICATION\000"
 2842      455F4556 
 2842      545F424C 
 2842      53435F49 
 2842      4E444943 
 2843              	.LASF140:
 2844 0669 4359424C 		.ascii	"CYBLE_AIOS_CHAR_PRESENTATION_FORMAT\000"
 2844      455F4149 
 2844      4F535F43 
 2844      4841525F 
 2844      50524553 
 2845              	.LASF185:
 2846 068d 4359424C 		.ascii	"CYBLE_EVT_AIOSC_WRITE_DESCR_RESPONSE\000"
 2846      455F4556 
 2846      545F4149 
 2846      4F53435F 
 2846      57524954 
 2847              	.LASF234:
 2848 06b2 4359424C 		.ascii	"CYBLE_EVT_CGMSS_NOTIFICATION_DISABLED\000"
 2848      455F4556 
 2848      545F4347 
 2848      4D53535F 
 2848      4E4F5449 
 2849              	.LASF257:
 2850 06d8 4359424C 		.ascii	"CYBLE_EVT_CSCSS_NOTIFICATION_ENABLED\000"
 2850      455F4556 
 2850      545F4353 
 2850      4353535F 
 2850      4E4F5449 
 2851              	.LASF27:
 2852 06fd 4359424C 		.ascii	"CYBLE_EVT_GAP_PASSKEY_DISPLAY_REQUEST\000"
 2852      455F4556 
ARM GAS  C:\Users\ARTEM\AppData\Local\Temp\cce6pwaj.s 			page 56


 2852      545F4741 
 2852      505F5041 
 2852      53534B45 
 2853              	.LASF408:
 2854 0723 4359424C 		.ascii	"CYBLE_EVT_RSCSC_READ_CHAR_RESPONSE\000"
 2854      455F4556 
 2854      545F5253 
 2854      4353435F 
 2854      52454144 
 2855              	.LASF358:
 2856 0746 4359424C 		.ascii	"CYBLE_EVT_LNSS_NOTIFICATION_ENABLED\000"
 2856      455F4556 
 2856      545F4C4E 
 2856      53535F4E 
 2856      4F544946 
 2857              	.LASF111:
 2858 076a 4359424C 		.ascii	"CYBLE_GATT_ERR_HTS_OUT_OF_RANGE\000"
 2858      455F4741 
 2858      54545F45 
 2858      52525F48 
 2858      54535F4F 
 2859              	.LASF2:
 2860 078a 73686F72 		.ascii	"short int\000"
 2860      7420696E 
 2860      7400
 2861              	.LASF435:
 2862 0794 4359424C 		.ascii	"CYBLE_EVT_UDSC_READ_CHAR_RESPONSE\000"
 2862      455F4556 
 2862      545F5544 
 2862      53435F52 
 2862      4541445F 
 2863              	.LASF343:
 2864 07b6 4359424C 		.ascii	"CYBLE_EVT_IASS_WRITE_CHAR_CMD\000"
 2864      455F4556 
 2864      545F4941 
 2864      53535F57 
 2864      52495445 
 2865              	.LASF134:
 2866 07d4 4359424C 		.ascii	"CYBLE_AIOS_DIGITAL\000"
 2866      455F4149 
 2866      4F535F44 
 2866      49474954 
 2866      414C00
 2867              	.LASF26:
 2868 07e7 4359424C 		.ascii	"CYBLE_EVT_GAP_PASSKEY_ENTRY_REQUEST\000"
 2868      455F4556 
 2868      545F4741 
 2868      505F5041 
 2868      53534B45 
 2869              	.LASF271:
 2870 080b 4359424C 		.ascii	"CYBLE_EVT_CTSS_CHAR_WRITE\000"
 2870      455F4556 
 2870      545F4354 
 2870      53535F43 
 2870      4841525F 
 2871              	.LASF81:
 2872 0825 4359424C 		.ascii	"CYBLE_EVT_L2CAP_CBFC_RX_CREDIT_IND\000"
ARM GAS  C:\Users\ARTEM\AppData\Local\Temp\cce6pwaj.s 			page 57


 2872      455F4556 
 2872      545F4C32 
 2872      4341505F 
 2872      43424643 
 2873              	.LASF179:
 2874 0848 4359424C 		.ascii	"CYBLE_EVT_AIOSS_DESCR_WRITE\000"
 2874      455F4556 
 2874      545F4149 
 2874      4F53535F 
 2874      44455343 
 2875              	.LASF126:
 2876 0864 4359424C 		.ascii	"CYBLE_GATT_ERR_PROCEDURE_ALREADY_IN_PROGRESS\000"
 2876      455F4741 
 2876      54545F45 
 2876      52525F50 
 2876      524F4345 
 2877              	.LASF376:
 2878 0891 4359424C 		.ascii	"CYBLE_EVT_OTSC_WRITE_CHAR_RESPONSE\000"
 2878      455F4556 
 2878      545F4F54 
 2878      53435F57 
 2878      52495445 
 2879              	.LASF68:
 2880 08b4 4359424C 		.ascii	"CYBLE_EVT_GATTS_HANDLE_VALUE_CNF\000"
 2880      455F4556 
 2880      545F4741 
 2880      5454535F 
 2880      48414E44 
 2881              	.LASF423:
 2882 08d5 4359424C 		.ascii	"CYBLE_EVT_TPSC_READ_CHAR_RESPONSE\000"
 2882      455F4556 
 2882      545F5450 
 2882      53435F52 
 2882      4541445F 
 2883              	.LASF269:
 2884 08f7 4359424C 		.ascii	"CYBLE_EVT_CTSS_NOTIFICATION_ENABLED\000"
 2884      455F4556 
 2884      545F4354 
 2884      53535F4E 
 2884      4F544946 
 2885              	.LASF436:
 2886 091b 4359424C 		.ascii	"CYBLE_EVT_UDSC_WRITE_CHAR_RESPONSE\000"
 2886      455F4556 
 2886      545F5544 
 2886      53435F57 
 2886      52495445 
 2887              	.LASF248:
 2888 093e 4359424C 		.ascii	"CYBLE_EVT_CPSS_BROADCAST_DISABLED\000"
 2888      455F4556 
 2888      545F4350 
 2888      53535F42 
 2888      524F4144 
 2889              	.LASF261:
 2890 0960 4359424C 		.ascii	"CYBLE_EVT_CSCSS_INDICATION_CONFIRMATION\000"
 2890      455F4556 
 2890      545F4353 
 2890      4353535F 
ARM GAS  C:\Users\ARTEM\AppData\Local\Temp\cce6pwaj.s 			page 58


 2890      494E4449 
 2891              	.LASF34:
 2892 0988 4359424C 		.ascii	"CYBLE_EVT_GAP_CONNECTION_UPDATE_COMPLETE\000"
 2892      455F4556 
 2892      545F4741 
 2892      505F434F 
 2892      4E4E4543 
 2893              	.LASF332:
 2894 09b1 4359424C 		.ascii	"CYBLE_EVT_HTSS_NOTIFICATION_DISABLED\000"
 2894      455F4556 
 2894      545F4854 
 2894      53535F4E 
 2894      4F544946 
 2895              	.LASF262:
 2896 09d6 4359424C 		.ascii	"CYBLE_EVT_CSCSS_CHAR_WRITE\000"
 2896      455F4556 
 2896      545F4353 
 2896      4353535F 
 2896      43484152 
 2897              	.LASF154:
 2898 09f1 4359424C 		.ascii	"CYBLE_AUTHENTICATION_REQUEST_REPLY\000"
 2898      455F4155 
 2898      5448454E 
 2898      54494341 
 2898      54494F4E 
 2899              	.LASF291:
 2900 0a14 4359424C 		.ascii	"CYBLE_EVT_GLSS_INDICATION_ENABLED\000"
 2900      455F4556 
 2900      545F474C 
 2900      53535F49 
 2900      4E444943 
 2901              	.LASF456:
 2902 0a36 4359424C 		.ascii	"CYBLE_EVT_WSSC_READ_CHAR_RESPONSE\000"
 2902      455F4556 
 2902      545F5753 
 2902      53435F52 
 2902      4541445F 
 2903              	.LASF387:
 2904 0a58 4359424C 		.ascii	"CYBLE_EVT_PLXSS_WRITE_CHAR\000"
 2904      455F4556 
 2904      545F504C 
 2904      5853535F 
 2904      57524954 
 2905              	.LASF411:
 2906 0a73 4359424C 		.ascii	"CYBLE_EVT_RSCSC_WRITE_DESCR_RESPONSE\000"
 2906      455F4556 
 2906      545F5253 
 2906      4353435F 
 2906      57524954 
 2907              	.LASF89:
 2908 0a98 4359424C 		.ascii	"CYBLE_GATT_ERR_NONE\000"
 2908      455F4741 
 2908      54545F45 
 2908      52525F4E 
 2908      4F4E4500 
 2909              	.LASF368:
 2910 0aac 4359424C 		.ascii	"CYBLE_EVT_OTSS_INDICATION_ENABLED\000"
ARM GAS  C:\Users\ARTEM\AppData\Local\Temp\cce6pwaj.s 			page 59


 2910      455F4556 
 2910      545F4F54 
 2910      53535F49 
 2910      4E444943 
 2911              	.LASF276:
 2912 0ace 4359424C 		.ascii	"CYBLE_EVT_CTSC_WRITE_CHAR_RESPONSE\000"
 2912      455F4556 
 2912      545F4354 
 2912      53435F57 
 2912      52495445 
 2913              	.LASF118:
 2914 0af1 4359424C 		.ascii	"CYBLE_GATTS_ERR_HPS_INVALID_REQUEST\000"
 2914      455F4741 
 2914      5454535F 
 2914      4552525F 
 2914      4850535F 
 2915              	.LASF270:
 2916 0b15 4359424C 		.ascii	"CYBLE_EVT_CTSS_NOTIFICATION_DISABLED\000"
 2916      455F4556 
 2916      545F4354 
 2916      53535F4E 
 2916      4F544946 
 2917              	.LASF357:
 2918 0b3a 4359424C 		.ascii	"CYBLE_EVT_LNSS_INDICATION_CONFIRMED\000"
 2918      455F4556 
 2918      545F4C4E 
 2918      53535F49 
 2918      4E444943 
 2919              	.LASF424:
 2920 0b5e 4359424C 		.ascii	"CYBLE_EVT_TPSC_READ_DESCR_RESPONSE\000"
 2920      455F4556 
 2920      545F5450 
 2920      53435F52 
 2920      4541445F 
 2921              	.LASF416:
 2922 0b81 4359424C 		.ascii	"CYBLE_EVT_SCPSS_SCAN_INT_WIN_CHAR_WRITE\000"
 2922      455F4556 
 2922      545F5343 
 2922      5053535F 
 2922      5343414E 
 2923              	.LASF463:
 2924 0ba9 41494F53 		.ascii	"AIOS_Callback\000"
 2924      5F43616C 
 2924      6C626163 
 2924      6B00
 2925              	.LASF202:
 2926 0bb7 4359424C 		.ascii	"CYBLE_EVT_ANSC_WRITE_DESCR_RESPONSE\000"
 2926      455F4556 
 2926      545F414E 
 2926      53435F57 
 2926      52495445 
 2927              	.LASF473:
 2928 0bdb 6D6F746F 		.ascii	"motorsEnabled\000"
 2928      7273456E 
 2928      61626C65 
 2928      6400
 2929              	.LASF61:
ARM GAS  C:\Users\ARTEM\AppData\Local\Temp\cce6pwaj.s 			page 60


 2930 0be9 4359424C 		.ascii	"CYBLE_EVT_GATTC_WRITE_RSP\000"
 2930      455F4556 
 2930      545F4741 
 2930      5454435F 
 2930      57524954 
 2931              	.LASF395:
 2932 0c03 4359424C 		.ascii	"CYBLE_EVT_PLXSC_READ_CHAR_RESPONSE\000"
 2932      455F4556 
 2932      545F504C 
 2932      5853435F 
 2932      52454144 
 2933              	.LASF115:
 2934 0c26 4359424C 		.ascii	"CYBLE_GATTS_ERR_CCCD_IMPROPERLY_CONFIGURED\000"
 2934      455F4741 
 2934      5454535F 
 2934      4552525F 
 2934      43434344 
 2935              	.LASF370:
 2936 0c51 4359424C 		.ascii	"CYBLE_EVT_OTSS_INDICATION_CONFIRMED\000"
 2936      455F4556 
 2936      545F4F54 
 2936      53535F49 
 2936      4E444943 
 2937              	.LASF12:
 2938 0c75 666C6F61 		.ascii	"float\000"
 2938      7400
 2939              	.LASF373:
 2940 0c7b 4359424C 		.ascii	"CYBLE_EVT_OTSC_INDICATION\000"
 2940      455F4556 
 2940      545F4F54 
 2940      53435F49 
 2940      4E444943 
 2941              	.LASF359:
 2942 0c95 4359424C 		.ascii	"CYBLE_EVT_LNSS_NOTIFICATION_DISABLED\000"
 2942      455F4556 
 2942      545F4C4E 
 2942      53535F4E 
 2942      4F544946 
 2943              	.LASF176:
 2944 0cba 4359424C 		.ascii	"CYBLE_EVT_AIOSS_INDICATION_DISABLED\000"
 2944      455F4556 
 2944      545F4149 
 2944      4F53535F 
 2944      494E4449 
 2945              	.LASF22:
 2946 0cde 4359424C 		.ascii	"CYBLE_EVT_STACK_BUSY_STATUS\000"
 2946      455F4556 
 2946      545F5354 
 2946      41434B5F 
 2946      42555359 
 2947              	.LASF223:
 2948 0cfa 4359424C 		.ascii	"CYBLE_EVT_BLSC_READ_CHAR_RESPONSE\000"
 2948      455F4556 
 2948      545F424C 
 2948      53435F52 
 2948      4541445F 
 2949              	.LASF75:
ARM GAS  C:\Users\ARTEM\AppData\Local\Temp\cce6pwaj.s 			page 61


 2950 0d1c 4359424C 		.ascii	"CYBLE_EVT_L2CAP_COMMAND_REJ\000"
 2950      455F4556 
 2950      545F4C32 
 2950      4341505F 
 2950      434F4D4D 
 2951              	.LASF354:
 2952 0d38 4359424C 		.ascii	"CYBLE_EVT_LLSC_WRITE_CHAR_RESPONSE\000"
 2952      455F4556 
 2952      545F4C4C 
 2952      53435F57 
 2952      52495445 
 2953              	.LASF212:
 2954 0d5b 4359424C 		.ascii	"CYBLE_EVT_BCSC_INDICATION\000"
 2954      455F4556 
 2954      545F4243 
 2954      53435F49 
 2954      4E444943 
 2955              	.LASF308:
 2956 0d75 4359424C 		.ascii	"CYBLE_EVT_HIDSS_EXIT_SUSPEND\000"
 2956      455F4556 
 2956      545F4849 
 2956      4453535F 
 2956      45584954 
 2957              	.LASF143:
 2958 0d92 4359424C 		.ascii	"CYBLE_AIOS_VALUE_TRIGGER_SETTINGS\000"
 2958      455F4149 
 2958      4F535F56 
 2958      414C5545 
 2958      5F545249 
 2959              	.LASF265:
 2960 0db4 4359424C 		.ascii	"CYBLE_EVT_CSCSC_READ_CHAR_RESPONSE\000"
 2960      455F4556 
 2960      545F4353 
 2960      4353435F 
 2960      52454144 
 2961              	.LASF267:
 2962 0dd7 4359424C 		.ascii	"CYBLE_EVT_CSCSC_READ_DESCR_RESPONSE\000"
 2962      455F4556 
 2962      545F4353 
 2962      4353435F 
 2962      52454144 
 2963              	.LASF199:
 2964 0dfb 4359424C 		.ascii	"CYBLE_EVT_ANSC_READ_CHAR_RESPONSE\000"
 2964      455F4556 
 2964      545F414E 
 2964      53435F52 
 2964      4541445F 
 2965              	.LASF231:
 2966 0e1d 4359424C 		.ascii	"CYBLE_EVT_CGMSS_INDICATION_DISABLED\000"
 2966      455F4556 
 2966      545F4347 
 2966      4D53535F 
 2966      494E4449 
 2967              	.LASF7:
 2968 0e41 6C6F6E67 		.ascii	"long long unsigned int\000"
 2968      206C6F6E 
 2968      6720756E 
ARM GAS  C:\Users\ARTEM\AppData\Local\Temp\cce6pwaj.s 			page 62


 2968      7369676E 
 2968      65642069 
 2969              	.LASF462:
 2970 0e58 41494F53 		.ascii	"AIOS_Handler\000"
 2970      5F48616E 
 2970      646C6572 
 2970      00
 2971              	.LASF181:
 2972 0e65 4359424C 		.ascii	"CYBLE_EVT_AIOSC_INDICATION\000"
 2972      455F4556 
 2972      545F4149 
 2972      4F53435F 
 2972      494E4449 
 2973              	.LASF288:
 2974 0e80 4359424C 		.ascii	"CYBLE_EVT_ESSC_WRITE_CHAR_RESPONSE\000"
 2974      455F4556 
 2974      545F4553 
 2974      53435F57 
 2974      52495445 
 2975              	.LASF60:
 2976 0ea3 4359424C 		.ascii	"CYBLE_EVT_GATTS_WRITE_REQ\000"
 2976      455F4556 
 2976      545F4741 
 2976      5454535F 
 2976      57524954 
 2977              	.LASF292:
 2978 0ebd 4359424C 		.ascii	"CYBLE_EVT_GLSS_INDICATION_DISABLED\000"
 2978      455F4556 
 2978      545F474C 
 2978      53535F49 
 2978      4E444943 
 2979              	.LASF382:
 2980 0ee0 4359424C 		.ascii	"CYBLE_EVT_PASSS_WRITE_CHAR\000"
 2980      455F4556 
 2980      545F5041 
 2980      5353535F 
 2980      57524954 
 2981              	.LASF110:
 2982 0efb 4359424C 		.ascii	"CYBLE_GATT_ERR_CPS_INAPPROPRIATE_CONNECTION_PARAMET"
 2982      455F4741 
 2982      54545F45 
 2982      52525F43 
 2982      50535F49 
 2983 0f2e 45525300 		.ascii	"ERS\000"
 2984              	.LASF233:
 2985 0f32 4359424C 		.ascii	"CYBLE_EVT_CGMSS_NOTIFICATION_ENABLED\000"
 2985      455F4556 
 2985      545F4347 
 2985      4D53535F 
 2985      4E4F5449 
 2986              	.LASF46:
 2987 0f57 4359424C 		.ascii	"CYBLE_EVT_GAP_AUTH_REQ_REPLY_ERR\000"
 2987      455F4556 
 2987      545F4741 
 2987      505F4155 
 2987      54485F52 
 2988              	.LASF457:
ARM GAS  C:\Users\ARTEM\AppData\Local\Temp\cce6pwaj.s 			page 63


 2989 0f78 4359424C 		.ascii	"CYBLE_EVT_WSSC_READ_DESCR_RESPONSE\000"
 2989      455F4556 
 2989      545F5753 
 2989      53435F52 
 2989      4541445F 
 2990              	.LASF204:
 2991 0f9b 4359424C 		.ascii	"CYBLE_EVT_BASS_NOTIFICATION_DISABLED\000"
 2991      455F4556 
 2991      545F4241 
 2991      53535F4E 
 2991      4F544946 
 2992              	.LASF454:
 2993 0fc0 4359424C 		.ascii	"CYBLE_EVT_WSSS_INDICATION_CONFIRMED\000"
 2993      455F4556 
 2993      545F5753 
 2993      53535F49 
 2993      4E444943 
 2994              	.LASF348:
 2995 0fe4 4359424C 		.ascii	"CYBLE_EVT_IPSC_READ_DESCR_RESPONSE\000"
 2995      455F4556 
 2995      545F4950 
 2995      53435F52 
 2995      4541445F 
 2996              	.LASF381:
 2997 1007 4359424C 		.ascii	"CYBLE_EVT_PASSS_NOTIFICATION_DISABLED\000"
 2997      455F4556 
 2997      545F5041 
 2997      5353535F 
 2997      4E4F5449 
 2998              	.LASF220:
 2999 102d 4359424C 		.ascii	"CYBLE_EVT_BLSS_NOTIFICATION_DISABLED\000"
 2999      455F4556 
 2999      545F424C 
 2999      53535F4E 
 2999      4F544946 
 3000              	.LASF102:
 3001 1052 4359424C 		.ascii	"CYBLE_GATT_ERR_INVALID_ATTRIBUTE_LEN\000"
 3001      455F4741 
 3001      54545F45 
 3001      52525F49 
 3001      4E56414C 
 3002              	.LASF209:
 3003 1077 4359424C 		.ascii	"CYBLE_EVT_BCSS_INDICATION_ENABLED\000"
 3003      455F4556 
 3003      545F4243 
 3003      53535F49 
 3003      4E444943 
 3004              	.LASF167:
 3005 1099 4359424C 		.ascii	"CYBLE_EVT_GATTC_DESCR_DUPLICATION\000"
 3005      455F4556 
 3005      545F4741 
 3005      5454435F 
 3005      44455343 
 3006              	.LASF19:
 3007 10bb 4359424C 		.ascii	"CYBLE_EVT_TIMEOUT\000"
 3007      455F4556 
 3007      545F5449 
ARM GAS  C:\Users\ARTEM\AppData\Local\Temp\cce6pwaj.s 			page 64


 3007      4D454F55 
 3007      5400
 3008              	.LASF92:
 3009 10cd 4359424C 		.ascii	"CYBLE_GATT_ERR_WRITE_NOT_PERMITTED\000"
 3009      455F4741 
 3009      54545F45 
 3009      52525F57 
 3009      52495445 
 3010              	.LASF103:
 3011 10f0 4359424C 		.ascii	"CYBLE_GATT_ERR_UNLIKELY_ERROR\000"
 3011      455F4741 
 3011      54545F45 
 3011      52525F55 
 3011      4E4C494B 
 3012              	.LASF55:
 3013 110e 4359424C 		.ascii	"CYBLE_EVT_GATTC_FIND_INFO_RSP\000"
 3013      455F4556 
 3013      545F4741 
 3013      5454435F 
 3013      46494E44 
 3014              	.LASF399:
 3015 112c 4359424C 		.ascii	"CYBLE_EVT_PLXSC_TIMEOUT\000"
 3015      455F4556 
 3015      545F504C 
 3015      5853435F 
 3015      54494D45 
 3016              	.LASF339:
 3017 1144 4359424C 		.ascii	"CYBLE_EVT_HTSC_READ_CHAR_RESPONSE\000"
 3017      455F4556 
 3017      545F4854 
 3017      53435F52 
 3017      4541445F 
 3018              	.LASF342:
 3019 1166 4359424C 		.ascii	"CYBLE_EVT_HTSC_WRITE_DESCR_RESPONSE\000"
 3019      455F4556 
 3019      545F4854 
 3019      53435F57 
 3019      52495445 
 3020              	.LASF396:
 3021 118a 4359424C 		.ascii	"CYBLE_EVT_PLXSC_WRITE_CHAR_RESPONSE\000"
 3021      455F4556 
 3021      545F504C 
 3021      5853435F 
 3021      57524954 
 3022              	.LASF195:
 3023 11ae 4359424C 		.ascii	"CYBLE_EVT_ANSS_NOTIFICATION_ENABLED\000"
 3023      455F4556 
 3023      545F414E 
 3023      53535F4E 
 3023      4F544946 
 3024              	.LASF152:
 3025 11d2 67617474 		.ascii	"gattErrorCode\000"
 3025      4572726F 
 3025      72436F64 
 3025      6500
 3026              	.LASF56:
 3027 11e0 4359424C 		.ascii	"CYBLE_EVT_GATTC_FIND_BY_TYPE_VALUE_RSP\000"
ARM GAS  C:\Users\ARTEM\AppData\Local\Temp\cce6pwaj.s 			page 65


 3027      455F4556 
 3027      545F4741 
 3027      5454435F 
 3027      46494E44 
 3028              	.LASF151:
 3029 1207 76616C75 		.ascii	"value\000"
 3029      6500
 3030              	.LASF173:
 3031 120d 4359424C 		.ascii	"CYBLE_EVT_AIOSS_NOTIFICATION_ENABLED\000"
 3031      455F4556 
 3031      545F4149 
 3031      4F53535F 
 3031      4E4F5449 
 3032              	.LASF188:
 3033 1232 4359424C 		.ascii	"CYBLE_EVT_ANCSS_NOTIFICATION_DISABLED\000"
 3033      455F4556 
 3033      545F414E 
 3033      4353535F 
 3033      4E4F5449 
 3034              	.LASF486:
 3035 1258 474E5520 		.ascii	"GNU C11 5.4.1 20160609 (release) [ARM/embedded-5-br"
 3035      43313120 
 3035      352E342E 
 3035      31203230 
 3035      31363036 
 3036 128b 616E6368 		.ascii	"anch revision 237715] -mcpu=cortex-m0 -mthumb -g -O"
 3036      20726576 
 3036      6973696F 
 3036      6E203233 
 3036      37373135 
 3037 12be 67202D66 		.ascii	"g -ffunction-sections -ffat-lto-objects\000"
 3037      66756E63 
 3037      74696F6E 
 3037      2D736563 
 3037      74696F6E 
 3038              	.LASF264:
 3039 12e6 4359424C 		.ascii	"CYBLE_EVT_CSCSC_INDICATION\000"
 3039      455F4556 
 3039      545F4353 
 3039      4353435F 
 3039      494E4449 
 3040              	.LASF410:
 3041 1301 4359424C 		.ascii	"CYBLE_EVT_RSCSC_READ_DESCR_RESPONSE\000"
 3041      455F4556 
 3041      545F5253 
 3041      4353435F 
 3041      52454144 
 3042              	.LASF65:
 3043 1325 4359424C 		.ascii	"CYBLE_EVT_GATTC_EXEC_WRITE_RSP\000"
 3043      455F4556 
 3043      545F4741 
 3043      5454435F 
 3043      45584543 
 3044              	.LASF313:
 3045 1344 4359424C 		.ascii	"CYBLE_EVT_HIDSC_READ_DESCR_RESPONSE\000"
 3045      455F4556 
 3045      545F4849 
ARM GAS  C:\Users\ARTEM\AppData\Local\Temp\cce6pwaj.s 			page 66


 3045      4453435F 
 3045      52454144 
 3046              	.LASF164:
 3047 1368 4359424C 		.ascii	"CYBLE_EVT_GATTC_DESCR_DISCOVERY_FAILED\000"
 3047      455F4556 
 3047      545F4741 
 3047      5454435F 
 3047      44455343 
 3048              	.LASF160:
 3049 138f 4359424C 		.ascii	"CYBLE_EVT_GATTC_INDICATION\000"
 3049      455F4556 
 3049      545F4741 
 3049      5454435F 
 3049      494E4449 
 3050              	.LASF287:
 3051 13aa 4359424C 		.ascii	"CYBLE_EVT_ESSC_READ_CHAR_RESPONSE\000"
 3051      455F4556 
 3051      545F4553 
 3051      53435F52 
 3051      4541445F 
 3052              	.LASF113:
 3053 13cc 4359424C 		.ascii	"CYBLE_GATT_ERR_OP_CODE_NOT_SUPPORTED\000"
 3053      455F4741 
 3053      54545F45 
 3053      52525F4F 
 3053      505F434F 
 3054              	.LASF477:
 3055 13f1 636F756E 		.ascii	"counter\000"
 3055      74657200 
 3056              	.LASF137:
 3057 13f9 4359424C 		.ascii	"CYBLE_AIOS_CHAR_COUNT\000"
 3057      455F4149 
 3057      4F535F43 
 3057      4841525F 
 3057      434F554E 
 3058              	.LASF467:
 3059 140f 5A45524F 		.ascii	"ZERO\000"
 3059      00
 3060              	.LASF71:
 3061 1414 4359424C 		.ascii	"CYBLE_EVT_GATTS_READ_CHAR_VAL_ACCESS_REQ\000"
 3061      455F4556 
 3061      545F4741 
 3061      5454535F 
 3061      52454144 
 3062              	.LASF319:
 3063 143d 4359424C 		.ascii	"CYBLE_EVT_HPSC_READ_CHAR_RESPONSE\000"
 3063      455F4556 
 3063      545F4850 
 3063      53435F52 
 3063      4541445F 
 3064              	.LASF28:
 3065 145f 4359424C 		.ascii	"CYBLE_EVT_GAP_AUTH_COMPLETE\000"
 3065      455F4556 
 3065      545F4741 
 3065      505F4155 
 3065      54485F43 
 3066              	.LASF139:
ARM GAS  C:\Users\ARTEM\AppData\Local\Temp\cce6pwaj.s 			page 67


 3067 147b 4359424C 		.ascii	"CYBLE_AIOS_CCCD\000"
 3067      455F4149 
 3067      4F535F43 
 3067      43434400 
 3068              	.LASF316:
 3069 148b 4359424C 		.ascii	"CYBLE_EVT_HPSS_NOTIFICATION_DISABLED\000"
 3069      455F4556 
 3069      545F4850 
 3069      53535F4E 
 3069      4F544946 
 3070              	.LASF79:
 3071 14b0 4359424C 		.ascii	"CYBLE_EVT_L2CAP_CBFC_DISCONN_CNF\000"
 3071      455F4556 
 3071      545F4C32 
 3071      4341505F 
 3071      43424643 
 3072              	.LASF341:
 3073 14d1 4359424C 		.ascii	"CYBLE_EVT_HTSC_READ_DESCR_RESPONSE\000"
 3073      455F4556 
 3073      545F4854 
 3073      53435F52 
 3073      4541445F 
 3074              	.LASF266:
 3075 14f4 4359424C 		.ascii	"CYBLE_EVT_CSCSC_WRITE_CHAR_RESPONSE\000"
 3075      455F4556 
 3075      545F4353 
 3075      4353435F 
 3075      57524954 
 3076              	.LASF470:
 3077 1518 5F426F6F 		.ascii	"_Bool\000"
 3077      6C00
 3078              	.LASF302:
 3079 151e 4359424C 		.ascii	"CYBLE_EVT_GLSC_WRITE_DESCR_RESPONSE\000"
 3079      455F4556 
 3079      545F474C 
 3079      53435F57 
 3079      52495445 
 3080              	.LASF52:
 3081 1542 4359424C 		.ascii	"CYBLE_EVT_GATTC_XCHNG_MTU_RSP\000"
 3081      455F4556 
 3081      545F4741 
 3081      5454435F 
 3081      5843484E 
 3082              	.LASF224:
 3083 1560 4359424C 		.ascii	"CYBLE_EVT_BLSC_READ_DESCR_RESPONSE\000"
 3083      455F4556 
 3083      545F424C 
 3083      53435F52 
 3083      4541445F 
 3084              	.LASF87:
 3085 1583 4359424C 		.ascii	"CYBLE_EVT_FLASH_CORRUPT\000"
 3085      455F4556 
 3085      545F464C 
 3085      4153485F 
 3085      434F5252 
 3086              	.LASF258:
 3087 159b 4359424C 		.ascii	"CYBLE_EVT_CSCSS_NOTIFICATION_DISABLED\000"
ARM GAS  C:\Users\ARTEM\AppData\Local\Temp\cce6pwaj.s 			page 68


 3087      455F4556 
 3087      545F4353 
 3087      4353535F 
 3087      4E4F5449 
 3088              	.LASF145:
 3089 15c1 4359424C 		.ascii	"CYBLE_AIOS_VRD\000"
 3089      455F4149 
 3089      4F535F56 
 3089      524400
 3090              	.LASF330:
 3091 15d0 4359424C 		.ascii	"CYBLE_EVT_HRSC_WRITE_DESCR_RESPONSE\000"
 3091      455F4556 
 3091      545F4852 
 3091      53435F57 
 3091      52495445 
 3092              	.LASF146:
 3093 15f4 4359424C 		.ascii	"CYBLE_AIOS_NUM_OF_DIGITAL_DESCR\000"
 3093      455F4149 
 3093      4F535F4E 
 3093      554D5F4F 
 3093      465F4449 
 3094              	.LASF284:
 3095 1614 4359424C 		.ascii	"CYBLE_EVT_ESSS_DESCR_WRITE\000"
 3095      455F4556 
 3095      545F4553 
 3095      53535F44 
 3095      45534352 
 3096              	.LASF461:
 3097 162f 6576656E 		.ascii	"eventParams\000"
 3097      74506172 
 3097      616D7300 
 3098              	.LASF356:
 3099 163b 4359424C 		.ascii	"CYBLE_EVT_LNSS_INDICATION_DISABLED\000"
 3099      455F4556 
 3099      545F4C4E 
 3099      53535F49 
 3099      4E444943 
 3100              	.LASF347:
 3101 165e 4359424C 		.ascii	"CYBLE_EVT_IPSC_WRITE_CHAR_RESPONSE\000"
 3101      455F4556 
 3101      545F4950 
 3101      53435F57 
 3101      52495445 
 3102              	.LASF241:
 3103 1681 4359424C 		.ascii	"CYBLE_EVT_CGMSC_WRITE_DESCR_RESPONSE\000"
 3103      455F4556 
 3103      545F4347 
 3103      4D53435F 
 3103      57524954 
 3104              	.LASF58:
 3105 16a6 4359424C 		.ascii	"CYBLE_EVT_GATTC_READ_BLOB_RSP\000"
 3105      455F4556 
 3105      545F4741 
 3105      5454435F 
 3105      52454144 
 3106              	.LASF182:
 3107 16c4 4359424C 		.ascii	"CYBLE_EVT_AIOSC_READ_CHAR_RESPONSE\000"
ARM GAS  C:\Users\ARTEM\AppData\Local\Temp\cce6pwaj.s 			page 69


 3107      455F4556 
 3107      545F4149 
 3107      4F53435F 
 3107      52454144 
 3108              	.LASF74:
 3109 16e7 4359424C 		.ascii	"CYBLE_EVT_L2CAP_CONN_PARAM_UPDATE_RSP\000"
 3109      455F4556 
 3109      545F4C32 
 3109      4341505F 
 3109      434F4E4E 
 3110              	.LASF434:
 3111 170d 4359424C 		.ascii	"CYBLE_EVT_UDSC_NOTIFICATION\000"
 3111      455F4556 
 3111      545F5544 
 3111      53435F4E 
 3111      4F544946 
 3112              	.LASF247:
 3113 1729 4359424C 		.ascii	"CYBLE_EVT_CPSS_BROADCAST_ENABLED\000"
 3113      455F4556 
 3113      545F4350 
 3113      53535F42 
 3113      524F4144 
 3114              	.LASF180:
 3115 174a 4359424C 		.ascii	"CYBLE_EVT_AIOSC_NOTIFICATION\000"
 3115      455F4556 
 3115      545F4149 
 3115      4F53435F 
 3115      4E4F5449 
 3116              	.LASF177:
 3117 1767 4359424C 		.ascii	"CYBLE_EVT_AIOSS_INDICATION_CONFIRMED\000"
 3117      455F4556 
 3117      545F4149 
 3117      4F53535F 
 3117      494E4449 
 3118              	.LASF77:
 3119 178c 4359424C 		.ascii	"CYBLE_EVT_L2CAP_CBFC_CONN_CNF\000"
 3119      455F4556 
 3119      545F4C32 
 3119      4341505F 
 3119      43424643 
 3120              	.LASF171:
 3121 17aa 4359424C 		.ascii	"CYBLE_EVT_GATTC_DISC_SKIPPED_SERVICE\000"
 3121      455F4556 
 3121      545F4741 
 3121      5454435F 
 3121      44495343 
 3122              	.LASF175:
 3123 17cf 4359424C 		.ascii	"CYBLE_EVT_AIOSS_INDICATION_ENABLED\000"
 3123      455F4556 
 3123      545F4149 
 3123      4F53535F 
 3123      494E4449 
 3124              	.LASF230:
 3125 17f2 4359424C 		.ascii	"CYBLE_EVT_CGMSS_INDICATION_ENABLED\000"
 3125      455F4556 
 3125      545F4347 
 3125      4D53535F 
ARM GAS  C:\Users\ARTEM\AppData\Local\Temp\cce6pwaj.s 			page 70


 3125      494E4449 
 3126              	.LASF98:
 3127 1815 4359424C 		.ascii	"CYBLE_GATT_ERR_PREPARE_WRITE_QUEUE_FULL\000"
 3127      455F4741 
 3127      54545F45 
 3127      52525F50 
 3127      52455041 
 3128              	.LASF336:
 3129 183d 4359424C 		.ascii	"CYBLE_EVT_HTSS_CHAR_WRITE\000"
 3129      455F4556 
 3129      545F4854 
 3129      53535F43 
 3129      4841525F 
 3130              	.LASF413:
 3131 1857 4359424C 		.ascii	"CYBLE_EVT_RTUSC_READ_CHAR_RESPONSE\000"
 3131      455F4556 
 3131      545F5254 
 3131      5553435F 
 3131      52454144 
 3132              	.LASF108:
 3133 187a 4359424C 		.ascii	"CYBLE_GATT_ERR_HEART_RATE_CONTROL_POINT_NOT_SUPPORT"
 3133      455F4741 
 3133      54545F45 
 3133      52525F48 
 3133      45415254 
 3134 18ad 454400   		.ascii	"ED\000"
 3135              	.LASF310:
 3136 18b0 4359424C 		.ascii	"CYBLE_EVT_HIDSC_NOTIFICATION\000"
 3136      455F4556 
 3136      545F4849 
 3136      4453435F 
 3136      4E4F5449 
 3137              	.LASF21:
 3138 18cd 4359424C 		.ascii	"CYBLE_EVT_HCI_STATUS\000"
 3138      455F4556 
 3138      545F4843 
 3138      495F5354 
 3138      41545553 
 3139              	.LASF157:
 3140 18e2 4359424C 		.ascii	"CYBLE_KEY_EXCHANGE_INFO_REQUEST_REPLY\000"
 3140      455F4B45 
 3140      595F4558 
 3140      4348414E 
 3140      47455F49 
 3141              	.LASF14:
 3142 1908 63686172 		.ascii	"char\000"
 3142      00
 3143              	.LASF97:
 3144 190d 4359424C 		.ascii	"CYBLE_GATT_ERR_INSUFFICIENT_AUTHORIZATION\000"
 3144      455F4741 
 3144      54545F45 
 3144      52525F49 
 3144      4E535546 
 3145              	.LASF296:
 3146 1937 4359424C 		.ascii	"CYBLE_EVT_GLSS_WRITE_CHAR\000"
 3146      455F4556 
 3146      545F474C 
ARM GAS  C:\Users\ARTEM\AppData\Local\Temp\cce6pwaj.s 			page 71


 3146      53535F57 
 3146      52495445 
 3147              	.LASF451:
 3148 1951 4359424C 		.ascii	"CYBLE_EVT_WPTSC_WRITE_DESCR_RESPONSE\000"
 3148      455F4556 
 3148      545F5750 
 3148      5453435F 
 3148      57524954 
 3149              	.LASF345:
 3150 1976 4359424C 		.ascii	"CYBLE_EVT_IPSC_READ_CHAR_RESPONSE\000"
 3150      455F4556 
 3150      545F4950 
 3150      53435F52 
 3150      4541445F 
 3151              	.LASF196:
 3152 1998 4359424C 		.ascii	"CYBLE_EVT_ANSS_NOTIFICATION_DISABLED\000"
 3152      455F4556 
 3152      545F414E 
 3152      53535F4E 
 3152      4F544946 
 3153              	.LASF488:
 3154 19bd 423A5C55 		.ascii	"B:\\UCU Second year\\Term 1\\POC\\Cyberpong\\CyberP"
 3154      43552053 
 3154      65636F6E 
 3154      64207965 
 3154      61725C54 
 3155 19eb 6F6E672E 		.ascii	"ong.cydsn\000"
 3155      63796473 
 3155      6E00
 3156              	.LASF340:
 3157 19f5 4359424C 		.ascii	"CYBLE_EVT_HTSC_WRITE_CHAR_RESPONSE\000"
 3157      455F4556 
 3157      545F4854 
 3157      53435F57 
 3157      52495445 
 3158              	.LASF133:
 3159 1a18 4359424C 		.ascii	"CYBLE_GATT_VALUE_T\000"
 3159      455F4741 
 3159      54545F56 
 3159      414C5545 
 3159      5F5400
 3160              	.LASF487:
 3161 1a2b 61696F73 		.ascii	"aios.c\000"
 3161      2E6300
 3162              	.LASF18:
 3163 1a32 4359424C 		.ascii	"CYBLE_EVT_STACK_ON\000"
 3163      455F4556 
 3163      545F5354 
 3163      41434B5F 
 3163      4F4E00
 3164              	.LASF10:
 3165 1a45 75696E74 		.ascii	"uint16\000"
 3165      313600
 3166              	.LASF306:
 3167 1a4c 4359424C 		.ascii	"CYBLE_EVT_HIDSS_REPORT_MODE_ENTER\000"
 3167      455F4556 
 3167      545F4849 
ARM GAS  C:\Users\ARTEM\AppData\Local\Temp\cce6pwaj.s 			page 72


 3167      4453535F 
 3167      5245504F 
 3168              	.LASF8:
 3169 1a6e 756E7369 		.ascii	"unsigned int\000"
 3169      676E6564 
 3169      20696E74 
 3169      00
 3170              	.LASF138:
 3171 1a7b 4359424C 		.ascii	"CYBLE_AIOS_CHAR_INDEX_T\000"
 3171      455F4149 
 3171      4F535F43 
 3171      4841525F 
 3171      494E4445 
 3172              	.LASF314:
 3173 1a93 4359424C 		.ascii	"CYBLE_EVT_HIDSC_WRITE_DESCR_RESPONSE\000"
 3173      455F4556 
 3173      545F4849 
 3173      4453435F 
 3173      57524954 
 3174              	.LASF393:
 3175 1ab8 4359424C 		.ascii	"CYBLE_EVT_PLXSC_NOTIFICATION\000"
 3175      455F4556 
 3175      545F504C 
 3175      5853435F 
 3175      4E4F5449 
 3176              	.LASF96:
 3177 1ad5 4359424C 		.ascii	"CYBLE_GATT_ERR_INVALID_OFFSET\000"
 3177      455F4741 
 3177      54545F45 
 3177      52525F49 
 3177      4E56414C 
 3178              	.LASF254:
 3179 1af3 4359424C 		.ascii	"CYBLE_EVT_CPSC_READ_DESCR_RESPONSE\000"
 3179      455F4556 
 3179      545F4350 
 3179      53435F52 
 3179      4541445F 
 3180              	.LASF438:
 3181 1b16 4359424C 		.ascii	"CYBLE_EVT_UDSC_WRITE_DESCR_RESPONSE\000"
 3181      455F4556 
 3181      545F5544 
 3181      53435F57 
 3181      52495445 
 3182              	.LASF415:
 3183 1b3a 4359424C 		.ascii	"CYBLE_EVT_SCPSS_NOTIFICATION_DISABLED\000"
 3183      455F4556 
 3183      545F5343 
 3183      5053535F 
 3183      4E4F5449 
 3184              	.LASF193:
 3185 1b60 4359424C 		.ascii	"CYBLE_EVT_ANCSC_WRITE_DESCR_RESPONSE\000"
 3185      455F4556 
 3185      545F414E 
 3185      4353435F 
 3185      57524954 
 3186              	.LASF144:
 3187 1b85 4359424C 		.ascii	"CYBLE_AIOS_TIME_TRIGGER_SETTINGS\000"
ARM GAS  C:\Users\ARTEM\AppData\Local\Temp\cce6pwaj.s 			page 73


 3187      455F4149 
 3187      4F535F54 
 3187      494D455F 
 3187      54524947 
 3188              	.LASF383:
 3189 1ba6 4359424C 		.ascii	"CYBLE_EVT_PASSC_NOTIFICATION\000"
 3189      455F4556 
 3189      545F5041 
 3189      5353435F 
 3189      4E4F5449 
 3190              	.LASF41:
 3191 1bc3 4359424C 		.ascii	"CYBLE_EVT_GAP_ENHANCE_CONN_COMPLETE\000"
 3191      455F4556 
 3191      545F4741 
 3191      505F454E 
 3191      48414E43 
 3192              	.LASF331:
 3193 1be7 4359424C 		.ascii	"CYBLE_EVT_HTSS_NOTIFICATION_ENABLED\000"
 3193      455F4556 
 3193      545F4854 
 3193      53535F4E 
 3193      4F544946 
 3194              	.LASF238:
 3195 1c0b 4359424C 		.ascii	"CYBLE_EVT_CGMSC_READ_CHAR_RESPONSE\000"
 3195      455F4556 
 3195      545F4347 
 3195      4D53435F 
 3195      52454144 
 3196              	.LASF361:
 3197 1c2e 4359424C 		.ascii	"CYBLE_EVT_LNSC_INDICATION\000"
 3197      455F4556 
 3197      545F4C4E 
 3197      53435F49 
 3197      4E444943 
 3198              	.LASF191:
 3199 1c48 4359424C 		.ascii	"CYBLE_EVT_ANCSC_WRITE_CHAR_RESPONSE\000"
 3199      455F4556 
 3199      545F414E 
 3199      4353435F 
 3199      57524954 
 3200              	.LASF307:
 3201 1c6c 4359424C 		.ascii	"CYBLE_EVT_HIDSS_SUSPEND\000"
 3201      455F4556 
 3201      545F4849 
 3201      4453535F 
 3201      53555350 
 3202              	.LASF192:
 3203 1c84 4359424C 		.ascii	"CYBLE_EVT_ANCSC_READ_DESCR_RESPONSE\000"
 3203      455F4556 
 3203      545F414E 
 3203      4353435F 
 3203      52454144 
 3204              	.LASF214:
 3205 1ca8 4359424C 		.ascii	"CYBLE_EVT_BCSC_READ_DESCR_RESPONSE\000"
 3205      455F4556 
 3205      545F4243 
 3205      53435F52 
ARM GAS  C:\Users\ARTEM\AppData\Local\Temp\cce6pwaj.s 			page 74


 3205      4541445F 
 3206              	.LASF472:
 3207 1ccb 6D6F746F 		.ascii	"motor_speeds\000"
 3207      725F7370 
 3207      65656473 
 3207      00
 3208              	.LASF6:
 3209 1cd8 6C6F6E67 		.ascii	"long long int\000"
 3209      206C6F6E 
 3209      6720696E 
 3209      7400
 3210              	.LASF441:
 3211 1ce6 4359424C 		.ascii	"CYBLE_EVT_WPTSS_NOTIFICATION_DISABLED\000"
 3211      455F4556 
 3211      545F5750 
 3211      5453535F 
 3211      4E4F5449 
 3212              	.LASF371:
 3213 1d0c 4359424C 		.ascii	"CYBLE_EVT_OTSS_WRITE_CHAR\000"
 3213      455F4556 
 3213      545F4F54 
 3213      53535F57 
 3213      52495445 
 3214              	.LASF323:
 3215 1d26 4359424C 		.ascii	"CYBLE_EVT_HRSS_ENERGY_EXPENDED_RESET\000"
 3215      455F4556 
 3215      545F4852 
 3215      53535F45 
 3215      4E455247 
 3216              	.LASF297:
 3217 1d4b 4359424C 		.ascii	"CYBLE_EVT_GLSC_INDICATION\000"
 3217      455F4556 
 3217      545F474C 
 3217      53435F49 
 3217      4E444943 
 3218              	.LASF283:
 3219 1d65 4359424C 		.ascii	"CYBLE_EVT_ESSS_CHAR_WRITE\000"
 3219      455F4556 
 3219      545F4553 
 3219      53535F43 
 3219      4841525F 
 3220              	.LASF48:
 3221 1d7f 4359424C 		.ascii	"CYBLE_EVT_GATTC_ERROR_RSP\000"
 3221      455F4556 
 3221      545F4741 
 3221      5454435F 
 3221      4552524F 
 3222              	.LASF377:
 3223 1d99 4359424C 		.ascii	"CYBLE_EVT_OTSC_READ_DESCR_RESPONSE\000"
 3223      455F4556 
 3223      545F4F54 
 3223      53435F52 
 3223      4541445F 
 3224              	.LASF409:
 3225 1dbc 4359424C 		.ascii	"CYBLE_EVT_RSCSC_WRITE_CHAR_RESPONSE\000"
 3225      455F4556 
 3225      545F5253 
ARM GAS  C:\Users\ARTEM\AppData\Local\Temp\cce6pwaj.s 			page 75


 3225      4353435F 
 3225      57524954 
 3226              	.LASF37:
 3227 1de0 4359424C 		.ascii	"CYBLE_EVT_GAP_NUMERIC_COMPARISON_REQUEST\000"
 3227      455F4556 
 3227      545F4741 
 3227      505F4E55 
 3227      4D455249 
 3228              	.LASF474:
 3229 1e09 64697361 		.ascii	"disablePrintIfZeroRPM\000"
 3229      626C6550 
 3229      72696E74 
 3229      49665A65 
 3229      726F5250 
 3230              	.LASF73:
 3231 1e1f 4359424C 		.ascii	"CYBLE_EVT_L2CAP_CONN_PARAM_UPDATE_REQ\000"
 3231      455F4556 
 3231      545F4C32 
 3231      4341505F 
 3231      434F4E4E 
 3232              	.LASF235:
 3233 1e45 4359424C 		.ascii	"CYBLE_EVT_CGMSS_WRITE_CHAR\000"
 3233      455F4556 
 3233      545F4347 
 3233      4D53535F 
 3233      57524954 
 3234              	.LASF163:
 3235 1e60 4359424C 		.ascii	"CYBLE_EVT_GATTC_CHAR_DISCOVERY_FAILED\000"
 3235      455F4556 
 3235      545F4741 
 3235      5454435F 
 3235      43484152 
 3236              	.LASF427:
 3237 1e86 4359424C 		.ascii	"CYBLE_EVT_UDSS_INDICATION_DISABLED\000"
 3237      455F4556 
 3237      545F5544 
 3237      53535F49 
 3237      4E444943 
 3238              	.LASF321:
 3239 1ea9 4359424C 		.ascii	"CYBLE_EVT_HPSC_WRITE_DESCR_RESPONSE\000"
 3239      455F4556 
 3239      545F4850 
 3239      53435F57 
 3239      52495445 
 3240              	.LASF141:
 3241 1ecd 4359424C 		.ascii	"CYBLE_AIOS_CHAR_USER_DESCRIPTION_DESCR\000"
 3241      455F4149 
 3241      4F535F43 
 3241      4841525F 
 3241      55534552 
 3242              	.LASF294:
 3243 1ef4 4359424C 		.ascii	"CYBLE_EVT_GLSS_NOTIFICATION_ENABLED\000"
 3243      455F4556 
 3243      545F474C 
 3243      53535F4E 
 3243      4F544946 
 3244              	.LASF282:
ARM GAS  C:\Users\ARTEM\AppData\Local\Temp\cce6pwaj.s 			page 76


 3245 1f18 4359424C 		.ascii	"CYBLE_EVT_ESSS_INDICATION_CONFIRMATION\000"
 3245      455F4556 
 3245      545F4553 
 3245      53535F49 
 3245      4E444943 
 3246              	.LASF303:
 3247 1f3f 4359424C 		.ascii	"CYBLE_EVT_HIDSS_NOTIFICATION_ENABLED\000"
 3247      455F4556 
 3247      545F4849 
 3247      4453535F 
 3247      4E4F5449 
 3248              	.LASF222:
 3249 1f64 4359424C 		.ascii	"CYBLE_EVT_BLSC_NOTIFICATION\000"
 3249      455F4556 
 3249      545F424C 
 3249      53435F4E 
 3249      4F544946 
 3250              	.LASF228:
 3251 1f80 4359424C 		.ascii	"CYBLE_EVT_BMSC_WRITE_CHAR_RESPONSE\000"
 3251      455F4556 
 3251      545F424D 
 3251      53435F57 
 3251      52495445 
 3252              	.LASF229:
 3253 1fa3 4359424C 		.ascii	"CYBLE_EVT_BMSC_READ_DESCR_RESPONSE\000"
 3253      455F4556 
 3253      545F424D 
 3253      53435F52 
 3253      4541445F 
 3254              	.LASF362:
 3255 1fc6 4359424C 		.ascii	"CYBLE_EVT_LNSC_NOTIFICATION\000"
 3255      455F4556 
 3255      545F4C4E 
 3255      53435F4E 
 3255      4F544946 
 3256              	.LASF324:
 3257 1fe2 4359424C 		.ascii	"CYBLE_EVT_HRSS_NOTIFICATION_ENABLED\000"
 3257      455F4556 
 3257      545F4852 
 3257      53535F4E 
 3257      4F544946 
 3258              	.LASF489:
 3259 2006 6D656D73 		.ascii	"memset\000"
 3259      657400
 3260              	.LASF187:
 3261 200d 4359424C 		.ascii	"CYBLE_EVT_ANCSS_NOTIFICATION_ENABLED\000"
 3261      455F4556 
 3261      545F414E 
 3261      4353535F 
 3261      4E4F5449 
 3262              	.LASF123:
 3263 2032 4359424C 		.ascii	"CYBLE_GATT_ERR_ANCS_INVALID_PARAMETER\000"
 3263      455F4741 
 3263      54545F45 
 3263      52525F41 
 3263      4E43535F 
 3264              	.LASF156:
ARM GAS  C:\Users\ARTEM\AppData\Local\Temp\cce6pwaj.s 			page 77


 3265 2058 4359424C 		.ascii	"CYBLE_LONG_TERM_KEY_REQUEST_REPLY\000"
 3265      455F4C4F 
 3265      4E475F54 
 3265      45524D5F 
 3265      4B45595F 
 3266              	.LASF104:
 3267 207a 4359424C 		.ascii	"CYBLE_GATT_ERR_INSUFFICIENT_ENCRYPTION\000"
 3267      455F4741 
 3267      54545F45 
 3267      52525F49 
 3267      4E535546 
 3268              	.LASF159:
 3269 20a1 4359424C 		.ascii	"CYBLE_EVT_GATTS_INDICATION_DISABLED\000"
 3269      455F4556 
 3269      545F4741 
 3269      5454535F 
 3269      494E4449 
 3270              	.LASF106:
 3271 20c5 4359424C 		.ascii	"CYBLE_GATT_ERR_INSUFFICIENT_RESOURCE\000"
 3271      455F4741 
 3271      54545F45 
 3271      52525F49 
 3271      4E535546 
 3272              	.LASF281:
 3273 20ea 4359424C 		.ascii	"CYBLE_EVT_ESSS_INDICATION_DISABLED\000"
 3273      455F4556 
 3273      545F4553 
 3273      53535F49 
 3273      4E444943 
 3274              	.LASF425:
 3275 210d 4359424C 		.ascii	"CYBLE_EVT_TPSC_WRITE_DESCR_RESPONSE\000"
 3275      455F4556 
 3275      545F5450 
 3275      53435F57 
 3275      52495445 
 3276              	.LASF442:
 3277 2131 4359424C 		.ascii	"CYBLE_EVT_WPTSS_INDICATION_ENABLED\000"
 3277      455F4556 
 3277      545F5750 
 3277      5453535F 
 3277      494E4449 
 3278              	.LASF335:
 3279 2154 4359424C 		.ascii	"CYBLE_EVT_HTSS_INDICATION_CONFIRMED\000"
 3279      455F4556 
 3279      545F4854 
 3279      53535F49 
 3279      4E444943 
 3280              	.LASF350:
 3281 2178 4359424C 		.ascii	"CYBLE_EVT_IPSC_ERROR_RESPONSE\000"
 3281      455F4556 
 3281      545F4950 
 3281      53435F45 
 3281      52524F52 
 3282              	.LASF30:
 3283 2196 4359424C 		.ascii	"CYBLE_EVT_GAPP_ADVERTISEMENT_START_STOP\000"
 3283      455F4556 
 3283      545F4741 
ARM GAS  C:\Users\ARTEM\AppData\Local\Temp\cce6pwaj.s 			page 78


 3283      50505F41 
 3283      44564552 
 3284              	.LASF329:
 3285 21be 4359424C 		.ascii	"CYBLE_EVT_HRSC_READ_DESCR_RESPONSE\000"
 3285      455F4556 
 3285      545F4852 
 3285      53435F52 
 3285      4541445F 
 3286              	.LASF11:
 3287 21e1 75696E74 		.ascii	"uint32\000"
 3287      333200
 3288              	.LASF136:
 3289 21e8 4359424C 		.ascii	"CYBLE_AIOS_AGGREGATE\000"
 3289      455F4149 
 3289      4F535F41 
 3289      47475245 
 3289      47415445 
 3290              	.LASF117:
 3291 21fd 4359424C 		.ascii	"CYBLE_GATT_ERR_INVALID_CRC\000"
 3291      455F4741 
 3291      54545F45 
 3291      52525F49 
 3291      4E56414C 
 3292              	.LASF80:
 3293 2218 4359424C 		.ascii	"CYBLE_EVT_L2CAP_CBFC_DATA_READ\000"
 3293      455F4556 
 3293      545F4C32 
 3293      4341505F 
 3293      43424643 
 3294              	.LASF401:
 3295 2237 4359424C 		.ascii	"CYBLE_EVT_RSCSS_NOTIFICATION_DISABLED\000"
 3295      455F4556 
 3295      545F5253 
 3295      4353535F 
 3295      4E4F5449 
 3296              	.LASF215:
 3297 225d 4359424C 		.ascii	"CYBLE_EVT_BCSC_WRITE_DESCR_RESPONSE\000"
 3297      455F4556 
 3297      545F4243 
 3297      53435F57 
 3297      52495445 
 3298              	.LASF402:
 3299 2281 4359424C 		.ascii	"CYBLE_EVT_RSCSS_INDICATION_ENABLED\000"
 3299      455F4556 
 3299      545F5253 
 3299      4353535F 
 3299      494E4449 
 3300              	.LASF225:
 3301 22a4 4359424C 		.ascii	"CYBLE_EVT_BLSC_WRITE_DESCR_RESPONSE\000"
 3301      455F4556 
 3301      545F424C 
 3301      53435F57 
 3301      52495445 
 3302              	.LASF39:
 3303 22c8 4359424C 		.ascii	"CYBLE_EVT_GAP_OOB_GENERATED_NOTIFICATION\000"
 3303      455F4556 
 3303      545F4741 
ARM GAS  C:\Users\ARTEM\AppData\Local\Temp\cce6pwaj.s 			page 79


 3303      505F4F4F 
 3303      425F4745 
 3304              	.LASF317:
 3305 22f1 4359424C 		.ascii	"CYBLE_EVT_HPSS_CHAR_WRITE\000"
 3305      455F4556 
 3305      545F4850 
 3305      53535F43 
 3305      4841525F 
 3306              	.LASF419:
 3307 230b 4359424C 		.ascii	"CYBLE_EVT_SCPSC_WRITE_DESCR_RESPONSE\000"
 3307      455F4556 
 3307      545F5343 
 3307      5053435F 
 3307      57524954 
 3308              	.LASF105:
 3309 2330 4359424C 		.ascii	"CYBLE_GATT_ERR_UNSUPPORTED_GROUP_TYPE\000"
 3309      455F4741 
 3309      54545F45 
 3309      52525F55 
 3309      4E535550 
 3310              	.LASF86:
 3311 2356 4359424C 		.ascii	"CYBLE_EVT_HCI_PKT\000"
 3311      455F4556 
 3311      545F4843 
 3311      495F504B 
 3311      5400
 3312              	.LASF375:
 3313 2368 4359424C 		.ascii	"CYBLE_EVT_OTSC_READ_BLOB_RSP\000"
 3313      455F4556 
 3313      545F4F54 
 3313      53435F52 
 3313      4541445F 
 3314              	.LASF130:
 3315 2385 61747449 		.ascii	"attId\000"
 3315      6400
 3316              	.LASF121:
 3317 238b 4359424C 		.ascii	"CYBLE_GATT_ERR_ANCS_UNKNOWN_COMMAND\000"
 3317      455F4741 
 3317      54545F45 
 3317      52525F41 
 3317      4E43535F 
 3318              	.LASF417:
 3319 23af 4359424C 		.ascii	"CYBLE_EVT_SCPSC_NOTIFICATION\000"
 3319      455F4556 
 3319      545F5343 
 3319      5053435F 
 3319      4E4F5449 
 3320              	.LASF346:
 3321 23cc 4359424C 		.ascii	"CYBLE_EVT_IPSC_READ_MULTIPLE_CHAR_RESPONSE\000"
 3321      455F4556 
 3321      545F4950 
 3321      53435F52 
 3321      4541445F 
 3322              	.LASF90:
 3323 23f7 4359424C 		.ascii	"CYBLE_GATT_ERR_INVALID_HANDLE\000"
 3323      455F4741 
 3323      54545F45 
ARM GAS  C:\Users\ARTEM\AppData\Local\Temp\cce6pwaj.s 			page 80


 3323      52525F49 
 3323      4E56414C 
 3324              	.LASF72:
 3325 2415 4359424C 		.ascii	"CYBLE_EVT_GATTC_LONG_PROCEDURE_END\000"
 3325      455F4556 
 3325      545F4741 
 3325      5454435F 
 3325      4C4F4E47 
 3326              	.LASF394:
 3327 2438 4359424C 		.ascii	"CYBLE_EVT_PLXSC_INDICATION\000"
 3327      455F4556 
 3327      545F504C 
 3327      5853435F 
 3327      494E4449 
 3328              	.LASF386:
 3329 2453 4359424C 		.ascii	"CYBLE_EVT_PASSC_WRITE_DESCR_RESPONSE\000"
 3329      455F4556 
 3329      545F5041 
 3329      5353435F 
 3329      57524954 
 3330              	.LASF315:
 3331 2478 4359424C 		.ascii	"CYBLE_EVT_HPSS_NOTIFICATION_ENABLED\000"
 3331      455F4556 
 3331      545F4850 
 3331      53535F4E 
 3331      4F544946 
 3332              	.LASF440:
 3333 249c 4359424C 		.ascii	"CYBLE_EVT_WPTSS_NOTIFICATION_ENABLED\000"
 3333      455F4556 
 3333      545F5750 
 3333      5453535F 
 3333      4E4F5449 
 3334              	.LASF293:
 3335 24c1 4359424C 		.ascii	"CYBLE_EVT_GLSS_INDICATION_CONFIRMED\000"
 3335      455F4556 
 3335      545F474C 
 3335      53535F49 
 3335      4E444943 
 3336              	.LASF482:
 3337 24e5 73657453 		.ascii	"setSpin\000"
 3337      70696E00 
 3338              	.LASF109:
 3339 24ed 4359424C 		.ascii	"CYBLE_GATT_ERR_USER_DATA_ACCESS_NOT_PERMITTED\000"
 3339      455F4741 
 3339      54545F45 
 3339      52525F55 
 3339      5345525F 
 3340              	.LASF170:
 3341 251b 4359424C 		.ascii	"CYBLE_EVT_GATTC_CHAR_DISCOVERY_COMPLETE\000"
 3341      455F4556 
 3341      545F4741 
 3341      5454435F 
 3341      43484152 
 3342              	.LASF194:
 3343 2543 4359424C 		.ascii	"CYBLE_EVT_ANCSC_ERROR_RESPONSE\000"
 3343      455F4556 
 3343      545F414E 
ARM GAS  C:\Users\ARTEM\AppData\Local\Temp\cce6pwaj.s 			page 81


 3343      4353435F 
 3343      4552524F 
 3344              	.LASF15:
 3345 2562 6C6F6E67 		.ascii	"long double\000"
 3345      20646F75 
 3345      626C6500 
 3346              	.LASF338:
 3347 256e 4359424C 		.ascii	"CYBLE_EVT_HTSC_INDICATION\000"
 3347      455F4556 
 3347      545F4854 
 3347      53435F49 
 3347      4E444943 
 3348              	.LASF480:
 3349 2588 73707269 		.ascii	"sprintf\000"
 3349      6E746600 
 3350              	.LASF374:
 3351 2590 4359424C 		.ascii	"CYBLE_EVT_OTSC_READ_CHAR_RESPONSE\000"
 3351      455F4556 
 3351      545F4F54 
 3351      53435F52 
 3351      4541445F 
 3352              	.LASF67:
 3353 25b2 4359424C 		.ascii	"CYBLE_EVT_GATTC_HANDLE_VALUE_IND\000"
 3353      455F4556 
 3353      545F4741 
 3353      5454435F 
 3353      48414E44 
 3354              	.LASF232:
 3355 25d3 4359424C 		.ascii	"CYBLE_EVT_CGMSS_INDICATION_CONFIRMED\000"
 3355      455F4556 
 3355      545F4347 
 3355      4D53535F 
 3355      494E4449 
 3356              	.LASF275:
 3357 25f8 4359424C 		.ascii	"CYBLE_EVT_CTSC_WRITE_DESCR_RESPONSE\000"
 3357      455F4556 
 3357      545F4354 
 3357      53435F57 
 3357      52495445 
 3358              	.LASF91:
 3359 261c 4359424C 		.ascii	"CYBLE_GATT_ERR_READ_NOT_PERMITTED\000"
 3359      455F4741 
 3359      54545F45 
 3359      52525F52 
 3359      4541445F 
 3360              	.LASF208:
 3361 263e 4359424C 		.ascii	"CYBLE_EVT_BASC_WRITE_DESCR_RESPONSE\000"
 3361      455F4556 
 3361      545F4241 
 3361      53435F57 
 3361      52495445 
 3362              	.LASF158:
 3363 2662 4359424C 		.ascii	"CYBLE_EVT_GATTS_INDICATION_ENABLED\000"
 3363      455F4556 
 3363      545F4741 
 3363      5454535F 
 3363      494E4449 
ARM GAS  C:\Users\ARTEM\AppData\Local\Temp\cce6pwaj.s 			page 82


 3364              	.LASF471:
 3365 2685 75617274 		.ascii	"uart_rpm_buff\000"
 3365      5F72706D 
 3365      5F627566 
 3365      6600
 3366              	.LASF299:
 3367 2693 4359424C 		.ascii	"CYBLE_EVT_GLSC_READ_CHAR_RESPONSE\000"
 3367      455F4556 
 3367      545F474C 
 3367      53435F52 
 3367      4541445F 
 3368              	.LASF391:
 3369 26b5 4359424C 		.ascii	"CYBLE_EVT_PLXSS_INDICATION_DISABLED\000"
 3369      455F4556 
 3369      545F504C 
 3369      5853535F 
 3369      494E4449 
 3370              	.LASF226:
 3371 26d9 4359424C 		.ascii	"CYBLE_EVT_BMSS_WRITE_CHAR\000"
 3371      455F4556 
 3371      545F424D 
 3371      53535F57 
 3371      52495445 
 3372              	.LASF426:
 3373 26f3 4359424C 		.ascii	"CYBLE_EVT_UDSS_INDICATION_ENABLED\000"
 3373      455F4556 
 3373      545F5544 
 3373      53535F49 
 3373      4E444943 
 3374              	.LASF476:
 3375 2715 69735365 		.ascii	"isServing\000"
 3375      7276696E 
 3375      6700
 3376              	.LASF253:
 3377 271f 4359424C 		.ascii	"CYBLE_EVT_CPSC_WRITE_CHAR_RESPONSE\000"
 3377      455F4556 
 3377      545F4350 
 3377      53435F57 
 3377      52495445 
 3378              	.LASF33:
 3379 2742 4359424C 		.ascii	"CYBLE_EVT_GAP_ENCRYPT_CHANGE\000"
 3379      455F4556 
 3379      545F4741 
 3379      505F454E 
 3379      43525950 
 3380              	.LASF263:
 3381 275f 4359424C 		.ascii	"CYBLE_EVT_CSCSC_NOTIFICATION\000"
 3381      455F4556 
 3381      545F4353 
 3381      4353435F 
 3381      4E4F5449 
 3382              	.LASF328:
 3383 277c 4359424C 		.ascii	"CYBLE_EVT_HRSC_WRITE_CHAR_RESPONSE\000"
 3383      455F4556 
 3383      545F4852 
 3383      53435F57 
 3383      52495445 
ARM GAS  C:\Users\ARTEM\AppData\Local\Temp\cce6pwaj.s 			page 83


 3384              	.LASF64:
 3385 279f 4359424C 		.ascii	"CYBLE_EVT_GATTS_EXEC_WRITE_REQ\000"
 3385      455F4556 
 3385      545F4741 
 3385      5454535F 
 3385      45584543 
 3386              	.LASF398:
 3387 27be 4359424C 		.ascii	"CYBLE_EVT_PLXSC_WRITE_DESCR_RESPONSE\000"
 3387      455F4556 
 3387      545F504C 
 3387      5853435F 
 3387      57524954 
 3388              	.LASF378:
 3389 27e3 4359424C 		.ascii	"CYBLE_EVT_OTSC_WRITE_DESCR_RESPONSE\000"
 3389      455F4556 
 3389      545F4F54 
 3389      53435F57 
 3389      52495445 
 3390              	.LASF468:
 3391 2807 656E6162 		.ascii	"enabled\000"
 3391      6C656400 
 3392              	.LASF127:
 3393 280f 4359424C 		.ascii	"CYBLE_GATT_ERR_OUT_OF_RANGE\000"
 3393      455F4741 
 3393      54545F45 
 3393      52525F4F 
 3393      55545F4F 
 3394              	.LASF404:
 3395 282b 4359424C 		.ascii	"CYBLE_EVT_RSCSS_INDICATION_CONFIRMATION\000"
 3395      455F4556 
 3395      545F5253 
 3395      4353535F 
 3395      494E4449 
 3396              	.LASF116:
 3397 2853 4359424C 		.ascii	"CYBLE_GATTS_ERR_OPERATION_FAILED\000"
 3397      455F4741 
 3397      5454535F 
 3397      4552525F 
 3397      4F504552 
 3398              	.LASF240:
 3399 2874 4359424C 		.ascii	"CYBLE_EVT_CGMSC_READ_DESCR_RESPONSE\000"
 3399      455F4556 
 3399      545F4347 
 3399      4D53435F 
 3399      52454144 
 3400              	.LASF120:
 3401 2898 4359424C 		.ascii	"CYBLE_GATT_ERR_ANS_COMMAND_NOT_SUPPORTED\000"
 3401      455F4741 
 3401      54545F45 
 3401      52525F41 
 3401      4E535F43 
 3402              	.LASF135:
 3403 28c1 4359424C 		.ascii	"CYBLE_AIOS_ANALOG\000"
 3403      455F4149 
 3403      4F535F41 
 3403      4E414C4F 
 3403      4700
ARM GAS  C:\Users\ARTEM\AppData\Local\Temp\cce6pwaj.s 			page 84


 3404              	.LASF304:
 3405 28d3 4359424C 		.ascii	"CYBLE_EVT_HIDSS_NOTIFICATION_DISABLED\000"
 3405      455F4556 
 3405      545F4849 
 3405      4453535F 
 3405      4E4F5449 
 3406              	.LASF112:
 3407 28f9 4359424C 		.ascii	"CYBLE_GATTS_ERR_PROCEDURE_ALREADY_IN_PROGRESS\000"
 3407      455F4741 
 3407      5454535F 
 3407      4552525F 
 3407      50524F43 
 3408              	.LASF4:
 3409 2927 6C6F6E67 		.ascii	"long int\000"
 3409      20696E74 
 3409      00
 3410              	.LASF273:
 3411 2930 4359424C 		.ascii	"CYBLE_EVT_CTSC_READ_CHAR_RESPONSE\000"
 3411      455F4556 
 3411      545F4354 
 3411      53435F52 
 3411      4541445F 
 3412              	.LASF445:
 3413 2952 4359424C 		.ascii	"CYBLE_EVT_WPTSS_WRITE_CHAR\000"
 3413      455F4556 
 3413      545F5750 
 3413      5453535F 
 3413      57524954 
 3414              	.LASF40:
 3415 296d 4359424C 		.ascii	"CYBLE_EVT_GAP_DATA_LENGTH_CHANGE\000"
 3415      455F4556 
 3415      545F4741 
 3415      505F4441 
 3415      54415F4C 
 3416              	.LASF444:
 3417 298e 4359424C 		.ascii	"CYBLE_EVT_WPTSS_INDICATION_CONFIRMED\000"
 3417      455F4556 
 3417      545F5750 
 3417      5453535F 
 3417      494E4449 
 3418              	.LASF49:
 3419 29b3 4359424C 		.ascii	"CYBLE_EVT_GATT_CONNECT_IND\000"
 3419      455F4556 
 3419      545F4741 
 3419      54545F43 
 3419      4F4E4E45 
 3420              	.LASF88:
 3421 29ce 4359424C 		.ascii	"CYBLE_EVT_MAX\000"
 3421      455F4556 
 3421      545F4D41 
 3421      5800
 3422              	.LASF101:
 3423 29dc 4359424C 		.ascii	"CYBLE_GATT_ERR_INSUFFICIENT_ENC_KEY_SIZE\000"
 3423      455F4741 
 3423      54545F45 
 3423      52525F49 
 3423      4E535546 
ARM GAS  C:\Users\ARTEM\AppData\Local\Temp\cce6pwaj.s 			page 85


 3424              	.LASF59:
 3425 2a05 4359424C 		.ascii	"CYBLE_EVT_GATTC_READ_MULTI_RSP\000"
 3425      455F4556 
 3425      545F4741 
 3425      5454435F 
 3425      52454144 
 3426              	.LASF250:
 3427 2a24 4359424C 		.ascii	"CYBLE_EVT_CPSC_NOTIFICATION\000"
 3427      455F4556 
 3427      545F4350 
 3427      53435F4E 
 3427      4F544946 
 3428              	.LASF260:
 3429 2a40 4359424C 		.ascii	"CYBLE_EVT_CSCSS_INDICATION_DISABLED\000"
 3429      455F4556 
 3429      545F4353 
 3429      4353535F 
 3429      494E4449 
 3430              	.LASF469:
 3431 2a64 64696666 		.ascii	"diff\000"
 3431      00
 3432              	.LASF227:
 3433 2a69 4359424C 		.ascii	"CYBLE_EVT_BMSC_READ_CHAR_RESPONSE\000"
 3433      455F4556 
 3433      545F424D 
 3433      53435F52 
 3433      4541445F 
 3434              	.LASF114:
 3435 2a8b 4359424C 		.ascii	"CYBLE_GATT_ERR_MISSING_CRC\000"
 3435      455F4741 
 3435      54545F45 
 3435      52525F4D 
 3435      49535349 
 3436              	.LASF78:
 3437 2aa6 4359424C 		.ascii	"CYBLE_EVT_L2CAP_CBFC_DISCONN_IND\000"
 3437      455F4556 
 3437      545F4C32 
 3437      4341505F 
 3437      43424643 
 3438              	.LASF125:
 3439 2ac7 4359424C 		.ascii	"CYBLE_GATT_ERR_CCCD_IMPROPERLY_CONFIGURED\000"
 3439      455F4741 
 3439      54545F45 
 3439      52525F43 
 3439      4343445F 
 3440              	.LASF149:
 3441 2af1 63686172 		.ascii	"charIndex\000"
 3441      496E6465 
 3441      7800
 3442              	.LASF17:
 3443 2afb 4359424C 		.ascii	"CYBLE_EVT_HOST_INVALID\000"
 3443      455F4556 
 3443      545F484F 
 3443      53545F49 
 3443      4E56414C 
 3444              	.LASF460:
 3445 2b12 6576656E 		.ascii	"eventCode\000"
ARM GAS  C:\Users\ARTEM\AppData\Local\Temp\cce6pwaj.s 			page 86


 3445      74436F64 
 3445      6500
 3446              	.LASF320:
 3447 2b1c 4359424C 		.ascii	"CYBLE_EVT_HPSC_READ_DESCR_RESPONSE\000"
 3447      455F4556 
 3447      545F4850 
 3447      53435F52 
 3447      4541445F 
 3448              	.LASF207:
 3449 2b3f 4359424C 		.ascii	"CYBLE_EVT_BASC_READ_DESCR_RESPONSE\000"
 3449      455F4556 
 3449      545F4241 
 3449      53435F52 
 3449      4541445F 
 3450              	.LASF453:
 3451 2b62 4359424C 		.ascii	"CYBLE_EVT_WSSS_INDICATION_DISABLED\000"
 3451      455F4556 
 3451      545F5753 
 3451      53535F49 
 3451      4E444943 
 3452              	.LASF355:
 3453 2b85 4359424C 		.ascii	"CYBLE_EVT_LNSS_INDICATION_ENABLED\000"
 3453      455F4556 
 3453      545F4C4E 
 3453      53535F49 
 3453      4E444943 
 3454              	.LASF29:
 3455 2ba7 4359424C 		.ascii	"CYBLE_EVT_GAP_AUTH_FAILED\000"
 3455      455F4556 
 3455      545F4741 
 3455      505F4155 
 3455      54485F46 
 3456              	.LASF42:
 3457 2bc1 4359424C 		.ascii	"CYBLE_EVT_GAPC_DIRECT_ADV_REPORT\000"
 3457      455F4556 
 3457      545F4741 
 3457      50435F44 
 3457      49524543 
 3458              	.LASF385:
 3459 2be2 4359424C 		.ascii	"CYBLE_EVT_PASSC_READ_DESCR_RESPONSE\000"
 3459      455F4556 
 3459      545F5041 
 3459      5353435F 
 3459      52454144 
 3460              	.LASF428:
 3461 2c06 4359424C 		.ascii	"CYBLE_EVT_UDSS_INDICATION_CONFIRMED\000"
 3461      455F4556 
 3461      545F5544 
 3461      53535F49 
 3461      4E444943 
 3462              	.LASF53:
 3463 2c2a 4359424C 		.ascii	"CYBLE_EVT_GATTC_READ_BY_GROUP_TYPE_RSP\000"
 3463      455F4556 
 3463      545F4741 
 3463      5454435F 
 3463      52454144 
 3464              	.LASF455:
ARM GAS  C:\Users\ARTEM\AppData\Local\Temp\cce6pwaj.s 			page 87


 3465 2c51 4359424C 		.ascii	"CYBLE_EVT_WSSC_INDICATION\000"
 3465      455F4556 
 3465      545F5753 
 3465      53435F49 
 3465      4E444943 
 3466              	.LASF132:
 3467 2c6b 61637475 		.ascii	"actualLen\000"
 3467      616C4C65 
 3467      6E00
 3468              	.LASF213:
 3469 2c75 4359424C 		.ascii	"CYBLE_EVT_BCSC_READ_CHAR_RESPONSE\000"
 3469      455F4556 
 3469      545F4243 
 3469      53435F52 
 3469      4541445F 
 3470              	.LASF420:
 3471 2c97 4359424C 		.ascii	"CYBLE_EVT_TPSS_NOTIFICATION_ENABLED\000"
 3471      455F4556 
 3471      545F5450 
 3471      53535F4E 
 3471      4F544946 
 3472              	.LASF406:
 3473 2cbb 4359424C 		.ascii	"CYBLE_EVT_RSCSC_NOTIFICATION\000"
 3473      455F4556 
 3473      545F5253 
 3473      4353435F 
 3473      4E4F5449 
 3474              	.LASF390:
 3475 2cd8 4359424C 		.ascii	"CYBLE_EVT_PLXSS_INDICATION_ENABLED\000"
 3475      455F4556 
 3475      545F504C 
 3475      5853535F 
 3475      494E4449 
 3476              	.LASF388:
 3477 2cfb 4359424C 		.ascii	"CYBLE_EVT_PLXSS_NOTIFICATION_ENABLED\000"
 3477      455F4556 
 3477      545F504C 
 3477      5853535F 
 3477      4E4F5449 
 3478              	.LASF32:
 3479 2d20 4359424C 		.ascii	"CYBLE_EVT_GAP_DEVICE_DISCONNECTED\000"
 3479      455F4556 
 3479      545F4741 
 3479      505F4445 
 3479      56494345 
 3480              	.LASF272:
 3481 2d42 4359424C 		.ascii	"CYBLE_EVT_CTSC_NOTIFICATION\000"
 3481      455F4556 
 3481      545F4354 
 3481      53435F4E 
 3481      4F544946 
 3482              	.LASF216:
 3483 2d5e 4359424C 		.ascii	"CYBLE_EVT_BLSS_INDICATION_ENABLED\000"
 3483      455F4556 
 3483      545F424C 
 3483      53535F49 
 3483      4E444943 
ARM GAS  C:\Users\ARTEM\AppData\Local\Temp\cce6pwaj.s 			page 88


 3484              	.LASF124:
 3485 2d80 4359424C 		.ascii	"CYBLE_GATT_ERR_ANCS_ACTION_FAILED\000"
 3485      455F4741 
 3485      54545F45 
 3485      52525F41 
 3485      4E43535F 
 3486              	.LASF403:
 3487 2da2 4359424C 		.ascii	"CYBLE_EVT_RSCSS_INDICATION_DISABLED\000"
 3487      455F4556 
 3487      545F5253 
 3487      4353535F 
 3487      494E4449 
 3488              	.LASF76:
 3489 2dc6 4359424C 		.ascii	"CYBLE_EVT_L2CAP_CBFC_CONN_IND\000"
 3489      455F4556 
 3489      545F4C32 
 3489      4341505F 
 3489      43424643 
 3490              	.LASF452:
 3491 2de4 4359424C 		.ascii	"CYBLE_EVT_WSSS_INDICATION_ENABLED\000"
 3491      455F4556 
 3491      545F5753 
 3491      53535F49 
 3491      4E444943 
 3492              	.LASF255:
 3493 2e06 4359424C 		.ascii	"CYBLE_EVT_CPSC_WRITE_DESCR_RESPONSE\000"
 3493      455F4556 
 3493      545F4350 
 3493      53435F57 
 3493      52495445 
 3494              	.LASF36:
 3495 2e2a 4359424C 		.ascii	"CYBLE_EVT_GAP_KEYINFO_EXCHNGE_CMPLT\000"
 3495      455F4556 
 3495      545F4741 
 3495      505F4B45 
 3495      59494E46 
 3496              	.LASF259:
 3497 2e4e 4359424C 		.ascii	"CYBLE_EVT_CSCSS_INDICATION_ENABLED\000"
 3497      455F4556 
 3497      545F4353 
 3497      4353535F 
 3497      494E4449 
 3498              	.LASF219:
 3499 2e71 4359424C 		.ascii	"CYBLE_EVT_BLSS_NOTIFICATION_ENABLED\000"
 3499      455F4556 
 3499      545F424C 
 3499      53535F4E 
 3499      4F544946 
 3500              	.LASF239:
 3501 2e95 4359424C 		.ascii	"CYBLE_EVT_CGMSC_WRITE_CHAR_RESPONSE\000"
 3501      455F4556 
 3501      545F4347 
 3501      4D53435F 
 3501      57524954 
 3502              	.LASF414:
 3503 2eb9 4359424C 		.ascii	"CYBLE_EVT_SCPSS_NOTIFICATION_ENABLED\000"
 3503      455F4556 
ARM GAS  C:\Users\ARTEM\AppData\Local\Temp\cce6pwaj.s 			page 89


 3503      545F5343 
 3503      5053535F 
 3503      4E4F5449 
 3504              	.LASF218:
 3505 2ede 4359424C 		.ascii	"CYBLE_EVT_BLSS_INDICATION_CONFIRMED\000"
 3505      455F4556 
 3505      545F424C 
 3505      53535F49 
 3505      4E444943 
 3506              	.LASF16:
 3507 2f02 73697A65 		.ascii	"sizetype\000"
 3507      74797065 
 3507      00
 3508              	.LASF190:
 3509 2f0b 4359424C 		.ascii	"CYBLE_EVT_ANCSC_NOTIFICATION\000"
 3509      455F4556 
 3509      545F414E 
 3509      4353435F 
 3509      4E4F5449 
 3510              	.LASF326:
 3511 2f28 4359424C 		.ascii	"CYBLE_EVT_HRSC_NOTIFICATION\000"
 3511      455F4556 
 3511      545F4852 
 3511      53435F4E 
 3511      4F544946 
 3512              	.LASF5:
 3513 2f44 6C6F6E67 		.ascii	"long unsigned int\000"
 3513      20756E73 
 3513      69676E65 
 3513      6420696E 
 3513      7400
 3514              	.LASF301:
 3515 2f56 4359424C 		.ascii	"CYBLE_EVT_GLSC_READ_DESCR_RESPONSE\000"
 3515      455F4556 
 3515      545F474C 
 3515      53435F52 
 3515      4541445F 
 3516              	.LASF459:
 3517 2f79 4359424C 		.ascii	"CYBLE_DEBUG_EVT_BLESS_INT\000"
 3517      455F4445 
 3517      4255475F 
 3517      4556545F 
 3517      424C4553 
 3518              	.LASF380:
 3519 2f93 4359424C 		.ascii	"CYBLE_EVT_PASSS_NOTIFICATION_ENABLED\000"
 3519      455F4556 
 3519      545F5041 
 3519      5353535F 
 3519      4E4F5449 
 3520              	.LASF365:
 3521 2fb8 4359424C 		.ascii	"CYBLE_EVT_LNSC_READ_DESCR_RESPONSE\000"
 3521      455F4556 
 3521      545F4C4E 
 3521      53435F52 
 3521      4541445F 
 3522              	.LASF334:
 3523 2fdb 4359424C 		.ascii	"CYBLE_EVT_HTSS_INDICATION_DISABLED\000"
ARM GAS  C:\Users\ARTEM\AppData\Local\Temp\cce6pwaj.s 			page 90


 3523      455F4556 
 3523      545F4854 
 3523      53535F49 
 3523      4E444943 
 3524              	.LASF432:
 3525 2ffe 4359424C 		.ascii	"CYBLE_EVT_UDSS_WRITE_CHAR\000"
 3525      455F4556 
 3525      545F5544 
 3525      53535F57 
 3525      52495445 
 3526              	.LASF430:
 3527 3018 4359424C 		.ascii	"CYBLE_EVT_UDSS_NOTIFICATION_DISABLED\000"
 3527      455F4556 
 3527      545F5544 
 3527      53535F4E 
 3527      4F544946 
 3528              	.LASF405:
 3529 303d 4359424C 		.ascii	"CYBLE_EVT_RSCSS_CHAR_WRITE\000"
 3529      455F4556 
 3529      545F5253 
 3529      4353535F 
 3529      43484152 
 3530              	.LASF450:
 3531 3058 4359424C 		.ascii	"CYBLE_EVT_WPTSC_READ_DESCR_RESPONSE\000"
 3531      455F4556 
 3531      545F5750 
 3531      5453435F 
 3531      52454144 
 3532              	.LASF290:
 3533 307c 4359424C 		.ascii	"CYBLE_EVT_ESSC_WRITE_DESCR_RESPONSE\000"
 3533      455F4556 
 3533      545F4553 
 3533      53435F57 
 3533      52495445 
 3534              	.LASF198:
 3535 30a0 4359424C 		.ascii	"CYBLE_EVT_ANSC_NOTIFICATION\000"
 3535      455F4556 
 3535      545F414E 
 3535      53435F4E 
 3535      4F544946 
 3536              	.LASF327:
 3537 30bc 4359424C 		.ascii	"CYBLE_EVT_HRSC_READ_CHAR_RESPONSE\000"
 3537      455F4556 
 3537      545F4852 
 3537      53435F52 
 3537      4541445F 
 3538              	.LASF83:
 3539 30de 4359424C 		.ascii	"CYBLE_EVT_L2CAP_CBFC_DATA_WRITE_IND\000"
 3539      455F4556 
 3539      545F4C32 
 3539      4341505F 
 3539      43424643 
 3540              	.LASF351:
 3541 3102 4359424C 		.ascii	"CYBLE_EVT_IPSC_READ_BLOB_RSP\000"
 3541      455F4556 
 3541      545F4950 
 3541      53435F52 
ARM GAS  C:\Users\ARTEM\AppData\Local\Temp\cce6pwaj.s 			page 91


 3541      4541445F 
 3542              	.LASF166:
 3543 311f 4359424C 		.ascii	"CYBLE_EVT_GATTC_CHAR_DUPLICATION\000"
 3543      455F4556 
 3543      545F4741 
 3543      5454435F 
 3543      43484152 
 3544              	.LASF286:
 3545 3140 4359424C 		.ascii	"CYBLE_EVT_ESSC_INDICATION\000"
 3545      455F4556 
 3545      545F4553 
 3545      53435F49 
 3545      4E444943 
 3546              	.LASF153:
 3547 315a 4359424C 		.ascii	"CYBLE_AIOS_CHAR_VALUE_T\000"
 3547      455F4149 
 3547      4F535F43 
 3547      4841525F 
 3547      56414C55 
 3548              	.LASF363:
 3549 3172 4359424C 		.ascii	"CYBLE_EVT_LNSC_READ_CHAR_RESPONSE\000"
 3549      455F4556 
 3549      545F4C4E 
 3549      53435F52 
 3549      4541445F 
 3550              	.LASF44:
 3551 3194 4359424C 		.ascii	"CYBLE_EVT_GAP_CONN_ESTB\000"
 3551      455F4556 
 3551      545F4741 
 3551      505F434F 
 3551      4E4E5F45 
 3552              	.LASF150:
 3553 31ac 63686172 		.ascii	"charInstance\000"
 3553      496E7374 
 3553      616E6365 
 3553      00
 3554              	.LASF249:
 3555 31b9 4359424C 		.ascii	"CYBLE_EVT_CPSS_CHAR_WRITE\000"
 3555      455F4556 
 3555      545F4350 
 3555      53535F43 
 3555      4841525F 
 3556              	.LASF389:
 3557 31d3 4359424C 		.ascii	"CYBLE_EVT_PLXSS_NOTIFICATION_DISABLED\000"
 3557      455F4556 
 3557      545F504C 
 3557      5853535F 
 3557      4E4F5449 
 3558              	.LASF23:
 3559 31f9 4359424C 		.ascii	"CYBLE_EVT_MEMORY_REQUEST\000"
 3559      455F4556 
 3559      545F4D45 
 3559      4D4F5259 
 3559      5F524551 
 3560              	.LASF236:
 3561 3212 4359424C 		.ascii	"CYBLE_EVT_CGMSC_INDICATION\000"
 3561      455F4556 
ARM GAS  C:\Users\ARTEM\AppData\Local\Temp\cce6pwaj.s 			page 92


 3561      545F4347 
 3561      4D53435F 
 3561      494E4449 
 3562              	.LASF372:
 3563 322d 4359424C 		.ascii	"CYBLE_EVT_OTSS_WRITE_DESCR\000"
 3563      455F4556 
 3563      545F4F54 
 3563      53535F57 
 3563      52495445 
 3564              	.LASF147:
 3565 3248 4359424C 		.ascii	"CYBLE_AIOS_DESCR_COUNT\000"
 3565      455F4149 
 3565      4F535F44 
 3565      45534352 
 3565      5F434F55 
 3566              	.LASF38:
 3567 325f 4359424C 		.ascii	"CYBLE_EVT_GAP_KEYPRESS_NOTIFICATION\000"
 3567      455F4556 
 3567      545F4741 
 3567      505F4B45 
 3567      59505245 
 3568              	.LASF1:
 3569 3283 756E7369 		.ascii	"unsigned char\000"
 3569      676E6564 
 3569      20636861 
 3569      7200
 3570              	.LASF349:
 3571 3291 4359424C 		.ascii	"CYBLE_EVT_IPSC_WRITE_DESCR_RESPONSE\000"
 3571      455F4556 
 3571      545F4950 
 3571      53435F57 
 3571      52495445 
 3572              	.LASF256:
 3573 32b5 4359424C 		.ascii	"CYBLE_EVT_CPSC_SCAN_PROGRESS_RESULT\000"
 3573      455F4556 
 3573      545F4350 
 3573      53435F53 
 3573      43414E5F 
 3574              	.LASF280:
 3575 32d9 4359424C 		.ascii	"CYBLE_EVT_ESSS_INDICATION_ENABLED\000"
 3575      455F4556 
 3575      545F4553 
 3575      53535F49 
 3575      4E444943 
 3576              	.LASF57:
 3577 32fb 4359424C 		.ascii	"CYBLE_EVT_GATTC_READ_RSP\000"
 3577      455F4556 
 3577      545F4741 
 3577      5454435F 
 3577      52454144 
 3578              	.LASF93:
 3579 3314 4359424C 		.ascii	"CYBLE_GATT_ERR_INVALID_PDU\000"
 3579      455F4741 
 3579      54545F45 
 3579      52525F49 
 3579      4E56414C 
 3580              	.LASF100:
ARM GAS  C:\Users\ARTEM\AppData\Local\Temp\cce6pwaj.s 			page 93


 3581 332f 4359424C 		.ascii	"CYBLE_GATT_ERR_ATTRIBUTE_NOT_LONG\000"
 3581      455F4741 
 3581      54545F45 
 3581      52525F41 
 3581      54545249 
 3582              	.LASF485:
 3583 3351 5365744D 		.ascii	"SetMotorsEnabled\000"
 3583      6F746F72 
 3583      73456E61 
 3583      626C6564 
 3583      00
 3584              	.LASF211:
 3585 3362 4359424C 		.ascii	"CYBLE_EVT_BCSS_INDICATION_CONFIRMED\000"
 3585      455F4556 
 3585      545F4243 
 3585      53535F49 
 3585      4E444943 
 3586              	.LASF475:
 3587 3386 646F5365 		.ascii	"doServe\000"
 3587      72766500 
 3588              	.LASF478:
 3589 338e 4379426C 		.ascii	"CyBle_GappStartAdvertisement\000"
 3589      655F4761 
 3589      70705374 
 3589      61727441 
 3589      64766572 
 3590              	.LASF243:
 3591 33ab 4359424C 		.ascii	"CYBLE_EVT_CPSS_NOTIFICATION_DISABLED\000"
 3591      455F4556 
 3591      545F4350 
 3591      53535F4E 
 3591      4F544946 
 3592              	.LASF421:
 3593 33d0 4359424C 		.ascii	"CYBLE_EVT_TPSS_NOTIFICATION_DISABLED\000"
 3593      455F4556 
 3593      545F5450 
 3593      53535F4E 
 3593      4F544946 
 3594              	.LASF155:
 3595 33f5 4359424C 		.ascii	"CYBLE_PASSKEY_ENTRY_REQUEST_REPLY\000"
 3595      455F5041 
 3595      53534B45 
 3595      595F454E 
 3595      5452595F 
 3596              	.LASF183:
 3597 3417 4359424C 		.ascii	"CYBLE_EVT_AIOSC_WRITE_CHAR_RESPONSE\000"
 3597      455F4556 
 3597      545F4149 
 3597      4F53435F 
 3597      57524954 
 3598              	.LASF47:
 3599 343b 4359424C 		.ascii	"CYBLE_EVT_GAP_SMP_LOC_P256_KEYS_GEN_AND_SET_COMPLET"
 3599      455F4556 
 3599      545F4741 
 3599      505F534D 
 3599      505F4C4F 
 3600 346e 4500     		.ascii	"E\000"
ARM GAS  C:\Users\ARTEM\AppData\Local\Temp\cce6pwaj.s 			page 94


 3601              	.LASF205:
 3602 3470 4359424C 		.ascii	"CYBLE_EVT_BASC_NOTIFICATION\000"
 3602      455F4556 
 3602      545F4241 
 3602      53435F4E 
 3602      4F544946 
 3603              	.LASF277:
 3604 348c 4359424C 		.ascii	"CYBLE_EVT_DISC_READ_CHAR_RESPONSE\000"
 3604      455F4556 
 3604      545F4449 
 3604      53435F52 
 3604      4541445F 
 3605              	.LASF31:
 3606 34ae 4359424C 		.ascii	"CYBLE_EVT_GAP_DEVICE_CONNECTED\000"
 3606      455F4556 
 3606      545F4741 
 3606      505F4445 
 3606      56494345 
 3607              	.LASF464:
 3608 34cd 6576656E 		.ascii	"eventParam\000"
 3608      74506172 
 3608      616D00
 3609              	.LASF107:
 3610 34d8 4359424C 		.ascii	"CYBLE_GATT_ERR_TRIGGER_CODITION_VALUE_NOT_SUPPORTED"
 3610      455F4741 
 3610      54545F45 
 3610      52525F54 
 3610      52494747 
 3611 350b 00       		.ascii	"\000"
 3612              	.LASF63:
 3613 350c 4359424C 		.ascii	"CYBLE_EVT_GATTS_PREP_WRITE_REQ\000"
 3613      455F4556 
 3613      545F4741 
 3613      5454535F 
 3613      50524550 
 3614              	.LASF197:
 3615 352b 4359424C 		.ascii	"CYBLE_EVT_ANSS_CHAR_WRITE\000"
 3615      455F4556 
 3615      545F414E 
 3615      53535F43 
 3615      4841525F 
 3616              	.LASF203:
 3617 3545 4359424C 		.ascii	"CYBLE_EVT_BASS_NOTIFICATION_ENABLED\000"
 3617      455F4556 
 3617      545F4241 
 3617      53535F4E 
 3617      4F544946 
 3618              	.LASF400:
 3619 3569 4359424C 		.ascii	"CYBLE_EVT_RSCSS_NOTIFICATION_ENABLED\000"
 3619      455F4556 
 3619      545F5253 
 3619      4353535F 
 3619      4E4F5449 
 3620              	.LASF443:
 3621 358e 4359424C 		.ascii	"CYBLE_EVT_WPTSS_INDICATION_DISABLED\000"
 3621      455F4556 
 3621      545F5750 
ARM GAS  C:\Users\ARTEM\AppData\Local\Temp\cce6pwaj.s 			page 95


 3621      5453535F 
 3621      494E4449 
 3622              	.LASF300:
 3623 35b2 4359424C 		.ascii	"CYBLE_EVT_GLSC_WRITE_CHAR_RESPONSE\000"
 3623      455F4556 
 3623      545F474C 
 3623      53435F57 
 3623      52495445 
 3624              	.LASF51:
 3625 35d5 4359424C 		.ascii	"CYBLE_EVT_GATTS_XCNHG_MTU_REQ\000"
 3625      455F4556 
 3625      545F4741 
 3625      5454535F 
 3625      58434E48 
 3626              	.LASF201:
 3627 35f3 4359424C 		.ascii	"CYBLE_EVT_ANSC_READ_DESCR_RESPONSE\000"
 3627      455F4556 
 3627      545F414E 
 3627      53435F52 
 3627      4541445F 
 3628              	.LASF84:
 3629 3616 4359424C 		.ascii	"CYBLE_EVT_PENDING_FLASH_WRITE\000"
 3629      455F4556 
 3629      545F5045 
 3629      4E44494E 
 3629      475F464C 
 3630              	.LASF322:
 3631 3634 4359424C 		.ascii	"CYBLE_EVT_HPSC_WRITE_CHAR_RESPONSE\000"
 3631      455F4556 
 3631      545F4850 
 3631      53435F57 
 3631      52495445 
 3632              	.LASF344:
 3633 3657 4359424C 		.ascii	"CYBLE_EVT_IPSS_WRITE_CHAR\000"
 3633      455F4556 
 3633      545F4950 
 3633      53535F57 
 3633      52495445 
 3634              	.LASF99:
 3635 3671 4359424C 		.ascii	"CYBLE_GATT_ERR_ATTRIBUTE_NOT_FOUND\000"
 3635      455F4741 
 3635      54545F45 
 3635      52525F41 
 3635      54545249 
 3636              	.LASF448:
 3637 3694 4359424C 		.ascii	"CYBLE_EVT_WPTSC_WRITE_CHAR_RESPONSE\000"
 3637      455F4556 
 3637      545F5750 
 3637      5453435F 
 3637      57524954 
 3638              	.LASF412:
 3639 36b8 4359424C 		.ascii	"CYBLE_EVT_RTUSS_WRITE_CHAR_CMD\000"
 3639      455F4556 
 3639      545F5254 
 3639      5553535F 
 3639      57524954 
 3640              	.LASF129:
ARM GAS  C:\Users\ARTEM\AppData\Local\Temp\cce6pwaj.s 			page 96


 3641 36d7 62644861 		.ascii	"bdHandle\000"
 3641      6E646C65 
 3641      00
 3642              	.LASF309:
 3643 36e0 4359424C 		.ascii	"CYBLE_EVT_HIDSS_REPORT_CHAR_WRITE\000"
 3643      455F4556 
 3643      545F4849 
 3643      4453535F 
 3643      5245504F 
 3644              	.LASF142:
 3645 3702 4359424C 		.ascii	"CYBLE_AIOS_CHAR_EXTENDED_PROPERTIES\000"
 3645      455F4149 
 3645      4F535F43 
 3645      4841525F 
 3645      45585445 
 3646              	.LASF367:
 3647 3726 4359424C 		.ascii	"CYBLE_EVT_NDCSC_READ_CHAR_RESPONSE\000"
 3647      455F4556 
 3647      545F4E44 
 3647      4353435F 
 3647      52454144 
 3648              	.LASF0:
 3649 3749 7369676E 		.ascii	"signed char\000"
 3649      65642063 
 3649      68617200 
 3650              	.LASF298:
 3651 3755 4359424C 		.ascii	"CYBLE_EVT_GLSC_NOTIFICATION\000"
 3651      455F4556 
 3651      545F474C 
 3651      53435F4E 
 3651      4F544946 
 3652              	.LASF3:
 3653 3771 73686F72 		.ascii	"short unsigned int\000"
 3653      7420756E 
 3653      7369676E 
 3653      65642069 
 3653      6E7400
 3654              	.LASF54:
 3655 3784 4359424C 		.ascii	"CYBLE_EVT_GATTC_READ_BY_TYPE_RSP\000"
 3655      455F4556 
 3655      545F4741 
 3655      5454435F 
 3655      52454144 
 3656              	.LASF244:
 3657 37a5 4359424C 		.ascii	"CYBLE_EVT_CPSS_INDICATION_ENABLED\000"
 3657      455F4556 
 3657      545F4350 
 3657      53535F49 
 3657      4E444943 
 3658              	.LASF268:
 3659 37c7 4359424C 		.ascii	"CYBLE_EVT_CSCSC_WRITE_DESCR_RESPONSE\000"
 3659      455F4556 
 3659      545F4353 
 3659      4353435F 
 3659      57524954 
 3660              	.LASF429:
 3661 37ec 4359424C 		.ascii	"CYBLE_EVT_UDSS_NOTIFICATION_ENABLED\000"
ARM GAS  C:\Users\ARTEM\AppData\Local\Temp\cce6pwaj.s 			page 97


 3661      455F4556 
 3661      545F5544 
 3661      53535F4E 
 3661      4F544946 
 3662              	.LASF82:
 3663 3810 4359424C 		.ascii	"CYBLE_EVT_L2CAP_CBFC_TX_CREDIT_IND\000"
 3663      455F4556 
 3663      545F4C32 
 3663      4341505F 
 3663      43424643 
 3664              	.LASF366:
 3665 3833 4359424C 		.ascii	"CYBLE_EVT_LNSC_WRITE_DESCR_RESPONSE\000"
 3665      455F4556 
 3665      545F4C4E 
 3665      53435F57 
 3665      52495445 
 3666              	.LASF466:
 3667 3857 6D6F746F 		.ascii	"motorSpeeds\000"
 3667      72537065 
 3667      65647300 
 3668              	.LASF392:
 3669 3863 4359424C 		.ascii	"CYBLE_EVT_PLXSS_INDICATION_CONFIRMED\000"
 3669      455F4556 
 3669      545F504C 
 3669      5853535F 
 3669      494E4449 
 3670              	.LASF418:
 3671 3888 4359424C 		.ascii	"CYBLE_EVT_SCPSC_READ_DESCR_RESPONSE\000"
 3671      455F4556 
 3671      545F5343 
 3671      5053435F 
 3671      52454144 
 3672              	.LASF161:
 3673 38ac 4359424C 		.ascii	"CYBLE_EVT_GATTC_SRVC_DISCOVERY_FAILED\000"
 3673      455F4556 
 3673      545F4741 
 3673      5454435F 
 3673      53525643 
 3674              	.LASF9:
 3675 38d2 75696E74 		.ascii	"uint8\000"
 3675      3800
 3676              	.LASF13:
 3677 38d8 646F7562 		.ascii	"double\000"
 3677      6C6500
 3678              	.LASF251:
 3679 38df 4359424C 		.ascii	"CYBLE_EVT_CPSC_INDICATION\000"
 3679      455F4556 
 3679      545F4350 
 3679      53435F49 
 3679      4E444943 
 3680              	.LASF325:
 3681 38f9 4359424C 		.ascii	"CYBLE_EVT_HRSS_NOTIFICATION_DISABLED\000"
 3681      455F4556 
 3681      545F4852 
 3681      53535F4E 
 3681      4F544946 
 3682              	.LASF119:
ARM GAS  C:\Users\ARTEM\AppData\Local\Temp\cce6pwaj.s 			page 98


 3683 391e 4359424C 		.ascii	"CYBLE_GATTS_ERR_NETWORK_NOT_AVAILABLE\000"
 3683      455F4741 
 3683      5454535F 
 3683      4552525F 
 3683      4E455457 
 3684              	.LASF484:
 3685 3944 4379426C 		.ascii	"CyBle_AiossSetCharacteristicValue\000"
 3685      655F4169 
 3685      6F737353 
 3685      65744368 
 3685      61726163 
 3686              	.LASF242:
 3687 3966 4359424C 		.ascii	"CYBLE_EVT_CPSS_NOTIFICATION_ENABLED\000"
 3687      455F4556 
 3687      545F4350 
 3687      53535F4E 
 3687      4F544946 
 3688              	.LASF200:
 3689 398a 4359424C 		.ascii	"CYBLE_EVT_ANSC_WRITE_CHAR_RESPONSE\000"
 3689      455F4556 
 3689      545F414E 
 3689      53435F57 
 3689      52495445 
 3690              	.LASF431:
 3691 39ad 4359424C 		.ascii	"CYBLE_EVT_UDSS_READ_CHAR\000"
 3691      455F4556 
 3691      545F5544 
 3691      53535F52 
 3691      4541445F 
 3692              	.LASF122:
 3693 39c6 4359424C 		.ascii	"CYBLE_GATT_ERR_ANCS_INVALID_COMMAND\000"
 3693      455F4741 
 3693      54545F45 
 3693      52525F41 
 3693      4E43535F 
 3694              	.LASF285:
 3695 39ea 4359424C 		.ascii	"CYBLE_EVT_ESSC_NOTIFICATION\000"
 3695      455F4556 
 3695      545F4553 
 3695      53435F4E 
 3695      4F544946 
 3696              	.LASF318:
 3697 3a06 4359424C 		.ascii	"CYBLE_EVT_HPSC_NOTIFICATION\000"
 3697      455F4556 
 3697      545F4850 
 3697      53435F4E 
 3697      4F544946 
 3698              	.LASF174:
 3699 3a22 4359424C 		.ascii	"CYBLE_EVT_AIOSS_NOTIFICATION_DISABLED\000"
 3699      455F4556 
 3699      545F4149 
 3699      4F53535F 
 3699      4E4F5449 
 3700              	.LASF369:
 3701 3a48 4359424C 		.ascii	"CYBLE_EVT_OTSS_INDICATION_DISABLED\000"
 3701      455F4556 
 3701      545F4F54 
ARM GAS  C:\Users\ARTEM\AppData\Local\Temp\cce6pwaj.s 			page 99


 3701      53535F49 
 3701      4E444943 
 3702              	.LASF95:
 3703 3a6b 4359424C 		.ascii	"CYBLE_GATT_ERR_REQUEST_NOT_SUPPORTED\000"
 3703      455F4741 
 3703      54545F45 
 3703      52525F52 
 3703      45515545 
 3704              	.LASF333:
 3705 3a90 4359424C 		.ascii	"CYBLE_EVT_HTSS_INDICATION_ENABLED\000"
 3705      455F4556 
 3705      545F4854 
 3705      53535F49 
 3705      4E444943 
 3706              	.LASF148:
 3707 3ab2 636F6E6E 		.ascii	"connHandle\000"
 3707      48616E64 
 3707      6C6500
 3708              	.LASF24:
 3709 3abd 4359424C 		.ascii	"CYBLE_EVT_GAPC_SCAN_PROGRESS_RESULT\000"
 3709      455F4556 
 3709      545F4741 
 3709      50435F53 
 3709      43414E5F 
 3710              	.LASF278:
 3711 3ae1 4359424C 		.ascii	"CYBLE_EVT_ESSS_NOTIFICATION_ENABLED\000"
 3711      455F4556 
 3711      545F4553 
 3711      53535F4E 
 3711      4F544946 
 3712              	.LASF35:
 3713 3b05 4359424C 		.ascii	"CYBLE_EVT_GAPC_SCAN_START_STOP\000"
 3713      455F4556 
 3713      545F4741 
 3713      50435F53 
 3713      43414E5F 
 3714              	.LASF184:
 3715 3b24 4359424C 		.ascii	"CYBLE_EVT_AIOSC_READ_DESCR_RESPONSE\000"
 3715      455F4556 
 3715      545F4149 
 3715      4F53435F 
 3715      52454144 
 3716              	.LASF379:
 3717 3b48 4359424C 		.ascii	"CYBLE_EVT_OTSC_ERROR_RESPONSE\000"
 3717      455F4556 
 3717      545F4F54 
 3717      53435F45 
 3717      52524F52 
 3718              	.LASF458:
 3719 3b66 4359424C 		.ascii	"CYBLE_EVT_WSSC_WRITE_DESCR_RESPONSE\000"
 3719      455F4556 
 3719      545F5753 
 3719      53435F57 
 3719      52495445 
 3720              	.LASF364:
 3721 3b8a 4359424C 		.ascii	"CYBLE_EVT_LNSC_WRITE_CHAR_RESPONSE\000"
 3721      455F4556 
ARM GAS  C:\Users\ARTEM\AppData\Local\Temp\cce6pwaj.s 			page 100


 3721      545F4C4E 
 3721      53435F57 
 3721      52495445 
 3722              	.LASF481:
 3723 3bad 55415254 		.ascii	"UART_UartPutString\000"
 3723      5F556172 
 3723      74507574 
 3723      53747269 
 3723      6E6700
 3724              		.ident	"GCC: (GNU Tools for ARM Embedded Processors) 5.4.1 20160609 (release) [ARM/embedded-5-bran
