ARM GAS  C:\Users\ARTEM\AppData\Local\Temp\ccuSJ5wi.s 			page 1


   1              		.syntax unified
   2              		.cpu cortex-m0
   3              		.fpu softvfp
   4              		.eabi_attribute 20, 1
   5              		.eabi_attribute 21, 1
   6              		.eabi_attribute 23, 3
   7              		.eabi_attribute 24, 1
   8              		.eabi_attribute 25, 1
   9              		.eabi_attribute 26, 1
  10              		.eabi_attribute 30, 1
  11              		.eabi_attribute 34, 0
  12              		.eabi_attribute 18, 4
  13              		.thumb
  14              		.syntax unified
  15              		.file	"Bluetooth_aios.c"
  16              		.text
  17              	.Ltext0:
  18              		.cfi_sections	.debug_frame
  19              		.section	.text.CyBle_AiosRegisterAttrCallback,"ax",%progbits
  20              		.align	2
  21              		.global	CyBle_AiosRegisterAttrCallback
  22              		.code	16
  23              		.thumb_func
  24              		.type	CyBle_AiosRegisterAttrCallback, %function
  25              	CyBle_AiosRegisterAttrCallback:
  26              	.LFB3:
  27              		.file 1 "Generated_Source\\PSoC4\\Bluetooth_aios.c"
   1:Generated_Source\PSoC4/Bluetooth_aios.c **** /***************************************************************************//**
   2:Generated_Source\PSoC4/Bluetooth_aios.c **** * \file CYBLE_aios.c
   3:Generated_Source\PSoC4/Bluetooth_aios.c **** * \version 3.66
   4:Generated_Source\PSoC4/Bluetooth_aios.c **** * 
   5:Generated_Source\PSoC4/Bluetooth_aios.c **** * \brief
   6:Generated_Source\PSoC4/Bluetooth_aios.c **** *  Contains the source code for Automation Input Output Service.
   7:Generated_Source\PSoC4/Bluetooth_aios.c **** * 
   8:Generated_Source\PSoC4/Bluetooth_aios.c **** ********************************************************************************
   9:Generated_Source\PSoC4/Bluetooth_aios.c **** * \copyright
  10:Generated_Source\PSoC4/Bluetooth_aios.c **** * Copyright 2016-2020, Cypress Semiconductor Corporation.  All rights reserved.
  11:Generated_Source\PSoC4/Bluetooth_aios.c **** * You may use this file only in accordance with the license, terms, conditions,
  12:Generated_Source\PSoC4/Bluetooth_aios.c **** * disclaimers, and limitations in the end user license agreement accompanying
  13:Generated_Source\PSoC4/Bluetooth_aios.c **** * the software package with which this file was provided.
  14:Generated_Source\PSoC4/Bluetooth_aios.c **** *******************************************************************************/
  15:Generated_Source\PSoC4/Bluetooth_aios.c **** 
  16:Generated_Source\PSoC4/Bluetooth_aios.c **** #include "Bluetooth_eventHandler.h"
  17:Generated_Source\PSoC4/Bluetooth_aios.c **** #include "Bluetooth_aios.h"
  18:Generated_Source\PSoC4/Bluetooth_aios.c ****  
  19:Generated_Source\PSoC4/Bluetooth_aios.c **** 
  20:Generated_Source\PSoC4/Bluetooth_aios.c **** #ifdef CYBLE_AIOS_SERVER
  21:Generated_Source\PSoC4/Bluetooth_aios.c **** /* Generated code */
  22:Generated_Source\PSoC4/Bluetooth_aios.c **** /* Analog characteristic data */
  23:Generated_Source\PSoC4/Bluetooth_aios.c **** static CYBLE_AIOSS_CHAR_T aiossCharIdx1[0x07u] = {
  24:Generated_Source\PSoC4/Bluetooth_aios.c ****     {
  25:Generated_Source\PSoC4/Bluetooth_aios.c ****         0x0012u, /* Handle of the Left characteristic */ 
  26:Generated_Source\PSoC4/Bluetooth_aios.c ****         
  27:Generated_Source\PSoC4/Bluetooth_aios.c ****             /* Array of Descriptors handles */
  28:Generated_Source\PSoC4/Bluetooth_aios.c ****             {
  29:Generated_Source\PSoC4/Bluetooth_aios.c ****                 0x0013u, /* Handle of the Client Characteristic Configuration descriptor */ 
  30:Generated_Source\PSoC4/Bluetooth_aios.c ****                 0x0014u, /* Handle of the Characteristic Presentation Format descriptor */ 
ARM GAS  C:\Users\ARTEM\AppData\Local\Temp\ccuSJ5wi.s 			page 2


  31:Generated_Source\PSoC4/Bluetooth_aios.c ****                 0x0015u, /* Handle of the Characteristic User Description descriptor */ 
  32:Generated_Source\PSoC4/Bluetooth_aios.c ****                 0x0016u, /* Handle of the Characteristic Extended Properties descriptor */ 
  33:Generated_Source\PSoC4/Bluetooth_aios.c ****                 0x0017u, /* Handle of the Value Trigger Setting descriptor */ 
  34:Generated_Source\PSoC4/Bluetooth_aios.c ****                 0x0018u, /* Handle of the Time Trigger Setting descriptor */ 
  35:Generated_Source\PSoC4/Bluetooth_aios.c ****                 0x0019u, /* Handle of the Valid Range descriptor */ 
  36:Generated_Source\PSoC4/Bluetooth_aios.c ****             }, 
  37:Generated_Source\PSoC4/Bluetooth_aios.c ****     },
  38:Generated_Source\PSoC4/Bluetooth_aios.c ****     {
  39:Generated_Source\PSoC4/Bluetooth_aios.c ****         0x001Bu, /* Handle of the RIght characteristic */ 
  40:Generated_Source\PSoC4/Bluetooth_aios.c ****         
  41:Generated_Source\PSoC4/Bluetooth_aios.c ****             /* Array of Descriptors handles */
  42:Generated_Source\PSoC4/Bluetooth_aios.c ****             {
  43:Generated_Source\PSoC4/Bluetooth_aios.c ****                 0x001Cu, /* Handle of the Client Characteristic Configuration descriptor */ 
  44:Generated_Source\PSoC4/Bluetooth_aios.c ****                 0x001Du, /* Handle of the Characteristic Presentation Format descriptor */ 
  45:Generated_Source\PSoC4/Bluetooth_aios.c ****                 0x001Eu, /* Handle of the Characteristic User Description descriptor */ 
  46:Generated_Source\PSoC4/Bluetooth_aios.c ****                 0x001Fu, /* Handle of the Characteristic Extended Properties descriptor */ 
  47:Generated_Source\PSoC4/Bluetooth_aios.c ****                 0x0020u, /* Handle of the Value Trigger Setting descriptor */ 
  48:Generated_Source\PSoC4/Bluetooth_aios.c ****                 0x0021u, /* Handle of the Time Trigger Setting descriptor */ 
  49:Generated_Source\PSoC4/Bluetooth_aios.c ****                 0x0022u, /* Handle of the Valid Range descriptor */ 
  50:Generated_Source\PSoC4/Bluetooth_aios.c ****             }, 
  51:Generated_Source\PSoC4/Bluetooth_aios.c ****     },
  52:Generated_Source\PSoC4/Bluetooth_aios.c ****     {
  53:Generated_Source\PSoC4/Bluetooth_aios.c ****         0x0024u, /* Handle of the Top characteristic */ 
  54:Generated_Source\PSoC4/Bluetooth_aios.c ****         
  55:Generated_Source\PSoC4/Bluetooth_aios.c ****             /* Array of Descriptors handles */
  56:Generated_Source\PSoC4/Bluetooth_aios.c ****             {
  57:Generated_Source\PSoC4/Bluetooth_aios.c ****                 0x0025u, /* Handle of the Client Characteristic Configuration descriptor */ 
  58:Generated_Source\PSoC4/Bluetooth_aios.c ****                 0x0026u, /* Handle of the Characteristic Presentation Format descriptor */ 
  59:Generated_Source\PSoC4/Bluetooth_aios.c ****                 0x0027u, /* Handle of the Characteristic User Description descriptor */ 
  60:Generated_Source\PSoC4/Bluetooth_aios.c ****                 0x0028u, /* Handle of the Characteristic Extended Properties descriptor */ 
  61:Generated_Source\PSoC4/Bluetooth_aios.c ****                 0x0029u, /* Handle of the Value Trigger Setting descriptor */ 
  62:Generated_Source\PSoC4/Bluetooth_aios.c ****                 0x002Au, /* Handle of the Time Trigger Setting descriptor */ 
  63:Generated_Source\PSoC4/Bluetooth_aios.c ****                 0x002Bu, /* Handle of the Valid Range descriptor */ 
  64:Generated_Source\PSoC4/Bluetooth_aios.c ****             }, 
  65:Generated_Source\PSoC4/Bluetooth_aios.c ****     },
  66:Generated_Source\PSoC4/Bluetooth_aios.c ****     {
  67:Generated_Source\PSoC4/Bluetooth_aios.c ****         0x002Du, /* Handle of the Bottom characteristic */ 
  68:Generated_Source\PSoC4/Bluetooth_aios.c ****         
  69:Generated_Source\PSoC4/Bluetooth_aios.c ****             /* Array of Descriptors handles */
  70:Generated_Source\PSoC4/Bluetooth_aios.c ****             {
  71:Generated_Source\PSoC4/Bluetooth_aios.c ****                 0x002Eu, /* Handle of the Client Characteristic Configuration descriptor */ 
  72:Generated_Source\PSoC4/Bluetooth_aios.c ****                 0x002Fu, /* Handle of the Characteristic Presentation Format descriptor */ 
  73:Generated_Source\PSoC4/Bluetooth_aios.c ****                 0x0030u, /* Handle of the Characteristic User Description descriptor */ 
  74:Generated_Source\PSoC4/Bluetooth_aios.c ****                 0x0031u, /* Handle of the Characteristic Extended Properties descriptor */ 
  75:Generated_Source\PSoC4/Bluetooth_aios.c ****                 0x0032u, /* Handle of the Value Trigger Setting descriptor */ 
  76:Generated_Source\PSoC4/Bluetooth_aios.c ****                 0x0033u, /* Handle of the Time Trigger Setting descriptor */ 
  77:Generated_Source\PSoC4/Bluetooth_aios.c ****                 0x0034u, /* Handle of the Valid Range descriptor */ 
  78:Generated_Source\PSoC4/Bluetooth_aios.c ****             }, 
  79:Generated_Source\PSoC4/Bluetooth_aios.c ****     },
  80:Generated_Source\PSoC4/Bluetooth_aios.c ****     {
  81:Generated_Source\PSoC4/Bluetooth_aios.c ****         0x0036u, /* Handle of the PinServe characteristic */ 
  82:Generated_Source\PSoC4/Bluetooth_aios.c ****         
  83:Generated_Source\PSoC4/Bluetooth_aios.c ****             /* Array of Descriptors handles */
  84:Generated_Source\PSoC4/Bluetooth_aios.c ****             {
  85:Generated_Source\PSoC4/Bluetooth_aios.c ****                 0x0037u, /* Handle of the Client Characteristic Configuration descriptor */ 
  86:Generated_Source\PSoC4/Bluetooth_aios.c ****                 0x0038u, /* Handle of the Characteristic Presentation Format descriptor */ 
  87:Generated_Source\PSoC4/Bluetooth_aios.c ****                 0x0039u, /* Handle of the Characteristic User Description descriptor */ 
ARM GAS  C:\Users\ARTEM\AppData\Local\Temp\ccuSJ5wi.s 			page 3


  88:Generated_Source\PSoC4/Bluetooth_aios.c ****                 0x003Au, /* Handle of the Characteristic Extended Properties descriptor */ 
  89:Generated_Source\PSoC4/Bluetooth_aios.c ****                 0x003Bu, /* Handle of the Value Trigger Setting descriptor */ 
  90:Generated_Source\PSoC4/Bluetooth_aios.c ****                 0x003Cu, /* Handle of the Time Trigger Setting descriptor */ 
  91:Generated_Source\PSoC4/Bluetooth_aios.c ****                 0x003Du, /* Handle of the Valid Range descriptor */ 
  92:Generated_Source\PSoC4/Bluetooth_aios.c ****             }, 
  93:Generated_Source\PSoC4/Bluetooth_aios.c ****     },
  94:Generated_Source\PSoC4/Bluetooth_aios.c ****     {
  95:Generated_Source\PSoC4/Bluetooth_aios.c ****         0x003Fu, /* Handle of the Enable characteristic */ 
  96:Generated_Source\PSoC4/Bluetooth_aios.c ****         
  97:Generated_Source\PSoC4/Bluetooth_aios.c ****             /* Array of Descriptors handles */
  98:Generated_Source\PSoC4/Bluetooth_aios.c ****             {
  99:Generated_Source\PSoC4/Bluetooth_aios.c ****                 0x0040u, /* Handle of the Client Characteristic Configuration descriptor */ 
 100:Generated_Source\PSoC4/Bluetooth_aios.c ****                 0x0041u, /* Handle of the Characteristic Presentation Format descriptor */ 
 101:Generated_Source\PSoC4/Bluetooth_aios.c ****                 0x0042u, /* Handle of the Characteristic User Description descriptor */ 
 102:Generated_Source\PSoC4/Bluetooth_aios.c ****                 0x0043u, /* Handle of the Characteristic Extended Properties descriptor */ 
 103:Generated_Source\PSoC4/Bluetooth_aios.c ****                 0x0044u, /* Handle of the Value Trigger Setting descriptor */ 
 104:Generated_Source\PSoC4/Bluetooth_aios.c ****                 0x0045u, /* Handle of the Time Trigger Setting descriptor */ 
 105:Generated_Source\PSoC4/Bluetooth_aios.c ****                 0x0046u, /* Handle of the Valid Range descriptor */ 
 106:Generated_Source\PSoC4/Bluetooth_aios.c ****             }, 
 107:Generated_Source\PSoC4/Bluetooth_aios.c ****     },
 108:Generated_Source\PSoC4/Bluetooth_aios.c ****     {
 109:Generated_Source\PSoC4/Bluetooth_aios.c ****         0x0048u, /* Handle of the Difficulty characteristic */ 
 110:Generated_Source\PSoC4/Bluetooth_aios.c ****         
 111:Generated_Source\PSoC4/Bluetooth_aios.c ****             /* Array of Descriptors handles */
 112:Generated_Source\PSoC4/Bluetooth_aios.c ****             {
 113:Generated_Source\PSoC4/Bluetooth_aios.c ****                 0x0049u, /* Handle of the Client Characteristic Configuration descriptor */ 
 114:Generated_Source\PSoC4/Bluetooth_aios.c ****                 0x004Au, /* Handle of the Characteristic Presentation Format descriptor */ 
 115:Generated_Source\PSoC4/Bluetooth_aios.c ****                 0x004Bu, /* Handle of the Characteristic User Description descriptor */ 
 116:Generated_Source\PSoC4/Bluetooth_aios.c ****                 0x004Cu, /* Handle of the Characteristic Extended Properties descriptor */ 
 117:Generated_Source\PSoC4/Bluetooth_aios.c ****                 0x004Du, /* Handle of the Value Trigger Setting descriptor */ 
 118:Generated_Source\PSoC4/Bluetooth_aios.c ****                 0x004Eu, /* Handle of the Time Trigger Setting descriptor */ 
 119:Generated_Source\PSoC4/Bluetooth_aios.c ****                 0x004Fu, /* Handle of the Valid Range descriptor */ 
 120:Generated_Source\PSoC4/Bluetooth_aios.c ****             }, 
 121:Generated_Source\PSoC4/Bluetooth_aios.c ****     },
 122:Generated_Source\PSoC4/Bluetooth_aios.c **** };
 123:Generated_Source\PSoC4/Bluetooth_aios.c **** 
 124:Generated_Source\PSoC4/Bluetooth_aios.c **** /* Aggregate characteristic data */
 125:Generated_Source\PSoC4/Bluetooth_aios.c **** static CYBLE_AIOSS_CHAR_T aiossCharIdx2[0x01u] = {
 126:Generated_Source\PSoC4/Bluetooth_aios.c ****     {
 127:Generated_Source\PSoC4/Bluetooth_aios.c ****         0x0051u, /* Handle of the Aggregate characteristic */ 
 128:Generated_Source\PSoC4/Bluetooth_aios.c ****         
 129:Generated_Source\PSoC4/Bluetooth_aios.c ****             /* Array of Descriptors handles */
 130:Generated_Source\PSoC4/Bluetooth_aios.c ****             {
 131:Generated_Source\PSoC4/Bluetooth_aios.c ****                 0x0052u, /* Handle of the Client Characteristic Configuration descriptor */ 
 132:Generated_Source\PSoC4/Bluetooth_aios.c ****                 CYBLE_GATT_INVALID_ATTR_HANDLE_VALUE, 
 133:Generated_Source\PSoC4/Bluetooth_aios.c ****                 CYBLE_GATT_INVALID_ATTR_HANDLE_VALUE, 
 134:Generated_Source\PSoC4/Bluetooth_aios.c ****                 CYBLE_GATT_INVALID_ATTR_HANDLE_VALUE, 
 135:Generated_Source\PSoC4/Bluetooth_aios.c ****                 CYBLE_GATT_INVALID_ATTR_HANDLE_VALUE, 
 136:Generated_Source\PSoC4/Bluetooth_aios.c ****                 CYBLE_GATT_INVALID_ATTR_HANDLE_VALUE, 
 137:Generated_Source\PSoC4/Bluetooth_aios.c ****                 CYBLE_GATT_INVALID_ATTR_HANDLE_VALUE, 
 138:Generated_Source\PSoC4/Bluetooth_aios.c ****             }, 
 139:Generated_Source\PSoC4/Bluetooth_aios.c ****     },
 140:Generated_Source\PSoC4/Bluetooth_aios.c **** };
 141:Generated_Source\PSoC4/Bluetooth_aios.c **** 
 142:Generated_Source\PSoC4/Bluetooth_aios.c **** /* Number of AIOS characteristics instances */
 143:Generated_Source\PSoC4/Bluetooth_aios.c **** uint8 cyBle_aiossCharInstances[0x03u] = {
 144:Generated_Source\PSoC4/Bluetooth_aios.c ****     0x00u, 0x07u, 0x01u
ARM GAS  C:\Users\ARTEM\AppData\Local\Temp\ccuSJ5wi.s 			page 4


 145:Generated_Source\PSoC4/Bluetooth_aios.c **** };
 146:Generated_Source\PSoC4/Bluetooth_aios.c **** 
 147:Generated_Source\PSoC4/Bluetooth_aios.c **** const CYBLE_AIOSS_T cyBle_aioss =
 148:Generated_Source\PSoC4/Bluetooth_aios.c **** {
 149:Generated_Source\PSoC4/Bluetooth_aios.c ****     0x0010u,    /* Handle of the AIOS service */
 150:Generated_Source\PSoC4/Bluetooth_aios.c ****     {
 151:Generated_Source\PSoC4/Bluetooth_aios.c ****         {
 152:Generated_Source\PSoC4/Bluetooth_aios.c ****             NULL, /* Handle of the Digital characteristic */ 
 153:Generated_Source\PSoC4/Bluetooth_aios.c ****         }, 
 154:Generated_Source\PSoC4/Bluetooth_aios.c ****         {
 155:Generated_Source\PSoC4/Bluetooth_aios.c ****             &aiossCharIdx1[0], /* Handle of the Analog characteristic */ 
 156:Generated_Source\PSoC4/Bluetooth_aios.c ****         }, 
 157:Generated_Source\PSoC4/Bluetooth_aios.c ****         {
 158:Generated_Source\PSoC4/Bluetooth_aios.c ****             &aiossCharIdx2[0], /* Handle of the Aggregate characteristic */ 
 159:Generated_Source\PSoC4/Bluetooth_aios.c ****         }, 
 160:Generated_Source\PSoC4/Bluetooth_aios.c ****     },
 161:Generated_Source\PSoC4/Bluetooth_aios.c **** };
 162:Generated_Source\PSoC4/Bluetooth_aios.c **** 
 163:Generated_Source\PSoC4/Bluetooth_aios.c **** /* End of generated code */
 164:Generated_Source\PSoC4/Bluetooth_aios.c ****     
 165:Generated_Source\PSoC4/Bluetooth_aios.c **** static CYBLE_GATT_DB_ATTR_HANDLE_T cyBle_aiossReqHandle;
 166:Generated_Source\PSoC4/Bluetooth_aios.c **** 
 167:Generated_Source\PSoC4/Bluetooth_aios.c **** #endif /* CYBLE_AIOS_SERVER */
 168:Generated_Source\PSoC4/Bluetooth_aios.c **** 
 169:Generated_Source\PSoC4/Bluetooth_aios.c **** #ifdef CYBLE_AIOS_CLIENT
 170:Generated_Source\PSoC4/Bluetooth_aios.c **** /* Generated code */
 171:Generated_Source\PSoC4/Bluetooth_aios.c **** 
 172:Generated_Source\PSoC4/Bluetooth_aios.c **** /* End of generated code */
 173:Generated_Source\PSoC4/Bluetooth_aios.c **** 
 174:Generated_Source\PSoC4/Bluetooth_aios.c **** static CYBLE_GATT_DB_ATTR_HANDLE_T cyBle_aioscReqHandle;
 175:Generated_Source\PSoC4/Bluetooth_aios.c **** 
 176:Generated_Source\PSoC4/Bluetooth_aios.c **** uint8 cyBle_aioscActiveCharIndex = 0u;
 177:Generated_Source\PSoC4/Bluetooth_aios.c **** uint8 cyBle_aioscActiveCharInstance = 0u;
 178:Generated_Source\PSoC4/Bluetooth_aios.c **** uint8 cyBle_aioscPrevCharInstIndex;
 179:Generated_Source\PSoC4/Bluetooth_aios.c **** 
 180:Generated_Source\PSoC4/Bluetooth_aios.c **** #endif /* (CYBLE_AIOS_CLIENT) */
 181:Generated_Source\PSoC4/Bluetooth_aios.c **** 
 182:Generated_Source\PSoC4/Bluetooth_aios.c **** static CYBLE_CALLBACK_T CyBle_AiosApplCallback = NULL;
 183:Generated_Source\PSoC4/Bluetooth_aios.c **** 
 184:Generated_Source\PSoC4/Bluetooth_aios.c **** /******************************************************************************
 185:Generated_Source\PSoC4/Bluetooth_aios.c **** * Function Name: CyBle_AiosInit
 186:Generated_Source\PSoC4/Bluetooth_aios.c **** ***************************************************************************//**
 187:Generated_Source\PSoC4/Bluetooth_aios.c **** * 
 188:Generated_Source\PSoC4/Bluetooth_aios.c **** *  This function initializes the Automation IO Service.
 189:Generated_Source\PSoC4/Bluetooth_aios.c **** * 
 190:Generated_Source\PSoC4/Bluetooth_aios.c **** ******************************************************************************/
 191:Generated_Source\PSoC4/Bluetooth_aios.c **** void CyBle_AiosInit(void)
 192:Generated_Source\PSoC4/Bluetooth_aios.c **** {
 193:Generated_Source\PSoC4/Bluetooth_aios.c **** #ifdef CYBLE_AIOS_CLIENT
 194:Generated_Source\PSoC4/Bluetooth_aios.c ****    
 195:Generated_Source\PSoC4/Bluetooth_aios.c ****     uint8 i;
 196:Generated_Source\PSoC4/Bluetooth_aios.c ****     uint8 j;
 197:Generated_Source\PSoC4/Bluetooth_aios.c **** 
 198:Generated_Source\PSoC4/Bluetooth_aios.c ****     cyBle_aioscActiveCharIndex = 0u;
 199:Generated_Source\PSoC4/Bluetooth_aios.c ****     cyBle_aioscActiveCharInstance = 0u;
 200:Generated_Source\PSoC4/Bluetooth_aios.c ****     cyBle_aioscPrevCharInstIndex = 0u;
 201:Generated_Source\PSoC4/Bluetooth_aios.c **** 
ARM GAS  C:\Users\ARTEM\AppData\Local\Temp\ccuSJ5wi.s 			page 5


 202:Generated_Source\PSoC4/Bluetooth_aios.c ****     if(cyBle_serverInfo[CYBLE_SRVI_AIOS].range.startHandle == CYBLE_GATT_INVALID_ATTR_HANDLE_VALUE)
 203:Generated_Source\PSoC4/Bluetooth_aios.c ****     {
 204:Generated_Source\PSoC4/Bluetooth_aios.c ****         for(i = (uint8) CYBLE_AIOS_DIGITAL; (i < ((uint8) CYBLE_AIOS_CHAR_COUNT)); i++)
 205:Generated_Source\PSoC4/Bluetooth_aios.c ****         {
 206:Generated_Source\PSoC4/Bluetooth_aios.c ****             for(j = 0u; j < cyBle_aioscCharInstances[i]; j++)
 207:Generated_Source\PSoC4/Bluetooth_aios.c ****             {
 208:Generated_Source\PSoC4/Bluetooth_aios.c ****                 (void) memset(&cyBle_aiosc.charInfoAddr[i].charInfoPtr[j], 0, sizeof(CYBLE_AIOSC_CH
 209:Generated_Source\PSoC4/Bluetooth_aios.c ****             }
 210:Generated_Source\PSoC4/Bluetooth_aios.c ****         }
 211:Generated_Source\PSoC4/Bluetooth_aios.c ****     }
 212:Generated_Source\PSoC4/Bluetooth_aios.c ****     cyBle_aioscReqHandle = CYBLE_GATT_INVALID_ATTR_HANDLE_VALUE;
 213:Generated_Source\PSoC4/Bluetooth_aios.c ****     
 214:Generated_Source\PSoC4/Bluetooth_aios.c **** #endif /* CYBLE_AIOS_CLIENT */
 215:Generated_Source\PSoC4/Bluetooth_aios.c **** 
 216:Generated_Source\PSoC4/Bluetooth_aios.c **** #ifdef CYBLE_AIOS_SERVER
 217:Generated_Source\PSoC4/Bluetooth_aios.c ****     (void)CyBle_AiosSetAggregateChar();
 218:Generated_Source\PSoC4/Bluetooth_aios.c **** #endif /* CYBLE_AIOS_SERVER */
 219:Generated_Source\PSoC4/Bluetooth_aios.c **** 
 220:Generated_Source\PSoC4/Bluetooth_aios.c **** }
 221:Generated_Source\PSoC4/Bluetooth_aios.c **** 
 222:Generated_Source\PSoC4/Bluetooth_aios.c **** /******************************************************************************
 223:Generated_Source\PSoC4/Bluetooth_aios.c **** * Function Name: CyBle_AiosRegisterAttrCallback
 224:Generated_Source\PSoC4/Bluetooth_aios.c **** ***************************************************************************//**
 225:Generated_Source\PSoC4/Bluetooth_aios.c **** * 
 226:Generated_Source\PSoC4/Bluetooth_aios.c **** *  Registers a callback function for service specific attribute operations.
 227:Generated_Source\PSoC4/Bluetooth_aios.c **** *  Service specific write requests from peer device will not be handled with
 228:Generated_Source\PSoC4/Bluetooth_aios.c **** *  unregistered callback function.
 229:Generated_Source\PSoC4/Bluetooth_aios.c **** * 
 230:Generated_Source\PSoC4/Bluetooth_aios.c **** *  \param callbackFunc:  An application layer event callback function to receive
 231:Generated_Source\PSoC4/Bluetooth_aios.c **** *                 events from the BLE Component. The definition of
 232:Generated_Source\PSoC4/Bluetooth_aios.c **** *                 CYBLE_CALLBACK_T for AIOS Service is:\n
 233:Generated_Source\PSoC4/Bluetooth_aios.c **** *                 typedef void (* CYBLE_CALLBACK_T) (uint32 eventCode,
 234:Generated_Source\PSoC4/Bluetooth_aios.c **** *                                                    void *eventParam)
 235:Generated_Source\PSoC4/Bluetooth_aios.c **** *                 * eventCode:  Indicates the event that triggered this callback
 236:Generated_Source\PSoC4/Bluetooth_aios.c **** *                   (e.g. CYBLE_EVT_AIOS_NOTIFICATION_ENABLED).
 237:Generated_Source\PSoC4/Bluetooth_aios.c **** *                 * eventParam: Contains the parameters corresponding to the
 238:Generated_Source\PSoC4/Bluetooth_aios.c **** *                   current event. (e.g. Pointer to CYBLE_AIOS_CHAR_VALUE_T
 239:Generated_Source\PSoC4/Bluetooth_aios.c **** *                   structure that contains details of the characteristic
 240:Generated_Source\PSoC4/Bluetooth_aios.c **** *                   for which the notification enabled event was triggered).
 241:Generated_Source\PSoC4/Bluetooth_aios.c **** * 
 242:Generated_Source\PSoC4/Bluetooth_aios.c **** ******************************************************************************/
 243:Generated_Source\PSoC4/Bluetooth_aios.c **** void CyBle_AiosRegisterAttrCallback(CYBLE_CALLBACK_T callbackFunc)
 244:Generated_Source\PSoC4/Bluetooth_aios.c **** {
  28              		.loc 1 244 0
  29              		.cfi_startproc
  30              		@ args = 0, pretend = 0, frame = 0
  31              		@ frame_needed = 0, uses_anonymous_args = 0
  32              		@ link register save eliminated.
  33              	.LVL0:
 245:Generated_Source\PSoC4/Bluetooth_aios.c ****     CyBle_AiosApplCallback = callbackFunc;
  34              		.loc 1 245 0
  35 0000 014B     		ldr	r3, .L2
  36 0002 1860     		str	r0, [r3]
 246:Generated_Source\PSoC4/Bluetooth_aios.c ****     
 247:Generated_Source\PSoC4/Bluetooth_aios.c **** }
  37              		.loc 1 247 0
  38              		@ sp needed
ARM GAS  C:\Users\ARTEM\AppData\Local\Temp\ccuSJ5wi.s 			page 6


  39 0004 7047     		bx	lr
  40              	.L3:
  41 0006 C046     		.align	2
  42              	.L2:
  43 0008 00000000 		.word	.LANCHOR0
  44              		.cfi_endproc
  45              	.LFE3:
  46              		.size	CyBle_AiosRegisterAttrCallback, .-CyBle_AiosRegisterAttrCallback
  47              		.section	.text.CyBle_AiossGetCharacteristicValue,"ax",%progbits
  48              		.align	2
  49              		.global	CyBle_AiossGetCharacteristicValue
  50              		.code	16
  51              		.thumb_func
  52              		.type	CyBle_AiossGetCharacteristicValue, %function
  53              	CyBle_AiossGetCharacteristicValue:
  54              	.LFB6:
 248:Generated_Source\PSoC4/Bluetooth_aios.c **** 
 249:Generated_Source\PSoC4/Bluetooth_aios.c **** #ifdef CYBLE_AIOS_SERVER
 250:Generated_Source\PSoC4/Bluetooth_aios.c **** 
 251:Generated_Source\PSoC4/Bluetooth_aios.c **** /******************************************************************************
 252:Generated_Source\PSoC4/Bluetooth_aios.c **** * Function Name: CyBle_AiossWriteEventHandler
 253:Generated_Source\PSoC4/Bluetooth_aios.c **** ***************************************************************************//**
 254:Generated_Source\PSoC4/Bluetooth_aios.c **** * 
 255:Generated_Source\PSoC4/Bluetooth_aios.c **** *  Handles the Write Request Event.
 256:Generated_Source\PSoC4/Bluetooth_aios.c **** * 
 257:Generated_Source\PSoC4/Bluetooth_aios.c **** *  \param eventParam: The pointer to the data structure specified by the event.
 258:Generated_Source\PSoC4/Bluetooth_aios.c **** * 
 259:Generated_Source\PSoC4/Bluetooth_aios.c **** * \return
 260:Generated_Source\PSoC4/Bluetooth_aios.c **** *  CYBLE_GATT_ERR_CODE_T - A function return state if it succeeded
 261:Generated_Source\PSoC4/Bluetooth_aios.c **** *  (CYBLE_GATT_ERR_NONE) or failed with error codes:
 262:Generated_Source\PSoC4/Bluetooth_aios.c **** *   * CYBLE_GATTS_ERR_PROCEDURE_ALREADY_IN_PROGRESS - profile or service
 263:Generated_Source\PSoC4/Bluetooth_aios.c **** *                           request cannot be serviced because an operation t
 264:Generated_Source\PSoC4/Bluetooth_aios.c **** *                           hat has been previously triggered is still in
 265:Generated_Source\PSoC4/Bluetooth_aios.c **** *                           progress.
 266:Generated_Source\PSoC4/Bluetooth_aios.c **** *   * CYBLE_GATTS_ERR_CCCD_IMPROPERLY_CONFIGURED - Client Characteristic 
 267:Generated_Source\PSoC4/Bluetooth_aios.c ****                             Configuration descriptor is not configured according
 268:Generated_Source\PSoC4/Bluetooth_aios.c **** *                           to the requirements of the profile or service.       
 269:Generated_Source\PSoC4/Bluetooth_aios.c **** * 
 270:Generated_Source\PSoC4/Bluetooth_aios.c **** ******************************************************************************/
 271:Generated_Source\PSoC4/Bluetooth_aios.c **** CYBLE_GATT_ERR_CODE_T CyBle_AiossWriteEventHandler(CYBLE_GATTS_WRITE_REQ_PARAM_T *eventParam)
 272:Generated_Source\PSoC4/Bluetooth_aios.c **** {
 273:Generated_Source\PSoC4/Bluetooth_aios.c ****     uint8 i;
 274:Generated_Source\PSoC4/Bluetooth_aios.c ****     uint8 j;
 275:Generated_Source\PSoC4/Bluetooth_aios.c ****     CYBLE_GATT_ERR_CODE_T gattErr = CYBLE_GATT_ERR_NONE;
 276:Generated_Source\PSoC4/Bluetooth_aios.c ****     CYBLE_GATT_DB_ATTR_HANDLE_T tmpHandle;
 277:Generated_Source\PSoC4/Bluetooth_aios.c ****     uint8 foundItem = CYBLE_AIOS_UNDEFINED_ITEM;
 278:Generated_Source\PSoC4/Bluetooth_aios.c ****     CYBLE_AIOSS_CHAR_T *aiosCharInfoPtr;
 279:Generated_Source\PSoC4/Bluetooth_aios.c ****     CYBLE_AIOS_DESCR_VALUE_T wrDescrReqParam;
 280:Generated_Source\PSoC4/Bluetooth_aios.c ****     uint32 event = 0u;
 281:Generated_Source\PSoC4/Bluetooth_aios.c ****     CYBLE_AIOS_CHAR_VALUE_T wrCharReqParam;
 282:Generated_Source\PSoC4/Bluetooth_aios.c ****     uint8 descInd;
 283:Generated_Source\PSoC4/Bluetooth_aios.c ****     
 284:Generated_Source\PSoC4/Bluetooth_aios.c ****     tmpHandle = eventParam->handleValPair.attrHandle;
 285:Generated_Source\PSoC4/Bluetooth_aios.c ****     
 286:Generated_Source\PSoC4/Bluetooth_aios.c ****     if(CyBle_AiosApplCallback != NULL)
 287:Generated_Source\PSoC4/Bluetooth_aios.c ****     {
 288:Generated_Source\PSoC4/Bluetooth_aios.c ****         /* Go through all possible Service characteristics.
ARM GAS  C:\Users\ARTEM\AppData\Local\Temp\ccuSJ5wi.s 			page 7


 289:Generated_Source\PSoC4/Bluetooth_aios.c ****         * Exit the handler in following conditions:
 290:Generated_Source\PSoC4/Bluetooth_aios.c ****         * 1) No more characteristic left;
 291:Generated_Source\PSoC4/Bluetooth_aios.c ****         * 2) Characteristic or descriptor was successfully written;
 292:Generated_Source\PSoC4/Bluetooth_aios.c ****         * 3) Error occurred while writing characteristic or descriptor.
 293:Generated_Source\PSoC4/Bluetooth_aios.c ****         */
 294:Generated_Source\PSoC4/Bluetooth_aios.c ****         for(i = 0u; ((i < ((uint8) CYBLE_AIOS_CHAR_COUNT)) && (foundItem == 0u) && (gattErr == CYBL
 295:Generated_Source\PSoC4/Bluetooth_aios.c ****             i++)
 296:Generated_Source\PSoC4/Bluetooth_aios.c ****         {
 297:Generated_Source\PSoC4/Bluetooth_aios.c ****             /* Check if characteristic is enabled. If the pointer to the characteristic
 298:Generated_Source\PSoC4/Bluetooth_aios.c ****             * is not "NULL", there is at least one instance of the characteristic in
 299:Generated_Source\PSoC4/Bluetooth_aios.c ****             * the AIO Service.
 300:Generated_Source\PSoC4/Bluetooth_aios.c ****             */
 301:Generated_Source\PSoC4/Bluetooth_aios.c ****             
 302:Generated_Source\PSoC4/Bluetooth_aios.c ****             if(cyBle_aioss.charInfoAddr[i].charInfoPtr != NULL)
 303:Generated_Source\PSoC4/Bluetooth_aios.c ****             {   
 304:Generated_Source\PSoC4/Bluetooth_aios.c ****                 for(j = 0u; j < cyBle_aiossCharInstances[i]; j++)
 305:Generated_Source\PSoC4/Bluetooth_aios.c ****                 {
 306:Generated_Source\PSoC4/Bluetooth_aios.c ****                     aiosCharInfoPtr = &cyBle_aioss.charInfoAddr[i].charInfoPtr[j];
 307:Generated_Source\PSoC4/Bluetooth_aios.c ****                     
 308:Generated_Source\PSoC4/Bluetooth_aios.c ****                     /* Client Characteristic Write Request handling */
 309:Generated_Source\PSoC4/Bluetooth_aios.c ****                     if(tmpHandle == aiosCharInfoPtr->charHandle)
 310:Generated_Source\PSoC4/Bluetooth_aios.c ****                     {
 311:Generated_Source\PSoC4/Bluetooth_aios.c ****                         wrDescrReqParam.descrIndex = CYBLE_AIOS_DESCR_COUNT;
 312:Generated_Source\PSoC4/Bluetooth_aios.c ****                         foundItem = CYBLE_AIOS_CHARACTERISTIC_ITEM;
 313:Generated_Source\PSoC4/Bluetooth_aios.c ****                     }                
 314:Generated_Source\PSoC4/Bluetooth_aios.c ****                     
 315:Generated_Source\PSoC4/Bluetooth_aios.c ****                     /* Client Characteristic Descriptor Write Request handling */
 316:Generated_Source\PSoC4/Bluetooth_aios.c ****                     else
 317:Generated_Source\PSoC4/Bluetooth_aios.c ****                     {
 318:Generated_Source\PSoC4/Bluetooth_aios.c ****                         /* No handle match was found */
 319:Generated_Source\PSoC4/Bluetooth_aios.c ****                         wrDescrReqParam.descrIndex = CYBLE_AIOS_DESCR_COUNT;
 320:Generated_Source\PSoC4/Bluetooth_aios.c ****                         
 321:Generated_Source\PSoC4/Bluetooth_aios.c ****                         for(descInd = 0u; (descInd < (uint8)CYBLE_AIOS_DESCR_COUNT) && (foundItem !
 322:Generated_Source\PSoC4/Bluetooth_aios.c ****                         {
 323:Generated_Source\PSoC4/Bluetooth_aios.c **** 	                        if(aiosCharInfoPtr->descrHandle[descInd] == tmpHandle)
 324:Generated_Source\PSoC4/Bluetooth_aios.c **** 	                        {
 325:Generated_Source\PSoC4/Bluetooth_aios.c **** 		                        wrDescrReqParam.descrIndex = (CYBLE_AIOS_DESCR_INDEX_T)descInd;
 326:Generated_Source\PSoC4/Bluetooth_aios.c **** 		                        foundItem = CYBLE_AIOS_DESCRIPTOR_ITEM;
 327:Generated_Source\PSoC4/Bluetooth_aios.c **** 	                        }
 328:Generated_Source\PSoC4/Bluetooth_aios.c ****                         }
 329:Generated_Source\PSoC4/Bluetooth_aios.c ****                     }
 330:Generated_Source\PSoC4/Bluetooth_aios.c ****                        
 331:Generated_Source\PSoC4/Bluetooth_aios.c ****                     /* Verify if requested handle was found and successfully handled */
 332:Generated_Source\PSoC4/Bluetooth_aios.c ****                     if((gattErr == CYBLE_GATT_ERR_NONE) && (foundItem == CYBLE_AIOS_DESCRIPTOR_ITEM
 333:Generated_Source\PSoC4/Bluetooth_aios.c ****                     {
 334:Generated_Source\PSoC4/Bluetooth_aios.c ****                         switch(wrDescrReqParam.descrIndex)
 335:Generated_Source\PSoC4/Bluetooth_aios.c ****                         {
 336:Generated_Source\PSoC4/Bluetooth_aios.c ****                         case CYBLE_AIOS_CCCD :
 337:Generated_Source\PSoC4/Bluetooth_aios.c ****                              /* Verify that optional notification property is enabled for character
 338:Generated_Source\PSoC4/Bluetooth_aios.c ****                             if(CYBLE_IS_NOTIFICATION_SUPPORTED(aiosCharInfoPtr->charHandle))
 339:Generated_Source\PSoC4/Bluetooth_aios.c ****                             {
 340:Generated_Source\PSoC4/Bluetooth_aios.c ****                                 if(CYBLE_IS_NOTIFICATION_ENABLED_IN_PTR(eventParam->handleValPair.v
 341:Generated_Source\PSoC4/Bluetooth_aios.c ****                                 {
 342:Generated_Source\PSoC4/Bluetooth_aios.c ****                                     event = (uint32)CYBLE_EVT_AIOSS_NOTIFICATION_ENABLED;
 343:Generated_Source\PSoC4/Bluetooth_aios.c ****                                 }
 344:Generated_Source\PSoC4/Bluetooth_aios.c ****                                 else
 345:Generated_Source\PSoC4/Bluetooth_aios.c ****                                 {
ARM GAS  C:\Users\ARTEM\AppData\Local\Temp\ccuSJ5wi.s 			page 8


 346:Generated_Source\PSoC4/Bluetooth_aios.c ****                                     event = (uint32)CYBLE_EVT_AIOSS_NOTIFICATION_DISABLED;
 347:Generated_Source\PSoC4/Bluetooth_aios.c ****                                 }
 348:Generated_Source\PSoC4/Bluetooth_aios.c **** 
 349:Generated_Source\PSoC4/Bluetooth_aios.c ****                             #if((CYBLE_GAP_ROLE_PERIPHERAL || CYBLE_GAP_ROLE_CENTRAL) && \
 350:Generated_Source\PSoC4/Bluetooth_aios.c ****                                 (CYBLE_BONDING_REQUIREMENT == CYBLE_BONDING_YES))
 351:Generated_Source\PSoC4/Bluetooth_aios.c ****                                 /* Set flag to store bonding data to flash */
 352:Generated_Source\PSoC4/Bluetooth_aios.c ****                                 if(cyBle_peerBonding == CYBLE_GAP_BONDING)
 353:Generated_Source\PSoC4/Bluetooth_aios.c ****                                 {
 354:Generated_Source\PSoC4/Bluetooth_aios.c ****                                     cyBle_pendingFlashWrite |= CYBLE_PENDING_CCCD_FLASH_WRITE_BIT;
 355:Generated_Source\PSoC4/Bluetooth_aios.c ****                                 }
 356:Generated_Source\PSoC4/Bluetooth_aios.c ****                             #endif /* (CYBLE_BONDING_REQUIREMENT == CYBLE_BONDING_YES) */
 357:Generated_Source\PSoC4/Bluetooth_aios.c ****                             }
 358:Generated_Source\PSoC4/Bluetooth_aios.c ****                             else if(CYBLE_IS_INDICATION_SUPPORTED(aiosCharInfoPtr->charHandle))
 359:Generated_Source\PSoC4/Bluetooth_aios.c ****                             {
 360:Generated_Source\PSoC4/Bluetooth_aios.c ****                                 if(CYBLE_IS_INDICATION_ENABLED_IN_PTR(eventParam->handleValPair.val
 361:Generated_Source\PSoC4/Bluetooth_aios.c ****                                 {
 362:Generated_Source\PSoC4/Bluetooth_aios.c ****                                     event = (uint32)CYBLE_EVT_AIOSS_INDICATION_ENABLED;
 363:Generated_Source\PSoC4/Bluetooth_aios.c ****                                 }
 364:Generated_Source\PSoC4/Bluetooth_aios.c ****                                 else
 365:Generated_Source\PSoC4/Bluetooth_aios.c ****                                 {
 366:Generated_Source\PSoC4/Bluetooth_aios.c ****                                     event = (uint32)CYBLE_EVT_AIOSS_INDICATION_DISABLED;
 367:Generated_Source\PSoC4/Bluetooth_aios.c ****                                 }
 368:Generated_Source\PSoC4/Bluetooth_aios.c **** 
 369:Generated_Source\PSoC4/Bluetooth_aios.c ****                             #if((CYBLE_GAP_ROLE_PERIPHERAL || CYBLE_GAP_ROLE_CENTRAL) && \
 370:Generated_Source\PSoC4/Bluetooth_aios.c ****                                 (CYBLE_BONDING_REQUIREMENT == CYBLE_BONDING_YES))
 371:Generated_Source\PSoC4/Bluetooth_aios.c ****                                 /* Set flag to store bonding data to flash */
 372:Generated_Source\PSoC4/Bluetooth_aios.c ****                                 if(cyBle_peerBonding == CYBLE_GAP_BONDING)
 373:Generated_Source\PSoC4/Bluetooth_aios.c ****                                 {
 374:Generated_Source\PSoC4/Bluetooth_aios.c ****                                     cyBle_pendingFlashWrite |= CYBLE_PENDING_CCCD_FLASH_WRITE_BIT;
 375:Generated_Source\PSoC4/Bluetooth_aios.c ****                                 }
 376:Generated_Source\PSoC4/Bluetooth_aios.c ****                             #endif /* (CYBLE_BONDING_REQUIREMENT == CYBLE_BONDING_YES) */
 377:Generated_Source\PSoC4/Bluetooth_aios.c ****                             }
 378:Generated_Source\PSoC4/Bluetooth_aios.c ****                             else
 379:Generated_Source\PSoC4/Bluetooth_aios.c ****                             {
 380:Generated_Source\PSoC4/Bluetooth_aios.c ****                                 gattErr = CYBLE_GATT_ERR_REQUEST_NOT_SUPPORTED;
 381:Generated_Source\PSoC4/Bluetooth_aios.c ****                             }
 382:Generated_Source\PSoC4/Bluetooth_aios.c ****                             break;
 383:Generated_Source\PSoC4/Bluetooth_aios.c ****                             
 384:Generated_Source\PSoC4/Bluetooth_aios.c ****                         case CYBLE_AIOS_CHAR_USER_DESCRIPTION_DESCR:
 385:Generated_Source\PSoC4/Bluetooth_aios.c ****                             if(CYBLE_GATT_DB_ATTR_GET_ATTR_GEN_MAX_LEN(
 386:Generated_Source\PSoC4/Bluetooth_aios.c ****                                 aiosCharInfoPtr->descrHandle[CYBLE_AIOS_CHAR_USER_DESCRIPTION_DESCR
 387:Generated_Source\PSoC4/Bluetooth_aios.c ****                                     eventParam->handleValPair.value.len)
 388:Generated_Source\PSoC4/Bluetooth_aios.c ****                             {
 389:Generated_Source\PSoC4/Bluetooth_aios.c ****                                 /* Set new length of the descriptor value */
 390:Generated_Source\PSoC4/Bluetooth_aios.c ****                                 CYBLE_GATT_DB_ATTR_SET_ATTR_GEN_LEN(
 391:Generated_Source\PSoC4/Bluetooth_aios.c ****                                     aiosCharInfoPtr->descrHandle[CYBLE_AIOS_CHAR_USER_DESCRIPTION_D
 392:Generated_Source\PSoC4/Bluetooth_aios.c ****                                         eventParam->handleValPair.value.len);
 393:Generated_Source\PSoC4/Bluetooth_aios.c ****                             }
 394:Generated_Source\PSoC4/Bluetooth_aios.c ****                             else
 395:Generated_Source\PSoC4/Bluetooth_aios.c ****                             {
 396:Generated_Source\PSoC4/Bluetooth_aios.c ****                                 gattErr = CYBLE_GATT_ERR_INVALID_ATTRIBUTE_LEN;
 397:Generated_Source\PSoC4/Bluetooth_aios.c ****                             }
 398:Generated_Source\PSoC4/Bluetooth_aios.c ****                             break;
 399:Generated_Source\PSoC4/Bluetooth_aios.c ****                         
 400:Generated_Source\PSoC4/Bluetooth_aios.c ****                         case CYBLE_AIOS_VALUE_TRIGGER_SETTINGS:  
 401:Generated_Source\PSoC4/Bluetooth_aios.c ****                             /* Trigger condition value not supported.*/
 402:Generated_Source\PSoC4/Bluetooth_aios.c ****                             if( eventParam->handleValPair.value.val[0u] >= CYBLE_AIOS_VALUE_TRIGGER
ARM GAS  C:\Users\ARTEM\AppData\Local\Temp\ccuSJ5wi.s 			page 9


 403:Generated_Source\PSoC4/Bluetooth_aios.c ****                             {
 404:Generated_Source\PSoC4/Bluetooth_aios.c ****                                 gattErr = CYBLE_GATT_ERR_TRIGGER_CODITION_VALUE_NOT_SUPPORTED;
 405:Generated_Source\PSoC4/Bluetooth_aios.c ****                             }
 406:Generated_Source\PSoC4/Bluetooth_aios.c ****                             break;
 407:Generated_Source\PSoC4/Bluetooth_aios.c **** 
 408:Generated_Source\PSoC4/Bluetooth_aios.c ****                         case CYBLE_AIOS_TIME_TRIGGER_SETTINGS:     
 409:Generated_Source\PSoC4/Bluetooth_aios.c ****                             /* Trigger condition value not supported.*/
 410:Generated_Source\PSoC4/Bluetooth_aios.c ****                             if( eventParam->handleValPair.value.val[0u] >= CYBLE_AIOS_TIME_TRIGGER_
 411:Generated_Source\PSoC4/Bluetooth_aios.c ****                             {
 412:Generated_Source\PSoC4/Bluetooth_aios.c ****                                 gattErr = CYBLE_GATT_ERR_TRIGGER_CODITION_VALUE_NOT_SUPPORTED;
 413:Generated_Source\PSoC4/Bluetooth_aios.c ****                             }
 414:Generated_Source\PSoC4/Bluetooth_aios.c ****                             break;
 415:Generated_Source\PSoC4/Bluetooth_aios.c ****                             
 416:Generated_Source\PSoC4/Bluetooth_aios.c ****                         default:
 417:Generated_Source\PSoC4/Bluetooth_aios.c ****                             break;
 418:Generated_Source\PSoC4/Bluetooth_aios.c ****                         }    
 419:Generated_Source\PSoC4/Bluetooth_aios.c ****                     }                    
 420:Generated_Source\PSoC4/Bluetooth_aios.c ****                     
 421:Generated_Source\PSoC4/Bluetooth_aios.c ****                     /* Check is there no error conditions happen yet */
 422:Generated_Source\PSoC4/Bluetooth_aios.c ****                     if((gattErr == CYBLE_GATT_ERR_NONE)
 423:Generated_Source\PSoC4/Bluetooth_aios.c ****                     && ( (foundItem == CYBLE_AIOS_CHARACTERISTIC_ITEM) || (foundItem == CYBLE_AIOS_
 424:Generated_Source\PSoC4/Bluetooth_aios.c ****                     {
 425:Generated_Source\PSoC4/Bluetooth_aios.c ****                         gattErr = CyBle_GattDbCheckPermission(eventParam->handleValPair.attrHandle,
 426:Generated_Source\PSoC4/Bluetooth_aios.c ****                                                               &eventParam->connHandle,
 427:Generated_Source\PSoC4/Bluetooth_aios.c ****                                                               CYBLE_GATT_DB_WRITE | CYBLE_GATT_DB_P
 428:Generated_Source\PSoC4/Bluetooth_aios.c ****                         
 429:Generated_Source\PSoC4/Bluetooth_aios.c ****                         if(gattErr == CYBLE_GATT_ERR_NONE)
 430:Generated_Source\PSoC4/Bluetooth_aios.c ****                         {
 431:Generated_Source\PSoC4/Bluetooth_aios.c ****                             /* Fill data and pass it to user */
 432:Generated_Source\PSoC4/Bluetooth_aios.c ****                                                           
 433:Generated_Source\PSoC4/Bluetooth_aios.c ****                             if( foundItem == CYBLE_AIOS_CHARACTERISTIC_ITEM)
 434:Generated_Source\PSoC4/Bluetooth_aios.c ****                             {
 435:Generated_Source\PSoC4/Bluetooth_aios.c ****                                 wrCharReqParam.connHandle = eventParam->connHandle;
 436:Generated_Source\PSoC4/Bluetooth_aios.c ****                                 wrCharReqParam.charIndex = (CYBLE_AIOS_CHAR_INDEX_T) i;
 437:Generated_Source\PSoC4/Bluetooth_aios.c ****                                 wrCharReqParam.charInstance = j;
 438:Generated_Source\PSoC4/Bluetooth_aios.c ****                                 wrCharReqParam.gattErrorCode = CYBLE_GATT_ERR_NONE;
 439:Generated_Source\PSoC4/Bluetooth_aios.c ****                                 wrCharReqParam.value = &eventParam->handleValPair.value;
 440:Generated_Source\PSoC4/Bluetooth_aios.c ****                             
 441:Generated_Source\PSoC4/Bluetooth_aios.c ****                                 CyBle_AiosApplCallback(CYBLE_EVT_AIOSS_CHAR_WRITE, &wrCharReqParam)
 442:Generated_Source\PSoC4/Bluetooth_aios.c ****                             }
 443:Generated_Source\PSoC4/Bluetooth_aios.c ****                             else if (foundItem == CYBLE_AIOS_DESCRIPTOR_ITEM)
 444:Generated_Source\PSoC4/Bluetooth_aios.c ****                             {
 445:Generated_Source\PSoC4/Bluetooth_aios.c ****                                 wrDescrReqParam.connHandle = eventParam->connHandle;
 446:Generated_Source\PSoC4/Bluetooth_aios.c ****                                 wrDescrReqParam.charIndex = (CYBLE_AIOS_CHAR_INDEX_T) i;
 447:Generated_Source\PSoC4/Bluetooth_aios.c ****                                 wrDescrReqParam.charInstance = j;
 448:Generated_Source\PSoC4/Bluetooth_aios.c ****                                 wrDescrReqParam.gattErrorCode = CYBLE_GATT_ERR_NONE;
 449:Generated_Source\PSoC4/Bluetooth_aios.c ****                                 wrDescrReqParam.value = &eventParam->handleValPair.value;
 450:Generated_Source\PSoC4/Bluetooth_aios.c ****                             
 451:Generated_Source\PSoC4/Bluetooth_aios.c ****                                 CyBle_AiosApplCallback(CYBLE_EVT_AIOSS_DESCR_WRITE, &wrDescrReqPara
 452:Generated_Source\PSoC4/Bluetooth_aios.c ****                             }
 453:Generated_Source\PSoC4/Bluetooth_aios.c ****                             else 
 454:Generated_Source\PSoC4/Bluetooth_aios.c ****                             {
 455:Generated_Source\PSoC4/Bluetooth_aios.c ****                                 /* No handle match was found */
 456:Generated_Source\PSoC4/Bluetooth_aios.c ****                             }
 457:Generated_Source\PSoC4/Bluetooth_aios.c **** 
 458:Generated_Source\PSoC4/Bluetooth_aios.c ****                             /* Write value to GATT database */
 459:Generated_Source\PSoC4/Bluetooth_aios.c ****                             gattErr = CyBle_GattsWriteAttributeValue(&eventParam->handleValPair, 0u
ARM GAS  C:\Users\ARTEM\AppData\Local\Temp\ccuSJ5wi.s 			page 10


 460:Generated_Source\PSoC4/Bluetooth_aios.c ****                                 &eventParam->connHandle, CYBLE_GATT_DB_PEER_INITIATED);
 461:Generated_Source\PSoC4/Bluetooth_aios.c ****                             
 462:Generated_Source\PSoC4/Bluetooth_aios.c ****                             if( event != 0u )
 463:Generated_Source\PSoC4/Bluetooth_aios.c ****                             {   
 464:Generated_Source\PSoC4/Bluetooth_aios.c ****                                 CyBle_AiosApplCallback(event, &wrDescrReqParam);
 465:Generated_Source\PSoC4/Bluetooth_aios.c ****                             }
 466:Generated_Source\PSoC4/Bluetooth_aios.c ****                             else 
 467:Generated_Source\PSoC4/Bluetooth_aios.c ****                             {
 468:Generated_Source\PSoC4/Bluetooth_aios.c ****                                 /* No event was found */
 469:Generated_Source\PSoC4/Bluetooth_aios.c ****                             }
 470:Generated_Source\PSoC4/Bluetooth_aios.c ****                         }
 471:Generated_Source\PSoC4/Bluetooth_aios.c ****                         cyBle_eventHandlerFlag &= (uint8)~CYBLE_CALLBACK;
 472:Generated_Source\PSoC4/Bluetooth_aios.c ****                         break;
 473:Generated_Source\PSoC4/Bluetooth_aios.c ****                     }
 474:Generated_Source\PSoC4/Bluetooth_aios.c ****                 }
 475:Generated_Source\PSoC4/Bluetooth_aios.c ****             }
 476:Generated_Source\PSoC4/Bluetooth_aios.c ****         }
 477:Generated_Source\PSoC4/Bluetooth_aios.c ****     }
 478:Generated_Source\PSoC4/Bluetooth_aios.c **** 
 479:Generated_Source\PSoC4/Bluetooth_aios.c ****     if(gattErr != CYBLE_GATT_ERR_NONE )
 480:Generated_Source\PSoC4/Bluetooth_aios.c ****     {
 481:Generated_Source\PSoC4/Bluetooth_aios.c ****         /* Indicate that request was handled */
 482:Generated_Source\PSoC4/Bluetooth_aios.c ****         cyBle_eventHandlerFlag &= (uint8)~CYBLE_CALLBACK;
 483:Generated_Source\PSoC4/Bluetooth_aios.c ****     }
 484:Generated_Source\PSoC4/Bluetooth_aios.c ****     else
 485:Generated_Source\PSoC4/Bluetooth_aios.c ****     {   
 486:Generated_Source\PSoC4/Bluetooth_aios.c ****         if( foundItem == CYBLE_AIOS_CHARACTERISTIC_ITEM )
 487:Generated_Source\PSoC4/Bluetooth_aios.c ****         {
 488:Generated_Source\PSoC4/Bluetooth_aios.c ****             gattErr = CyBle_AiosSetAggregateChar();
 489:Generated_Source\PSoC4/Bluetooth_aios.c ****         }
 490:Generated_Source\PSoC4/Bluetooth_aios.c ****     }
 491:Generated_Source\PSoC4/Bluetooth_aios.c ****     
 492:Generated_Source\PSoC4/Bluetooth_aios.c ****     return (gattErr);
 493:Generated_Source\PSoC4/Bluetooth_aios.c **** }
 494:Generated_Source\PSoC4/Bluetooth_aios.c **** 
 495:Generated_Source\PSoC4/Bluetooth_aios.c **** /******************************************************************************
 496:Generated_Source\PSoC4/Bluetooth_aios.c **** * Function Name: CyBle_AiossSetCharacteristicValue
 497:Generated_Source\PSoC4/Bluetooth_aios.c **** ***************************************************************************//**
 498:Generated_Source\PSoC4/Bluetooth_aios.c **** * 
 499:Generated_Source\PSoC4/Bluetooth_aios.c **** *  Sets the characteristic value of the service in the local database.
 500:Generated_Source\PSoC4/Bluetooth_aios.c **** * 
 501:Generated_Source\PSoC4/Bluetooth_aios.c **** *  \param charIndex:    The index of the service characteristic. Starts with 
 502:Generated_Source\PSoC4/Bluetooth_aios.c **** *                       zero.
 503:Generated_Source\PSoC4/Bluetooth_aios.c **** *  \param charInstance: The instance number of the characteristic specified by
 504:Generated_Source\PSoC4/Bluetooth_aios.c **** *                       "charIndex".
 505:Generated_Source\PSoC4/Bluetooth_aios.c **** *  \param attrSize:     The size (in bytes) of the characteristic value 
 506:Generated_Source\PSoC4/Bluetooth_aios.c **** *                       attribute.
 507:Generated_Source\PSoC4/Bluetooth_aios.c **** *  \param attrValue:    The pointer to the characteristic value data that 
 508:Generated_Source\PSoC4/Bluetooth_aios.c **** *                       should be stored in the GATT database.
 509:Generated_Source\PSoC4/Bluetooth_aios.c **** * 
 510:Generated_Source\PSoC4/Bluetooth_aios.c **** * \return
 511:Generated_Source\PSoC4/Bluetooth_aios.c **** *  A return value is of type CYBLE_API_RESULT_T.
 512:Generated_Source\PSoC4/Bluetooth_aios.c **** *  * CYBLE_ERROR_OK - The request handled successfully.
 513:Generated_Source\PSoC4/Bluetooth_aios.c **** *  * CYBLE_ERROR_INVALID_PARAMETER - Validation of the input parameter failed.
 514:Generated_Source\PSoC4/Bluetooth_aios.c **** *  * CYBLE_ERROR_GATT_DB_INVALID_ATTR_HANDLE - An optional characteristic is
 515:Generated_Source\PSoC4/Bluetooth_aios.c **** *                                              absent.
 516:Generated_Source\PSoC4/Bluetooth_aios.c **** ******************************************************************************/
ARM GAS  C:\Users\ARTEM\AppData\Local\Temp\ccuSJ5wi.s 			page 11


 517:Generated_Source\PSoC4/Bluetooth_aios.c **** CYBLE_API_RESULT_T CyBle_AiossSetCharacteristicValue(CYBLE_AIOS_CHAR_INDEX_T charIndex,
 518:Generated_Source\PSoC4/Bluetooth_aios.c ****     uint8 charInstance, uint8 attrSize, uint8 *attrValue)
 519:Generated_Source\PSoC4/Bluetooth_aios.c **** {
 520:Generated_Source\PSoC4/Bluetooth_aios.c ****     CYBLE_API_RESULT_T apiResult = CYBLE_ERROR_INVALID_PARAMETER;
 521:Generated_Source\PSoC4/Bluetooth_aios.c **** 
 522:Generated_Source\PSoC4/Bluetooth_aios.c ****     /* Validate range of AIOS characteristics */
 523:Generated_Source\PSoC4/Bluetooth_aios.c ****     if((charIndex < CYBLE_AIOS_CHAR_COUNT) && (charInstance < cyBle_aiossCharInstances[charIndex]))
 524:Generated_Source\PSoC4/Bluetooth_aios.c ****     {
 525:Generated_Source\PSoC4/Bluetooth_aios.c ****         /* Check if requested characteristic is present in Service.
 526:Generated_Source\PSoC4/Bluetooth_aios.c ****         * There are three conditions which should be checked: 1) The pointer to
 527:Generated_Source\PSoC4/Bluetooth_aios.c ****         * "CYBLE_AIOS_CHAR_T" is not NULL, 2) The handle of the characteristic is
 528:Generated_Source\PSoC4/Bluetooth_aios.c ****         * a valid handle, 3) The requested instance is a valid characteristic
 529:Generated_Source\PSoC4/Bluetooth_aios.c ****         * instance.
 530:Generated_Source\PSoC4/Bluetooth_aios.c ****         */
 531:Generated_Source\PSoC4/Bluetooth_aios.c ****         if((cyBle_aioss.charInfoAddr[charIndex].charInfoPtr != NULL) &&
 532:Generated_Source\PSoC4/Bluetooth_aios.c ****             (CYBLE_GATT_INVALID_ATTR_HANDLE_VALUE !=
 533:Generated_Source\PSoC4/Bluetooth_aios.c ****                 cyBle_aioss.charInfoAddr[charIndex].charInfoPtr[charInstance].charHandle))
 534:Generated_Source\PSoC4/Bluetooth_aios.c ****         {
 535:Generated_Source\PSoC4/Bluetooth_aios.c ****             CYBLE_GATT_HANDLE_VALUE_PAIR_T locHandleValuePair;
 536:Generated_Source\PSoC4/Bluetooth_aios.c **** 
 537:Generated_Source\PSoC4/Bluetooth_aios.c ****             locHandleValuePair.attrHandle =
 538:Generated_Source\PSoC4/Bluetooth_aios.c ****                 cyBle_aioss.charInfoAddr[charIndex].charInfoPtr[charInstance].charHandle;
 539:Generated_Source\PSoC4/Bluetooth_aios.c ****             locHandleValuePair.value.len = attrSize;
 540:Generated_Source\PSoC4/Bluetooth_aios.c ****             locHandleValuePair.value.val = attrValue;
 541:Generated_Source\PSoC4/Bluetooth_aios.c **** 
 542:Generated_Source\PSoC4/Bluetooth_aios.c ****             /* Store data in database */
 543:Generated_Source\PSoC4/Bluetooth_aios.c ****             if(CyBle_GattsWriteAttributeValue(&locHandleValuePair, 0u, NULL, CYBLE_GATT_DB_LOCALLY_
 544:Generated_Source\PSoC4/Bluetooth_aios.c ****                 CYBLE_GATT_ERR_NONE)
 545:Generated_Source\PSoC4/Bluetooth_aios.c ****             {
 546:Generated_Source\PSoC4/Bluetooth_aios.c ****                 apiResult = CYBLE_ERROR_OK;
 547:Generated_Source\PSoC4/Bluetooth_aios.c ****             }
 548:Generated_Source\PSoC4/Bluetooth_aios.c ****         }
 549:Generated_Source\PSoC4/Bluetooth_aios.c ****         else
 550:Generated_Source\PSoC4/Bluetooth_aios.c ****         {
 551:Generated_Source\PSoC4/Bluetooth_aios.c ****             apiResult = CYBLE_ERROR_GATT_DB_INVALID_ATTR_HANDLE;
 552:Generated_Source\PSoC4/Bluetooth_aios.c ****         }
 553:Generated_Source\PSoC4/Bluetooth_aios.c ****     }
 554:Generated_Source\PSoC4/Bluetooth_aios.c ****     
 555:Generated_Source\PSoC4/Bluetooth_aios.c ****     if ( apiResult == CYBLE_ERROR_OK )
 556:Generated_Source\PSoC4/Bluetooth_aios.c ****     {   
 557:Generated_Source\PSoC4/Bluetooth_aios.c ****         if(CyBle_AiosSetAggregateChar() != CYBLE_GATT_ERR_NONE)
 558:Generated_Source\PSoC4/Bluetooth_aios.c ****         {   
 559:Generated_Source\PSoC4/Bluetooth_aios.c ****             apiResult = CYBLE_ERROR_GATT_DB_INVALID_ATTR_HANDLE;
 560:Generated_Source\PSoC4/Bluetooth_aios.c ****         }
 561:Generated_Source\PSoC4/Bluetooth_aios.c ****     }
 562:Generated_Source\PSoC4/Bluetooth_aios.c ****     
 563:Generated_Source\PSoC4/Bluetooth_aios.c ****     return (apiResult);
 564:Generated_Source\PSoC4/Bluetooth_aios.c **** }
 565:Generated_Source\PSoC4/Bluetooth_aios.c **** 
 566:Generated_Source\PSoC4/Bluetooth_aios.c **** /******************************************************************************
 567:Generated_Source\PSoC4/Bluetooth_aios.c **** * Function Name: CyBle_AiossGetCharacteristicValue
 568:Generated_Source\PSoC4/Bluetooth_aios.c **** ***************************************************************************//**
 569:Generated_Source\PSoC4/Bluetooth_aios.c **** * 
 570:Generated_Source\PSoC4/Bluetooth_aios.c **** *  Gets the characteristic value of the service, which is a value identified by
 571:Generated_Source\PSoC4/Bluetooth_aios.c **** *  charIndex.
 572:Generated_Source\PSoC4/Bluetooth_aios.c **** * 
 573:Generated_Source\PSoC4/Bluetooth_aios.c **** *  \param charIndex:    The index of the service characteristic. Starts with 
ARM GAS  C:\Users\ARTEM\AppData\Local\Temp\ccuSJ5wi.s 			page 12


 574:Generated_Source\PSoC4/Bluetooth_aios.c **** *                       zero.
 575:Generated_Source\PSoC4/Bluetooth_aios.c **** *  \param charInstance: The instance number of the characteristic specified by
 576:Generated_Source\PSoC4/Bluetooth_aios.c **** *                       "charIndex".
 577:Generated_Source\PSoC4/Bluetooth_aios.c **** *  \param attrSize:     The size of the characteristic value attribute.
 578:Generated_Source\PSoC4/Bluetooth_aios.c **** *  \param attrValue:    The pointer to the location where characteristic value
 579:Generated_Source\PSoC4/Bluetooth_aios.c **** *                       data should be stored.
 580:Generated_Source\PSoC4/Bluetooth_aios.c **** * 
 581:Generated_Source\PSoC4/Bluetooth_aios.c **** * \return
 582:Generated_Source\PSoC4/Bluetooth_aios.c **** *  A return value is of type CYBLE_API_RESULT_T.
 583:Generated_Source\PSoC4/Bluetooth_aios.c **** *  * CYBLE_ERROR_OK - The request handled successfully
 584:Generated_Source\PSoC4/Bluetooth_aios.c **** *  * CYBLE_ERROR_INVALID_PARAMETER - Validation of the input parameter failed
 585:Generated_Source\PSoC4/Bluetooth_aios.c **** *  * CYBLE_ERROR_GATT_DB_INVALID_ATTR_HANDLE - An optional characteristic is
 586:Generated_Source\PSoC4/Bluetooth_aios.c **** *                                              absent.
 587:Generated_Source\PSoC4/Bluetooth_aios.c **** *
 588:Generated_Source\PSoC4/Bluetooth_aios.c **** ******************************************************************************/
 589:Generated_Source\PSoC4/Bluetooth_aios.c **** CYBLE_API_RESULT_T CyBle_AiossGetCharacteristicValue(CYBLE_AIOS_CHAR_INDEX_T charIndex, 
 590:Generated_Source\PSoC4/Bluetooth_aios.c ****     uint8 charInstance, uint8 attrSize, uint8 *attrValue)
 591:Generated_Source\PSoC4/Bluetooth_aios.c **** {
  55              		.loc 1 591 0
  56              		.cfi_startproc
  57              		@ args = 0, pretend = 0, frame = 16
  58              		@ frame_needed = 0, uses_anonymous_args = 0
  59              	.LVL1:
  60 0000 30B5     		push	{r4, r5, lr}
  61              		.cfi_def_cfa_offset 12
  62              		.cfi_offset 4, -12
  63              		.cfi_offset 5, -8
  64              		.cfi_offset 14, -4
  65 0002 85B0     		sub	sp, sp, #20
  66              		.cfi_def_cfa_offset 32
  67              	.LVL2:
 592:Generated_Source\PSoC4/Bluetooth_aios.c ****      CYBLE_API_RESULT_T apiResult = CYBLE_ERROR_INVALID_PARAMETER;
 593:Generated_Source\PSoC4/Bluetooth_aios.c **** 
 594:Generated_Source\PSoC4/Bluetooth_aios.c ****     if((charIndex < CYBLE_AIOS_CHAR_COUNT) && (charInstance < cyBle_aiossCharInstances[charIndex]))
  68              		.loc 1 594 0
  69 0004 0228     		cmp	r0, #2
  70 0006 25D8     		bhi	.L7
  71              		.loc 1 594 0 is_stmt 0 discriminator 1
  72 0008 174C     		ldr	r4, .L12
  73 000a 245C     		ldrb	r4, [r4, r0]
  74 000c 8C42     		cmp	r4, r1
  75 000e 23D9     		bls	.L8
 595:Generated_Source\PSoC4/Bluetooth_aios.c ****     {
 596:Generated_Source\PSoC4/Bluetooth_aios.c ****         /* Check if requested characteristic is present in Service. There are three
 597:Generated_Source\PSoC4/Bluetooth_aios.c ****         * conditions to be checked: 1) The pointer to "CYBLE_AIOSS_CHAR_T" record in
 598:Generated_Source\PSoC4/Bluetooth_aios.c ****         * the cyBle_aioss struct is not NULL, 2) The handle of the characteristic is a 
 599:Generated_Source\PSoC4/Bluetooth_aios.c ****         * valid handle, 3) The requested instance is a valid characteristic instance.
 600:Generated_Source\PSoC4/Bluetooth_aios.c ****         */
 601:Generated_Source\PSoC4/Bluetooth_aios.c ****         if((cyBle_aioss.charInfoAddr[charIndex].charInfoPtr != NULL) &&
  76              		.loc 1 601 0 is_stmt 1
  77 0010 8000     		lsls	r0, r0, #2
  78              	.LVL3:
  79 0012 164C     		ldr	r4, .L12+4
  80 0014 2018     		adds	r0, r4, r0
  81 0016 4468     		ldr	r4, [r0, #4]
  82 0018 002C     		cmp	r4, #0
  83 001a 1FD0     		beq	.L9
ARM GAS  C:\Users\ARTEM\AppData\Local\Temp\ccuSJ5wi.s 			page 13


 602:Generated_Source\PSoC4/Bluetooth_aios.c ****             (cyBle_aioss.charInfoAddr[charIndex].charInfoPtr[charInstance].charHandle != CYBLE_GATT
  84              		.loc 1 602 0 discriminator 1
  85 001c 0901     		lsls	r1, r1, #4
  86              	.LVL4:
  87 001e 6418     		adds	r4, r4, r1
  88 0020 2188     		ldrh	r1, [r4]
 601:Generated_Source\PSoC4/Bluetooth_aios.c ****             (cyBle_aioss.charInfoAddr[charIndex].charInfoPtr[charInstance].charHandle != CYBLE_GATT
  89              		.loc 1 601 0 discriminator 1
  90 0022 0029     		cmp	r1, #0
  91 0024 1CD0     		beq	.L10
  92              	.LBB2:
 603:Generated_Source\PSoC4/Bluetooth_aios.c ****         {
 604:Generated_Source\PSoC4/Bluetooth_aios.c ****             CYBLE_GATT_HANDLE_VALUE_PAIR_T locHandleValuePair;
 605:Generated_Source\PSoC4/Bluetooth_aios.c **** 
 606:Generated_Source\PSoC4/Bluetooth_aios.c ****             locHandleValuePair.attrHandle = cyBle_aioss.charInfoAddr[charIndex].charInfoPtr[charIns
  93              		.loc 1 606 0
  94 0026 01A8     		add	r0, sp, #4
  95 0028 0181     		strh	r1, [r0, #8]
 607:Generated_Source\PSoC4/Bluetooth_aios.c ****             locHandleValuePair.value.len = attrSize;
  96              		.loc 1 607 0
  97 002a 95B2     		uxth	r5, r2
  98 002c 8580     		strh	r5, [r0, #4]
 608:Generated_Source\PSoC4/Bluetooth_aios.c ****             locHandleValuePair.value.val = attrValue;
  99              		.loc 1 608 0
 100 002e 0193     		str	r3, [sp, #4]
 609:Generated_Source\PSoC4/Bluetooth_aios.c **** 
 610:Generated_Source\PSoC4/Bluetooth_aios.c ****             /* Read characteristic value from database */
 611:Generated_Source\PSoC4/Bluetooth_aios.c ****             if(CyBle_GattsReadAttributeValue(&locHandleValuePair, NULL, CYBLE_GATT_DB_LOCALLY_INITI
 101              		.loc 1 611 0
 102 0030 0022     		movs	r2, #0
 103              	.LVL5:
 104 0032 0021     		movs	r1, #0
 105 0034 FFF7FEFF 		bl	CyBle_GattsReadAttributeValue
 106              	.LVL6:
 107 0038 0028     		cmp	r0, #0
 108 003a 09D1     		bne	.L11
 109              	.LVL7:
 612:Generated_Source\PSoC4/Bluetooth_aios.c ****                 CYBLE_GATT_ERR_NONE)
 613:Generated_Source\PSoC4/Bluetooth_aios.c ****             {
 614:Generated_Source\PSoC4/Bluetooth_aios.c ****                 apiResult = CYBLE_ERROR_OK;
 615:Generated_Source\PSoC4/Bluetooth_aios.c ****                 
 616:Generated_Source\PSoC4/Bluetooth_aios.c ****             /* Set new length of the descriptor value */
 617:Generated_Source\PSoC4/Bluetooth_aios.c ****             CYBLE_GATT_DB_ATTR_SET_ATTR_GEN_LEN(cyBle_aioss.charInfoAddr[charIndex].charInfoPtr[cha
 110              		.loc 1 617 0
 111 003c 2388     		ldrh	r3, [r4]
 112 003e 013B     		subs	r3, r3, #1
 113 0040 9A00     		lsls	r2, r3, #2
 114 0042 D318     		adds	r3, r2, r3
 115 0044 9A00     		lsls	r2, r3, #2
 116 0046 0A4B     		ldr	r3, .L12+8
 117 0048 9A18     		adds	r2, r3, r2
 118 004a 1369     		ldr	r3, [r2, #16]
 119 004c 1D80     		strh	r5, [r3]
 120 004e 08E0     		b	.L5
 121              	.LVL8:
 122              	.L11:
 123              	.LBE2:
ARM GAS  C:\Users\ARTEM\AppData\Local\Temp\ccuSJ5wi.s 			page 14


 592:Generated_Source\PSoC4/Bluetooth_aios.c **** 
 124              		.loc 1 592 0
 125 0050 0120     		movs	r0, #1
 603:Generated_Source\PSoC4/Bluetooth_aios.c ****             CYBLE_GATT_HANDLE_VALUE_PAIR_T locHandleValuePair;
 126              		.loc 1 603 0
 127 0052 06E0     		b	.L5
 128              	.LVL9:
 129              	.L7:
 592:Generated_Source\PSoC4/Bluetooth_aios.c **** 
 130              		.loc 1 592 0
 131 0054 0120     		movs	r0, #1
 132              	.LVL10:
 133 0056 04E0     		b	.L5
 134              	.LVL11:
 135              	.L8:
 136 0058 0120     		movs	r0, #1
 137              	.LVL12:
 138 005a 02E0     		b	.L5
 139              	.L9:
 618:Generated_Source\PSoC4/Bluetooth_aios.c ****                                                 attrSize);
 619:Generated_Source\PSoC4/Bluetooth_aios.c ****             }
 620:Generated_Source\PSoC4/Bluetooth_aios.c ****         }
 621:Generated_Source\PSoC4/Bluetooth_aios.c ****         else
 622:Generated_Source\PSoC4/Bluetooth_aios.c ****         {
 623:Generated_Source\PSoC4/Bluetooth_aios.c ****             apiResult = CYBLE_ERROR_GATT_DB_INVALID_ATTR_HANDLE;
 140              		.loc 1 623 0
 141 005c 1320     		movs	r0, #19
 142 005e 00E0     		b	.L5
 143              	.LVL13:
 144              	.L10:
 145 0060 1320     		movs	r0, #19
 146              	.LVL14:
 147              	.L5:
 624:Generated_Source\PSoC4/Bluetooth_aios.c ****         }
 625:Generated_Source\PSoC4/Bluetooth_aios.c ****     }
 626:Generated_Source\PSoC4/Bluetooth_aios.c **** 
 627:Generated_Source\PSoC4/Bluetooth_aios.c ****     return (apiResult);
 628:Generated_Source\PSoC4/Bluetooth_aios.c ****     
 629:Generated_Source\PSoC4/Bluetooth_aios.c **** }
 148              		.loc 1 629 0
 149 0062 05B0     		add	sp, sp, #20
 150              		@ sp needed
 151 0064 30BD     		pop	{r4, r5, pc}
 152              	.L13:
 153 0066 C046     		.align	2
 154              	.L12:
 155 0068 00000000 		.word	.LANCHOR1
 156 006c 00000000 		.word	.LANCHOR2
 157 0070 00000000 		.word	cyBle_gattDB
 158              		.cfi_endproc
 159              	.LFE6:
 160              		.size	CyBle_AiossGetCharacteristicValue, .-CyBle_AiossGetCharacteristicValue
 161              		.section	.text.CyBle_AiossGetCharacteristicDescriptor,"ax",%progbits
 162              		.align	2
 163              		.global	CyBle_AiossGetCharacteristicDescriptor
 164              		.code	16
 165              		.thumb_func
ARM GAS  C:\Users\ARTEM\AppData\Local\Temp\ccuSJ5wi.s 			page 15


 166              		.type	CyBle_AiossGetCharacteristicDescriptor, %function
 167              	CyBle_AiossGetCharacteristicDescriptor:
 168              	.LFB7:
 630:Generated_Source\PSoC4/Bluetooth_aios.c **** 
 631:Generated_Source\PSoC4/Bluetooth_aios.c **** /******************************************************************************
 632:Generated_Source\PSoC4/Bluetooth_aios.c **** * Function Name: CyBle_AiossGetCharacteristicDescriptor
 633:Generated_Source\PSoC4/Bluetooth_aios.c **** ***************************************************************************//**
 634:Generated_Source\PSoC4/Bluetooth_aios.c **** * 
 635:Generated_Source\PSoC4/Bluetooth_aios.c **** *  Gets a characteristic descriptor of a specified characteristic of the
 636:Generated_Source\PSoC4/Bluetooth_aios.c **** *  Automation Input Output Service from the local GATT database.
 637:Generated_Source\PSoC4/Bluetooth_aios.c **** * 
 638:Generated_Source\PSoC4/Bluetooth_aios.c **** *  \param charIndex:    The index of the characteristic.
 639:Generated_Source\PSoC4/Bluetooth_aios.c **** *  \param charInstance: The instance number of the characteristic specified by
 640:Generated_Source\PSoC4/Bluetooth_aios.c **** *                       "charIndex".
 641:Generated_Source\PSoC4/Bluetooth_aios.c **** *  \param descrIndex:   The index of the characteristic descriptor.
 642:Generated_Source\PSoC4/Bluetooth_aios.c **** *  \param attrSize:     The size of the characteristic descriptor attribute.
 643:Generated_Source\PSoC4/Bluetooth_aios.c **** *  \param attrValue:    The pointer to the location where characteristic  
 644:Generated_Source\PSoC4/Bluetooth_aios.c **** *                       descriptor value data should be stored.
 645:Generated_Source\PSoC4/Bluetooth_aios.c **** * 
 646:Generated_Source\PSoC4/Bluetooth_aios.c **** * \return
 647:Generated_Source\PSoC4/Bluetooth_aios.c **** *  Return value is of type CYBLE_API_RESULT_T.
 648:Generated_Source\PSoC4/Bluetooth_aios.c **** *  * CYBLE_ERROR_OK - The request handled successfully.
 649:Generated_Source\PSoC4/Bluetooth_aios.c **** *  * CYBLE_ERROR_INVALID_PARAMETER - Validation of the input parameter failed.
 650:Generated_Source\PSoC4/Bluetooth_aios.c **** *  * CYBLE_ERROR_GATT_DB_INVALID_ATTR_HANDLE - Optional descriptor is absent.
 651:Generated_Source\PSoC4/Bluetooth_aios.c **** *
 652:Generated_Source\PSoC4/Bluetooth_aios.c **** ******************************************************************************/
 653:Generated_Source\PSoC4/Bluetooth_aios.c **** CYBLE_API_RESULT_T CyBle_AiossGetCharacteristicDescriptor(CYBLE_AIOS_CHAR_INDEX_T charIndex, 
 654:Generated_Source\PSoC4/Bluetooth_aios.c ****      uint8 charInstance, CYBLE_AIOS_DESCR_INDEX_T descrIndex, uint8 attrSize, uint8 *attrValue)
 655:Generated_Source\PSoC4/Bluetooth_aios.c **** {
 169              		.loc 1 655 0
 170              		.cfi_startproc
 171              		@ args = 4, pretend = 0, frame = 16
 172              		@ frame_needed = 0, uses_anonymous_args = 0
 173              	.LVL15:
 174 0000 70B5     		push	{r4, r5, r6, lr}
 175              		.cfi_def_cfa_offset 16
 176              		.cfi_offset 4, -16
 177              		.cfi_offset 5, -12
 178              		.cfi_offset 6, -8
 179              		.cfi_offset 14, -4
 180 0002 84B0     		sub	sp, sp, #16
 181              		.cfi_def_cfa_offset 32
 182 0004 1400     		movs	r4, r2
 183              	.LVL16:
 656:Generated_Source\PSoC4/Bluetooth_aios.c ****     
 657:Generated_Source\PSoC4/Bluetooth_aios.c ****      CYBLE_API_RESULT_T apiResult = CYBLE_ERROR_INVALID_PARAMETER;
 658:Generated_Source\PSoC4/Bluetooth_aios.c **** 
 659:Generated_Source\PSoC4/Bluetooth_aios.c ****     if((charIndex < CYBLE_AIOS_CHAR_COUNT) && (charInstance < cyBle_aiossCharInstances[charIndex]) 
 184              		.loc 1 659 0
 185 0006 0228     		cmp	r0, #2
 186 0008 2FD8     		bhi	.L17
 187              		.loc 1 659 0 is_stmt 0 discriminator 1
 188 000a 1E4A     		ldr	r2, .L24
 189              	.LVL17:
 190 000c 125C     		ldrb	r2, [r2, r0]
 191 000e 8A42     		cmp	r2, r1
 192 0010 2DD9     		bls	.L18
ARM GAS  C:\Users\ARTEM\AppData\Local\Temp\ccuSJ5wi.s 			page 16


 193              		.loc 1 659 0 discriminator 2
 194 0012 062C     		cmp	r4, #6
 195 0014 2DD8     		bhi	.L19
 660:Generated_Source\PSoC4/Bluetooth_aios.c ****         (descrIndex < CYBLE_AIOS_DESCR_COUNT ))
 661:Generated_Source\PSoC4/Bluetooth_aios.c ****     {
 662:Generated_Source\PSoC4/Bluetooth_aios.c ****         /* Check if requested descriptor is present in Service.
 663:Generated_Source\PSoC4/Bluetooth_aios.c ****         * There are three conditions to be checked: 1) The pointer to
 664:Generated_Source\PSoC4/Bluetooth_aios.c ****         * "CYBLE_AiosS_CHAR_T" is not NULL, 2) The handle of the characteristic is
 665:Generated_Source\PSoC4/Bluetooth_aios.c ****         * a valid handle, 3) The handle of the descriptor is a valid handle.
 666:Generated_Source\PSoC4/Bluetooth_aios.c ****         */
 667:Generated_Source\PSoC4/Bluetooth_aios.c ****         if((cyBle_aioss.charInfoAddr[charIndex].charInfoPtr != NULL) &&
 196              		.loc 1 667 0 is_stmt 1
 197 0016 8000     		lsls	r0, r0, #2
 198              	.LVL18:
 199 0018 1B4A     		ldr	r2, .L24+4
 200 001a 1018     		adds	r0, r2, r0
 201 001c 4568     		ldr	r5, [r0, #4]
 202 001e 002D     		cmp	r5, #0
 203 0020 29D0     		beq	.L20
 668:Generated_Source\PSoC4/Bluetooth_aios.c ****             (cyBle_aioss.charInfoAddr[charIndex].charInfoPtr[charInstance].charHandle != CYBLE_GATT
 204              		.loc 1 668 0 discriminator 1
 205 0022 0901     		lsls	r1, r1, #4
 206              	.LVL19:
 207 0024 6D18     		adds	r5, r5, r1
 208 0026 2A88     		ldrh	r2, [r5]
 667:Generated_Source\PSoC4/Bluetooth_aios.c ****             (cyBle_aioss.charInfoAddr[charIndex].charInfoPtr[charInstance].charHandle != CYBLE_GATT
 209              		.loc 1 667 0 discriminator 1
 210 0028 002A     		cmp	r2, #0
 211 002a 26D0     		beq	.L21
 669:Generated_Source\PSoC4/Bluetooth_aios.c ****                     (cyBle_aioss.charInfoAddr[charIndex].charInfoPtr[charInstance].descrHandle[desc
 212              		.loc 1 669 0
 213 002c 6200     		lsls	r2, r4, #1
 214 002e AA18     		adds	r2, r5, r2
 215 0030 5288     		ldrh	r2, [r2, #2]
 668:Generated_Source\PSoC4/Bluetooth_aios.c ****             (cyBle_aioss.charInfoAddr[charIndex].charInfoPtr[charInstance].charHandle != CYBLE_GATT
 216              		.loc 1 668 0
 217 0032 002A     		cmp	r2, #0
 218 0034 23D0     		beq	.L22
 219              	.LBB3:
 670:Generated_Source\PSoC4/Bluetooth_aios.c ****         {
 671:Generated_Source\PSoC4/Bluetooth_aios.c ****             CYBLE_GATT_HANDLE_VALUE_PAIR_T locHandleValuePair;
 672:Generated_Source\PSoC4/Bluetooth_aios.c **** 
 673:Generated_Source\PSoC4/Bluetooth_aios.c ****             locHandleValuePair.attrHandle =
 220              		.loc 1 673 0
 221 0036 01A8     		add	r0, sp, #4
 222 0038 0281     		strh	r2, [r0, #8]
 674:Generated_Source\PSoC4/Bluetooth_aios.c ****                 cyBle_aioss.charInfoAddr[charIndex].charInfoPtr[charInstance].descrHandle[descrInde
 675:Generated_Source\PSoC4/Bluetooth_aios.c ****             locHandleValuePair.value.len = attrSize;
 223              		.loc 1 675 0
 224 003a 9EB2     		uxth	r6, r3
 225 003c 8680     		strh	r6, [r0, #4]
 676:Generated_Source\PSoC4/Bluetooth_aios.c ****             locHandleValuePair.value.val = attrValue;
 226              		.loc 1 676 0
 227 003e 089B     		ldr	r3, [sp, #32]
 228              	.LVL20:
 229 0040 0193     		str	r3, [sp, #4]
 677:Generated_Source\PSoC4/Bluetooth_aios.c ****                         
ARM GAS  C:\Users\ARTEM\AppData\Local\Temp\ccuSJ5wi.s 			page 17


 678:Generated_Source\PSoC4/Bluetooth_aios.c ****             /* Read characteristic value from database */
 679:Generated_Source\PSoC4/Bluetooth_aios.c ****             if(CyBle_GattsReadAttributeValue(&locHandleValuePair, NULL, CYBLE_GATT_DB_LOCALLY_INITI
 230              		.loc 1 679 0
 231 0042 0022     		movs	r2, #0
 232 0044 0021     		movs	r1, #0
 233 0046 FFF7FEFF 		bl	CyBle_GattsReadAttributeValue
 234              	.LVL21:
 235 004a 0028     		cmp	r0, #0
 236 004c 0BD1     		bne	.L23
 237              	.LVL22:
 680:Generated_Source\PSoC4/Bluetooth_aios.c ****                 CYBLE_GATT_ERR_NONE)
 681:Generated_Source\PSoC4/Bluetooth_aios.c ****             {
 682:Generated_Source\PSoC4/Bluetooth_aios.c ****                 apiResult = CYBLE_ERROR_OK;
 683:Generated_Source\PSoC4/Bluetooth_aios.c ****                 
 684:Generated_Source\PSoC4/Bluetooth_aios.c ****                 /* Set new length of the descriptor value */
 685:Generated_Source\PSoC4/Bluetooth_aios.c ****                 CYBLE_GATT_DB_ATTR_SET_ATTR_GEN_LEN(cyBle_aioss.charInfoAddr[charIndex].charInfoPtr
 238              		.loc 1 685 0
 239 004e 6400     		lsls	r4, r4, #1
 240 0050 2D19     		adds	r5, r5, r4
 241 0052 6B88     		ldrh	r3, [r5, #2]
 242 0054 013B     		subs	r3, r3, #1
 243 0056 9A00     		lsls	r2, r3, #2
 244 0058 D318     		adds	r3, r2, r3
 245 005a 9A00     		lsls	r2, r3, #2
 246 005c 0B4B     		ldr	r3, .L24+8
 247 005e 9A18     		adds	r2, r3, r2
 248 0060 1369     		ldr	r3, [r2, #16]
 249 0062 1E80     		strh	r6, [r3]
 250 0064 0CE0     		b	.L15
 251              	.LVL23:
 252              	.L23:
 253              	.LBE3:
 657:Generated_Source\PSoC4/Bluetooth_aios.c **** 
 254              		.loc 1 657 0
 255 0066 0120     		movs	r0, #1
 670:Generated_Source\PSoC4/Bluetooth_aios.c ****             CYBLE_GATT_HANDLE_VALUE_PAIR_T locHandleValuePair;
 256              		.loc 1 670 0
 257 0068 0AE0     		b	.L15
 258              	.LVL24:
 259              	.L17:
 657:Generated_Source\PSoC4/Bluetooth_aios.c **** 
 260              		.loc 1 657 0
 261 006a 0120     		movs	r0, #1
 262              	.LVL25:
 263 006c 08E0     		b	.L15
 264              	.LVL26:
 265              	.L18:
 266 006e 0120     		movs	r0, #1
 267              	.LVL27:
 268 0070 06E0     		b	.L15
 269              	.LVL28:
 270              	.L19:
 271 0072 0120     		movs	r0, #1
 272              	.LVL29:
 273 0074 04E0     		b	.L15
 274              	.L20:
 686:Generated_Source\PSoC4/Bluetooth_aios.c ****                                                     descrHandle[descrIndex],
ARM GAS  C:\Users\ARTEM\AppData\Local\Temp\ccuSJ5wi.s 			page 18


 687:Generated_Source\PSoC4/Bluetooth_aios.c ****                                                     attrSize);
 688:Generated_Source\PSoC4/Bluetooth_aios.c ****             }
 689:Generated_Source\PSoC4/Bluetooth_aios.c ****         }
 690:Generated_Source\PSoC4/Bluetooth_aios.c ****         else
 691:Generated_Source\PSoC4/Bluetooth_aios.c ****         {
 692:Generated_Source\PSoC4/Bluetooth_aios.c ****             apiResult = CYBLE_ERROR_GATT_DB_INVALID_ATTR_HANDLE;
 275              		.loc 1 692 0
 276 0076 1320     		movs	r0, #19
 277 0078 02E0     		b	.L15
 278              	.LVL30:
 279              	.L21:
 280 007a 1320     		movs	r0, #19
 281 007c 00E0     		b	.L15
 282              	.L22:
 283 007e 1320     		movs	r0, #19
 284              	.LVL31:
 285              	.L15:
 693:Generated_Source\PSoC4/Bluetooth_aios.c ****         }
 694:Generated_Source\PSoC4/Bluetooth_aios.c ****     }
 695:Generated_Source\PSoC4/Bluetooth_aios.c ****     return (apiResult);
 696:Generated_Source\PSoC4/Bluetooth_aios.c **** }
 286              		.loc 1 696 0
 287 0080 04B0     		add	sp, sp, #16
 288              		@ sp needed
 289 0082 70BD     		pop	{r4, r5, r6, pc}
 290              	.L25:
 291              		.align	2
 292              	.L24:
 293 0084 00000000 		.word	.LANCHOR1
 294 0088 00000000 		.word	.LANCHOR2
 295 008c 00000000 		.word	cyBle_gattDB
 296              		.cfi_endproc
 297              	.LFE7:
 298              		.size	CyBle_AiossGetCharacteristicDescriptor, .-CyBle_AiossGetCharacteristicDescriptor
 299              		.section	.text.CyBle_AiossSetCharacteristicDescriptor,"ax",%progbits
 300              		.align	2
 301              		.global	CyBle_AiossSetCharacteristicDescriptor
 302              		.code	16
 303              		.thumb_func
 304              		.type	CyBle_AiossSetCharacteristicDescriptor, %function
 305              	CyBle_AiossSetCharacteristicDescriptor:
 306              	.LFB8:
 697:Generated_Source\PSoC4/Bluetooth_aios.c **** 
 698:Generated_Source\PSoC4/Bluetooth_aios.c **** /******************************************************************************
 699:Generated_Source\PSoC4/Bluetooth_aios.c **** * Function Name: CyBle_AiossSetCharacteristicDescriptor
 700:Generated_Source\PSoC4/Bluetooth_aios.c **** ***************************************************************************//**
 701:Generated_Source\PSoC4/Bluetooth_aios.c **** * 
 702:Generated_Source\PSoC4/Bluetooth_aios.c **** *  Set a characteristic descriptor of a specified characteristic of the Indoor 
 703:Generated_Source\PSoC4/Bluetooth_aios.c **** *  Positioning Service from the local GATT database.
 704:Generated_Source\PSoC4/Bluetooth_aios.c **** * 
 705:Generated_Source\PSoC4/Bluetooth_aios.c **** *  \param charIndex:    The index of the characteristic.
 706:Generated_Source\PSoC4/Bluetooth_aios.c **** *  \param charInstance: The instance number of the characteristic specified by
 707:Generated_Source\PSoC4/Bluetooth_aios.c **** *                       "charIndex".
 708:Generated_Source\PSoC4/Bluetooth_aios.c **** *  \param descrIndex:   The index of the characteristic descriptor.
 709:Generated_Source\PSoC4/Bluetooth_aios.c **** *  \param attrSize:     The size of the characteristic descriptor attribute.
 710:Generated_Source\PSoC4/Bluetooth_aios.c **** *  \param attrValue:    The pointer to the descriptor value data to 
 711:Generated_Source\PSoC4/Bluetooth_aios.c **** *                       be stored in the GATT database.
ARM GAS  C:\Users\ARTEM\AppData\Local\Temp\ccuSJ5wi.s 			page 19


 712:Generated_Source\PSoC4/Bluetooth_aios.c **** * 
 713:Generated_Source\PSoC4/Bluetooth_aios.c **** * \return
 714:Generated_Source\PSoC4/Bluetooth_aios.c **** *  Return value is of type CYBLE_API_RESULT_T.
 715:Generated_Source\PSoC4/Bluetooth_aios.c **** *  * CYBLE_ERROR_OK - The request handled successfully.
 716:Generated_Source\PSoC4/Bluetooth_aios.c **** *  * CYBLE_ERROR_INVALID_PARAMETER - Validation of the input parameter failed.
 717:Generated_Source\PSoC4/Bluetooth_aios.c **** *  * CYBLE_ERROR_GATT_DB_INVALID_ATTR_HANDLE - Optional descriptor is absent.
 718:Generated_Source\PSoC4/Bluetooth_aios.c **** *
 719:Generated_Source\PSoC4/Bluetooth_aios.c **** ******************************************************************************/
 720:Generated_Source\PSoC4/Bluetooth_aios.c **** CYBLE_API_RESULT_T CyBle_AiossSetCharacteristicDescriptor(CYBLE_AIOS_CHAR_INDEX_T charIndex, 
 721:Generated_Source\PSoC4/Bluetooth_aios.c ****      uint8 charInstance, CYBLE_AIOS_DESCR_INDEX_T descrIndex, uint8 attrSize, uint8 *attrValue)
 722:Generated_Source\PSoC4/Bluetooth_aios.c **** {
 307              		.loc 1 722 0
 308              		.cfi_startproc
 309              		@ args = 4, pretend = 0, frame = 16
 310              		@ frame_needed = 0, uses_anonymous_args = 0
 311              	.LVL32:
 312 0000 10B5     		push	{r4, lr}
 313              		.cfi_def_cfa_offset 8
 314              		.cfi_offset 4, -8
 315              		.cfi_offset 14, -4
 316 0002 84B0     		sub	sp, sp, #16
 317              		.cfi_def_cfa_offset 24
 318              	.LVL33:
 723:Generated_Source\PSoC4/Bluetooth_aios.c ****       CYBLE_API_RESULT_T apiResult = CYBLE_ERROR_INVALID_PARAMETER;
 724:Generated_Source\PSoC4/Bluetooth_aios.c **** 
 725:Generated_Source\PSoC4/Bluetooth_aios.c ****     if((charIndex < CYBLE_AIOS_CHAR_COUNT) && (charInstance < cyBle_aiossCharInstances[charIndex]) 
 319              		.loc 1 725 0
 320 0004 0228     		cmp	r0, #2
 321 0006 25D8     		bhi	.L29
 322              		.loc 1 725 0 is_stmt 0 discriminator 1
 323 0008 194C     		ldr	r4, .L36
 324 000a 245C     		ldrb	r4, [r4, r0]
 325 000c 8C42     		cmp	r4, r1
 326 000e 23D9     		bls	.L30
 327              		.loc 1 725 0 discriminator 2
 328 0010 062A     		cmp	r2, #6
 329 0012 23D8     		bhi	.L31
 726:Generated_Source\PSoC4/Bluetooth_aios.c ****         (descrIndex < CYBLE_AIOS_DESCR_COUNT))
 727:Generated_Source\PSoC4/Bluetooth_aios.c ****     {
 728:Generated_Source\PSoC4/Bluetooth_aios.c ****         /* Check if requested descriptor is present in Service.
 729:Generated_Source\PSoC4/Bluetooth_aios.c ****         * There are three conditions to be checked: 1) The pointer to
 730:Generated_Source\PSoC4/Bluetooth_aios.c ****         * "CYBLE_AiosS_CHAR_T" is not NULL, 2) The handle of the characteristic is
 731:Generated_Source\PSoC4/Bluetooth_aios.c ****         * a valid handle, 3) The handle of the descriptor is a valid handle.
 732:Generated_Source\PSoC4/Bluetooth_aios.c ****         */
 733:Generated_Source\PSoC4/Bluetooth_aios.c ****         if((cyBle_aioss.charInfoAddr[charIndex].charInfoPtr != NULL) &&
 330              		.loc 1 733 0 is_stmt 1
 331 0014 8000     		lsls	r0, r0, #2
 332              	.LVL34:
 333 0016 174C     		ldr	r4, .L36+4
 334 0018 2018     		adds	r0, r4, r0
 335 001a 4068     		ldr	r0, [r0, #4]
 336 001c 0028     		cmp	r0, #0
 337 001e 1FD0     		beq	.L32
 734:Generated_Source\PSoC4/Bluetooth_aios.c ****             (cyBle_aioss.charInfoAddr[charIndex].charInfoPtr[charInstance].charHandle != CYBLE_GATT
 338              		.loc 1 734 0 discriminator 1
 339 0020 0901     		lsls	r1, r1, #4
 340              	.LVL35:
ARM GAS  C:\Users\ARTEM\AppData\Local\Temp\ccuSJ5wi.s 			page 20


 341 0022 4118     		adds	r1, r0, r1
 342 0024 0888     		ldrh	r0, [r1]
 733:Generated_Source\PSoC4/Bluetooth_aios.c ****             (cyBle_aioss.charInfoAddr[charIndex].charInfoPtr[charInstance].charHandle != CYBLE_GATT
 343              		.loc 1 733 0 discriminator 1
 344 0026 0028     		cmp	r0, #0
 345 0028 1CD0     		beq	.L33
 735:Generated_Source\PSoC4/Bluetooth_aios.c ****                         (cyBle_aioss.charInfoAddr[charIndex].charInfoPtr[charInstance].descrHandle[
 346              		.loc 1 735 0
 347 002a 5200     		lsls	r2, r2, #1
 348              	.LVL36:
 349 002c 8918     		adds	r1, r1, r2
 350 002e 4A88     		ldrh	r2, [r1, #2]
 734:Generated_Source\PSoC4/Bluetooth_aios.c ****             (cyBle_aioss.charInfoAddr[charIndex].charInfoPtr[charInstance].charHandle != CYBLE_GATT
 351              		.loc 1 734 0
 352 0030 002A     		cmp	r2, #0
 353 0032 19D0     		beq	.L34
 354              	.LBB4:
 736:Generated_Source\PSoC4/Bluetooth_aios.c ****         {
 737:Generated_Source\PSoC4/Bluetooth_aios.c ****             CYBLE_GATT_HANDLE_VALUE_PAIR_T locHandleValuePair;
 738:Generated_Source\PSoC4/Bluetooth_aios.c **** 
 739:Generated_Source\PSoC4/Bluetooth_aios.c ****             locHandleValuePair.attrHandle =
 355              		.loc 1 739 0
 356 0034 01A8     		add	r0, sp, #4
 357 0036 0281     		strh	r2, [r0, #8]
 740:Generated_Source\PSoC4/Bluetooth_aios.c ****                 cyBle_aioss.charInfoAddr[charIndex].charInfoPtr[charInstance].descrHandle[descrInde
 741:Generated_Source\PSoC4/Bluetooth_aios.c ****             locHandleValuePair.value.len = attrSize;
 358              		.loc 1 741 0
 359 0038 8380     		strh	r3, [r0, #4]
 742:Generated_Source\PSoC4/Bluetooth_aios.c ****             locHandleValuePair.value.val = attrValue;
 360              		.loc 1 742 0
 361 003a 069B     		ldr	r3, [sp, #24]
 362              	.LVL37:
 363 003c 0193     		str	r3, [sp, #4]
 743:Generated_Source\PSoC4/Bluetooth_aios.c **** 
 744:Generated_Source\PSoC4/Bluetooth_aios.c ****             if(CyBle_GattsWriteAttributeValue(&locHandleValuePair, 0u, NULL, CYBLE_GATT_DB_LOCALLY_
 364              		.loc 1 744 0
 365 003e 0023     		movs	r3, #0
 366 0040 0022     		movs	r2, #0
 367 0042 0021     		movs	r1, #0
 368 0044 FFF7FEFF 		bl	CyBle_GattsWriteAttributeValue
 369              	.LVL38:
 370 0048 0028     		cmp	r0, #0
 371 004a 01D0     		beq	.L35
 372              	.LBE4:
 723:Generated_Source\PSoC4/Bluetooth_aios.c **** 
 373              		.loc 1 723 0
 374 004c 0120     		movs	r0, #1
 375 004e 0CE0     		b	.L27
 376              	.L35:
 377              	.LBB5:
 745:Generated_Source\PSoC4/Bluetooth_aios.c ****                 CYBLE_GATT_ERR_NONE)
 746:Generated_Source\PSoC4/Bluetooth_aios.c ****             {
 747:Generated_Source\PSoC4/Bluetooth_aios.c ****                 apiResult = CYBLE_ERROR_OK;
 378              		.loc 1 747 0
 379 0050 0020     		movs	r0, #0
 380              	.LVL39:
 381              	.LBE5:
ARM GAS  C:\Users\ARTEM\AppData\Local\Temp\ccuSJ5wi.s 			page 21


 736:Generated_Source\PSoC4/Bluetooth_aios.c ****             CYBLE_GATT_HANDLE_VALUE_PAIR_T locHandleValuePair;
 382              		.loc 1 736 0
 383 0052 0AE0     		b	.L27
 384              	.LVL40:
 385              	.L29:
 723:Generated_Source\PSoC4/Bluetooth_aios.c **** 
 386              		.loc 1 723 0
 387 0054 0120     		movs	r0, #1
 388              	.LVL41:
 389 0056 08E0     		b	.L27
 390              	.LVL42:
 391              	.L30:
 392 0058 0120     		movs	r0, #1
 393              	.LVL43:
 394 005a 06E0     		b	.L27
 395              	.LVL44:
 396              	.L31:
 397 005c 0120     		movs	r0, #1
 398              	.LVL45:
 399 005e 04E0     		b	.L27
 400              	.L32:
 748:Generated_Source\PSoC4/Bluetooth_aios.c ****             }
 749:Generated_Source\PSoC4/Bluetooth_aios.c ****         }
 750:Generated_Source\PSoC4/Bluetooth_aios.c ****         else
 751:Generated_Source\PSoC4/Bluetooth_aios.c ****         {
 752:Generated_Source\PSoC4/Bluetooth_aios.c ****             apiResult = CYBLE_ERROR_GATT_DB_INVALID_ATTR_HANDLE;
 401              		.loc 1 752 0
 402 0060 1320     		movs	r0, #19
 403 0062 02E0     		b	.L27
 404              	.LVL46:
 405              	.L33:
 406 0064 1320     		movs	r0, #19
 407 0066 00E0     		b	.L27
 408              	.LVL47:
 409              	.L34:
 410 0068 1320     		movs	r0, #19
 411              	.LVL48:
 412              	.L27:
 753:Generated_Source\PSoC4/Bluetooth_aios.c ****         }
 754:Generated_Source\PSoC4/Bluetooth_aios.c ****     }
 755:Generated_Source\PSoC4/Bluetooth_aios.c ****     return (apiResult);
 756:Generated_Source\PSoC4/Bluetooth_aios.c **** }
 413              		.loc 1 756 0
 414 006a 04B0     		add	sp, sp, #16
 415              		@ sp needed
 416 006c 10BD     		pop	{r4, pc}
 417              	.L37:
 418 006e C046     		.align	2
 419              	.L36:
 420 0070 00000000 		.word	.LANCHOR1
 421 0074 00000000 		.word	.LANCHOR2
 422              		.cfi_endproc
 423              	.LFE8:
 424              		.size	CyBle_AiossSetCharacteristicDescriptor, .-CyBle_AiossSetCharacteristicDescriptor
 425              		.section	.text.CyBle_AiossSendNotification,"ax",%progbits
 426              		.align	2
 427              		.global	CyBle_AiossSendNotification
ARM GAS  C:\Users\ARTEM\AppData\Local\Temp\ccuSJ5wi.s 			page 22


 428              		.code	16
 429              		.thumb_func
 430              		.type	CyBle_AiossSendNotification, %function
 431              	CyBle_AiossSendNotification:
 432              	.LFB9:
 757:Generated_Source\PSoC4/Bluetooth_aios.c **** 
 758:Generated_Source\PSoC4/Bluetooth_aios.c **** /******************************************************************************
 759:Generated_Source\PSoC4/Bluetooth_aios.c **** * Function Name: CyBle_AiossSendNotification
 760:Generated_Source\PSoC4/Bluetooth_aios.c **** ***************************************************************************//**
 761:Generated_Source\PSoC4/Bluetooth_aios.c **** * 
 762:Generated_Source\PSoC4/Bluetooth_aios.c **** *  Sends a notification with a characteristic value of the Automation Input Output
 763:Generated_Source\PSoC4/Bluetooth_aios.c **** *  Service, which is a value specified by charIndex, to the client's device.
 764:Generated_Source\PSoC4/Bluetooth_aios.c **** *
 765:Generated_Source\PSoC4/Bluetooth_aios.c **** *  On enabling notification successfully for a service characteristic it sends 
 766:Generated_Source\PSoC4/Bluetooth_aios.c **** *  out a 'Handle Value Notification' which results in 
 767:Generated_Source\PSoC4/Bluetooth_aios.c **** *  CYBLE_EVT_AIOSC_NOTIFICATION event at the GATT Client's end.
 768:Generated_Source\PSoC4/Bluetooth_aios.c **** * 
 769:Generated_Source\PSoC4/Bluetooth_aios.c **** *  \param connHandle:   The connection handle.
 770:Generated_Source\PSoC4/Bluetooth_aios.c **** *  \param charIndex:    The index of the service characteristic. Starts with 
 771:Generated_Source\PSoC4/Bluetooth_aios.c **** *                       zero.
 772:Generated_Source\PSoC4/Bluetooth_aios.c **** *  \param charInstance: The instance number of the characteristic specified by 
 773:Generated_Source\PSoC4/Bluetooth_aios.c **** *                       "charIndex".
 774:Generated_Source\PSoC4/Bluetooth_aios.c **** *  \param attrSize:     The size of the characteristic value attribute.
 775:Generated_Source\PSoC4/Bluetooth_aios.c **** *  \param attrValue:    The pointer to the characteristic value data that 
 776:Generated_Source\PSoC4/Bluetooth_aios.c **** *                       should be sent to the client's device.
 777:Generated_Source\PSoC4/Bluetooth_aios.c **** * 
 778:Generated_Source\PSoC4/Bluetooth_aios.c **** * \return
 779:Generated_Source\PSoC4/Bluetooth_aios.c **** *  A return value is of type CYBLE_API_RESULT_T.
 780:Generated_Source\PSoC4/Bluetooth_aios.c **** *   * CYBLE_ERROR_OK - The request handled successfully.
 781:Generated_Source\PSoC4/Bluetooth_aios.c **** *   * CYBLE_ERROR_INVALID_PARAMETER - Validation of the input parameter failed.
 782:Generated_Source\PSoC4/Bluetooth_aios.c **** *   * CYBLE_ERROR_INVALID_OPERATION - This operation is not permitted.
 783:Generated_Source\PSoC4/Bluetooth_aios.c **** *   * CYBLE_ERROR_INVALID_STATE - Connection with the client is not established.
 784:Generated_Source\PSoC4/Bluetooth_aios.c **** *   * CYBLE_ERROR_MEMORY_ALLOCATION_FAILED - Memory allocation failed.
 785:Generated_Source\PSoC4/Bluetooth_aios.c **** *   * CYBLE_ERROR_NTF_DISABLED - A notification is not enabled by the client.
 786:Generated_Source\PSoC4/Bluetooth_aios.c **** *   * CYBLE_ERROR_GATT_DB_INVALID_ATTR_HANDLE - An optional characteristic is
 787:Generated_Source\PSoC4/Bluetooth_aios.c **** *                                               absent.
 788:Generated_Source\PSoC4/Bluetooth_aios.c **** *
 789:Generated_Source\PSoC4/Bluetooth_aios.c **** ******************************************************************************/
 790:Generated_Source\PSoC4/Bluetooth_aios.c **** CYBLE_API_RESULT_T CyBle_AiossSendNotification(CYBLE_CONN_HANDLE_T connHandle,
 791:Generated_Source\PSoC4/Bluetooth_aios.c ****     CYBLE_AIOS_CHAR_INDEX_T charIndex, uint8 charInstance, uint8 attrSize, uint8 *attrValue)
 792:Generated_Source\PSoC4/Bluetooth_aios.c **** {
 433              		.loc 1 792 0
 434              		.cfi_startproc
 435              		@ args = 4, pretend = 0, frame = 24
 436              		@ frame_needed = 0, uses_anonymous_args = 0
 437              	.LVL49:
 438 0000 30B5     		push	{r4, r5, lr}
 439              		.cfi_def_cfa_offset 12
 440              		.cfi_offset 4, -12
 441              		.cfi_offset 5, -8
 442              		.cfi_offset 14, -4
 443 0002 87B0     		sub	sp, sp, #28
 444              		.cfi_def_cfa_offset 40
 445 0004 01AC     		add	r4, sp, #4
 446 0006 2080     		strh	r0, [r4]
 447 0008 1C00     		movs	r4, r3
 448              	.LVL50:
ARM GAS  C:\Users\ARTEM\AppData\Local\Temp\ccuSJ5wi.s 			page 23


 793:Generated_Source\PSoC4/Bluetooth_aios.c ****     CYBLE_API_RESULT_T apiResult = CYBLE_ERROR_INVALID_PARAMETER;
 794:Generated_Source\PSoC4/Bluetooth_aios.c **** 
 795:Generated_Source\PSoC4/Bluetooth_aios.c ****     if((charIndex < CYBLE_AIOS_CHAR_COUNT) && (charInstance < cyBle_aiossCharInstances[charIndex]))
 449              		.loc 1 795 0
 450 000a 0229     		cmp	r1, #2
 451 000c 28D8     		bhi	.L40
 452              		.loc 1 795 0 is_stmt 0 discriminator 1
 453 000e 1C4B     		ldr	r3, .L46
 454              	.LVL51:
 455 0010 5B5C     		ldrb	r3, [r3, r1]
 456 0012 9342     		cmp	r3, r2
 457 0014 26D9     		bls	.L41
 796:Generated_Source\PSoC4/Bluetooth_aios.c ****     {
 797:Generated_Source\PSoC4/Bluetooth_aios.c ****         if((cyBle_aioss.charInfoAddr[charIndex].charInfoPtr != NULL) && 
 458              		.loc 1 797 0 is_stmt 1
 459 0016 8900     		lsls	r1, r1, #2
 460              	.LVL52:
 461 0018 1A4B     		ldr	r3, .L46+4
 462 001a 5918     		adds	r1, r3, r1
 463 001c 4D68     		ldr	r5, [r1, #4]
 464 001e 002D     		cmp	r5, #0
 465 0020 22D0     		beq	.L42
 798:Generated_Source\PSoC4/Bluetooth_aios.c ****             (cyBle_aioss.charInfoAddr[charIndex].charInfoPtr[charInstance].descrHandle[CYBLE_AIOS_C
 466              		.loc 1 798 0 discriminator 1
 467 0022 1201     		lsls	r2, r2, #4
 468              	.LVL53:
 469 0024 AD18     		adds	r5, r5, r2
 470 0026 6B88     		ldrh	r3, [r5, #2]
 797:Generated_Source\PSoC4/Bluetooth_aios.c ****             (cyBle_aioss.charInfoAddr[charIndex].charInfoPtr[charInstance].descrHandle[CYBLE_AIOS_C
 471              		.loc 1 797 0 discriminator 1
 472 0028 002B     		cmp	r3, #0
 473 002a 1FD0     		beq	.L43
 799:Generated_Source\PSoC4/Bluetooth_aios.c ****         {
 800:Generated_Source\PSoC4/Bluetooth_aios.c ****             /* Send notification if it is enabled and connected */
 801:Generated_Source\PSoC4/Bluetooth_aios.c ****             if(CyBle_GetState() != CYBLE_STATE_CONNECTED)
 474              		.loc 1 801 0
 475 002c 164A     		ldr	r2, .L46+8
 476 002e 1278     		ldrb	r2, [r2]
 477 0030 022A     		cmp	r2, #2
 478 0032 1DD1     		bne	.L44
 802:Generated_Source\PSoC4/Bluetooth_aios.c ****             {
 803:Generated_Source\PSoC4/Bluetooth_aios.c ****                 apiResult = CYBLE_ERROR_INVALID_STATE;
 804:Generated_Source\PSoC4/Bluetooth_aios.c ****             }
 805:Generated_Source\PSoC4/Bluetooth_aios.c ****             
 806:Generated_Source\PSoC4/Bluetooth_aios.c ****             else if(!CYBLE_IS_NOTIFICATION_ENABLED(
 479              		.loc 1 806 0
 480 0034 013B     		subs	r3, r3, #1
 481 0036 9A00     		lsls	r2, r3, #2
 482 0038 D318     		adds	r3, r2, r3
 483 003a 9A00     		lsls	r2, r3, #2
 484 003c 134B     		ldr	r3, .L46+12
 485 003e 9A18     		adds	r2, r3, r2
 486 0040 1369     		ldr	r3, [r2, #16]
 487 0042 5868     		ldr	r0, [r3, #4]
 488 0044 FFF7FEFF 		bl	CyBle_Get16ByPtr
 489              	.LVL54:
 490 0048 C307     		lsls	r3, r0, #31
ARM GAS  C:\Users\ARTEM\AppData\Local\Temp\ccuSJ5wi.s 			page 24


 491 004a 14D5     		bpl	.L45
 492              	.LBB6:
 807:Generated_Source\PSoC4/Bluetooth_aios.c ****                 cyBle_aioss.charInfoAddr[charIndex].charInfoPtr[charInstance].descrHandle[CYBLE_AIO
 808:Generated_Source\PSoC4/Bluetooth_aios.c ****             {
 809:Generated_Source\PSoC4/Bluetooth_aios.c ****                 apiResult = CYBLE_ERROR_NTF_DISABLED;
 810:Generated_Source\PSoC4/Bluetooth_aios.c ****             }
 811:Generated_Source\PSoC4/Bluetooth_aios.c ****             else
 812:Generated_Source\PSoC4/Bluetooth_aios.c ****             {
 813:Generated_Source\PSoC4/Bluetooth_aios.c ****                 CYBLE_GATTS_HANDLE_VALUE_NTF_T ntfReqParam;
 814:Generated_Source\PSoC4/Bluetooth_aios.c **** 
 815:Generated_Source\PSoC4/Bluetooth_aios.c ****                 /* Fill all fields of write request structure ... */
 816:Generated_Source\PSoC4/Bluetooth_aios.c ****                 ntfReqParam.attrHandle = cyBle_aioss.charInfoAddr[charIndex].charInfoPtr[charInstan
 493              		.loc 1 816 0
 494 004c 2B88     		ldrh	r3, [r5]
 495 004e 03A9     		add	r1, sp, #12
 496 0050 0B81     		strh	r3, [r1, #8]
 817:Generated_Source\PSoC4/Bluetooth_aios.c ****                 ntfReqParam.value.val = attrValue;
 497              		.loc 1 817 0
 498 0052 0A9B     		ldr	r3, [sp, #40]
 499 0054 0393     		str	r3, [sp, #12]
 818:Generated_Source\PSoC4/Bluetooth_aios.c ****                 ntfReqParam.value.len = attrSize;
 500              		.loc 1 818 0
 501 0056 8C80     		strh	r4, [r1, #4]
 819:Generated_Source\PSoC4/Bluetooth_aios.c **** 
 820:Generated_Source\PSoC4/Bluetooth_aios.c ****                 /* Send notification to client using previously filled structure */
 821:Generated_Source\PSoC4/Bluetooth_aios.c ****                 apiResult = CyBle_GattsNotification(connHandle, &ntfReqParam);
 502              		.loc 1 821 0
 503 0058 0198     		ldr	r0, [sp, #4]
 504 005a FFF7FEFF 		bl	CyBle_GattsNotification
 505              	.LVL55:
 506 005e 0CE0     		b	.L39
 507              	.LVL56:
 508              	.L40:
 509              	.LBE6:
 793:Generated_Source\PSoC4/Bluetooth_aios.c **** 
 510              		.loc 1 793 0
 511 0060 0120     		movs	r0, #1
 512 0062 0AE0     		b	.L39
 513              	.LVL57:
 514              	.L41:
 515 0064 0120     		movs	r0, #1
 516 0066 08E0     		b	.L39
 517              	.LVL58:
 518              	.L42:
 822:Generated_Source\PSoC4/Bluetooth_aios.c ****             }
 823:Generated_Source\PSoC4/Bluetooth_aios.c ****         }
 824:Generated_Source\PSoC4/Bluetooth_aios.c ****         else
 825:Generated_Source\PSoC4/Bluetooth_aios.c ****         {
 826:Generated_Source\PSoC4/Bluetooth_aios.c ****             apiResult = CYBLE_ERROR_GATT_DB_INVALID_ATTR_HANDLE;
 519              		.loc 1 826 0
 520 0068 1320     		movs	r0, #19
 521 006a 06E0     		b	.L39
 522              	.LVL59:
 523              	.L43:
 524 006c 1320     		movs	r0, #19
 525 006e 04E0     		b	.L39
 526              	.L44:
ARM GAS  C:\Users\ARTEM\AppData\Local\Temp\ccuSJ5wi.s 			page 25


 803:Generated_Source\PSoC4/Bluetooth_aios.c ****             }
 527              		.loc 1 803 0
 528 0070 0420     		movs	r0, #4
 529 0072 FF30     		adds	r0, r0, #255
 530 0074 01E0     		b	.L39
 531              	.L45:
 809:Generated_Source\PSoC4/Bluetooth_aios.c ****             }
 532              		.loc 1 809 0
 533 0076 8020     		movs	r0, #128
 534 0078 4000     		lsls	r0, r0, #1
 535              	.LVL60:
 536              	.L39:
 827:Generated_Source\PSoC4/Bluetooth_aios.c ****         }
 828:Generated_Source\PSoC4/Bluetooth_aios.c ****     }
 829:Generated_Source\PSoC4/Bluetooth_aios.c **** 
 830:Generated_Source\PSoC4/Bluetooth_aios.c ****     return (apiResult);
 831:Generated_Source\PSoC4/Bluetooth_aios.c **** }
 537              		.loc 1 831 0
 538 007a 07B0     		add	sp, sp, #28
 539              		@ sp needed
 540 007c 30BD     		pop	{r4, r5, pc}
 541              	.L47:
 542 007e C046     		.align	2
 543              	.L46:
 544 0080 00000000 		.word	.LANCHOR1
 545 0084 00000000 		.word	.LANCHOR2
 546 0088 00000000 		.word	cyBle_state
 547 008c 00000000 		.word	cyBle_gattDB
 548              		.cfi_endproc
 549              	.LFE9:
 550              		.size	CyBle_AiossSendNotification, .-CyBle_AiossSendNotification
 551              		.section	.text.CyBle_AiossSendIndication,"ax",%progbits
 552              		.align	2
 553              		.global	CyBle_AiossSendIndication
 554              		.code	16
 555              		.thumb_func
 556              		.type	CyBle_AiossSendIndication, %function
 557              	CyBle_AiossSendIndication:
 558              	.LFB10:
 832:Generated_Source\PSoC4/Bluetooth_aios.c **** 
 833:Generated_Source\PSoC4/Bluetooth_aios.c **** /******************************************************************************
 834:Generated_Source\PSoC4/Bluetooth_aios.c **** * Function Name: CyBle_AiossSendIndication
 835:Generated_Source\PSoC4/Bluetooth_aios.c **** ***************************************************************************//**
 836:Generated_Source\PSoC4/Bluetooth_aios.c **** * 
 837:Generated_Source\PSoC4/Bluetooth_aios.c **** *  Sends an indication with a characteristic value of the Automation Input Output
 838:Generated_Source\PSoC4/Bluetooth_aios.c **** *  Service, which is a value specified by charIndex, to the client's device.
 839:Generated_Source\PSoC4/Bluetooth_aios.c **** *  
 840:Generated_Source\PSoC4/Bluetooth_aios.c **** *  On enabling indication successfully it sends out a 'Handle Value Indication' 
 841:Generated_Source\PSoC4/Bluetooth_aios.c **** *  which results in CYBLE_EVT_AIOSC_INDICATION or 
 842:Generated_Source\PSoC4/Bluetooth_aios.c **** *  CYBLE_EVT_GATTC_HANDLE_VALUE_IND (if service specific callback function is
 843:Generated_Source\PSoC4/Bluetooth_aios.c **** *  not registered) event at the GATT Client's end.
 844:Generated_Source\PSoC4/Bluetooth_aios.c **** *
 845:Generated_Source\PSoC4/Bluetooth_aios.c **** *  \param connHandle:   The connection handle.
 846:Generated_Source\PSoC4/Bluetooth_aios.c **** *  \param charIndex:    The index of the service characteristic.
 847:Generated_Source\PSoC4/Bluetooth_aios.c **** *  \param charInstance: The instance number of the characteristic specified by 
 848:Generated_Source\PSoC4/Bluetooth_aios.c **** *                       "charIndex".
 849:Generated_Source\PSoC4/Bluetooth_aios.c **** *  \param attrSize:     The size of the characteristic value attribute.
ARM GAS  C:\Users\ARTEM\AppData\Local\Temp\ccuSJ5wi.s 			page 26


 850:Generated_Source\PSoC4/Bluetooth_aios.c **** *  \param attrValue:    The pointer to the characteristic value data that 
 851:Generated_Source\PSoC4/Bluetooth_aios.c **** *                       should be sent to the client's device.
 852:Generated_Source\PSoC4/Bluetooth_aios.c **** * 
 853:Generated_Source\PSoC4/Bluetooth_aios.c **** * \return
 854:Generated_Source\PSoC4/Bluetooth_aios.c **** *  A return value is of type CYBLE_API_RESULT_T.
 855:Generated_Source\PSoC4/Bluetooth_aios.c **** *   * CYBLE_ERROR_OK - The request handled successfully.
 856:Generated_Source\PSoC4/Bluetooth_aios.c **** *   * CYBLE_ERROR_INVALID_PARAMETER - Validation of the input parameter failed.
 857:Generated_Source\PSoC4/Bluetooth_aios.c **** *   * CYBLE_ERROR_INVALID_OPERATION - This operation is not permitted.
 858:Generated_Source\PSoC4/Bluetooth_aios.c **** *   * CYBLE_ERROR_INVALID_STATE - Connection with the client is not established.
 859:Generated_Source\PSoC4/Bluetooth_aios.c **** *   * CYBLE_ERROR_MEMORY_ALLOCATION_FAILED - Memory allocation failed.
 860:Generated_Source\PSoC4/Bluetooth_aios.c **** *   * CYBLE_ERROR_IND_DISABLED - Indication is not enabled by the client.
 861:Generated_Source\PSoC4/Bluetooth_aios.c **** *   * CYBLE_ERROR_GATT_DB_INVALID_ATTR_HANDLE - An optional characteristic is
 862:Generated_Source\PSoC4/Bluetooth_aios.c **** *                                               absent.
 863:Generated_Source\PSoC4/Bluetooth_aios.c **** *
 864:Generated_Source\PSoC4/Bluetooth_aios.c **** * \events
 865:Generated_Source\PSoC4/Bluetooth_aios.c **** *  In case of successful execution (return value = CYBLE_ERROR_OK)
 866:Generated_Source\PSoC4/Bluetooth_aios.c **** *  the next events can appear: \n
 867:Generated_Source\PSoC4/Bluetooth_aios.c **** *   If the Aios service-specific callback is registered 
 868:Generated_Source\PSoC4/Bluetooth_aios.c **** *      (with CyBle_AiosRegisterAttrCallback):
 869:Generated_Source\PSoC4/Bluetooth_aios.c **** *  * CYBLE_EVT_AiosS_INDICATION_CONFIRMED -In case if the indication is
 870:Generated_Source\PSoC4/Bluetooth_aios.c **** *                                successfully delivered to the peer device.
 871:Generated_Source\PSoC4/Bluetooth_aios.c **** *  .
 872:Generated_Source\PSoC4/Bluetooth_aios.c **** *   Otherwise (if the Aios service-specific callback is not registered):
 873:Generated_Source\PSoC4/Bluetooth_aios.c **** *  * CYBLE_EVT_GATTS_HANDLE_VALUE_CNF - In case if the indication is
 874:Generated_Source\PSoC4/Bluetooth_aios.c **** *                                successfully delivered to the peer device.
 875:Generated_Source\PSoC4/Bluetooth_aios.c **** *
 876:Generated_Source\PSoC4/Bluetooth_aios.c **** ******************************************************************************/
 877:Generated_Source\PSoC4/Bluetooth_aios.c **** CYBLE_API_RESULT_T CyBle_AiossSendIndication(CYBLE_CONN_HANDLE_T connHandle,
 878:Generated_Source\PSoC4/Bluetooth_aios.c ****     CYBLE_AIOS_CHAR_INDEX_T charIndex, uint8 charInstance, uint8 attrSize, uint8 *attrValue)
 879:Generated_Source\PSoC4/Bluetooth_aios.c **** {
 559              		.loc 1 879 0
 560              		.cfi_startproc
 561              		@ args = 4, pretend = 0, frame = 24
 562              		@ frame_needed = 0, uses_anonymous_args = 0
 563              	.LVL61:
 564 0000 30B5     		push	{r4, r5, lr}
 565              		.cfi_def_cfa_offset 12
 566              		.cfi_offset 4, -12
 567              		.cfi_offset 5, -8
 568              		.cfi_offset 14, -4
 569 0002 87B0     		sub	sp, sp, #28
 570              		.cfi_def_cfa_offset 40
 571 0004 01AC     		add	r4, sp, #4
 572 0006 2080     		strh	r0, [r4]
 573 0008 1C00     		movs	r4, r3
 574              	.LVL62:
 880:Generated_Source\PSoC4/Bluetooth_aios.c ****     /* Store new data in database */
 881:Generated_Source\PSoC4/Bluetooth_aios.c ****     CYBLE_API_RESULT_T apiResult = CYBLE_ERROR_OK;
 882:Generated_Source\PSoC4/Bluetooth_aios.c ****     
 883:Generated_Source\PSoC4/Bluetooth_aios.c ****     /* Send indication if it is enabled and connected */
 884:Generated_Source\PSoC4/Bluetooth_aios.c ****     if(charIndex >= CYBLE_AIOS_CHAR_COUNT)
 575              		.loc 1 884 0
 576 000a 0229     		cmp	r1, #2
 577 000c 2CD8     		bhi	.L51
 885:Generated_Source\PSoC4/Bluetooth_aios.c ****     {
 886:Generated_Source\PSoC4/Bluetooth_aios.c ****         apiResult = CYBLE_ERROR_INVALID_PARAMETER;
 887:Generated_Source\PSoC4/Bluetooth_aios.c ****     }
ARM GAS  C:\Users\ARTEM\AppData\Local\Temp\ccuSJ5wi.s 			page 27


 888:Generated_Source\PSoC4/Bluetooth_aios.c ****     else if(charInstance >= cyBle_aiossCharInstances[charIndex])
 578              		.loc 1 888 0
 579 000e 1D4B     		ldr	r3, .L56
 580              	.LVL63:
 581 0010 5B5C     		ldrb	r3, [r3, r1]
 582 0012 9342     		cmp	r3, r2
 583 0014 2AD9     		bls	.L52
 889:Generated_Source\PSoC4/Bluetooth_aios.c ****     {
 890:Generated_Source\PSoC4/Bluetooth_aios.c ****         apiResult = CYBLE_ERROR_INVALID_PARAMETER;
 891:Generated_Source\PSoC4/Bluetooth_aios.c ****     }
 892:Generated_Source\PSoC4/Bluetooth_aios.c ****     else if(CYBLE_STATE_CONNECTED != CyBle_GetState())
 584              		.loc 1 892 0
 585 0016 1C4B     		ldr	r3, .L56+4
 586 0018 1B78     		ldrb	r3, [r3]
 587 001a 022B     		cmp	r3, #2
 588 001c 28D1     		bne	.L53
 893:Generated_Source\PSoC4/Bluetooth_aios.c ****     {
 894:Generated_Source\PSoC4/Bluetooth_aios.c ****         apiResult = CYBLE_ERROR_INVALID_STATE;
 895:Generated_Source\PSoC4/Bluetooth_aios.c ****     }
 896:Generated_Source\PSoC4/Bluetooth_aios.c ****     else if(!CYBLE_IS_INDICATION_ENABLED(
 589              		.loc 1 896 0
 590 001e 8900     		lsls	r1, r1, #2
 591              	.LVL64:
 592 0020 1A4B     		ldr	r3, .L56+8
 593 0022 5918     		adds	r1, r3, r1
 594 0024 4D68     		ldr	r5, [r1, #4]
 595 0026 1201     		lsls	r2, r2, #4
 596              	.LVL65:
 597 0028 AD18     		adds	r5, r5, r2
 598 002a 6B88     		ldrh	r3, [r5, #2]
 599 002c 013B     		subs	r3, r3, #1
 600 002e 9A00     		lsls	r2, r3, #2
 601 0030 D318     		adds	r3, r2, r3
 602 0032 9A00     		lsls	r2, r3, #2
 603 0034 164B     		ldr	r3, .L56+12
 604 0036 9A18     		adds	r2, r3, r2
 605 0038 1369     		ldr	r3, [r2, #16]
 606 003a 5868     		ldr	r0, [r3, #4]
 607 003c FFF7FEFF 		bl	CyBle_Get16ByPtr
 608              	.LVL66:
 609 0040 8307     		lsls	r3, r0, #30
 610 0042 18D5     		bpl	.L54
 897:Generated_Source\PSoC4/Bluetooth_aios.c ****         cyBle_aioss.charInfoAddr[charIndex].charInfoPtr[charInstance].descrHandle[CYBLE_AIOS_CCCD])
 898:Generated_Source\PSoC4/Bluetooth_aios.c ****     {
 899:Generated_Source\PSoC4/Bluetooth_aios.c ****         apiResult = CYBLE_ERROR_IND_DISABLED;
 900:Generated_Source\PSoC4/Bluetooth_aios.c ****     }
 901:Generated_Source\PSoC4/Bluetooth_aios.c ****     else
 902:Generated_Source\PSoC4/Bluetooth_aios.c ****     {
 903:Generated_Source\PSoC4/Bluetooth_aios.c ****         if(cyBle_aioss.charInfoAddr[charIndex].charInfoPtr[charInstance].charHandle != CYBLE_GATT_I
 611              		.loc 1 903 0
 612 0044 2B88     		ldrh	r3, [r5]
 613 0046 002B     		cmp	r3, #0
 614 0048 18D0     		beq	.L55
 615              	.LBB7:
 904:Generated_Source\PSoC4/Bluetooth_aios.c ****         {
 905:Generated_Source\PSoC4/Bluetooth_aios.c ****             CYBLE_GATTS_HANDLE_VALUE_IND_T indReqParam;
 906:Generated_Source\PSoC4/Bluetooth_aios.c **** 
ARM GAS  C:\Users\ARTEM\AppData\Local\Temp\ccuSJ5wi.s 			page 28


 907:Generated_Source\PSoC4/Bluetooth_aios.c ****             /* Fill all fields of write request structure ... */
 908:Generated_Source\PSoC4/Bluetooth_aios.c ****             indReqParam.attrHandle = cyBle_aioss.charInfoAddr[charIndex].charInfoPtr[charInstance].
 616              		.loc 1 908 0
 617 004a 03A9     		add	r1, sp, #12
 618 004c 0B81     		strh	r3, [r1, #8]
 909:Generated_Source\PSoC4/Bluetooth_aios.c ****             indReqParam.value.val = attrValue;
 619              		.loc 1 909 0
 620 004e 0A9B     		ldr	r3, [sp, #40]
 621 0050 0393     		str	r3, [sp, #12]
 910:Generated_Source\PSoC4/Bluetooth_aios.c ****             indReqParam.value.len = attrSize;
 622              		.loc 1 910 0
 623 0052 8C80     		strh	r4, [r1, #4]
 911:Generated_Source\PSoC4/Bluetooth_aios.c **** 
 912:Generated_Source\PSoC4/Bluetooth_aios.c ****             /* Send indication to client using previously filled structure */
 913:Generated_Source\PSoC4/Bluetooth_aios.c ****             apiResult = CyBle_GattsIndication(connHandle, &indReqParam);
 624              		.loc 1 913 0
 625 0054 0198     		ldr	r0, [sp, #4]
 626 0056 FFF7FEFF 		bl	CyBle_GattsIndication
 627              	.LVL67:
 914:Generated_Source\PSoC4/Bluetooth_aios.c ****             /* Save handle to support service specific value confirmation response from client */
 915:Generated_Source\PSoC4/Bluetooth_aios.c ****             if(apiResult == CYBLE_ERROR_OK)
 628              		.loc 1 915 0
 629 005a 0028     		cmp	r0, #0
 630 005c 0FD1     		bne	.L49
 916:Generated_Source\PSoC4/Bluetooth_aios.c ****             {
 917:Generated_Source\PSoC4/Bluetooth_aios.c ****                 cyBle_aiossReqHandle = indReqParam.attrHandle;
 631              		.loc 1 917 0
 632 005e 03AB     		add	r3, sp, #12
 633 0060 1A89     		ldrh	r2, [r3, #8]
 634 0062 0C4B     		ldr	r3, .L56+16
 635 0064 9A80     		strh	r2, [r3, #4]
 636 0066 0AE0     		b	.L49
 637              	.LVL68:
 638              	.L51:
 639              	.LBE7:
 886:Generated_Source\PSoC4/Bluetooth_aios.c ****     }
 640              		.loc 1 886 0
 641 0068 0120     		movs	r0, #1
 642 006a 08E0     		b	.L49
 643              	.LVL69:
 644              	.L52:
 890:Generated_Source\PSoC4/Bluetooth_aios.c ****     }
 645              		.loc 1 890 0
 646 006c 0120     		movs	r0, #1
 647 006e 06E0     		b	.L49
 648              	.L53:
 894:Generated_Source\PSoC4/Bluetooth_aios.c ****     }
 649              		.loc 1 894 0
 650 0070 0420     		movs	r0, #4
 651 0072 FF30     		adds	r0, r0, #255
 652 0074 03E0     		b	.L49
 653              	.LVL70:
 654              	.L54:
 899:Generated_Source\PSoC4/Bluetooth_aios.c ****     }
 655              		.loc 1 899 0
 656 0076 0220     		movs	r0, #2
 657 0078 FF30     		adds	r0, r0, #255
ARM GAS  C:\Users\ARTEM\AppData\Local\Temp\ccuSJ5wi.s 			page 29


 658 007a 00E0     		b	.L49
 659              	.L55:
 918:Generated_Source\PSoC4/Bluetooth_aios.c ****             }
 919:Generated_Source\PSoC4/Bluetooth_aios.c ****         }
 920:Generated_Source\PSoC4/Bluetooth_aios.c ****         else
 921:Generated_Source\PSoC4/Bluetooth_aios.c ****         {
 922:Generated_Source\PSoC4/Bluetooth_aios.c ****             apiResult = CYBLE_ERROR_GATT_DB_INVALID_ATTR_HANDLE;
 660              		.loc 1 922 0
 661 007c 1320     		movs	r0, #19
 662              	.LVL71:
 663              	.L49:
 923:Generated_Source\PSoC4/Bluetooth_aios.c ****         }
 924:Generated_Source\PSoC4/Bluetooth_aios.c ****     }
 925:Generated_Source\PSoC4/Bluetooth_aios.c ****     return (apiResult);
 926:Generated_Source\PSoC4/Bluetooth_aios.c **** }
 664              		.loc 1 926 0
 665 007e 07B0     		add	sp, sp, #28
 666              		@ sp needed
 667 0080 30BD     		pop	{r4, r5, pc}
 668              	.L57:
 669 0082 C046     		.align	2
 670              	.L56:
 671 0084 00000000 		.word	.LANCHOR1
 672 0088 00000000 		.word	cyBle_state
 673 008c 00000000 		.word	.LANCHOR2
 674 0090 00000000 		.word	cyBle_gattDB
 675 0094 00000000 		.word	.LANCHOR0
 676              		.cfi_endproc
 677              	.LFE10:
 678              		.size	CyBle_AiossSendIndication, .-CyBle_AiossSendIndication
 679              		.section	.text.CyBle_AiossConfirmationEventHandler,"ax",%progbits
 680              		.align	2
 681              		.global	CyBle_AiossConfirmationEventHandler
 682              		.code	16
 683              		.thumb_func
 684              		.type	CyBle_AiossConfirmationEventHandler, %function
 685              	CyBle_AiossConfirmationEventHandler:
 686              	.LFB11:
 927:Generated_Source\PSoC4/Bluetooth_aios.c **** 
 928:Generated_Source\PSoC4/Bluetooth_aios.c **** /******************************************************************************
 929:Generated_Source\PSoC4/Bluetooth_aios.c **** * Function Name: CyBle_AiossConfirmationEventHandler
 930:Generated_Source\PSoC4/Bluetooth_aios.c **** ***************************************************************************//**
 931:Generated_Source\PSoC4/Bluetooth_aios.c **** * 
 932:Generated_Source\PSoC4/Bluetooth_aios.c **** *  Handles a Value Confirmation request event from the BLE stack.
 933:Generated_Source\PSoC4/Bluetooth_aios.c **** * 
 934:Generated_Source\PSoC4/Bluetooth_aios.c **** *  eventParam - The pointer to a structure of type CYBLE_CONN_HANDLE_T.
 935:Generated_Source\PSoC4/Bluetooth_aios.c **** *  
 936:Generated_Source\PSoC4/Bluetooth_aios.c **** ******************************************************************************/
 937:Generated_Source\PSoC4/Bluetooth_aios.c **** void CyBle_AiossConfirmationEventHandler(const CYBLE_CONN_HANDLE_T *eventParam)
 938:Generated_Source\PSoC4/Bluetooth_aios.c **** {
 687              		.loc 1 938 0
 688              		.cfi_startproc
 689              		@ args = 0, pretend = 0, frame = 16
 690              		@ frame_needed = 0, uses_anonymous_args = 0
 691              	.LVL72:
 692 0000 F0B5     		push	{r4, r5, r6, r7, lr}
 693              		.cfi_def_cfa_offset 20
ARM GAS  C:\Users\ARTEM\AppData\Local\Temp\ccuSJ5wi.s 			page 30


 694              		.cfi_offset 4, -20
 695              		.cfi_offset 5, -16
 696              		.cfi_offset 6, -12
 697              		.cfi_offset 7, -8
 698              		.cfi_offset 14, -4
 699 0002 85B0     		sub	sp, sp, #20
 700              		.cfi_def_cfa_offset 40
 701 0004 0500     		movs	r5, r0
 702              	.LVL73:
 939:Generated_Source\PSoC4/Bluetooth_aios.c ****     CYBLE_AIOS_CHAR_INDEX_T locCharIndex;
 940:Generated_Source\PSoC4/Bluetooth_aios.c ****     CYBLE_AIOS_CHAR_VALUE_T locCharValue;
 941:Generated_Source\PSoC4/Bluetooth_aios.c ****     uint8 locCharInstance;
 942:Generated_Source\PSoC4/Bluetooth_aios.c ****     uint8 locReqHandle = 0u;
 943:Generated_Source\PSoC4/Bluetooth_aios.c **** 
 944:Generated_Source\PSoC4/Bluetooth_aios.c ****     if((CyBle_AiosApplCallback != NULL) && (cyBle_aiossReqHandle != CYBLE_GATT_INVALID_ATTR_HANDLE_
 703              		.loc 1 944 0
 704 0006 204B     		ldr	r3, .L67
 705 0008 1B68     		ldr	r3, [r3]
 706 000a 002B     		cmp	r3, #0
 707 000c 39D0     		beq	.L58
 708              		.loc 1 944 0 is_stmt 0 discriminator 1
 709 000e 1E4B     		ldr	r3, .L67
 710 0010 9B88     		ldrh	r3, [r3, #4]
 711 0012 002B     		cmp	r3, #0
 712 0014 2FD1     		bne	.L65
 713 0016 34E0     		b	.L58
 714              	.LVL74:
 715              	.L63:
 945:Generated_Source\PSoC4/Bluetooth_aios.c ****     {
 946:Generated_Source\PSoC4/Bluetooth_aios.c ****         for(locCharIndex = CYBLE_AIOS_DIGITAL; (locCharIndex < CYBLE_AIOS_CHAR_COUNT) && (locReqHan
 947:Generated_Source\PSoC4/Bluetooth_aios.c ****             locCharIndex++)
 948:Generated_Source\PSoC4/Bluetooth_aios.c ****         {
 949:Generated_Source\PSoC4/Bluetooth_aios.c ****             for(locCharInstance = 0u; (locCharInstance < cyBle_aiossCharInstances[locCharIndex]) &&
 950:Generated_Source\PSoC4/Bluetooth_aios.c ****                 locCharInstance++)
 951:Generated_Source\PSoC4/Bluetooth_aios.c ****             {
 952:Generated_Source\PSoC4/Bluetooth_aios.c ****                 if(cyBle_aiossReqHandle == cyBle_aioss.charInfoAddr[locCharIndex].charInfoPtr[locCh
 716              		.loc 1 952 0 is_stmt 1
 717 0018 9B00     		lsls	r3, r3, #2
 718 001a 1C4A     		ldr	r2, .L67+4
 719 001c D318     		adds	r3, r2, r3
 720 001e 5A68     		ldr	r2, [r3, #4]
 721 0020 2301     		lsls	r3, r4, #4
 722 0022 D25A     		ldrh	r2, [r2, r3]
 723 0024 184B     		ldr	r3, .L67
 724 0026 9B88     		ldrh	r3, [r3, #4]
 725 0028 9A42     		cmp	r2, r3
 726 002a 16D1     		bne	.L61
 953:Generated_Source\PSoC4/Bluetooth_aios.c ****                 {
 954:Generated_Source\PSoC4/Bluetooth_aios.c ****                     locCharValue.connHandle = *eventParam;
 727              		.loc 1 954 0
 728 002c 01AF     		add	r7, sp, #4
 729 002e 0222     		movs	r2, #2
 730 0030 2900     		movs	r1, r5
 731              	.LVL75:
 732 0032 3800     		movs	r0, r7
 733 0034 FFF7FEFF 		bl	memcpy
 734              	.LVL76:
ARM GAS  C:\Users\ARTEM\AppData\Local\Temp\ccuSJ5wi.s 			page 31


 955:Generated_Source\PSoC4/Bluetooth_aios.c ****                     locCharValue.charIndex = locCharIndex;
 735              		.loc 1 955 0
 736 0038 BE70     		strb	r6, [r7, #2]
 956:Generated_Source\PSoC4/Bluetooth_aios.c ****                     locCharValue.charInstance = locCharInstance;
 737              		.loc 1 956 0
 738 003a FC70     		strb	r4, [r7, #3]
 957:Generated_Source\PSoC4/Bluetooth_aios.c ****                     locCharValue.value = NULL;
 739              		.loc 1 957 0
 740 003c 0022     		movs	r2, #0
 741 003e 7A60     		str	r2, [r7, #4]
 958:Generated_Source\PSoC4/Bluetooth_aios.c ****                     cyBle_eventHandlerFlag &= (uint8)~CYBLE_CALLBACK;
 742              		.loc 1 958 0
 743 0040 1349     		ldr	r1, .L67+8
 744 0042 0B78     		ldrb	r3, [r1]
 745 0044 0120     		movs	r0, #1
 746 0046 8343     		bics	r3, r0
 747 0048 0B70     		strb	r3, [r1]
 959:Generated_Source\PSoC4/Bluetooth_aios.c ****                     cyBle_aiossReqHandle = CYBLE_GATT_INVALID_ATTR_HANDLE_VALUE;
 748              		.loc 1 959 0
 749 004a 0F4B     		ldr	r3, .L67
 750 004c 9A80     		strh	r2, [r3, #4]
 960:Generated_Source\PSoC4/Bluetooth_aios.c ****                     CyBle_AiosApplCallback((uint32)CYBLE_EVT_AIOSS_INDICATION_CONFIRMED, &locCharVa
 751              		.loc 1 960 0
 752 004e 1B68     		ldr	r3, [r3]
 753 0050 3900     		movs	r1, r7
 754 0052 1820     		movs	r0, #24
 755 0054 FF30     		adds	r0, r0, #255
 756 0056 9847     		blx	r3
 757              	.LVL77:
 961:Generated_Source\PSoC4/Bluetooth_aios.c ****                     locReqHandle = 1u;
 758              		.loc 1 961 0
 759 0058 0121     		movs	r1, #1
 760              	.LVL78:
 761              	.L61:
 950:Generated_Source\PSoC4/Bluetooth_aios.c ****             {
 762              		.loc 1 950 0
 763 005a 0134     		adds	r4, r4, #1
 764              	.LVL79:
 765 005c E4B2     		uxtb	r4, r4
 766              	.LVL80:
 767 005e 00E0     		b	.L64
 768              	.LVL81:
 769              	.L66:
 770 0060 0024     		movs	r4, #0
 771              	.L64:
 772              	.LVL82:
 949:Generated_Source\PSoC4/Bluetooth_aios.c ****                 locCharInstance++)
 773              		.loc 1 949 0 discriminator 1
 774 0062 3300     		movs	r3, r6
 775 0064 0B4A     		ldr	r2, .L67+12
 776 0066 925D     		ldrb	r2, [r2, r6]
 777 0068 9442     		cmp	r4, r2
 778 006a 01D2     		bcs	.L62
 949:Generated_Source\PSoC4/Bluetooth_aios.c ****                 locCharInstance++)
 779              		.loc 1 949 0 is_stmt 0 discriminator 2
 780 006c 0029     		cmp	r1, #0
 781 006e D3D0     		beq	.L63
ARM GAS  C:\Users\ARTEM\AppData\Local\Temp\ccuSJ5wi.s 			page 32


 782              	.L62:
 947:Generated_Source\PSoC4/Bluetooth_aios.c ****         {
 783              		.loc 1 947 0 is_stmt 1
 784 0070 0136     		adds	r6, r6, #1
 785              	.LVL83:
 786 0072 F6B2     		uxtb	r6, r6
 787              	.LVL84:
 788 0074 01E0     		b	.L60
 789              	.LVL85:
 790              	.L65:
 791 0076 0021     		movs	r1, #0
 792 0078 0026     		movs	r6, #0
 793              	.LVL86:
 794              	.L60:
 946:Generated_Source\PSoC4/Bluetooth_aios.c ****             locCharIndex++)
 795              		.loc 1 946 0 discriminator 1
 796 007a 022E     		cmp	r6, #2
 797 007c 01D8     		bhi	.L58
 946:Generated_Source\PSoC4/Bluetooth_aios.c ****             locCharIndex++)
 798              		.loc 1 946 0 is_stmt 0 discriminator 2
 799 007e 0029     		cmp	r1, #0
 800 0080 EED0     		beq	.L66
 801              	.LVL87:
 802              	.L58:
 962:Generated_Source\PSoC4/Bluetooth_aios.c ****                 }
 963:Generated_Source\PSoC4/Bluetooth_aios.c ****             }
 964:Generated_Source\PSoC4/Bluetooth_aios.c ****         }
 965:Generated_Source\PSoC4/Bluetooth_aios.c ****     }
 966:Generated_Source\PSoC4/Bluetooth_aios.c **** }
 803              		.loc 1 966 0 is_stmt 1
 804 0082 05B0     		add	sp, sp, #20
 805              		@ sp needed
 806              	.LVL88:
 807 0084 F0BD     		pop	{r4, r5, r6, r7, pc}
 808              	.L68:
 809 0086 C046     		.align	2
 810              	.L67:
 811 0088 00000000 		.word	.LANCHOR0
 812 008c 00000000 		.word	.LANCHOR2
 813 0090 00000000 		.word	cyBle_eventHandlerFlag
 814 0094 00000000 		.word	.LANCHOR1
 815              		.cfi_endproc
 816              	.LFE11:
 817              		.size	CyBle_AiossConfirmationEventHandler, .-CyBle_AiossConfirmationEventHandler
 818              		.section	.text.CyBle_AiosSetAggregateChar,"ax",%progbits
 819              		.align	2
 820              		.global	CyBle_AiosSetAggregateChar
 821              		.code	16
 822              		.thumb_func
 823              		.type	CyBle_AiosSetAggregateChar, %function
 824              	CyBle_AiosSetAggregateChar:
 825              	.LFB12:
 967:Generated_Source\PSoC4/Bluetooth_aios.c **** 
 968:Generated_Source\PSoC4/Bluetooth_aios.c **** /******************************************************************************
 969:Generated_Source\PSoC4/Bluetooth_aios.c **** * Function Name: CyBle_AiosSetAggregateChar
 970:Generated_Source\PSoC4/Bluetooth_aios.c **** ***************************************************************************//**
 971:Generated_Source\PSoC4/Bluetooth_aios.c **** *
ARM GAS  C:\Users\ARTEM\AppData\Local\Temp\ccuSJ5wi.s 			page 33


 972:Generated_Source\PSoC4/Bluetooth_aios.c **** *  Sets the value for Aggregate characteristic. 
 973:Generated_Source\PSoC4/Bluetooth_aios.c **** *  All of the defined Digital characteristics with the Read property set be
 974:Generated_Source\PSoC4/Bluetooth_aios.c **** *  part of Aggregate (if available). The length of each of the Digital characteristics 
 975:Generated_Source\PSoC4/Bluetooth_aios.c **** *  that is part of the Aggregate is determined from the number of signals defined in the 
 976:Generated_Source\PSoC4/Bluetooth_aios.c **** *  Number of Digitals descriptor of the Digital characteristic. The Digital part byte 
 977:Generated_Source\PSoC4/Bluetooth_aios.c **** *  aligned and trailing bits (if any) set to 0. The order of the Digital characteristics 
 978:Generated_Source\PSoC4/Bluetooth_aios.c **** *  is determined by the value in the Description field of the Characteristic Presentation 
 979:Generated_Source\PSoC4/Bluetooth_aios.c **** *  Format descriptor with the lowest value first. 
 980:Generated_Source\PSoC4/Bluetooth_aios.c **** *  All of the defined Analog characteristics with Read property set part of the Aggregate
 981:Generated_Source\PSoC4/Bluetooth_aios.c **** *  (if available). The order of the Analog characteristics is determined by the value in 
 982:Generated_Source\PSoC4/Bluetooth_aios.c **** *  the Description field of the Characteristic Presentation Format descriptor with the 
 983:Generated_Source\PSoC4/Bluetooth_aios.c **** *  lowest value first. 
 984:Generated_Source\PSoC4/Bluetooth_aios.c **** *  The first analog input follows directly after the last Digital characteristic.
 985:Generated_Source\PSoC4/Bluetooth_aios.c **** * 
 986:Generated_Source\PSoC4/Bluetooth_aios.c **** * \return
 987:Generated_Source\PSoC4/Bluetooth_aios.c **** *  A return value is of type CYBLE_GATT_ERR_CODE_T.
 988:Generated_Source\PSoC4/Bluetooth_aios.c **** *  * CYBLE_GATT_ERR_NONE - The advertisement packet collected successfully.
 989:Generated_Source\PSoC4/Bluetooth_aios.c **** *  * CYBLE_GATT_ERR_INVALID_HANDLE - 'handleValuePair.attrHandle' is not valid.
 990:Generated_Source\PSoC4/Bluetooth_aios.c **** *
 991:Generated_Source\PSoC4/Bluetooth_aios.c **** ******************************************************************************/
 992:Generated_Source\PSoC4/Bluetooth_aios.c **** CYBLE_GATT_ERR_CODE_T CyBle_AiosSetAggregateChar(void)
 993:Generated_Source\PSoC4/Bluetooth_aios.c **** {
 826              		.loc 1 993 0
 827              		.cfi_startproc
 828              		@ args = 0, pretend = 0, frame = 64
 829              		@ frame_needed = 0, uses_anonymous_args = 0
 830 0000 F0B5     		push	{r4, r5, r6, r7, lr}
 831              		.cfi_def_cfa_offset 20
 832              		.cfi_offset 4, -20
 833              		.cfi_offset 5, -16
 834              		.cfi_offset 6, -12
 835              		.cfi_offset 7, -8
 836              		.cfi_offset 14, -4
 837 0002 5F46     		mov	r7, fp
 838 0004 5646     		mov	r6, r10
 839 0006 4D46     		mov	r5, r9
 840 0008 4446     		mov	r4, r8
 841 000a F0B4     		push	{r4, r5, r6, r7}
 842              		.cfi_def_cfa_offset 36
 843              		.cfi_offset 8, -36
 844              		.cfi_offset 9, -32
 845              		.cfi_offset 10, -28
 846              		.cfi_offset 11, -24
 847 000c 91B0     		sub	sp, sp, #68
 848              		.cfi_def_cfa_offset 104
 849              	.LVL89:
 994:Generated_Source\PSoC4/Bluetooth_aios.c ****     CYBLE_GATT_ERR_CODE_T gattErr = CYBLE_GATT_ERR_NONE;
 995:Generated_Source\PSoC4/Bluetooth_aios.c ****     CYBLE_GATT_HANDLE_VALUE_PAIR_T locHandleValuePair;
 996:Generated_Source\PSoC4/Bluetooth_aios.c ****     CYBLE_AIOS_CHAR_INDEX_T locCharIndex;
 997:Generated_Source\PSoC4/Bluetooth_aios.c ****     uint8 locCharInstance;
 998:Generated_Source\PSoC4/Bluetooth_aios.c ****     uint8 locAttrValue[CYBLE_AIOS_CHAR_PRESENTATION_FORMAT_LEN];
 999:Generated_Source\PSoC4/Bluetooth_aios.c ****     uint8 aggregateChar[CYBLE_GATT_MTU-3];
1000:Generated_Source\PSoC4/Bluetooth_aios.c ****     uint16 currentDescriptionValue;
1001:Generated_Source\PSoC4/Bluetooth_aios.c ****     uint16 minDescriptionValue;
1002:Generated_Source\PSoC4/Bluetooth_aios.c ****     uint16 minDescriptionValueTmp = 0xFFFFu;
1003:Generated_Source\PSoC4/Bluetooth_aios.c ****     uint16 maxDescriptionValue;
1004:Generated_Source\PSoC4/Bluetooth_aios.c ****     uint16 minDescriptionNumber;
ARM GAS  C:\Users\ARTEM\AppData\Local\Temp\ccuSJ5wi.s 			page 34


1005:Generated_Source\PSoC4/Bluetooth_aios.c ****     uint8 locCharInstanceNumber;
1006:Generated_Source\PSoC4/Bluetooth_aios.c ****     uint8 aggregateCharIndex = 0u;
1007:Generated_Source\PSoC4/Bluetooth_aios.c ****     uint8 aggregateDigitalBits = 0u;
1008:Generated_Source\PSoC4/Bluetooth_aios.c ****     uint8 numOfDigital;
1009:Generated_Source\PSoC4/Bluetooth_aios.c ****     uint8 i;
1010:Generated_Source\PSoC4/Bluetooth_aios.c ****     
1011:Generated_Source\PSoC4/Bluetooth_aios.c ****     for(i = 0; i < (CYBLE_GATT_MTU-3u); i++)
 850              		.loc 1 1011 0
 851 000e 0023     		movs	r3, #0
 852 0010 04E0     		b	.L70
 853              	.LVL90:
 854              	.L71:
1012:Generated_Source\PSoC4/Bluetooth_aios.c ****     {   
1013:Generated_Source\PSoC4/Bluetooth_aios.c ****         aggregateChar[i] = 0u;
 855              		.loc 1 1013 0 discriminator 3
 856 0012 0021     		movs	r1, #0
 857 0014 06AA     		add	r2, sp, #24
 858 0016 D154     		strb	r1, [r2, r3]
1011:Generated_Source\PSoC4/Bluetooth_aios.c ****     {   
 859              		.loc 1 1011 0 discriminator 3
 860 0018 0133     		adds	r3, r3, #1
 861              	.LVL91:
 862 001a DBB2     		uxtb	r3, r3
 863              	.LVL92:
 864              	.L70:
1011:Generated_Source\PSoC4/Bluetooth_aios.c ****     {   
 865              		.loc 1 1011 0 is_stmt 0 discriminator 1
 866 001c 132B     		cmp	r3, #19
 867 001e F8D9     		bls	.L71
 868 0020 0023     		movs	r3, #0
 869              	.LVL93:
 870 0022 04E0     		b	.L72
 871              	.LVL94:
 872              	.L73:
1014:Generated_Source\PSoC4/Bluetooth_aios.c ****     }
1015:Generated_Source\PSoC4/Bluetooth_aios.c ****     
1016:Generated_Source\PSoC4/Bluetooth_aios.c ****     for(i = 0; i < CYBLE_AIOS_CHAR_PRESENTATION_FORMAT_LEN; i++)
1017:Generated_Source\PSoC4/Bluetooth_aios.c ****     {   
1018:Generated_Source\PSoC4/Bluetooth_aios.c ****         locAttrValue[i] = 0u;
 873              		.loc 1 1018 0 is_stmt 1 discriminator 3
 874 0024 0021     		movs	r1, #0
 875 0026 0BAA     		add	r2, sp, #44
 876 0028 D154     		strb	r1, [r2, r3]
1016:Generated_Source\PSoC4/Bluetooth_aios.c ****     {   
 877              		.loc 1 1016 0 discriminator 3
 878 002a 0133     		adds	r3, r3, #1
 879              	.LVL95:
 880 002c DBB2     		uxtb	r3, r3
 881              	.LVL96:
 882              	.L72:
1016:Generated_Source\PSoC4/Bluetooth_aios.c ****     {   
 883              		.loc 1 1016 0 is_stmt 0 discriminator 1
 884 002e 062B     		cmp	r3, #6
 885 0030 F8D9     		bls	.L73
1019:Generated_Source\PSoC4/Bluetooth_aios.c ****     }
1020:Generated_Source\PSoC4/Bluetooth_aios.c ****    
1021:Generated_Source\PSoC4/Bluetooth_aios.c ****     if((cyBle_aioss.charInfoAddr[CYBLE_AIOS_AGGREGATE].charInfoPtr != NULL) &&
ARM GAS  C:\Users\ARTEM\AppData\Local\Temp\ccuSJ5wi.s 			page 35


1022:Generated_Source\PSoC4/Bluetooth_aios.c ****         (CYBLE_GATT_INVALID_ATTR_HANDLE_VALUE != cyBle_aioss.charInfoAddr[CYBLE_AIOS_AGGREGATE].cha
 886              		.loc 1 1022 0 is_stmt 1 discriminator 1
 887 0032 754B     		ldr	r3, .L95
 888              	.LVL97:
 889 0034 9B88     		ldrh	r3, [r3, #4]
1021:Generated_Source\PSoC4/Bluetooth_aios.c ****         (CYBLE_GATT_INVALID_ATTR_HANDLE_VALUE != cyBle_aioss.charInfoAddr[CYBLE_AIOS_AGGREGATE].cha
 890              		.loc 1 1021 0 discriminator 1
 891 0036 002B     		cmp	r3, #0
 892 0038 00D0     		beq	.LCB912
 893 003a C2E0     		b	.L88	@long jump
 894              	.LCB912:
 994:Generated_Source\PSoC4/Bluetooth_aios.c ****     CYBLE_GATT_HANDLE_VALUE_PAIR_T locHandleValuePair;
 895              		.loc 1 994 0
 896 003c 0020     		movs	r0, #0
 897 003e DBE0     		b	.L75
 898              	.LVL98:
 899              	.L79:
1023:Generated_Source\PSoC4/Bluetooth_aios.c ****     {
1024:Generated_Source\PSoC4/Bluetooth_aios.c ****         for(locCharIndex = CYBLE_AIOS_DIGITAL; (locCharIndex <= CYBLE_AIOS_ANALOG) && (gattErr == C
1025:Generated_Source\PSoC4/Bluetooth_aios.c ****                         locCharIndex++)
1026:Generated_Source\PSoC4/Bluetooth_aios.c ****         {
1027:Generated_Source\PSoC4/Bluetooth_aios.c ****             minDescriptionValue = 0u;
1028:Generated_Source\PSoC4/Bluetooth_aios.c ****             minDescriptionNumber = 0u;
1029:Generated_Source\PSoC4/Bluetooth_aios.c ****             
1030:Generated_Source\PSoC4/Bluetooth_aios.c ****             for(locCharInstanceNumber = 0u; 
1031:Generated_Source\PSoC4/Bluetooth_aios.c ****                     (locCharInstanceNumber < cyBle_aiossCharInstances[locCharIndex]) && (gattErr ==
1032:Generated_Source\PSoC4/Bluetooth_aios.c ****                             locCharInstanceNumber++)
1033:Generated_Source\PSoC4/Bluetooth_aios.c ****             {   
1034:Generated_Source\PSoC4/Bluetooth_aios.c ****                 maxDescriptionValue = CYBLE_AIOS_MAX_CHAR_DESCRIPTION_VALUE;
1035:Generated_Source\PSoC4/Bluetooth_aios.c ****                 
1036:Generated_Source\PSoC4/Bluetooth_aios.c ****                 for(locCharInstance = 0u; 
1037:Generated_Source\PSoC4/Bluetooth_aios.c ****                         (locCharInstance < cyBle_aiossCharInstances[locCharIndex]) && (gattErr == C
1038:Generated_Source\PSoC4/Bluetooth_aios.c ****                                 locCharInstance++)
1039:Generated_Source\PSoC4/Bluetooth_aios.c ****                 {
1040:Generated_Source\PSoC4/Bluetooth_aios.c ****                     if((cyBle_aioss.charInfoAddr[locCharIndex].charInfoPtr != NULL) &&
 900              		.loc 1 1040 0
 901 0040 AB00     		lsls	r3, r5, #2
 902 0042 724A     		ldr	r2, .L95+4
 903 0044 D318     		adds	r3, r2, r3
 904 0046 5A68     		ldr	r2, [r3, #4]
 905 0048 002A     		cmp	r2, #0
 906 004a 12D0     		beq	.L89
1041:Generated_Source\PSoC4/Bluetooth_aios.c ****                         (cyBle_aioss.charInfoAddr[locCharIndex].charInfoPtr[locCharInstance].charHa
 907              		.loc 1 1041 0 discriminator 1
 908 004c 2301     		lsls	r3, r4, #4
 909 004e D318     		adds	r3, r2, r3
 910 0050 1A88     		ldrh	r2, [r3]
1040:Generated_Source\PSoC4/Bluetooth_aios.c ****                         (cyBle_aioss.charInfoAddr[locCharIndex].charInfoPtr[locCharInstance].charHa
 911              		.loc 1 1040 0 discriminator 1
 912 0052 002A     		cmp	r2, #0
 913 0054 0FD0     		beq	.L90
1042:Generated_Source\PSoC4/Bluetooth_aios.c ****                                 != CYBLE_GATT_INVALID_ATTR_HANDLE_VALUE) &&
1043:Generated_Source\PSoC4/Bluetooth_aios.c ****                         (cyBle_aioss.charInfoAddr[locCharIndex].charInfoPtr[locCharInstance].descrH
 914              		.loc 1 1043 0
 915 0056 9B88     		ldrh	r3, [r3, #4]
1042:Generated_Source\PSoC4/Bluetooth_aios.c ****                                 != CYBLE_GATT_INVALID_ATTR_HANDLE_VALUE) &&
 916              		.loc 1 1042 0
ARM GAS  C:\Users\ARTEM\AppData\Local\Temp\ccuSJ5wi.s 			page 36


 917 0058 002B     		cmp	r3, #0
 918 005a 0ED0     		beq	.L91
1044:Generated_Source\PSoC4/Bluetooth_aios.c ****                                 != CYBLE_GATT_INVALID_ATTR_HANDLE_VALUE))
1045:Generated_Source\PSoC4/Bluetooth_aios.c ****                     {
1046:Generated_Source\PSoC4/Bluetooth_aios.c ****                         locHandleValuePair.attrHandle =
 919              		.loc 1 1046 0
 920 005c 0DA8     		add	r0, sp, #52
 921              	.LVL99:
 922 005e 0381     		strh	r3, [r0, #8]
1047:Generated_Source\PSoC4/Bluetooth_aios.c ****                             cyBle_aioss.charInfoAddr[locCharIndex].charInfoPtr[locCharInstance].des
1048:Generated_Source\PSoC4/Bluetooth_aios.c ****                         locHandleValuePair.value.len = CYBLE_AIOS_CHAR_PRESENTATION_FORMAT_LEN;
 923              		.loc 1 1048 0
 924 0060 0723     		movs	r3, #7
 925 0062 8380     		strh	r3, [r0, #4]
1049:Generated_Source\PSoC4/Bluetooth_aios.c ****                         locHandleValuePair.value.val = locAttrValue;
 926              		.loc 1 1049 0
 927 0064 0BAB     		add	r3, sp, #44
 928 0066 0D93     		str	r3, [sp, #52]
1050:Generated_Source\PSoC4/Bluetooth_aios.c ****                            
1051:Generated_Source\PSoC4/Bluetooth_aios.c ****                         gattErr = CyBle_GattsReadAttributeValue(&locHandleValuePair, NULL, CYBLE_GA
 929              		.loc 1 1051 0
 930 0068 0022     		movs	r2, #0
 931 006a 0021     		movs	r1, #0
 932 006c FFF7FEFF 		bl	CyBle_GattsReadAttributeValue
 933              	.LVL100:
 934 0070 04E0     		b	.L76
 935              	.L89:
1052:Generated_Source\PSoC4/Bluetooth_aios.c ****                     }
1053:Generated_Source\PSoC4/Bluetooth_aios.c ****                     else
1054:Generated_Source\PSoC4/Bluetooth_aios.c ****                     {
1055:Generated_Source\PSoC4/Bluetooth_aios.c ****                         gattErr = CYBLE_GATT_ERR_INVALID_HANDLE;
 936              		.loc 1 1055 0
 937 0072 0120     		movs	r0, #1
 938              	.LVL101:
 939 0074 02E0     		b	.L76
 940              	.LVL102:
 941              	.L90:
 942 0076 0120     		movs	r0, #1
 943              	.LVL103:
 944 0078 00E0     		b	.L76
 945              	.LVL104:
 946              	.L91:
 947 007a 0120     		movs	r0, #1
 948              	.LVL105:
 949              	.L76:
1056:Generated_Source\PSoC4/Bluetooth_aios.c ****                     }
1057:Generated_Source\PSoC4/Bluetooth_aios.c ****                    
1058:Generated_Source\PSoC4/Bluetooth_aios.c ****                     if (gattErr == CYBLE_GATT_ERR_NONE)
 950              		.loc 1 1058 0
 951 007c 0028     		cmp	r0, #0
 952 007e 0CD1     		bne	.L77
1059:Generated_Source\PSoC4/Bluetooth_aios.c ****                     {   
1060:Generated_Source\PSoC4/Bluetooth_aios.c ****                         currentDescriptionValue = ((uint16)(((uint16)locAttrValue[CYBLE_AIOS_CHAR_P
 953              		.loc 1 1060 0
 954 0080 0BAA     		add	r2, sp, #44
 955 0082 9379     		ldrb	r3, [r2, #6]
 956 0084 1B02     		lsls	r3, r3, #8
ARM GAS  C:\Users\ARTEM\AppData\Local\Temp\ccuSJ5wi.s 			page 37


 957 0086 5279     		ldrb	r2, [r2, #5]
 958 0088 1343     		orrs	r3, r2
 959              	.LVL106:
1061:Generated_Source\PSoC4/Bluetooth_aios.c ****                         
1062:Generated_Source\PSoC4/Bluetooth_aios.c ****                         if ((currentDescriptionValue < maxDescriptionValue) &&
 960              		.loc 1 1062 0
 961 008a 9E42     		cmp	r6, r3
 962 008c 05D9     		bls	.L77
 963              		.loc 1 1062 0 is_stmt 0 discriminator 1
 964 008e 9A45     		cmp	r10, r3
 965 0090 03D2     		bcs	.L77
 966              	.LVL107:
1063:Generated_Source\PSoC4/Bluetooth_aios.c ****                             (currentDescriptionValue > minDescriptionValue) )
1064:Generated_Source\PSoC4/Bluetooth_aios.c ****                         {
1065:Generated_Source\PSoC4/Bluetooth_aios.c ****                             maxDescriptionValue = currentDescriptionValue;
1066:Generated_Source\PSoC4/Bluetooth_aios.c ****                             minDescriptionNumber = locCharInstance;
 967              		.loc 1 1066 0 is_stmt 1
 968 0092 A2B2     		uxth	r2, r4
 969 0094 9346     		mov	fp, r2
 970              	.LVL108:
1065:Generated_Source\PSoC4/Bluetooth_aios.c ****                             minDescriptionNumber = locCharInstance;
 971              		.loc 1 1065 0
 972 0096 1E00     		movs	r6, r3
1067:Generated_Source\PSoC4/Bluetooth_aios.c ****                             minDescriptionValueTmp = currentDescriptionValue;
 973              		.loc 1 1067 0
 974 0098 0093     		str	r3, [sp]
 975              	.LVL109:
 976              	.L77:
1038:Generated_Source\PSoC4/Bluetooth_aios.c ****                 {
 977              		.loc 1 1038 0
 978 009a 0134     		adds	r4, r4, #1
 979              	.LVL110:
 980 009c E4B2     		uxtb	r4, r4
 981              	.LVL111:
 982 009e 01E0     		b	.L85
 983              	.LVL112:
 984              	.L93:
 985 00a0 5B4E     		ldr	r6, .L95+8
 986 00a2 0024     		movs	r4, #0
 987              	.L85:
 988              	.LVL113:
1037:Generated_Source\PSoC4/Bluetooth_aios.c ****                                 locCharInstance++)
 989              		.loc 1 1037 0 discriminator 1
 990 00a4 584B     		ldr	r3, .L95
 991 00a6 5B5D     		ldrb	r3, [r3, r5]
1036:Generated_Source\PSoC4/Bluetooth_aios.c ****                         (locCharInstance < cyBle_aiossCharInstances[locCharIndex]) && (gattErr == C
 992              		.loc 1 1036 0 discriminator 1
 993 00a8 9C42     		cmp	r4, r3
 994 00aa 01D2     		bcs	.L78
1037:Generated_Source\PSoC4/Bluetooth_aios.c ****                                 locCharInstance++)
 995              		.loc 1 1037 0
 996 00ac 0028     		cmp	r0, #0
 997 00ae C7D0     		beq	.L79
 998              	.L78:
 999              	.LVL114:
1068:Generated_Source\PSoC4/Bluetooth_aios.c ****                         }
1069:Generated_Source\PSoC4/Bluetooth_aios.c ****                     }
ARM GAS  C:\Users\ARTEM\AppData\Local\Temp\ccuSJ5wi.s 			page 38


1070:Generated_Source\PSoC4/Bluetooth_aios.c ****                 }
1071:Generated_Source\PSoC4/Bluetooth_aios.c ****             
1072:Generated_Source\PSoC4/Bluetooth_aios.c ****                 minDescriptionValue = minDescriptionValueTmp;
1073:Generated_Source\PSoC4/Bluetooth_aios.c ****                 
1074:Generated_Source\PSoC4/Bluetooth_aios.c ****                 if (locCharIndex == CYBLE_AIOS_DIGITAL)
 1000              		.loc 1 1074 0
 1001 00b0 4346     		mov	r3, r8
 1002 00b2 002B     		cmp	r3, #0
 1003 00b4 50D1     		bne	.L80
1075:Generated_Source\PSoC4/Bluetooth_aios.c ****                 {   
1076:Generated_Source\PSoC4/Bluetooth_aios.c ****                     /* Read descriptor CYBLE_AIOS_NUM_OF_DIGITAL_DESCR value from database */
1077:Generated_Source\PSoC4/Bluetooth_aios.c ****                     locHandleValuePair.attrHandle =
1078:Generated_Source\PSoC4/Bluetooth_aios.c ****                         cyBle_aioss.charInfoAddr[CYBLE_AIOS_DIGITAL].charInfoPtr[minDescriptionNumb
 1004              		.loc 1 1078 0
 1005 00b6 5B46     		mov	r3, fp
 1006 00b8 1C01     		lsls	r4, r3, #4
 1007              	.LVL115:
 1008 00ba E389     		ldrh	r3, [r4, #14]
1077:Generated_Source\PSoC4/Bluetooth_aios.c ****                         cyBle_aioss.charInfoAddr[CYBLE_AIOS_DIGITAL].charInfoPtr[minDescriptionNumb
 1009              		.loc 1 1077 0
 1010 00bc 0DA8     		add	r0, sp, #52
 1011              	.LVL116:
 1012 00be 0381     		strh	r3, [r0, #8]
1079:Generated_Source\PSoC4/Bluetooth_aios.c ****                     locHandleValuePair.value.len = CYBLE_AIOS_NUM_OF_DIGITAL_DESCR_LEN;
 1013              		.loc 1 1079 0
 1014 00c0 0123     		movs	r3, #1
 1015 00c2 8380     		strh	r3, [r0, #4]
1080:Generated_Source\PSoC4/Bluetooth_aios.c ****                     locHandleValuePair.value.val = &numOfDigital;
 1016              		.loc 1 1080 0
 1017 00c4 04AB     		add	r3, sp, #16
 1018 00c6 0733     		adds	r3, r3, #7
 1019 00c8 0D93     		str	r3, [sp, #52]
1081:Generated_Source\PSoC4/Bluetooth_aios.c ****                     
1082:Generated_Source\PSoC4/Bluetooth_aios.c ****                     gattErr = CyBle_GattsReadAttributeValue(&locHandleValuePair, NULL, CYBLE_GATT_D
 1020              		.loc 1 1082 0
 1021 00ca 0022     		movs	r2, #0
 1022 00cc 0021     		movs	r1, #0
 1023 00ce FFF7FEFF 		bl	CyBle_GattsReadAttributeValue
 1024              	.LVL117:
1083:Generated_Source\PSoC4/Bluetooth_aios.c ****                         
1084:Generated_Source\PSoC4/Bluetooth_aios.c ****                     if (gattErr == CYBLE_GATT_ERR_NONE)    
 1025              		.loc 1 1084 0
 1026 00d2 0028     		cmp	r0, #0
 1027 00d4 5BD1     		bne	.L81
1085:Generated_Source\PSoC4/Bluetooth_aios.c ****                     {
1086:Generated_Source\PSoC4/Bluetooth_aios.c ****                         locHandleValuePair.attrHandle =
1087:Generated_Source\PSoC4/Bluetooth_aios.c ****                             cyBle_aioss.charInfoAddr[CYBLE_AIOS_DIGITAL].charInfoPtr[minDescription
 1028              		.loc 1 1087 0
 1029 00d6 2388     		ldrh	r3, [r4]
1086:Generated_Source\PSoC4/Bluetooth_aios.c ****                             cyBle_aioss.charInfoAddr[CYBLE_AIOS_DIGITAL].charInfoPtr[minDescription
 1030              		.loc 1 1086 0
 1031 00d8 0DA8     		add	r0, sp, #52
 1032              	.LVL118:
 1033 00da 0381     		strh	r3, [r0, #8]
1088:Generated_Source\PSoC4/Bluetooth_aios.c ****                         locHandleValuePair.value.len = (numOfDigital / 4) + 1;
 1034              		.loc 1 1088 0
 1035 00dc 04AB     		add	r3, sp, #16
ARM GAS  C:\Users\ARTEM\AppData\Local\Temp\ccuSJ5wi.s 			page 39


 1036 00de 0733     		adds	r3, r3, #7
 1037 00e0 1B78     		ldrb	r3, [r3]
 1038 00e2 9B08     		lsrs	r3, r3, #2
 1039 00e4 0133     		adds	r3, r3, #1
 1040 00e6 8380     		strh	r3, [r0, #4]
1089:Generated_Source\PSoC4/Bluetooth_aios.c ****                         locHandleValuePair.value.val = &aggregateChar[aggregateCharIndex + 1];
 1041              		.loc 1 1089 0
 1042 00e8 4C46     		mov	r4, r9
 1043 00ea 4B46     		mov	r3, r9
 1044 00ec 0133     		adds	r3, r3, #1
 1045 00ee 06AA     		add	r2, sp, #24
 1046 00f0 9446     		mov	ip, r2
 1047 00f2 6344     		add	r3, r3, ip
 1048 00f4 0D93     		str	r3, [sp, #52]
1090:Generated_Source\PSoC4/Bluetooth_aios.c ****                                             
1091:Generated_Source\PSoC4/Bluetooth_aios.c ****                         gattErr = CyBle_GattsReadAttributeValue(&locHandleValuePair, NULL, CYBLE_GA
 1049              		.loc 1 1091 0
 1050 00f6 0022     		movs	r2, #0
 1051 00f8 0021     		movs	r1, #0
 1052 00fa FFF7FEFF 		bl	CyBle_GattsReadAttributeValue
 1053              	.LVL119:
1092:Generated_Source\PSoC4/Bluetooth_aios.c ****                         
1093:Generated_Source\PSoC4/Bluetooth_aios.c ****                         if (gattErr == CYBLE_GATT_ERR_NONE)    
 1054              		.loc 1 1093 0
 1055 00fe 0028     		cmp	r0, #0
 1056 0100 14D0     		beq	.L92
 1057 0102 44E0     		b	.L81
 1058              	.LVL120:
 1059              	.L83:
1094:Generated_Source\PSoC4/Bluetooth_aios.c ****                         {    
1095:Generated_Source\PSoC4/Bluetooth_aios.c ****                             for (i = 0; i < ((numOfDigital / 4u) + 1u); i++)
1096:Generated_Source\PSoC4/Bluetooth_aios.c ****                             {
1097:Generated_Source\PSoC4/Bluetooth_aios.c ****                                 aggregateChar[aggregateCharIndex+i] |= (uint8)(aggregateChar[aggreg
 1060              		.loc 1 1097 0 discriminator 3
 1061 0104 039B     		ldr	r3, [sp, #12]
 1062 0106 CE18     		adds	r6, r1, r3
 1063 0108 751C     		adds	r5, r6, #1
 1064 010a 06AB     		add	r3, sp, #24
 1065 010c 5A5D     		ldrb	r2, [r3, r5]
 1066 010e 0198     		ldr	r0, [sp, #4]
 1067 0110 8240     		lsls	r2, r2, r0
 1068 0112 9246     		mov	r10, r2
 1069 0114 9A5D     		ldrb	r2, [r3, r6]
 1070 0116 5446     		mov	r4, r10
 1071 0118 1443     		orrs	r4, r2
 1072 011a 9C55     		strb	r4, [r3, r6]
1098:Generated_Source\PSoC4/Bluetooth_aios.c ****                                 aggregateChar[aggregateCharIndex + i + 1] >>= (8 - aggregateDigital
 1073              		.loc 1 1098 0 discriminator 3
 1074 011c 0826     		movs	r6, #8
 1075 011e 361A     		subs	r6, r6, r0
 1076 0120 5A5D     		ldrb	r2, [r3, r5]
 1077 0122 3241     		asrs	r2, r2, r6
 1078 0124 5A55     		strb	r2, [r3, r5]
1095:Generated_Source\PSoC4/Bluetooth_aios.c ****                             {
 1079              		.loc 1 1095 0 discriminator 3
 1080 0126 0131     		adds	r1, r1, #1
 1081              	.LVL121:
ARM GAS  C:\Users\ARTEM\AppData\Local\Temp\ccuSJ5wi.s 			page 40


 1082 0128 C9B2     		uxtb	r1, r1
 1083              	.LVL122:
 1084 012a 02E0     		b	.L82
 1085              	.LVL123:
 1086              	.L92:
 1087 012c 0021     		movs	r1, #0
 1088 012e 0290     		str	r0, [sp, #8]
 1089 0130 0394     		str	r4, [sp, #12]
 1090              	.LVL124:
 1091              	.L82:
1095:Generated_Source\PSoC4/Bluetooth_aios.c ****                             {
 1092              		.loc 1 1095 0 is_stmt 0 discriminator 1
 1093 0132 04AB     		add	r3, sp, #16
 1094 0134 DD79     		ldrb	r5, [r3, #7]
 1095 0136 AB08     		lsrs	r3, r5, #2
 1096 0138 0133     		adds	r3, r3, #1
 1097 013a 9942     		cmp	r1, r3
 1098 013c E2D3     		bcc	.L83
 1099 013e 0298     		ldr	r0, [sp, #8]
1099:Generated_Source\PSoC4/Bluetooth_aios.c ****                             }
1100:Generated_Source\PSoC4/Bluetooth_aios.c **** 
1101:Generated_Source\PSoC4/Bluetooth_aios.c ****                             aggregateCharIndex += (((aggregateDigitalBits / 2u) + numOfDigital) / 4
 1100              		.loc 1 1101 0 is_stmt 1
 1101 0140 019B     		ldr	r3, [sp, #4]
 1102 0142 5B08     		lsrs	r3, r3, #1
 1103 0144 EB18     		adds	r3, r5, r3
 1104 0146 9A08     		lsrs	r2, r3, #2
 1105 0148 4A44     		add	r2, r2, r9
 1106 014a D2B2     		uxtb	r2, r2
 1107 014c 9146     		mov	r9, r2
 1108              	.LVL125:
1102:Generated_Source\PSoC4/Bluetooth_aios.c ****                             aggregateDigitalBits = (((aggregateDigitalBits / 2u) + numOfDigital) % 
 1109              		.loc 1 1102 0
 1110 014e 0322     		movs	r2, #3
 1111 0150 1340     		ands	r3, r2
 1112 0152 5B00     		lsls	r3, r3, #1
 1113 0154 0193     		str	r3, [sp, #4]
 1114              	.LVL126:
 1115 0156 1AE0     		b	.L81
 1116              	.LVL127:
 1117              	.L80:
1103:Generated_Source\PSoC4/Bluetooth_aios.c ****                         }
1104:Generated_Source\PSoC4/Bluetooth_aios.c ****                     }
1105:Generated_Source\PSoC4/Bluetooth_aios.c ****                 }
1106:Generated_Source\PSoC4/Bluetooth_aios.c ****                 else if(locCharIndex == CYBLE_AIOS_ANALOG)
 1118              		.loc 1 1106 0
 1119 0158 4346     		mov	r3, r8
 1120 015a 012B     		cmp	r3, #1
 1121 015c 17D1     		bne	.L81
1107:Generated_Source\PSoC4/Bluetooth_aios.c ****                 {
1108:Generated_Source\PSoC4/Bluetooth_aios.c ****                     /* Read characteristic CYBLE_AIOS_ANALOG value from database */ 
1109:Generated_Source\PSoC4/Bluetooth_aios.c ****                     locHandleValuePair.attrHandle =
1110:Generated_Source\PSoC4/Bluetooth_aios.c ****                         cyBle_aioss.charInfoAddr[locCharIndex].charInfoPtr[minDescriptionNumber].ch
 1122              		.loc 1 1110 0
 1123 015e AD00     		lsls	r5, r5, #2
 1124 0160 2A4B     		ldr	r3, .L95+4
 1125 0162 5D19     		adds	r5, r3, r5
ARM GAS  C:\Users\ARTEM\AppData\Local\Temp\ccuSJ5wi.s 			page 41


 1126 0164 6A68     		ldr	r2, [r5, #4]
 1127 0166 5B46     		mov	r3, fp
 1128 0168 1B01     		lsls	r3, r3, #4
 1129 016a D35A     		ldrh	r3, [r2, r3]
1109:Generated_Source\PSoC4/Bluetooth_aios.c ****                         cyBle_aioss.charInfoAddr[locCharIndex].charInfoPtr[minDescriptionNumber].ch
 1130              		.loc 1 1109 0
 1131 016c 0DA8     		add	r0, sp, #52
 1132              	.LVL128:
 1133 016e 0381     		strh	r3, [r0, #8]
1111:Generated_Source\PSoC4/Bluetooth_aios.c ****                     locHandleValuePair.value.len = CYBLE_AIOS_ANALOG_LEN;
 1134              		.loc 1 1111 0
 1135 0170 0223     		movs	r3, #2
 1136 0172 8380     		strh	r3, [r0, #4]
1112:Generated_Source\PSoC4/Bluetooth_aios.c ****                     locHandleValuePair.value.val = &aggregateChar[aggregateCharIndex];
 1137              		.loc 1 1112 0
 1138 0174 06AB     		add	r3, sp, #24
 1139 0176 4B44     		add	r3, r3, r9
 1140 0178 0D93     		str	r3, [sp, #52]
1113:Generated_Source\PSoC4/Bluetooth_aios.c ****                                         
1114:Generated_Source\PSoC4/Bluetooth_aios.c ****                     gattErr = CyBle_GattsReadAttributeValue(&locHandleValuePair, NULL, CYBLE_GATT_D
 1141              		.loc 1 1114 0
 1142 017a 0022     		movs	r2, #0
 1143 017c 0021     		movs	r1, #0
 1144 017e FFF7FEFF 		bl	CyBle_GattsReadAttributeValue
 1145              	.LVL129:
1115:Generated_Source\PSoC4/Bluetooth_aios.c ****                     if (gattErr == CYBLE_GATT_ERR_NONE)    
 1146              		.loc 1 1115 0
 1147 0182 0028     		cmp	r0, #0
 1148 0184 03D1     		bne	.L81
1116:Generated_Source\PSoC4/Bluetooth_aios.c ****                     {
1117:Generated_Source\PSoC4/Bluetooth_aios.c ****                         aggregateCharIndex += 2u;
 1149              		.loc 1 1117 0
 1150 0186 4B46     		mov	r3, r9
 1151 0188 0233     		adds	r3, r3, #2
 1152 018a DBB2     		uxtb	r3, r3
 1153 018c 9946     		mov	r9, r3
 1154              	.LVL130:
 1155              	.L81:
1032:Generated_Source\PSoC4/Bluetooth_aios.c ****             {   
 1156              		.loc 1 1032 0
 1157 018e 0137     		adds	r7, r7, #1
 1158              	.LVL131:
 1159 0190 FFB2     		uxtb	r7, r7
 1160              	.LVL132:
1072:Generated_Source\PSoC4/Bluetooth_aios.c ****                 
 1161              		.loc 1 1072 0
 1162 0192 009B     		ldr	r3, [sp]
 1163 0194 9A46     		mov	r10, r3
 1164 0196 04E0     		b	.L87
 1165              	.LVL133:
 1166              	.L94:
 1167 0198 0023     		movs	r3, #0
 1168 019a 9B46     		mov	fp, r3
 1169 019c 9A46     		mov	r10, r3
 1170 019e B846     		mov	r8, r7
 1171 01a0 1F00     		movs	r7, r3
 1172              	.LVL134:
ARM GAS  C:\Users\ARTEM\AppData\Local\Temp\ccuSJ5wi.s 			page 42


 1173              	.L87:
1031:Generated_Source\PSoC4/Bluetooth_aios.c ****                             locCharInstanceNumber++)
 1174              		.loc 1 1031 0 discriminator 1
 1175 01a2 4546     		mov	r5, r8
 1176 01a4 184B     		ldr	r3, .L95
 1177 01a6 5B5D     		ldrb	r3, [r3, r5]
1030:Generated_Source\PSoC4/Bluetooth_aios.c ****                     (locCharInstanceNumber < cyBle_aiossCharInstances[locCharIndex]) && (gattErr ==
 1178              		.loc 1 1030 0 discriminator 1
 1179 01a8 9F42     		cmp	r7, r3
 1180 01aa 02D2     		bcs	.L84
1031:Generated_Source\PSoC4/Bluetooth_aios.c ****                             locCharInstanceNumber++)
 1181              		.loc 1 1031 0
 1182 01ac 0028     		cmp	r0, #0
 1183 01ae 00D1     		bne	.LCB1270
 1184 01b0 76E7     		b	.L93	@long jump
 1185              	.LCB1270:
 1186              	.L84:
 1187 01b2 4746     		mov	r7, r8
 1188              	.LVL135:
1118:Generated_Source\PSoC4/Bluetooth_aios.c ****                     }
1119:Generated_Source\PSoC4/Bluetooth_aios.c ****                 }
1120:Generated_Source\PSoC4/Bluetooth_aios.c ****                 else
1121:Generated_Source\PSoC4/Bluetooth_aios.c ****                 {
1122:Generated_Source\PSoC4/Bluetooth_aios.c ****                    /* Do nothing */
1123:Generated_Source\PSoC4/Bluetooth_aios.c ****                 }
1124:Generated_Source\PSoC4/Bluetooth_aios.c ****             }  
1125:Generated_Source\PSoC4/Bluetooth_aios.c ****             aggregateCharIndex++;
 1189              		.loc 1 1125 0
 1190 01b4 4B46     		mov	r3, r9
 1191 01b6 0133     		adds	r3, r3, #1
 1192 01b8 DBB2     		uxtb	r3, r3
 1193 01ba 9946     		mov	r9, r3
 1194              	.LVL136:
1025:Generated_Source\PSoC4/Bluetooth_aios.c ****         {
 1195              		.loc 1 1025 0
 1196 01bc 7B1C     		adds	r3, r7, #1
 1197 01be DFB2     		uxtb	r7, r3
 1198              	.LVL137:
 1199 01c0 06E0     		b	.L74
 1200              	.LVL138:
 1201              	.L88:
 1202 01c2 0023     		movs	r3, #0
 1203 01c4 9946     		mov	r9, r3
 1204 01c6 124A     		ldr	r2, .L95+8
 1205 01c8 0092     		str	r2, [sp]
 1206 01ca 0027     		movs	r7, #0
 1207 01cc 0020     		movs	r0, #0
 1208 01ce 0193     		str	r3, [sp, #4]
 1209              	.LVL139:
 1210              	.L74:
1024:Generated_Source\PSoC4/Bluetooth_aios.c ****                         locCharIndex++)
 1211              		.loc 1 1024 0 discriminator 1
 1212 01d0 012F     		cmp	r7, #1
 1213 01d2 01D8     		bhi	.L86
1024:Generated_Source\PSoC4/Bluetooth_aios.c ****                         locCharIndex++)
 1214              		.loc 1 1024 0 is_stmt 0 discriminator 2
 1215 01d4 0028     		cmp	r0, #0
ARM GAS  C:\Users\ARTEM\AppData\Local\Temp\ccuSJ5wi.s 			page 43


 1216 01d6 DFD0     		beq	.L94
 1217              	.L86:
1126:Generated_Source\PSoC4/Bluetooth_aios.c ****         }
1127:Generated_Source\PSoC4/Bluetooth_aios.c ****         
1128:Generated_Source\PSoC4/Bluetooth_aios.c ****         if (gattErr == CYBLE_GATT_ERR_NONE)
 1218              		.loc 1 1128 0 is_stmt 1
 1219 01d8 0028     		cmp	r0, #0
 1220 01da 0DD1     		bne	.L75
1129:Generated_Source\PSoC4/Bluetooth_aios.c ****         {
1130:Generated_Source\PSoC4/Bluetooth_aios.c ****             locHandleValuePair.attrHandle = cyBle_aioss.charInfoAddr[CYBLE_AIOS_AGGREGATE].charInfo
 1221              		.loc 1 1130 0
 1222 01dc 0A4B     		ldr	r3, .L95
 1223 01de 9B88     		ldrh	r3, [r3, #4]
 1224 01e0 0DA8     		add	r0, sp, #52
 1225              	.LVL140:
 1226 01e2 0381     		strh	r3, [r0, #8]
1131:Generated_Source\PSoC4/Bluetooth_aios.c ****             locHandleValuePair.value.len = aggregateCharIndex-1u;
 1227              		.loc 1 1131 0
 1228 01e4 4B46     		mov	r3, r9
 1229 01e6 013B     		subs	r3, r3, #1
 1230 01e8 8380     		strh	r3, [r0, #4]
1132:Generated_Source\PSoC4/Bluetooth_aios.c ****             locHandleValuePair.value.val = aggregateChar;
 1231              		.loc 1 1132 0
 1232 01ea 06AB     		add	r3, sp, #24
 1233 01ec 0D93     		str	r3, [sp, #52]
1133:Generated_Source\PSoC4/Bluetooth_aios.c **** 
1134:Generated_Source\PSoC4/Bluetooth_aios.c ****             /* Store data in database */
1135:Generated_Source\PSoC4/Bluetooth_aios.c ****             gattErr = CyBle_GattsWriteAttributeValue(&locHandleValuePair, 0u, NULL, CYBLE_GATT_DB_L
 1234              		.loc 1 1135 0
 1235 01ee 0023     		movs	r3, #0
 1236 01f0 0022     		movs	r2, #0
 1237 01f2 0021     		movs	r1, #0
 1238 01f4 FFF7FEFF 		bl	CyBle_GattsWriteAttributeValue
 1239              	.LVL141:
 1240              	.L75:
1136:Generated_Source\PSoC4/Bluetooth_aios.c ****         }
1137:Generated_Source\PSoC4/Bluetooth_aios.c ****     }    
1138:Generated_Source\PSoC4/Bluetooth_aios.c ****     return gattErr;
1139:Generated_Source\PSoC4/Bluetooth_aios.c **** }
 1241              		.loc 1 1139 0
 1242 01f8 11B0     		add	sp, sp, #68
 1243              		@ sp needed
 1244 01fa 3CBC     		pop	{r2, r3, r4, r5}
 1245 01fc 9046     		mov	r8, r2
 1246 01fe 9946     		mov	r9, r3
 1247 0200 A246     		mov	r10, r4
 1248 0202 AB46     		mov	fp, r5
 1249 0204 F0BD     		pop	{r4, r5, r6, r7, pc}
 1250              	.L96:
 1251 0206 C046     		.align	2
 1252              	.L95:
 1253 0208 00000000 		.word	.LANCHOR1
 1254 020c 00000000 		.word	.LANCHOR2
 1255 0210 FFFF0000 		.word	65535
 1256              		.cfi_endproc
 1257              	.LFE12:
 1258              		.size	CyBle_AiosSetAggregateChar, .-CyBle_AiosSetAggregateChar
ARM GAS  C:\Users\ARTEM\AppData\Local\Temp\ccuSJ5wi.s 			page 44


 1259              		.section	.text.CyBle_AiosInit,"ax",%progbits
 1260              		.align	2
 1261              		.global	CyBle_AiosInit
 1262              		.code	16
 1263              		.thumb_func
 1264              		.type	CyBle_AiosInit, %function
 1265              	CyBle_AiosInit:
 1266              	.LFB2:
 192:Generated_Source\PSoC4/Bluetooth_aios.c **** #ifdef CYBLE_AIOS_CLIENT
 1267              		.loc 1 192 0
 1268              		.cfi_startproc
 1269              		@ args = 0, pretend = 0, frame = 0
 1270              		@ frame_needed = 0, uses_anonymous_args = 0
 1271 0000 10B5     		push	{r4, lr}
 1272              		.cfi_def_cfa_offset 8
 1273              		.cfi_offset 4, -8
 1274              		.cfi_offset 14, -4
 217:Generated_Source\PSoC4/Bluetooth_aios.c **** #endif /* CYBLE_AIOS_SERVER */
 1275              		.loc 1 217 0
 1276 0002 FFF7FEFF 		bl	CyBle_AiosSetAggregateChar
 1277              	.LVL142:
 220:Generated_Source\PSoC4/Bluetooth_aios.c **** 
 1278              		.loc 1 220 0
 1279              		@ sp needed
 1280 0006 10BD     		pop	{r4, pc}
 1281              		.cfi_endproc
 1282              	.LFE2:
 1283              		.size	CyBle_AiosInit, .-CyBle_AiosInit
 1284              		.section	.text.CyBle_AiossWriteEventHandler,"ax",%progbits
 1285              		.align	2
 1286              		.global	CyBle_AiossWriteEventHandler
 1287              		.code	16
 1288              		.thumb_func
 1289              		.type	CyBle_AiossWriteEventHandler, %function
 1290              	CyBle_AiossWriteEventHandler:
 1291              	.LFB4:
 272:Generated_Source\PSoC4/Bluetooth_aios.c ****     uint8 i;
 1292              		.loc 1 272 0
 1293              		.cfi_startproc
 1294              		@ args = 0, pretend = 0, frame = 24
 1295              		@ frame_needed = 0, uses_anonymous_args = 0
 1296              	.LVL143:
 1297 0000 F0B5     		push	{r4, r5, r6, r7, lr}
 1298              		.cfi_def_cfa_offset 20
 1299              		.cfi_offset 4, -20
 1300              		.cfi_offset 5, -16
 1301              		.cfi_offset 6, -12
 1302              		.cfi_offset 7, -8
 1303              		.cfi_offset 14, -4
 1304 0002 5F46     		mov	r7, fp
 1305 0004 5646     		mov	r6, r10
 1306 0006 4D46     		mov	r5, r9
 1307 0008 4446     		mov	r4, r8
 1308 000a F0B4     		push	{r4, r5, r6, r7}
 1309              		.cfi_def_cfa_offset 36
 1310              		.cfi_offset 8, -36
 1311              		.cfi_offset 9, -32
ARM GAS  C:\Users\ARTEM\AppData\Local\Temp\ccuSJ5wi.s 			page 45


 1312              		.cfi_offset 10, -28
 1313              		.cfi_offset 11, -24
 1314 000c 87B0     		sub	sp, sp, #28
 1315              		.cfi_def_cfa_offset 64
 1316 000e 8246     		mov	r10, r0
 1317              	.LVL144:
 284:Generated_Source\PSoC4/Bluetooth_aios.c ****     
 1318              		.loc 1 284 0
 1319 0010 8689     		ldrh	r6, [r0, #12]
 1320              	.LVL145:
 286:Generated_Source\PSoC4/Bluetooth_aios.c ****     {
 1321              		.loc 1 286 0
 1322 0012 924B     		ldr	r3, .L133
 1323 0014 1B68     		ldr	r3, [r3]
 1324 0016 002B     		cmp	r3, #0
 1325 0018 00D0     		beq	.LCB1419
 1326 001a FDE0     		b	.L125	@long jump
 1327              	.LCB1419:
 277:Generated_Source\PSoC4/Bluetooth_aios.c ****     CYBLE_AIOSS_CHAR_T *aiosCharInfoPtr;
 1328              		.loc 1 277 0
 1329 001c 0024     		movs	r4, #0
 275:Generated_Source\PSoC4/Bluetooth_aios.c ****     CYBLE_GATT_DB_ATTR_HANDLE_T tmpHandle;
 1330              		.loc 1 275 0
 1331 001e 0027     		movs	r7, #0
 1332 0020 07E1     		b	.L100
 1333              	.LVL146:
 1334              	.L122:
 302:Generated_Source\PSoC4/Bluetooth_aios.c ****             {   
 1335              		.loc 1 302 0
 1336 0022 C846     		mov	r8, r9
 1337 0024 4B46     		mov	r3, r9
 1338 0026 9B00     		lsls	r3, r3, #2
 1339 0028 8D4A     		ldr	r2, .L133+4
 1340 002a D318     		adds	r3, r2, r3
 1341 002c 5B68     		ldr	r3, [r3, #4]
 1342 002e 002B     		cmp	r3, #0
 1343 0030 00D0     		beq	.LCB1438
 1344 0032 E5E0     		b	.L126	@long jump
 1345              	.LCB1438:
 1346 0034 EBE0     		b	.L102
 1347              	.LVL147:
 1348              	.L121:
 306:Generated_Source\PSoC4/Bluetooth_aios.c ****                     
 1349              		.loc 1 306 0
 1350 0036 4346     		mov	r3, r8
 1351 0038 9B00     		lsls	r3, r3, #2
 1352 003a 894A     		ldr	r2, .L133+4
 1353 003c D318     		adds	r3, r2, r3
 1354 003e 5968     		ldr	r1, [r3, #4]
 1355 0040 2B01     		lsls	r3, r5, #4
 1356 0042 C918     		adds	r1, r1, r3
 1357              	.LVL148:
 309:Generated_Source\PSoC4/Bluetooth_aios.c ****                     {
 1358              		.loc 1 309 0
 1359 0044 0B88     		ldrh	r3, [r1]
 1360 0046 9E42     		cmp	r6, r3
 1361 0048 04D1     		bne	.L103
ARM GAS  C:\Users\ARTEM\AppData\Local\Temp\ccuSJ5wi.s 			page 46


 311:Generated_Source\PSoC4/Bluetooth_aios.c ****                         foundItem = CYBLE_AIOS_CHARACTERISTIC_ITEM;
 1362              		.loc 1 311 0
 1363 004a 0722     		movs	r2, #7
 1364 004c 03AB     		add	r3, sp, #12
 1365 004e 1A71     		strb	r2, [r3, #4]
 1366              	.LVL149:
 312:Generated_Source\PSoC4/Bluetooth_aios.c ****                     }                
 1367              		.loc 1 312 0
 1368 0050 0124     		movs	r4, #1
 1369 0052 12E0     		b	.L104
 1370              	.LVL150:
 1371              	.L103:
 319:Generated_Source\PSoC4/Bluetooth_aios.c ****                         
 1372              		.loc 1 319 0
 1373 0054 0722     		movs	r2, #7
 1374 0056 03AB     		add	r3, sp, #12
 1375 0058 1A71     		strb	r2, [r3, #4]
 1376              	.LVL151:
 321:Generated_Source\PSoC4/Bluetooth_aios.c ****                         {
 1377              		.loc 1 321 0
 1378 005a 0023     		movs	r3, #0
 1379 005c 09E0     		b	.L105
 1380              	.LVL152:
 1381              	.L107:
 323:Generated_Source\PSoC4/Bluetooth_aios.c **** 	                        {
 1382              		.loc 1 323 0
 1383 005e 5A00     		lsls	r2, r3, #1
 1384 0060 8A18     		adds	r2, r1, r2
 1385 0062 5288     		ldrh	r2, [r2, #2]
 1386 0064 9642     		cmp	r6, r2
 1387 0066 02D1     		bne	.L106
 325:Generated_Source\PSoC4/Bluetooth_aios.c **** 		                        foundItem = CYBLE_AIOS_DESCRIPTOR_ITEM;
 1388              		.loc 1 325 0
 1389 0068 03AA     		add	r2, sp, #12
 1390 006a 1371     		strb	r3, [r2, #4]
 1391              	.LVL153:
 326:Generated_Source\PSoC4/Bluetooth_aios.c **** 	                        }
 1392              		.loc 1 326 0
 1393 006c 0224     		movs	r4, #2
 1394              	.LVL154:
 1395              	.L106:
 321:Generated_Source\PSoC4/Bluetooth_aios.c ****                         {
 1396              		.loc 1 321 0 discriminator 2
 1397 006e 0133     		adds	r3, r3, #1
 1398              	.LVL155:
 1399 0070 DBB2     		uxtb	r3, r3
 1400              	.LVL156:
 1401              	.L105:
 321:Generated_Source\PSoC4/Bluetooth_aios.c ****                         {
 1402              		.loc 1 321 0 is_stmt 0 discriminator 1
 1403 0072 062B     		cmp	r3, #6
 1404 0074 01D8     		bhi	.L104
 321:Generated_Source\PSoC4/Bluetooth_aios.c ****                         {
 1405              		.loc 1 321 0 discriminator 3
 1406 0076 022C     		cmp	r4, #2
 1407 0078 F1D1     		bne	.L107
 1408              	.LVL157:
ARM GAS  C:\Users\ARTEM\AppData\Local\Temp\ccuSJ5wi.s 			page 47


 1409              	.L104:
 332:Generated_Source\PSoC4/Bluetooth_aios.c ****                     {
 1410              		.loc 1 332 0 is_stmt 1
 1411 007a 002F     		cmp	r7, #0
 1412 007c 6FD1     		bne	.L108
 332:Generated_Source\PSoC4/Bluetooth_aios.c ****                     {
 1413              		.loc 1 332 0 is_stmt 0 discriminator 1
 1414 007e 022C     		cmp	r4, #2
 1415 0080 6DD1     		bne	.L108
 334:Generated_Source\PSoC4/Bluetooth_aios.c ****                         {
 1416              		.loc 1 334 0 is_stmt 1
 1417 0082 03AB     		add	r3, sp, #12
 1418 0084 1B79     		ldrb	r3, [r3, #4]
 1419 0086 022B     		cmp	r3, #2
 1420 0088 42D0     		beq	.L109
 1421 008a 02D8     		bhi	.L110
 1422 008c 002B     		cmp	r3, #0
 1423 008e 05D0     		beq	.L111
 1424 0090 65E0     		b	.L108
 1425              	.L110:
 1426 0092 042B     		cmp	r3, #4
 1427 0094 50D0     		beq	.L112
 1428 0096 052B     		cmp	r3, #5
 1429 0098 54D0     		beq	.L113
 1430 009a 60E0     		b	.L108
 1431              	.L111:
 338:Generated_Source\PSoC4/Bluetooth_aios.c ****                             {
 1432              		.loc 1 338 0
 1433 009c 0B88     		ldrh	r3, [r1]
 1434 009e 013B     		subs	r3, r3, #1
 1435 00a0 9A00     		lsls	r2, r3, #2
 1436 00a2 D318     		adds	r3, r2, r3
 1437 00a4 9A00     		lsls	r2, r3, #2
 1438 00a6 6F4B     		ldr	r3, .L133+8
 1439 00a8 9A18     		adds	r2, r3, r2
 1440 00aa 5368     		ldr	r3, [r2, #4]
 1441 00ac DA02     		lsls	r2, r3, #11
 1442 00ae 16D5     		bpl	.L114
 340:Generated_Source\PSoC4/Bluetooth_aios.c ****                                 {
 1443              		.loc 1 340 0
 1444 00b0 5346     		mov	r3, r10
 1445 00b2 5868     		ldr	r0, [r3, #4]
 1446 00b4 FFF7FEFF 		bl	CyBle_Get16ByPtr
 1447              	.LVL158:
 1448 00b8 C307     		lsls	r3, r0, #31
 1449 00ba 03D5     		bpl	.L127
 342:Generated_Source\PSoC4/Bluetooth_aios.c ****                                 }
 1450              		.loc 1 342 0
 1451 00bc 1423     		movs	r3, #20
 1452 00be FF33     		adds	r3, r3, #255
 1453 00c0 9B46     		mov	fp, r3
 1454              	.LVL159:
 1455 00c2 02E0     		b	.L115
 1456              	.LVL160:
 1457              	.L127:
 346:Generated_Source\PSoC4/Bluetooth_aios.c ****                                 }
 1458              		.loc 1 346 0
ARM GAS  C:\Users\ARTEM\AppData\Local\Temp\ccuSJ5wi.s 			page 48


 1459 00c4 8A23     		movs	r3, #138
 1460 00c6 5B00     		lsls	r3, r3, #1
 1461 00c8 9B46     		mov	fp, r3
 1462              	.LVL161:
 1463              	.L115:
 352:Generated_Source\PSoC4/Bluetooth_aios.c ****                                 {
 1464              		.loc 1 352 0
 1465 00ca 674B     		ldr	r3, .L133+12
 1466 00cc 1B78     		ldrb	r3, [r3]
 1467 00ce 012B     		cmp	r3, #1
 1468 00d0 45D1     		bne	.L108
 354:Generated_Source\PSoC4/Bluetooth_aios.c ****                                 }
 1469              		.loc 1 354 0
 1470 00d2 664A     		ldr	r2, .L133+16
 1471 00d4 1178     		ldrb	r1, [r2]
 1472 00d6 0223     		movs	r3, #2
 1473 00d8 0B43     		orrs	r3, r1
 1474 00da 1370     		strb	r3, [r2]
 1475 00dc 3FE0     		b	.L108
 1476              	.LVL162:
 1477              	.L114:
 358:Generated_Source\PSoC4/Bluetooth_aios.c ****                             {
 1478              		.loc 1 358 0
 1479 00de 9B02     		lsls	r3, r3, #10
 1480 00e0 36D5     		bpl	.L128
 360:Generated_Source\PSoC4/Bluetooth_aios.c ****                                 {
 1481              		.loc 1 360 0
 1482 00e2 5346     		mov	r3, r10
 1483 00e4 5868     		ldr	r0, [r3, #4]
 1484 00e6 FFF7FEFF 		bl	CyBle_Get16ByPtr
 1485              	.LVL163:
 1486 00ea 8307     		lsls	r3, r0, #30
 1487 00ec 03D5     		bpl	.L129
 362:Generated_Source\PSoC4/Bluetooth_aios.c ****                                 }
 1488              		.loc 1 362 0
 1489 00ee 1623     		movs	r3, #22
 1490 00f0 FF33     		adds	r3, r3, #255
 1491 00f2 9B46     		mov	fp, r3
 1492              	.LVL164:
 1493 00f4 02E0     		b	.L116
 1494              	.LVL165:
 1495              	.L129:
 366:Generated_Source\PSoC4/Bluetooth_aios.c ****                                 }
 1496              		.loc 1 366 0
 1497 00f6 8B23     		movs	r3, #139
 1498 00f8 5B00     		lsls	r3, r3, #1
 1499 00fa 9B46     		mov	fp, r3
 1500              	.LVL166:
 1501              	.L116:
 372:Generated_Source\PSoC4/Bluetooth_aios.c ****                                 {
 1502              		.loc 1 372 0
 1503 00fc 5A4B     		ldr	r3, .L133+12
 1504 00fe 1B78     		ldrb	r3, [r3]
 1505 0100 012B     		cmp	r3, #1
 1506 0102 2CD1     		bne	.L108
 374:Generated_Source\PSoC4/Bluetooth_aios.c ****                                 }
 1507              		.loc 1 374 0
ARM GAS  C:\Users\ARTEM\AppData\Local\Temp\ccuSJ5wi.s 			page 49


 1508 0104 594A     		ldr	r2, .L133+16
 1509 0106 1178     		ldrb	r1, [r2]
 1510 0108 0223     		movs	r3, #2
 1511 010a 0B43     		orrs	r3, r1
 1512 010c 1370     		strb	r3, [r2]
 1513 010e 26E0     		b	.L108
 1514              	.LVL167:
 1515              	.L109:
 385:Generated_Source\PSoC4/Bluetooth_aios.c ****                                 aiosCharInfoPtr->descrHandle[CYBLE_AIOS_CHAR_USER_DESCRIPTION_DESCR
 1516              		.loc 1 385 0
 1517 0110 CB88     		ldrh	r3, [r1, #6]
 1518 0112 013B     		subs	r3, r3, #1
 1519 0114 9900     		lsls	r1, r3, #2
 1520              	.LVL168:
 1521 0116 C918     		adds	r1, r1, r3
 1522 0118 8A00     		lsls	r2, r1, #2
 1523 011a 5249     		ldr	r1, .L133+8
 1524 011c 8A18     		adds	r2, r1, r2
 1525 011e 9189     		ldrh	r1, [r2, #12]
 387:Generated_Source\PSoC4/Bluetooth_aios.c ****                             {
 1526              		.loc 1 387 0
 1527 0120 5246     		mov	r2, r10
 1528 0122 1289     		ldrh	r2, [r2, #8]
 385:Generated_Source\PSoC4/Bluetooth_aios.c ****                                 aiosCharInfoPtr->descrHandle[CYBLE_AIOS_CHAR_USER_DESCRIPTION_DESCR
 1529              		.loc 1 385 0
 1530 0124 9142     		cmp	r1, r2
 1531 0126 15D3     		bcc	.L130
 390:Generated_Source\PSoC4/Bluetooth_aios.c ****                                     aiosCharInfoPtr->descrHandle[CYBLE_AIOS_CHAR_USER_DESCRIPTION_D
 1532              		.loc 1 390 0
 1533 0128 9900     		lsls	r1, r3, #2
 1534 012a CB18     		adds	r3, r1, r3
 1535 012c 9900     		lsls	r1, r3, #2
 1536 012e 4D4B     		ldr	r3, .L133+8
 1537 0130 5918     		adds	r1, r3, r1
 1538 0132 0B69     		ldr	r3, [r1, #16]
 1539 0134 1A80     		strh	r2, [r3]
 1540 0136 12E0     		b	.L108
 1541              	.LVL169:
 1542              	.L112:
 402:Generated_Source\PSoC4/Bluetooth_aios.c ****                             {
 1543              		.loc 1 402 0
 1544 0138 5346     		mov	r3, r10
 1545 013a 5B68     		ldr	r3, [r3, #4]
 1546 013c 1B78     		ldrb	r3, [r3]
 1547 013e 062B     		cmp	r3, #6
 1548 0140 0AD8     		bhi	.L131
 1549 0142 0CE0     		b	.L108
 1550              	.L113:
 410:Generated_Source\PSoC4/Bluetooth_aios.c ****                             {
 1551              		.loc 1 410 0
 1552 0144 5346     		mov	r3, r10
 1553 0146 5B68     		ldr	r3, [r3, #4]
 1554 0148 1B78     		ldrb	r3, [r3]
 1555 014a 022B     		cmp	r3, #2
 1556 014c 06D8     		bhi	.L132
 1557 014e 06E0     		b	.L108
 1558              	.L128:
ARM GAS  C:\Users\ARTEM\AppData\Local\Temp\ccuSJ5wi.s 			page 50


 380:Generated_Source\PSoC4/Bluetooth_aios.c ****                             }
 1559              		.loc 1 380 0
 1560 0150 0627     		movs	r7, #6
 1561              	.LVL170:
 1562 0152 04E0     		b	.L108
 1563              	.LVL171:
 1564              	.L130:
 396:Generated_Source\PSoC4/Bluetooth_aios.c ****                             }
 1565              		.loc 1 396 0
 1566 0154 0D27     		movs	r7, #13
 1567              	.LVL172:
 1568 0156 02E0     		b	.L108
 1569              	.LVL173:
 1570              	.L131:
 404:Generated_Source\PSoC4/Bluetooth_aios.c ****                             }
 1571              		.loc 1 404 0
 1572 0158 8027     		movs	r7, #128
 1573              	.LVL174:
 1574 015a 00E0     		b	.L108
 1575              	.LVL175:
 1576              	.L132:
 412:Generated_Source\PSoC4/Bluetooth_aios.c ****                             }
 1577              		.loc 1 412 0
 1578 015c 8027     		movs	r7, #128
 1579              	.LVL176:
 1580              	.L108:
 422:Generated_Source\PSoC4/Bluetooth_aios.c ****                     && ( (foundItem == CYBLE_AIOS_CHARACTERISTIC_ITEM) || (foundItem == CYBLE_AIOS_
 1581              		.loc 1 422 0
 1582 015e 002F     		cmp	r7, #0
 1583 0160 4BD1     		bne	.L117
 423:Generated_Source\PSoC4/Bluetooth_aios.c ****                     {
 1584              		.loc 1 423 0
 1585 0162 631E     		subs	r3, r4, #1
 1586 0164 DBB2     		uxtb	r3, r3
 1587 0166 012B     		cmp	r3, #1
 1588 0168 47D8     		bhi	.L117
 425:Generated_Source\PSoC4/Bluetooth_aios.c ****                                                               &eventParam->connHandle,
 1589              		.loc 1 425 0
 1590 016a 5346     		mov	r3, r10
 1591 016c 9889     		ldrh	r0, [r3, #12]
 1592 016e 4222     		movs	r2, #66
 1593 0170 5146     		mov	r1, r10
 1594 0172 FFF7FEFF 		bl	CyBle_GattDbCheckPermission
 1595              	.LVL177:
 1596 0176 071E     		subs	r7, r0, #0
 1597              	.LVL178:
 429:Generated_Source\PSoC4/Bluetooth_aios.c ****                         {
 1598              		.loc 1 429 0
 1599 0178 39D1     		bne	.L118
 433:Generated_Source\PSoC4/Bluetooth_aios.c ****                             {
 1600              		.loc 1 433 0
 1601 017a 012C     		cmp	r4, #1
 1602 017c 14D1     		bne	.L119
 435:Generated_Source\PSoC4/Bluetooth_aios.c ****                                 wrCharReqParam.charIndex = (CYBLE_AIOS_CHAR_INDEX_T) i;
 1603              		.loc 1 435 0
 1604 017e 5346     		mov	r3, r10
 1605 0180 1B88     		ldrh	r3, [r3]
ARM GAS  C:\Users\ARTEM\AppData\Local\Temp\ccuSJ5wi.s 			page 51


 1606 0182 6A46     		mov	r2, sp
 1607 0184 1380     		strh	r3, [r2]
 436:Generated_Source\PSoC4/Bluetooth_aios.c ****                                 wrCharReqParam.charInstance = j;
 1608              		.loc 1 436 0
 1609 0186 6B46     		mov	r3, sp
 1610 0188 4A46     		mov	r2, r9
 1611 018a 9A70     		strb	r2, [r3, #2]
 437:Generated_Source\PSoC4/Bluetooth_aios.c ****                                 wrCharReqParam.gattErrorCode = CYBLE_GATT_ERR_NONE;
 1612              		.loc 1 437 0
 1613 018c DD70     		strb	r5, [r3, #3]
 438:Generated_Source\PSoC4/Bluetooth_aios.c ****                                 wrCharReqParam.value = &eventParam->handleValPair.value;
 1614              		.loc 1 438 0
 1615 018e 0023     		movs	r3, #0
 1616 0190 6A46     		mov	r2, sp
 1617 0192 1372     		strb	r3, [r2, #8]
 439:Generated_Source\PSoC4/Bluetooth_aios.c ****                             
 1618              		.loc 1 439 0
 1619 0194 5346     		mov	r3, r10
 1620 0196 0433     		adds	r3, r3, #4
 1621 0198 0193     		str	r3, [sp, #4]
 441:Generated_Source\PSoC4/Bluetooth_aios.c ****                             }
 1622              		.loc 1 441 0
 1623 019a 304B     		ldr	r3, .L133
 1624 019c 1B68     		ldr	r3, [r3]
 1625 019e 6946     		mov	r1, sp
 1626 01a0 8C20     		movs	r0, #140
 1627              	.LVL179:
 1628 01a2 4000     		lsls	r0, r0, #1
 1629 01a4 9847     		blx	r3
 1630              	.LVL180:
 1631 01a6 12E0     		b	.L120
 1632              	.LVL181:
 1633              	.L119:
 443:Generated_Source\PSoC4/Bluetooth_aios.c ****                             {
 1634              		.loc 1 443 0
 1635 01a8 022C     		cmp	r4, #2
 1636 01aa 10D1     		bne	.L120
 445:Generated_Source\PSoC4/Bluetooth_aios.c ****                                 wrDescrReqParam.charIndex = (CYBLE_AIOS_CHAR_INDEX_T) i;
 1637              		.loc 1 445 0
 1638 01ac 03A9     		add	r1, sp, #12
 1639 01ae 5346     		mov	r3, r10
 1640 01b0 1B88     		ldrh	r3, [r3]
 1641 01b2 0B80     		strh	r3, [r1]
 446:Generated_Source\PSoC4/Bluetooth_aios.c ****                                 wrDescrReqParam.charInstance = j;
 1642              		.loc 1 446 0
 1643 01b4 4B46     		mov	r3, r9
 1644 01b6 8B70     		strb	r3, [r1, #2]
 447:Generated_Source\PSoC4/Bluetooth_aios.c ****                                 wrDescrReqParam.gattErrorCode = CYBLE_GATT_ERR_NONE;
 1645              		.loc 1 447 0
 1646 01b8 CD70     		strb	r5, [r1, #3]
 448:Generated_Source\PSoC4/Bluetooth_aios.c ****                                 wrDescrReqParam.value = &eventParam->handleValPair.value;
 1647              		.loc 1 448 0
 1648 01ba 0023     		movs	r3, #0
 1649 01bc 4B71     		strb	r3, [r1, #5]
 449:Generated_Source\PSoC4/Bluetooth_aios.c ****                             
 1650              		.loc 1 449 0
 1651 01be 5346     		mov	r3, r10
ARM GAS  C:\Users\ARTEM\AppData\Local\Temp\ccuSJ5wi.s 			page 52


 1652 01c0 0433     		adds	r3, r3, #4
 1653 01c2 8B60     		str	r3, [r1, #8]
 451:Generated_Source\PSoC4/Bluetooth_aios.c ****                             }
 1654              		.loc 1 451 0
 1655 01c4 254B     		ldr	r3, .L133
 1656 01c6 1B68     		ldr	r3, [r3]
 1657 01c8 1A20     		movs	r0, #26
 1658              	.LVL182:
 1659 01ca FF30     		adds	r0, r0, #255
 1660 01cc 9847     		blx	r3
 1661              	.LVL183:
 1662              	.L120:
 459:Generated_Source\PSoC4/Bluetooth_aios.c ****                                 &eventParam->connHandle, CYBLE_GATT_DB_PEER_INITIATED);
 1663              		.loc 1 459 0
 1664 01ce 5346     		mov	r3, r10
 1665 01d0 181D     		adds	r0, r3, #4
 1666 01d2 4023     		movs	r3, #64
 1667 01d4 5246     		mov	r2, r10
 1668 01d6 0021     		movs	r1, #0
 1669 01d8 FFF7FEFF 		bl	CyBle_GattsWriteAttributeValue
 1670              	.LVL184:
 1671 01dc 0700     		movs	r7, r0
 1672              	.LVL185:
 462:Generated_Source\PSoC4/Bluetooth_aios.c ****                             {   
 1673              		.loc 1 462 0
 1674 01de 5B46     		mov	r3, fp
 1675 01e0 002B     		cmp	r3, #0
 1676 01e2 04D0     		beq	.L118
 1677              	.LVL186:
 464:Generated_Source\PSoC4/Bluetooth_aios.c ****                             }
 1678              		.loc 1 464 0
 1679 01e4 1D4B     		ldr	r3, .L133
 1680              	.LVL187:
 1681 01e6 1B68     		ldr	r3, [r3]
 1682 01e8 03A9     		add	r1, sp, #12
 1683 01ea 5846     		mov	r0, fp
 1684              	.LVL188:
 1685 01ec 9847     		blx	r3
 1686              	.LVL189:
 1687              	.L118:
 471:Generated_Source\PSoC4/Bluetooth_aios.c ****                         break;
 1688              		.loc 1 471 0
 1689 01ee 204A     		ldr	r2, .L133+20
 1690 01f0 1378     		ldrb	r3, [r2]
 1691 01f2 0121     		movs	r1, #1
 1692 01f4 8B43     		bics	r3, r1
 1693 01f6 1370     		strb	r3, [r2]
 472:Generated_Source\PSoC4/Bluetooth_aios.c ****                     }
 1694              		.loc 1 472 0
 1695 01f8 09E0     		b	.L102
 1696              	.L117:
 304:Generated_Source\PSoC4/Bluetooth_aios.c ****                 {
 1697              		.loc 1 304 0 discriminator 2
 1698 01fa 0135     		adds	r5, r5, #1
 1699              	.LVL190:
 1700 01fc EDB2     		uxtb	r5, r5
 1701              	.LVL191:
ARM GAS  C:\Users\ARTEM\AppData\Local\Temp\ccuSJ5wi.s 			page 53


 1702 01fe 00E0     		b	.L101
 1703              	.LVL192:
 1704              	.L126:
 1705 0200 0025     		movs	r5, #0
 1706              	.L101:
 1707              	.LVL193:
 304:Generated_Source\PSoC4/Bluetooth_aios.c ****                 {
 1708              		.loc 1 304 0 is_stmt 0 discriminator 1
 1709 0202 1C4B     		ldr	r3, .L133+24
 1710 0204 4246     		mov	r2, r8
 1711 0206 9B5C     		ldrb	r3, [r3, r2]
 1712 0208 9D42     		cmp	r5, r3
 1713 020a 00D2     		bcs	.LCB1871
 1714 020c 13E7     		b	.L121	@long jump
 1715              	.LCB1871:
 1716              	.LVL194:
 1717              	.L102:
 295:Generated_Source\PSoC4/Bluetooth_aios.c ****         {
 1718              		.loc 1 295 0 is_stmt 1
 1719 020e 4B46     		mov	r3, r9
 1720 0210 0133     		adds	r3, r3, #1
 1721 0212 DBB2     		uxtb	r3, r3
 1722 0214 9946     		mov	r9, r3
 1723              	.LVL195:
 1724 0216 04E0     		b	.L99
 1725              	.LVL196:
 1726              	.L125:
 1727 0218 0023     		movs	r3, #0
 1728 021a 9B46     		mov	fp, r3
 1729 021c 0024     		movs	r4, #0
 1730 021e 0027     		movs	r7, #0
 1731 0220 9946     		mov	r9, r3
 1732              	.LVL197:
 1733              	.L99:
 294:Generated_Source\PSoC4/Bluetooth_aios.c ****             i++)
 1734              		.loc 1 294 0 discriminator 1
 1735 0222 4B46     		mov	r3, r9
 1736 0224 022B     		cmp	r3, #2
 1737 0226 04D8     		bhi	.L100
 294:Generated_Source\PSoC4/Bluetooth_aios.c ****             i++)
 1738              		.loc 1 294 0 is_stmt 0 discriminator 2
 1739 0228 002C     		cmp	r4, #0
 1740 022a 02D1     		bne	.L100
 294:Generated_Source\PSoC4/Bluetooth_aios.c ****             i++)
 1741              		.loc 1 294 0 discriminator 3
 1742 022c 002F     		cmp	r7, #0
 1743 022e 00D1     		bne	.LCB1916
 1744 0230 F7E6     		b	.L122	@long jump
 1745              	.LCB1916:
 1746              	.LVL198:
 1747              	.L100:
 479:Generated_Source\PSoC4/Bluetooth_aios.c ****     {
 1748              		.loc 1 479 0 is_stmt 1
 1749 0232 002F     		cmp	r7, #0
 1750 0234 05D0     		beq	.L123
 482:Generated_Source\PSoC4/Bluetooth_aios.c ****     }
 1751              		.loc 1 482 0
ARM GAS  C:\Users\ARTEM\AppData\Local\Temp\ccuSJ5wi.s 			page 54


 1752 0236 0E4A     		ldr	r2, .L133+20
 1753 0238 1378     		ldrb	r3, [r2]
 1754 023a 0121     		movs	r1, #1
 1755 023c 8B43     		bics	r3, r1
 1756 023e 1370     		strb	r3, [r2]
 1757 0240 04E0     		b	.L124
 1758              	.L123:
 486:Generated_Source\PSoC4/Bluetooth_aios.c ****         {
 1759              		.loc 1 486 0
 1760 0242 012C     		cmp	r4, #1
 1761 0244 02D1     		bne	.L124
 488:Generated_Source\PSoC4/Bluetooth_aios.c ****         }
 1762              		.loc 1 488 0
 1763 0246 FFF7FEFF 		bl	CyBle_AiosSetAggregateChar
 1764              	.LVL199:
 1765 024a 0700     		movs	r7, r0
 1766              	.LVL200:
 1767              	.L124:
 493:Generated_Source\PSoC4/Bluetooth_aios.c **** 
 1768              		.loc 1 493 0
 1769 024c 3800     		movs	r0, r7
 1770 024e 07B0     		add	sp, sp, #28
 1771              		@ sp needed
 1772              	.LVL201:
 1773              	.LVL202:
 1774              	.LVL203:
 1775              	.LVL204:
 1776 0250 3CBC     		pop	{r2, r3, r4, r5}
 1777 0252 9046     		mov	r8, r2
 1778 0254 9946     		mov	r9, r3
 1779 0256 A246     		mov	r10, r4
 1780 0258 AB46     		mov	fp, r5
 1781 025a F0BD     		pop	{r4, r5, r6, r7, pc}
 1782              	.L134:
 1783              		.align	2
 1784              	.L133:
 1785 025c 00000000 		.word	.LANCHOR0
 1786 0260 00000000 		.word	.LANCHOR2
 1787 0264 00000000 		.word	cyBle_gattDB
 1788 0268 00000000 		.word	cyBle_peerBonding
 1789 026c 00000000 		.word	cyBle_pendingFlashWrite
 1790 0270 00000000 		.word	cyBle_eventHandlerFlag
 1791 0274 00000000 		.word	.LANCHOR1
 1792              		.cfi_endproc
 1793              	.LFE4:
 1794              		.size	CyBle_AiossWriteEventHandler, .-CyBle_AiossWriteEventHandler
 1795              		.section	.text.CyBle_AiossSetCharacteristicValue,"ax",%progbits
 1796              		.align	2
 1797              		.global	CyBle_AiossSetCharacteristicValue
 1798              		.code	16
 1799              		.thumb_func
 1800              		.type	CyBle_AiossSetCharacteristicValue, %function
 1801              	CyBle_AiossSetCharacteristicValue:
 1802              	.LFB5:
 519:Generated_Source\PSoC4/Bluetooth_aios.c ****     CYBLE_API_RESULT_T apiResult = CYBLE_ERROR_INVALID_PARAMETER;
 1803              		.loc 1 519 0
 1804              		.cfi_startproc
ARM GAS  C:\Users\ARTEM\AppData\Local\Temp\ccuSJ5wi.s 			page 55


 1805              		@ args = 0, pretend = 0, frame = 16
 1806              		@ frame_needed = 0, uses_anonymous_args = 0
 1807              	.LVL205:
 1808 0000 10B5     		push	{r4, lr}
 1809              		.cfi_def_cfa_offset 8
 1810              		.cfi_offset 4, -8
 1811              		.cfi_offset 14, -4
 1812 0002 84B0     		sub	sp, sp, #16
 1813              		.cfi_def_cfa_offset 24
 1814              	.LVL206:
 523:Generated_Source\PSoC4/Bluetooth_aios.c ****     {
 1815              		.loc 1 523 0
 1816 0004 0228     		cmp	r0, #2
 1817 0006 1CD8     		bhi	.L139
 523:Generated_Source\PSoC4/Bluetooth_aios.c ****     {
 1818              		.loc 1 523 0 is_stmt 0 discriminator 1
 1819 0008 164C     		ldr	r4, .L145
 1820 000a 245C     		ldrb	r4, [r4, r0]
 1821 000c 8C42     		cmp	r4, r1
 1822 000e 1AD9     		bls	.L140
 531:Generated_Source\PSoC4/Bluetooth_aios.c ****             (CYBLE_GATT_INVALID_ATTR_HANDLE_VALUE !=
 1823              		.loc 1 531 0 is_stmt 1
 1824 0010 8000     		lsls	r0, r0, #2
 1825              	.LVL207:
 1826 0012 154C     		ldr	r4, .L145+4
 1827 0014 2018     		adds	r0, r4, r0
 1828 0016 4068     		ldr	r0, [r0, #4]
 1829 0018 0028     		cmp	r0, #0
 1830 001a 16D0     		beq	.L141
 533:Generated_Source\PSoC4/Bluetooth_aios.c ****         {
 1831              		.loc 1 533 0 discriminator 1
 1832 001c 0901     		lsls	r1, r1, #4
 1833              	.LVL208:
 1834 001e 415A     		ldrh	r1, [r0, r1]
 531:Generated_Source\PSoC4/Bluetooth_aios.c ****             (CYBLE_GATT_INVALID_ATTR_HANDLE_VALUE !=
 1835              		.loc 1 531 0 discriminator 1
 1836 0020 0029     		cmp	r1, #0
 1837 0022 14D0     		beq	.L142
 1838              	.LBB8:
 537:Generated_Source\PSoC4/Bluetooth_aios.c ****                 cyBle_aioss.charInfoAddr[charIndex].charInfoPtr[charInstance].charHandle;
 1839              		.loc 1 537 0
 1840 0024 01A8     		add	r0, sp, #4
 1841 0026 0181     		strh	r1, [r0, #8]
 539:Generated_Source\PSoC4/Bluetooth_aios.c ****             locHandleValuePair.value.val = attrValue;
 1842              		.loc 1 539 0
 1843 0028 8280     		strh	r2, [r0, #4]
 540:Generated_Source\PSoC4/Bluetooth_aios.c **** 
 1844              		.loc 1 540 0
 1845 002a 0193     		str	r3, [sp, #4]
 543:Generated_Source\PSoC4/Bluetooth_aios.c ****                 CYBLE_GATT_ERR_NONE)
 1846              		.loc 1 543 0
 1847 002c 0023     		movs	r3, #0
 1848              	.LVL209:
 1849 002e 0022     		movs	r2, #0
 1850              	.LVL210:
 1851 0030 0021     		movs	r1, #0
 1852 0032 FFF7FEFF 		bl	CyBle_GattsWriteAttributeValue
ARM GAS  C:\Users\ARTEM\AppData\Local\Temp\ccuSJ5wi.s 			page 56


 1853              	.LVL211:
 1854 0036 0028     		cmp	r0, #0
 1855 0038 01D0     		beq	.L143
 1856              	.LBE8:
 520:Generated_Source\PSoC4/Bluetooth_aios.c **** 
 1857              		.loc 1 520 0
 1858 003a 0124     		movs	r4, #1
 1859 003c 08E0     		b	.L136
 1860              	.L143:
 1861              	.LBB9:
 546:Generated_Source\PSoC4/Bluetooth_aios.c ****             }
 1862              		.loc 1 546 0
 1863 003e 0024     		movs	r4, #0
 1864              	.LVL212:
 1865              	.LBE9:
 534:Generated_Source\PSoC4/Bluetooth_aios.c ****             CYBLE_GATT_HANDLE_VALUE_PAIR_T locHandleValuePair;
 1866              		.loc 1 534 0
 1867 0040 06E0     		b	.L136
 1868              	.LVL213:
 1869              	.L139:
 520:Generated_Source\PSoC4/Bluetooth_aios.c **** 
 1870              		.loc 1 520 0
 1871 0042 0124     		movs	r4, #1
 1872 0044 04E0     		b	.L136
 1873              	.L140:
 1874 0046 0124     		movs	r4, #1
 1875 0048 02E0     		b	.L136
 1876              	.LVL214:
 1877              	.L141:
 551:Generated_Source\PSoC4/Bluetooth_aios.c ****         }
 1878              		.loc 1 551 0
 1879 004a 1324     		movs	r4, #19
 1880 004c 00E0     		b	.L136
 1881              	.LVL215:
 1882              	.L142:
 1883 004e 1324     		movs	r4, #19
 1884              	.LVL216:
 1885              	.L136:
 555:Generated_Source\PSoC4/Bluetooth_aios.c ****     {   
 1886              		.loc 1 555 0
 1887 0050 002C     		cmp	r4, #0
 1888 0052 04D1     		bne	.L138
 557:Generated_Source\PSoC4/Bluetooth_aios.c ****         {   
 1889              		.loc 1 557 0
 1890 0054 FFF7FEFF 		bl	CyBle_AiosSetAggregateChar
 1891              	.LVL217:
 1892 0058 0028     		cmp	r0, #0
 1893 005a 00D0     		beq	.L138
 559:Generated_Source\PSoC4/Bluetooth_aios.c ****         }
 1894              		.loc 1 559 0
 1895 005c 1334     		adds	r4, r4, #19
 1896              	.LVL218:
 1897              	.L138:
 564:Generated_Source\PSoC4/Bluetooth_aios.c **** 
 1898              		.loc 1 564 0
 1899 005e 2000     		movs	r0, r4
 1900 0060 04B0     		add	sp, sp, #16
ARM GAS  C:\Users\ARTEM\AppData\Local\Temp\ccuSJ5wi.s 			page 57


 1901              		@ sp needed
 1902              	.LVL219:
 1903 0062 10BD     		pop	{r4, pc}
 1904              	.L146:
 1905              		.align	2
 1906              	.L145:
 1907 0064 00000000 		.word	.LANCHOR1
 1908 0068 00000000 		.word	.LANCHOR2
 1909              		.cfi_endproc
 1910              	.LFE5:
 1911              		.size	CyBle_AiossSetCharacteristicValue, .-CyBle_AiossSetCharacteristicValue
 1912              		.global	cyBle_aioss
 1913              		.global	cyBle_aiossCharInstances
 1914              		.section	.rodata
 1915              		.align	2
 1916              		.set	.LANCHOR2,. + 0
 1917              		.type	cyBle_aioss, %object
 1918              		.size	cyBle_aioss, 16
 1919              	cyBle_aioss:
 1920 0000 1000     		.short	16
 1921 0002 0000     		.space	2
 1922 0004 00000000 		.word	0
 1923 0008 14000000 		.word	aiossCharIdx1
 1924 000c 04000000 		.word	aiossCharIdx2
 1925              		.data
 1926              		.align	2
 1927              		.set	.LANCHOR1,. + 0
 1928              		.type	cyBle_aiossCharInstances, %object
 1929              		.size	cyBle_aiossCharInstances, 3
 1930              	cyBle_aiossCharInstances:
 1931 0000 00       		.byte	0
 1932 0001 07       		.byte	7
 1933 0002 01       		.byte	1
 1934 0003 00       		.space	1
 1935              		.type	aiossCharIdx2, %object
 1936              		.size	aiossCharIdx2, 16
 1937              	aiossCharIdx2:
 1938 0004 5100     		.short	81
 1939 0006 5200     		.short	82
 1940 0008 0000     		.short	0
 1941 000a 0000     		.short	0
 1942 000c 0000     		.short	0
 1943 000e 0000     		.short	0
 1944 0010 0000     		.short	0
 1945 0012 0000     		.short	0
 1946              		.type	aiossCharIdx1, %object
 1947              		.size	aiossCharIdx1, 112
 1948              	aiossCharIdx1:
 1949 0014 1200     		.short	18
 1950 0016 1300     		.short	19
 1951 0018 1400     		.short	20
 1952 001a 1500     		.short	21
 1953 001c 1600     		.short	22
 1954 001e 1700     		.short	23
 1955 0020 1800     		.short	24
 1956 0022 1900     		.short	25
 1957 0024 1B00     		.short	27
ARM GAS  C:\Users\ARTEM\AppData\Local\Temp\ccuSJ5wi.s 			page 58


 1958 0026 1C00     		.short	28
 1959 0028 1D00     		.short	29
 1960 002a 1E00     		.short	30
 1961 002c 1F00     		.short	31
 1962 002e 2000     		.short	32
 1963 0030 2100     		.short	33
 1964 0032 2200     		.short	34
 1965 0034 2400     		.short	36
 1966 0036 2500     		.short	37
 1967 0038 2600     		.short	38
 1968 003a 2700     		.short	39
 1969 003c 2800     		.short	40
 1970 003e 2900     		.short	41
 1971 0040 2A00     		.short	42
 1972 0042 2B00     		.short	43
 1973 0044 2D00     		.short	45
 1974 0046 2E00     		.short	46
 1975 0048 2F00     		.short	47
 1976 004a 3000     		.short	48
 1977 004c 3100     		.short	49
 1978 004e 3200     		.short	50
 1979 0050 3300     		.short	51
 1980 0052 3400     		.short	52
 1981 0054 3600     		.short	54
 1982 0056 3700     		.short	55
 1983 0058 3800     		.short	56
 1984 005a 3900     		.short	57
 1985 005c 3A00     		.short	58
 1986 005e 3B00     		.short	59
 1987 0060 3C00     		.short	60
 1988 0062 3D00     		.short	61
 1989 0064 3F00     		.short	63
 1990 0066 4000     		.short	64
 1991 0068 4100     		.short	65
 1992 006a 4200     		.short	66
 1993 006c 4300     		.short	67
 1994 006e 4400     		.short	68
 1995 0070 4500     		.short	69
 1996 0072 4600     		.short	70
 1997 0074 4800     		.short	72
 1998 0076 4900     		.short	73
 1999 0078 4A00     		.short	74
 2000 007a 4B00     		.short	75
 2001 007c 4C00     		.short	76
 2002 007e 4D00     		.short	77
 2003 0080 4E00     		.short	78
 2004 0082 4F00     		.short	79
 2005              		.bss
 2006              		.align	2
 2007              		.set	.LANCHOR0,. + 0
 2008              		.type	CyBle_AiosApplCallback, %object
 2009              		.size	CyBle_AiosApplCallback, 4
 2010              	CyBle_AiosApplCallback:
 2011 0000 00000000 		.space	4
 2012              		.type	cyBle_aiossReqHandle, %object
 2013              		.size	cyBle_aiossReqHandle, 2
 2014              	cyBle_aiossReqHandle:
ARM GAS  C:\Users\ARTEM\AppData\Local\Temp\ccuSJ5wi.s 			page 59


 2015 0004 0000     		.space	2
 2016              		.text
 2017              	.Letext0:
 2018              		.file 2 "Generated_Source\\PSoC4\\cytypes.h"
 2019              		.file 3 "Generated_Source\\PSoC4\\Bluetooth_Stack.h"
 2020              		.file 4 "Generated_Source\\PSoC4\\Bluetooth_StackGatt.h"
 2021              		.file 5 "Generated_Source\\PSoC4\\Bluetooth_StackGattServer.h"
 2022              		.file 6 "Generated_Source\\PSoC4\\Bluetooth_StackGattDb.h"
 2023              		.file 7 "Generated_Source\\PSoC4\\Bluetooth.h"
 2024              		.file 8 "Generated_Source\\PSoC4\\Bluetooth_aios.h"
 2025              		.file 9 "Generated_Source\\PSoC4\\Bluetooth_eventHandler.h"
 2026              		.file 10 "Generated_Source\\PSoC4\\Bluetooth_gatt.h"
 2027              		.section	.debug_info,"",%progbits
 2028              	.Ldebug_info0:
 2029 0000 221A0000 		.4byte	0x1a22
 2030 0004 0400     		.2byte	0x4
 2031 0006 00000000 		.4byte	.Ldebug_abbrev0
 2032 000a 04       		.byte	0x4
 2033 000b 01       		.uleb128 0x1
 2034 000c F0060000 		.4byte	.LASF594
 2035 0010 0C       		.byte	0xc
 2036 0011 6A3E0000 		.4byte	.LASF595
 2037 0015 703F0000 		.4byte	.LASF596
 2038 0019 30000000 		.4byte	.Ldebug_ranges0+0x30
 2039 001d 00000000 		.4byte	0
 2040 0021 00000000 		.4byte	.Ldebug_line0
 2041 0025 02       		.uleb128 0x2
 2042 0026 01       		.byte	0x1
 2043 0027 06       		.byte	0x6
 2044 0028 700F0000 		.4byte	.LASF0
 2045 002c 02       		.uleb128 0x2
 2046 002d 01       		.byte	0x1
 2047 002e 08       		.byte	0x8
 2048 002f 87100000 		.4byte	.LASF1
 2049 0033 02       		.uleb128 0x2
 2050 0034 02       		.byte	0x2
 2051 0035 05       		.byte	0x5
 2052 0036 FB380000 		.4byte	.LASF2
 2053 003a 02       		.uleb128 0x2
 2054 003b 02       		.byte	0x2
 2055 003c 07       		.byte	0x7
 2056 003d D4400000 		.4byte	.LASF3
 2057 0041 02       		.uleb128 0x2
 2058 0042 04       		.byte	0x4
 2059 0043 05       		.byte	0x5
 2060 0044 150C0000 		.4byte	.LASF4
 2061 0048 02       		.uleb128 0x2
 2062 0049 04       		.byte	0x4
 2063 004a 07       		.byte	0x7
 2064 004b E01D0000 		.4byte	.LASF5
 2065 004f 02       		.uleb128 0x2
 2066 0050 08       		.byte	0x8
 2067 0051 05       		.byte	0x5
 2068 0052 68230000 		.4byte	.LASF6
 2069 0056 02       		.uleb128 0x2
 2070 0057 08       		.byte	0x8
 2071 0058 07       		.byte	0x7
ARM GAS  C:\Users\ARTEM\AppData\Local\Temp\ccuSJ5wi.s 			page 60


 2072 0059 8D310000 		.4byte	.LASF7
 2073 005d 03       		.uleb128 0x3
 2074 005e 04       		.byte	0x4
 2075 005f 05       		.byte	0x5
 2076 0060 696E7400 		.ascii	"int\000"
 2077 0064 02       		.uleb128 0x2
 2078 0065 04       		.byte	0x4
 2079 0066 07       		.byte	0x7
 2080 0067 96280000 		.4byte	.LASF8
 2081 006b 04       		.uleb128 0x4
 2082 006c 8A380000 		.4byte	.LASF9
 2083 0070 02       		.byte	0x2
 2084 0071 FC01     		.2byte	0x1fc
 2085 0073 2C000000 		.4byte	0x2c
 2086 0077 04       		.uleb128 0x4
 2087 0078 A8440000 		.4byte	.LASF10
 2088 007c 02       		.byte	0x2
 2089 007d FD01     		.2byte	0x1fd
 2090 007f 3A000000 		.4byte	0x3a
 2091 0083 04       		.uleb128 0x4
 2092 0084 B0030000 		.4byte	.LASF11
 2093 0088 02       		.byte	0x2
 2094 0089 FE01     		.2byte	0x1fe
 2095 008b 48000000 		.4byte	0x48
 2096 008f 02       		.uleb128 0x2
 2097 0090 04       		.byte	0x4
 2098 0091 04       		.byte	0x4
 2099 0092 FF260000 		.4byte	.LASF12
 2100 0096 02       		.uleb128 0x2
 2101 0097 08       		.byte	0x8
 2102 0098 04       		.byte	0x4
 2103 0099 C7240000 		.4byte	.LASF13
 2104 009d 02       		.uleb128 0x2
 2105 009e 01       		.byte	0x1
 2106 009f 08       		.byte	0x8
 2107 00a0 FF120000 		.4byte	.LASF14
 2108 00a4 05       		.uleb128 0x5
 2109 00a5 6B000000 		.4byte	0x6b
 2110 00a9 02       		.uleb128 0x2
 2111 00aa 08       		.byte	0x8
 2112 00ab 04       		.byte	0x4
 2113 00ac F62D0000 		.4byte	.LASF15
 2114 00b0 02       		.uleb128 0x2
 2115 00b1 04       		.byte	0x4
 2116 00b2 07       		.byte	0x7
 2117 00b3 E4000000 		.4byte	.LASF16
 2118 00b7 06       		.uleb128 0x6
 2119 00b8 04       		.byte	0x4
 2120 00b9 07       		.uleb128 0x7
 2121 00ba 04       		.byte	0x4
 2122 00bb BF000000 		.4byte	0xbf
 2123 00bf 08       		.uleb128 0x8
 2124 00c0 CF000000 		.4byte	0xcf
 2125 00c4 09       		.uleb128 0x9
 2126 00c5 83000000 		.4byte	0x83
 2127 00c9 09       		.uleb128 0x9
 2128 00ca B7000000 		.4byte	0xb7
ARM GAS  C:\Users\ARTEM\AppData\Local\Temp\ccuSJ5wi.s 			page 61


 2129 00ce 00       		.byte	0
 2130 00cf 0A       		.uleb128 0xa
 2131 00d0 01       		.byte	0x1
 2132 00d1 2C000000 		.4byte	0x2c
 2133 00d5 03       		.byte	0x3
 2134 00d6 3501     		.2byte	0x135
 2135 00d8 8D020000 		.4byte	0x28d
 2136 00dc 0B       		.uleb128 0xb
 2137 00dd 2C140000 		.4byte	.LASF17
 2138 00e1 00       		.byte	0
 2139 00e2 0B       		.uleb128 0xb
 2140 00e3 DC0C0000 		.4byte	.LASF18
 2141 00e7 01       		.byte	0x1
 2142 00e8 0B       		.uleb128 0xb
 2143 00e9 C2310000 		.4byte	.LASF19
 2144 00ed 02       		.byte	0x2
 2145 00ee 0B       		.uleb128 0xb
 2146 00ef F40F0000 		.4byte	.LASF20
 2147 00f3 03       		.byte	0x3
 2148 00f4 0B       		.uleb128 0xb
 2149 00f5 7D420000 		.4byte	.LASF21
 2150 00f9 04       		.byte	0x4
 2151 00fa 0B       		.uleb128 0xb
 2152 00fb 123F0000 		.4byte	.LASF22
 2153 00ff 05       		.byte	0x5
 2154 0100 0B       		.uleb128 0xb
 2155 0101 432E0000 		.4byte	.LASF23
 2156 0105 06       		.byte	0x6
 2157 0106 0B       		.uleb128 0xb
 2158 0107 263B0000 		.4byte	.LASF24
 2159 010b 20       		.byte	0x20
 2160 010c 0B       		.uleb128 0xb
 2161 010d A8080000 		.4byte	.LASF25
 2162 0111 21       		.byte	0x21
 2163 0112 0B       		.uleb128 0xb
 2164 0113 57220000 		.4byte	.LASF26
 2165 0117 22       		.byte	0x22
 2166 0118 0B       		.uleb128 0xb
 2167 0119 252C0000 		.4byte	.LASF27
 2168 011d 23       		.byte	0x23
 2169 011e 0B       		.uleb128 0xb
 2170 011f 4F1C0000 		.4byte	.LASF28
 2171 0123 24       		.byte	0x24
 2172 0124 0B       		.uleb128 0xb
 2173 0125 B21C0000 		.4byte	.LASF29
 2174 0129 25       		.byte	0x25
 2175 012a 0B       		.uleb128 0xb
 2176 012b A8370000 		.4byte	.LASF30
 2177 012f 26       		.byte	0x26
 2178 0130 0B       		.uleb128 0xb
 2179 0131 1E030000 		.4byte	.LASF31
 2180 0135 27       		.byte	0x27
 2181 0136 0B       		.uleb128 0xb
 2182 0137 F6430000 		.4byte	.LASF32
 2183 013b 28       		.byte	0x28
 2184 013c 0B       		.uleb128 0xb
 2185 013d 5F2F0000 		.4byte	.LASF33
ARM GAS  C:\Users\ARTEM\AppData\Local\Temp\ccuSJ5wi.s 			page 62


 2186 0141 29       		.byte	0x29
 2187 0142 0B       		.uleb128 0xb
 2188 0143 F7200000 		.4byte	.LASF34
 2189 0147 2A       		.byte	0x2a
 2190 0148 0B       		.uleb128 0xb
 2191 0149 7D2B0000 		.4byte	.LASF35
 2192 014d 2B       		.byte	0x2b
 2193 014e 0B       		.uleb128 0xb
 2194 014f 420D0000 		.4byte	.LASF36
 2195 0153 2C       		.byte	0x2c
 2196 0154 0B       		.uleb128 0xb
 2197 0155 FA010000 		.4byte	.LASF37
 2198 0159 2D       		.byte	0x2d
 2199 015a 0B       		.uleb128 0xb
 2200 015b B2380000 		.4byte	.LASF38
 2201 015f 2E       		.byte	0x2e
 2202 0160 0B       		.uleb128 0xb
 2203 0161 FF090000 		.4byte	.LASF39
 2204 0165 2F       		.byte	0x2f
 2205 0166 0B       		.uleb128 0xb
 2206 0167 B9120000 		.4byte	.LASF40
 2207 016b 30       		.byte	0x30
 2208 016c 0B       		.uleb128 0xb
 2209 016d EC250000 		.4byte	.LASF41
 2210 0171 31       		.byte	0x31
 2211 0172 0B       		.uleb128 0xb
 2212 0173 61140000 		.4byte	.LASF42
 2213 0177 32       		.byte	0x32
 2214 0178 0B       		.uleb128 0xb
 2215 0179 5E110000 		.4byte	.LASF43
 2216 017d 33       		.byte	0x33
 2217 017e 0B       		.uleb128 0xb
 2218 017f 85110000 		.4byte	.LASF44
 2219 0183 34       		.byte	0x34
 2220 0184 0B       		.uleb128 0xb
 2221 0185 AB3C0000 		.4byte	.LASF45
 2222 0189 35       		.byte	0x35
 2223 018a 0B       		.uleb128 0xb
 2224 018b 8F090000 		.4byte	.LASF46
 2225 018f 36       		.byte	0x36
 2226 0190 0B       		.uleb128 0xb
 2227 0191 BD300000 		.4byte	.LASF47
 2228 0195 37       		.byte	0x37
 2229 0196 0B       		.uleb128 0xb
 2230 0197 073A0000 		.4byte	.LASF48
 2231 019b 40       		.byte	0x40
 2232 019c 0B       		.uleb128 0xb
 2233 019d 60030000 		.4byte	.LASF49
 2234 01a1 41       		.byte	0x41
 2235 01a2 0B       		.uleb128 0xb
 2236 01a3 D0420000 		.4byte	.LASF50
 2237 01a7 42       		.byte	0x42
 2238 01a8 0B       		.uleb128 0xb
 2239 01a9 00300000 		.4byte	.LASF51
 2240 01ad 43       		.byte	0x43
 2241 01ae 0B       		.uleb128 0xb
 2242 01af 95100000 		.4byte	.LASF52
ARM GAS  C:\Users\ARTEM\AppData\Local\Temp\ccuSJ5wi.s 			page 63


 2243 01b3 44       		.byte	0x44
 2244 01b4 0B       		.uleb128 0xb
 2245 01b5 29100000 		.4byte	.LASF53
 2246 01b9 45       		.byte	0x45
 2247 01ba 0B       		.uleb128 0xb
 2248 01bb 28350000 		.4byte	.LASF54
 2249 01bf 46       		.byte	0x46
 2250 01c0 0B       		.uleb128 0xb
 2251 01c1 0A350000 		.4byte	.LASF55
 2252 01c5 47       		.byte	0x47
 2253 01c6 0B       		.uleb128 0xb
 2254 01c7 6D120000 		.4byte	.LASF56
 2255 01cb 48       		.byte	0x48
 2256 01cc 0B       		.uleb128 0xb
 2257 01cd A42C0000 		.4byte	.LASF57
 2258 01d1 49       		.byte	0x49
 2259 01d2 0B       		.uleb128 0xb
 2260 01d3 C2140000 		.4byte	.LASF58
 2261 01d7 4A       		.byte	0x4a
 2262 01d8 0B       		.uleb128 0xb
 2263 01d9 C6130000 		.4byte	.LASF59
 2264 01dd 4B       		.byte	0x4b
 2265 01de 0B       		.uleb128 0xb
 2266 01df C02B0000 		.4byte	.LASF60
 2267 01e3 4C       		.byte	0x4c
 2268 01e4 0B       		.uleb128 0xb
 2269 01e5 DE360000 		.4byte	.LASF61
 2270 01e9 4D       		.byte	0x4d
 2271 01ea 0B       		.uleb128 0xb
 2272 01eb 9B0B0000 		.4byte	.LASF62
 2273 01ef 4E       		.byte	0x4e
 2274 01f0 0B       		.uleb128 0xb
 2275 01f1 A3280000 		.4byte	.LASF63
 2276 01f5 4F       		.byte	0x4f
 2277 01f6 0B       		.uleb128 0xb
 2278 01f7 073B0000 		.4byte	.LASF64
 2279 01fb 50       		.byte	0x50
 2280 01fc 0B       		.uleb128 0xb
 2281 01fd 26150000 		.4byte	.LASF65
 2282 0201 51       		.byte	0x51
 2283 0202 0B       		.uleb128 0xb
 2284 0203 87080000 		.4byte	.LASF66
 2285 0207 52       		.byte	0x52
 2286 0208 0B       		.uleb128 0xb
 2287 0209 923E0000 		.4byte	.LASF67
 2288 020d 53       		.byte	0x53
 2289 020e 0B       		.uleb128 0xb
 2290 020f 38440000 		.4byte	.LASF68
 2291 0213 54       		.byte	0x54
 2292 0214 0B       		.uleb128 0xb
 2293 0215 96060000 		.4byte	.LASF69
 2294 0219 55       		.byte	0x55
 2295 021a 0B       		.uleb128 0xb
 2296 021b 60160000 		.4byte	.LASF70
 2297 021f 56       		.byte	0x56
 2298 0220 0B       		.uleb128 0xb
 2299 0221 AB270000 		.4byte	.LASF71
ARM GAS  C:\Users\ARTEM\AppData\Local\Temp\ccuSJ5wi.s 			page 64


 2300 0225 57       		.byte	0x57
 2301 0226 0B       		.uleb128 0xb
 2302 0227 B7430000 		.4byte	.LASF72
 2303 022b 58       		.byte	0x58
 2304 022c 0B       		.uleb128 0xb
 2305 022d DD3F0000 		.4byte	.LASF73
 2306 0231 70       		.byte	0x70
 2307 0232 0B       		.uleb128 0xb
 2308 0233 FC1A0000 		.4byte	.LASF74
 2309 0237 71       		.byte	0x71
 2310 0238 0B       		.uleb128 0xb
 2311 0239 CA0E0000 		.4byte	.LASF75
 2312 023d 72       		.byte	0x72
 2313 023e 0B       		.uleb128 0xb
 2314 023f E93A0000 		.4byte	.LASF76
 2315 0243 73       		.byte	0x73
 2316 0244 0B       		.uleb128 0xb
 2317 0245 2F2D0000 		.4byte	.LASF77
 2318 0249 74       		.byte	0x74
 2319 024a 0B       		.uleb128 0xb
 2320 024b B9210000 		.4byte	.LASF78
 2321 024f 75       		.byte	0x75
 2322 0250 0B       		.uleb128 0xb
 2323 0251 4C120000 		.4byte	.LASF79
 2324 0255 76       		.byte	0x76
 2325 0256 0B       		.uleb128 0xb
 2326 0257 6B320000 		.4byte	.LASF80
 2327 025b 77       		.byte	0x77
 2328 025c 0B       		.uleb128 0xb
 2329 025d BA060000 		.4byte	.LASF81
 2330 0261 78       		.byte	0x78
 2331 0262 0B       		.uleb128 0xb
 2332 0263 F20B0000 		.4byte	.LASF82
 2333 0267 79       		.byte	0x79
 2334 0268 0B       		.uleb128 0xb
 2335 0269 14430000 		.4byte	.LASF83
 2336 026d 7A       		.byte	0x7a
 2337 026e 0B       		.uleb128 0xb
 2338 026f 2F250000 		.4byte	.LASF84
 2339 0273 FA       		.byte	0xfa
 2340 0274 0B       		.uleb128 0xb
 2341 0275 D63D0000 		.4byte	.LASF85
 2342 0279 FB       		.byte	0xfb
 2343 027a 0B       		.uleb128 0xb
 2344 027b 221B0000 		.4byte	.LASF86
 2345 027f FC       		.byte	0xfc
 2346 0280 0B       		.uleb128 0xb
 2347 0281 DE2D0000 		.4byte	.LASF87
 2348 0285 FD       		.byte	0xfd
 2349 0286 0B       		.uleb128 0xb
 2350 0287 6F2B0000 		.4byte	.LASF88
 2351 028b FF       		.byte	0xff
 2352 028c 00       		.byte	0
 2353 028d 0A       		.uleb128 0xa
 2354 028e 02       		.byte	0x2
 2355 028f 3A000000 		.4byte	0x3a
 2356 0293 03       		.byte	0x3
ARM GAS  C:\Users\ARTEM\AppData\Local\Temp\ccuSJ5wi.s 			page 65


 2357 0294 EA03     		.2byte	0x3ea
 2358 0296 6C030000 		.4byte	0x36c
 2359 029a 0B       		.uleb128 0xb
 2360 029b 0D100000 		.4byte	.LASF89
 2361 029f 00       		.byte	0
 2362 02a0 0B       		.uleb128 0xb
 2363 02a1 D6170000 		.4byte	.LASF90
 2364 02a5 01       		.byte	0x1
 2365 02a6 0B       		.uleb128 0xb
 2366 02a7 5F420000 		.4byte	.LASF91
 2367 02ab 02       		.byte	0x2
 2368 02ac 0B       		.uleb128 0xb
 2369 02ad 4D190000 		.4byte	.LASF92
 2370 02b1 03       		.byte	0x3
 2371 02b2 0B       		.uleb128 0xb
 2372 02b3 2A1D0000 		.4byte	.LASF93
 2373 02b7 04       		.byte	0x4
 2374 02b8 0B       		.uleb128 0xb
 2375 02b9 86240000 		.4byte	.LASF94
 2376 02bd 05       		.byte	0x5
 2377 02be 0B       		.uleb128 0xb
 2378 02bf 923D0000 		.4byte	.LASF95
 2379 02c3 06       		.byte	0x6
 2380 02c4 0B       		.uleb128 0xb
 2381 02c5 A5140000 		.4byte	.LASF96
 2382 02c9 07       		.byte	0x7
 2383 02ca 0B       		.uleb128 0xb
 2384 02cb 8B260000 		.4byte	.LASF97
 2385 02cf 08       		.byte	0x8
 2386 02d0 0B       		.uleb128 0xb
 2387 02d1 1B3C0000 		.4byte	.LASF98
 2388 02d5 09       		.byte	0x9
 2389 02d6 0B       		.uleb128 0xb
 2390 02d7 D3440000 		.4byte	.LASF99
 2391 02db 0A       		.byte	0xa
 2392 02dc 0B       		.uleb128 0xb
 2393 02dd 1E090000 		.4byte	.LASF100
 2394 02e1 0B       		.byte	0xb
 2395 02e2 0B       		.uleb128 0xb
 2396 02e3 FB3E0000 		.4byte	.LASF101
 2397 02e7 0C       		.byte	0xc
 2398 02e8 0B       		.uleb128 0xb
 2399 02e9 992A0000 		.4byte	.LASF102
 2400 02ed 0D       		.byte	0xd
 2401 02ee 0B       		.uleb128 0xb
 2402 02ef B11F0000 		.4byte	.LASF103
 2403 02f3 0E       		.byte	0xe
 2404 02f4 0B       		.uleb128 0xb
 2405 02f5 61240000 		.4byte	.LASF104
 2406 02f9 0F       		.byte	0xf
 2407 02fa 0B       		.uleb128 0xb
 2408 02fb 03060000 		.4byte	.LASF105
 2409 02ff 10       		.byte	0x10
 2410 0300 0B       		.uleb128 0xb
 2411 0301 5A260000 		.4byte	.LASF106
 2412 0305 11       		.byte	0x11
 2413 0306 0B       		.uleb128 0xb
ARM GAS  C:\Users\ARTEM\AppData\Local\Temp\ccuSJ5wi.s 			page 66


 2414 0307 EF0C0000 		.4byte	.LASF107
 2415 030b 12       		.byte	0x12
 2416 030c 0B       		.uleb128 0xb
 2417 030d 480F0000 		.4byte	.LASF108
 2418 0311 13       		.byte	0x13
 2419 0312 0B       		.uleb128 0xb
 2420 0313 CE240000 		.4byte	.LASF109
 2421 0317 27       		.byte	0x27
 2422 0318 0B       		.uleb128 0xb
 2423 0319 60270000 		.4byte	.LASF110
 2424 031d 28       		.byte	0x28
 2425 031e 0B       		.uleb128 0xb
 2426 031f 31060000 		.4byte	.LASF111
 2427 0323 29       		.byte	0x29
 2428 0324 0B       		.uleb128 0xb
 2429 0325 71390000 		.4byte	.LASF112
 2430 0329 2A       		.byte	0x2a
 2431 032a 0B       		.uleb128 0xb
 2432 032b DC1E0000 		.4byte	.LASF113
 2433 032f 2B       		.byte	0x2b
 2434 0330 0B       		.uleb128 0xb
 2435 0331 31330000 		.4byte	.LASF114
 2436 0335 2C       		.byte	0x2c
 2437 0336 0B       		.uleb128 0xb
 2438 0337 68360000 		.4byte	.LASF115
 2439 033b 2D       		.byte	0x2d
 2440 033c 0B       		.uleb128 0xb
 2441 033d BA170000 		.4byte	.LASF116
 2442 0341 FE       		.byte	0xfe
 2443 0342 0B       		.uleb128 0xb
 2444 0343 C91A0000 		.4byte	.LASF117
 2445 0347 FF       		.byte	0xff
 2446 0348 0C       		.uleb128 0xc
 2447 0349 642C0000 		.4byte	.LASF118
 2448 034d 0001     		.2byte	0x100
 2449 034f 0C       		.uleb128 0xc
 2450 0350 4B2C0000 		.4byte	.LASF119
 2451 0354 0101     		.2byte	0x101
 2452 0356 0C       		.uleb128 0xc
 2453 0357 FA0D0000 		.4byte	.LASF120
 2454 035b 0201     		.2byte	0x102
 2455 035d 0C       		.uleb128 0xc
 2456 035e 12320000 		.4byte	.LASF121
 2457 0362 0301     		.2byte	0x103
 2458 0364 0C       		.uleb128 0xc
 2459 0365 E91C0000 		.4byte	.LASF122
 2460 0369 0401     		.2byte	0x104
 2461 036b 00       		.byte	0
 2462 036c 04       		.uleb128 0x4
 2463 036d F53D0000 		.4byte	.LASF123
 2464 0371 03       		.byte	0x3
 2465 0372 5C04     		.2byte	0x45c
 2466 0374 8D020000 		.4byte	0x28d
 2467 0378 07       		.uleb128 0x7
 2468 0379 04       		.byte	0x4
 2469 037a 6B000000 		.4byte	0x6b
 2470 037e 0D       		.uleb128 0xd
ARM GAS  C:\Users\ARTEM\AppData\Local\Temp\ccuSJ5wi.s 			page 67


 2471 037f 6B000000 		.4byte	0x6b
 2472 0383 8E030000 		.4byte	0x38e
 2473 0387 0E       		.uleb128 0xe
 2474 0388 B0000000 		.4byte	0xb0
 2475 038c 06       		.byte	0x6
 2476 038d 00       		.byte	0
 2477 038e 0F       		.uleb128 0xf
 2478 038f 01       		.byte	0x1
 2479 0390 2C000000 		.4byte	0x2c
 2480 0394 04       		.byte	0x4
 2481 0395 A5       		.byte	0xa5
 2482 0396 85040000 		.4byte	0x485
 2483 039a 0B       		.uleb128 0xb
 2484 039b 8A320000 		.4byte	.LASF124
 2485 039f 00       		.byte	0
 2486 03a0 0B       		.uleb128 0xb
 2487 03a1 A4310000 		.4byte	.LASF125
 2488 03a5 01       		.byte	0x1
 2489 03a6 0B       		.uleb128 0xb
 2490 03a7 96050000 		.4byte	.LASF126
 2491 03ab 02       		.byte	0x2
 2492 03ac 0B       		.uleb128 0xb
 2493 03ad B1400000 		.4byte	.LASF127
 2494 03b1 03       		.byte	0x3
 2495 03b2 0B       		.uleb128 0xb
 2496 03b3 DF0D0000 		.4byte	.LASF128
 2497 03b7 04       		.byte	0x4
 2498 03b8 0B       		.uleb128 0xb
 2499 03b9 CF280000 		.4byte	.LASF129
 2500 03bd 05       		.byte	0x5
 2501 03be 0B       		.uleb128 0xb
 2502 03bf E2390000 		.4byte	.LASF130
 2503 03c3 06       		.byte	0x6
 2504 03c4 0B       		.uleb128 0xb
 2505 03c5 EF2C0000 		.4byte	.LASF131
 2506 03c9 07       		.byte	0x7
 2507 03ca 0B       		.uleb128 0xb
 2508 03cb F8270000 		.4byte	.LASF132
 2509 03cf 08       		.byte	0x8
 2510 03d0 0B       		.uleb128 0xb
 2511 03d1 17240000 		.4byte	.LASF133
 2512 03d5 09       		.byte	0x9
 2513 03d6 0B       		.uleb128 0xb
 2514 03d7 E32A0000 		.4byte	.LASF134
 2515 03db 0A       		.byte	0xa
 2516 03dc 0B       		.uleb128 0xb
 2517 03dd AC150000 		.4byte	.LASF135
 2518 03e1 0B       		.byte	0xb
 2519 03e2 0B       		.uleb128 0xb
 2520 03e3 4D250000 		.4byte	.LASF136
 2521 03e7 0C       		.byte	0xc
 2522 03e8 0B       		.uleb128 0xb
 2523 03e9 0B0F0000 		.4byte	.LASF137
 2524 03ed 0D       		.byte	0xd
 2525 03ee 0B       		.uleb128 0xb
 2526 03ef 43140000 		.4byte	.LASF138
 2527 03f3 0E       		.byte	0xe
ARM GAS  C:\Users\ARTEM\AppData\Local\Temp\ccuSJ5wi.s 			page 68


 2528 03f4 0B       		.uleb128 0xb
 2529 03f5 E7400000 		.4byte	.LASF139
 2530 03f9 0F       		.byte	0xf
 2531 03fa 0B       		.uleb128 0xb
 2532 03fb DD050000 		.4byte	.LASF140
 2533 03ff 10       		.byte	0x10
 2534 0400 0B       		.uleb128 0xb
 2535 0401 B8050000 		.4byte	.LASF141
 2536 0405 11       		.byte	0x11
 2537 0406 0B       		.uleb128 0xb
 2538 0407 C6070000 		.4byte	.LASF142
 2539 040b 80       		.byte	0x80
 2540 040c 0B       		.uleb128 0xb
 2541 040d 52150000 		.4byte	.LASF143
 2542 0411 80       		.byte	0x80
 2543 0412 0B       		.uleb128 0xb
 2544 0413 031C0000 		.4byte	.LASF144
 2545 0417 80       		.byte	0x80
 2546 0418 0B       		.uleb128 0xb
 2547 0419 8E390000 		.4byte	.LASF145
 2548 041d 80       		.byte	0x80
 2549 041e 0B       		.uleb128 0xb
 2550 041f 6C330000 		.4byte	.LASF146
 2551 0423 80       		.byte	0x80
 2552 0424 0B       		.uleb128 0xb
 2553 0425 232A0000 		.4byte	.LASF147
 2554 0429 80       		.byte	0x80
 2555 042a 0B       		.uleb128 0xb
 2556 042b 971D0000 		.4byte	.LASF148
 2557 042f 80       		.byte	0x80
 2558 0430 0B       		.uleb128 0xb
 2559 0431 F7310000 		.4byte	.LASF149
 2560 0435 80       		.byte	0x80
 2561 0436 0B       		.uleb128 0xb
 2562 0437 5B1A0000 		.4byte	.LASF150
 2563 043b 81       		.byte	0x81
 2564 043c 0B       		.uleb128 0xb
 2565 043d B6350000 		.4byte	.LASF151
 2566 0441 81       		.byte	0x81
 2567 0442 0B       		.uleb128 0xb
 2568 0443 8D000000 		.4byte	.LASF152
 2569 0447 81       		.byte	0x81
 2570 0448 0B       		.uleb128 0xb
 2571 0449 660D0000 		.4byte	.LASF153
 2572 044d 81       		.byte	0x81
 2573 044e 0B       		.uleb128 0xb
 2574 044f 590A0000 		.4byte	.LASF154
 2575 0453 82       		.byte	0x82
 2576 0454 0B       		.uleb128 0xb
 2577 0455 063D0000 		.4byte	.LASF155
 2578 0459 A0       		.byte	0xa0
 2579 045a 0B       		.uleb128 0xb
 2580 045b 24200000 		.4byte	.LASF156
 2581 045f A0       		.byte	0xa0
 2582 0460 0B       		.uleb128 0xb
 2583 0461 C70A0000 		.4byte	.LASF157
 2584 0465 A1       		.byte	0xa1
ARM GAS  C:\Users\ARTEM\AppData\Local\Temp\ccuSJ5wi.s 			page 69


 2585 0466 0B       		.uleb128 0xb
 2586 0467 F53B0000 		.4byte	.LASF158
 2587 046b A2       		.byte	0xa2
 2588 046c 0B       		.uleb128 0xb
 2589 046d C1160000 		.4byte	.LASF159
 2590 0471 A3       		.byte	0xa3
 2591 0472 0B       		.uleb128 0xb
 2592 0473 001D0000 		.4byte	.LASF160
 2593 0477 FD       		.byte	0xfd
 2594 0478 0B       		.uleb128 0xb
 2595 0479 9B250000 		.4byte	.LASF161
 2596 047d FE       		.byte	0xfe
 2597 047e 0B       		.uleb128 0xb
 2598 047f A82D0000 		.4byte	.LASF162
 2599 0483 FF       		.byte	0xff
 2600 0484 00       		.byte	0
 2601 0485 04       		.uleb128 0x4
 2602 0486 DF3B0000 		.4byte	.LASF163
 2603 048a 04       		.byte	0x4
 2604 048b 5F01     		.2byte	0x15f
 2605 048d 8E030000 		.4byte	0x38e
 2606 0491 04       		.uleb128 0x4
 2607 0492 2C320000 		.4byte	.LASF164
 2608 0496 04       		.byte	0x4
 2609 0497 8901     		.2byte	0x189
 2610 0499 77000000 		.4byte	0x77
 2611 049d 10       		.uleb128 0x10
 2612 049e 02       		.byte	0x2
 2613 049f 04       		.byte	0x4
 2614 04a0 9301     		.2byte	0x193
 2615 04a2 C1040000 		.4byte	0x4c1
 2616 04a6 11       		.uleb128 0x11
 2617 04a7 340A0000 		.4byte	.LASF165
 2618 04ab 04       		.byte	0x4
 2619 04ac 9A01     		.2byte	0x19a
 2620 04ae 6B000000 		.4byte	0x6b
 2621 04b2 00       		.byte	0
 2622 04b3 11       		.uleb128 0x11
 2623 04b4 59420000 		.4byte	.LASF166
 2624 04b8 04       		.byte	0x4
 2625 04b9 A001     		.2byte	0x1a0
 2626 04bb 6B000000 		.4byte	0x6b
 2627 04bf 01       		.byte	0x1
 2628 04c0 00       		.byte	0
 2629 04c1 04       		.uleb128 0x4
 2630 04c2 E7080000 		.4byte	.LASF167
 2631 04c6 04       		.byte	0x4
 2632 04c7 A201     		.2byte	0x1a2
 2633 04c9 9D040000 		.4byte	0x49d
 2634 04cd 10       		.uleb128 0x10
 2635 04ce 08       		.byte	0x8
 2636 04cf 04       		.byte	0x4
 2637 04d0 BE01     		.2byte	0x1be
 2638 04d2 FE040000 		.4byte	0x4fe
 2639 04d6 12       		.uleb128 0x12
 2640 04d7 76616C00 		.ascii	"val\000"
 2641 04db 04       		.byte	0x4
ARM GAS  C:\Users\ARTEM\AppData\Local\Temp\ccuSJ5wi.s 			page 70


 2642 04dc C101     		.2byte	0x1c1
 2643 04de 78030000 		.4byte	0x378
 2644 04e2 00       		.byte	0
 2645 04e3 12       		.uleb128 0x12
 2646 04e4 6C656E00 		.ascii	"len\000"
 2647 04e8 04       		.byte	0x4
 2648 04e9 C401     		.2byte	0x1c4
 2649 04eb 77000000 		.4byte	0x77
 2650 04ef 04       		.byte	0x4
 2651 04f0 11       		.uleb128 0x11
 2652 04f1 6A410000 		.4byte	.LASF168
 2653 04f5 04       		.byte	0x4
 2654 04f6 CB01     		.2byte	0x1cb
 2655 04f8 77000000 		.4byte	0x77
 2656 04fc 06       		.byte	0x6
 2657 04fd 00       		.byte	0
 2658 04fe 04       		.uleb128 0x4
 2659 04ff DD060000 		.4byte	.LASF169
 2660 0503 04       		.byte	0x4
 2661 0504 CD01     		.2byte	0x1cd
 2662 0506 CD040000 		.4byte	0x4cd
 2663 050a 10       		.uleb128 0x10
 2664 050b 0C       		.byte	0xc
 2665 050c 04       		.byte	0x4
 2666 050d D001     		.2byte	0x1d0
 2667 050f 2E050000 		.4byte	0x52e
 2668 0513 11       		.uleb128 0x11
 2669 0514 9E320000 		.4byte	.LASF170
 2670 0518 04       		.byte	0x4
 2671 0519 D301     		.2byte	0x1d3
 2672 051b FE040000 		.4byte	0x4fe
 2673 051f 00       		.byte	0
 2674 0520 11       		.uleb128 0x11
 2675 0521 2D280000 		.4byte	.LASF171
 2676 0525 04       		.byte	0x4
 2677 0526 D601     		.2byte	0x1d6
 2678 0528 91040000 		.4byte	0x491
 2679 052c 08       		.byte	0x8
 2680 052d 00       		.byte	0
 2681 052e 04       		.uleb128 0x4
 2682 052f 640E0000 		.4byte	.LASF172
 2683 0533 04       		.byte	0x4
 2684 0534 D801     		.2byte	0x1d8
 2685 0536 0A050000 		.4byte	0x50a
 2686 053a 13       		.uleb128 0x13
 2687 053b 0F010000 		.4byte	.LASF173
 2688 053f 05       		.byte	0x5
 2689 0540 34       		.byte	0x34
 2690 0541 2E050000 		.4byte	0x52e
 2691 0545 13       		.uleb128 0x13
 2692 0546 BA190000 		.4byte	.LASF174
 2693 054a 05       		.byte	0x5
 2694 054b 37       		.byte	0x37
 2695 054c 2E050000 		.4byte	0x52e
 2696 0550 14       		.uleb128 0x14
 2697 0551 10       		.byte	0x10
 2698 0552 05       		.byte	0x5
ARM GAS  C:\Users\ARTEM\AppData\Local\Temp\ccuSJ5wi.s 			page 71


 2699 0553 8A       		.byte	0x8a
 2700 0554 71050000 		.4byte	0x571
 2701 0558 15       		.uleb128 0x15
 2702 0559 35340000 		.4byte	.LASF175
 2703 055d 05       		.byte	0x5
 2704 055e 8D       		.byte	0x8d
 2705 055f C1040000 		.4byte	0x4c1
 2706 0563 00       		.byte	0
 2707 0564 15       		.uleb128 0x15
 2708 0565 05390000 		.4byte	.LASF176
 2709 0569 05       		.byte	0x5
 2710 056a 90       		.byte	0x90
 2711 056b 2E050000 		.4byte	0x52e
 2712 056f 04       		.byte	0x4
 2713 0570 00       		.byte	0
 2714 0571 13       		.uleb128 0x13
 2715 0572 78280000 		.4byte	.LASF177
 2716 0576 05       		.byte	0x5
 2717 0577 92       		.byte	0x92
 2718 0578 50050000 		.4byte	0x550
 2719 057c 14       		.uleb128 0x14
 2720 057d 08       		.byte	0x8
 2721 057e 06       		.byte	0x6
 2722 057f CE       		.byte	0xce
 2723 0580 9D050000 		.4byte	0x59d
 2724 0584 15       		.uleb128 0x15
 2725 0585 40340000 		.4byte	.LASF178
 2726 0589 06       		.byte	0x6
 2727 058a D1       		.byte	0xd1
 2728 058b 77000000 		.4byte	0x77
 2729 058f 00       		.byte	0
 2730 0590 15       		.uleb128 0x15
 2731 0591 35380000 		.4byte	.LASF179
 2732 0595 06       		.byte	0x6
 2733 0596 D6       		.byte	0xd6
 2734 0597 B7000000 		.4byte	0xb7
 2735 059b 04       		.byte	0x4
 2736 059c 00       		.byte	0
 2737 059d 13       		.uleb128 0x13
 2738 059e 4D2D0000 		.4byte	.LASF180
 2739 05a2 06       		.byte	0x6
 2740 05a3 D8       		.byte	0xd8
 2741 05a4 7C050000 		.4byte	0x57c
 2742 05a8 14       		.uleb128 0x14
 2743 05a9 08       		.byte	0x8
 2744 05aa 06       		.byte	0x6
 2745 05ab DB       		.byte	0xdb
 2746 05ac C9050000 		.4byte	0x5c9
 2747 05b0 15       		.uleb128 0x15
 2748 05b1 2B130000 		.4byte	.LASF181
 2749 05b5 06       		.byte	0x6
 2750 05b6 DE       		.byte	0xde
 2751 05b7 77000000 		.4byte	0x77
 2752 05bb 00       		.byte	0
 2753 05bc 15       		.uleb128 0x15
 2754 05bd 2D390000 		.4byte	.LASF182
 2755 05c1 06       		.byte	0x6
ARM GAS  C:\Users\ARTEM\AppData\Local\Temp\ccuSJ5wi.s 			page 72


 2756 05c2 E3       		.byte	0xe3
 2757 05c3 C9050000 		.4byte	0x5c9
 2758 05c7 04       		.byte	0x4
 2759 05c8 00       		.byte	0
 2760 05c9 07       		.uleb128 0x7
 2761 05ca 04       		.byte	0x4
 2762 05cb 9D050000 		.4byte	0x59d
 2763 05cf 13       		.uleb128 0x13
 2764 05d0 89370000 		.4byte	.LASF183
 2765 05d4 06       		.byte	0x6
 2766 05d5 E5       		.byte	0xe5
 2767 05d6 A8050000 		.4byte	0x5a8
 2768 05da 16       		.uleb128 0x16
 2769 05db 08       		.byte	0x8
 2770 05dc 06       		.byte	0x6
 2771 05dd E8       		.byte	0xe8
 2772 05de F9050000 		.4byte	0x5f9
 2773 05e2 17       		.uleb128 0x17
 2774 05e3 3E390000 		.4byte	.LASF184
 2775 05e7 06       		.byte	0x6
 2776 05e8 EF       		.byte	0xef
 2777 05e9 CF050000 		.4byte	0x5cf
 2778 05ed 17       		.uleb128 0x17
 2779 05ee 17200000 		.4byte	.LASF185
 2780 05f2 06       		.byte	0x6
 2781 05f3 F2       		.byte	0xf2
 2782 05f4 77000000 		.4byte	0x77
 2783 05f8 00       		.byte	0
 2784 05f9 13       		.uleb128 0x13
 2785 05fa 35370000 		.4byte	.LASF186
 2786 05fe 06       		.byte	0x6
 2787 05ff F4       		.byte	0xf4
 2788 0600 DA050000 		.4byte	0x5da
 2789 0604 14       		.uleb128 0x14
 2790 0605 14       		.byte	0x14
 2791 0606 06       		.byte	0x6
 2792 0607 F7       		.byte	0xf7
 2793 0608 4D060000 		.4byte	0x64d
 2794 060c 15       		.uleb128 0x15
 2795 060d 9D110000 		.4byte	.LASF187
 2796 0611 06       		.byte	0x6
 2797 0612 FA       		.byte	0xfa
 2798 0613 77000000 		.4byte	0x77
 2799 0617 00       		.byte	0
 2800 0618 11       		.uleb128 0x11
 2801 0619 830E0000 		.4byte	.LASF188
 2802 061d 06       		.byte	0x6
 2803 061e 0001     		.2byte	0x100
 2804 0620 77000000 		.4byte	0x77
 2805 0624 02       		.byte	0x2
 2806 0625 11       		.uleb128 0x11
 2807 0626 A1070000 		.4byte	.LASF189
 2808 062a 06       		.byte	0x6
 2809 062b 0B01     		.2byte	0x10b
 2810 062d 83000000 		.4byte	0x83
 2811 0631 04       		.byte	0x4
 2812 0632 11       		.uleb128 0x11
ARM GAS  C:\Users\ARTEM\AppData\Local\Temp\ccuSJ5wi.s 			page 73


 2813 0633 C2280000 		.4byte	.LASF190
 2814 0637 06       		.byte	0x6
 2815 0638 0E01     		.2byte	0x10e
 2816 063a 77000000 		.4byte	0x77
 2817 063e 08       		.byte	0x8
 2818 063f 11       		.uleb128 0x11
 2819 0640 F0320000 		.4byte	.LASF191
 2820 0644 06       		.byte	0x6
 2821 0645 1701     		.2byte	0x117
 2822 0647 F9050000 		.4byte	0x5f9
 2823 064b 0C       		.byte	0xc
 2824 064c 00       		.byte	0
 2825 064d 04       		.uleb128 0x4
 2826 064e 11170000 		.4byte	.LASF192
 2827 0652 06       		.byte	0x6
 2828 0653 1801     		.2byte	0x118
 2829 0655 04060000 		.4byte	0x604
 2830 0659 04       		.uleb128 0x4
 2831 065a 5B080000 		.4byte	.LASF193
 2832 065e 07       		.byte	0x7
 2833 065f 0402     		.2byte	0x204
 2834 0661 B9000000 		.4byte	0xb9
 2835 0665 0F       		.uleb128 0xf
 2836 0666 01       		.byte	0x1
 2837 0667 2C000000 		.4byte	0x2c
 2838 066b 08       		.byte	0x8
 2839 066c 2B       		.byte	0x2b
 2840 066d 8A060000 		.4byte	0x68a
 2841 0671 0B       		.uleb128 0xb
 2842 0672 FA280000 		.4byte	.LASF194
 2843 0676 00       		.byte	0
 2844 0677 0B       		.uleb128 0xb
 2845 0678 9E030000 		.4byte	.LASF195
 2846 067c 01       		.byte	0x1
 2847 067d 0B       		.uleb128 0xb
 2848 067e D2090000 		.4byte	.LASF196
 2849 0682 02       		.byte	0x2
 2850 0683 0B       		.uleb128 0xb
 2851 0684 55290000 		.4byte	.LASF197
 2852 0688 03       		.byte	0x3
 2853 0689 00       		.byte	0
 2854 068a 13       		.uleb128 0x13
 2855 068b D72C0000 		.4byte	.LASF198
 2856 068f 08       		.byte	0x8
 2857 0690 30       		.byte	0x30
 2858 0691 65060000 		.4byte	0x665
 2859 0695 0F       		.uleb128 0xf
 2860 0696 01       		.byte	0x1
 2861 0697 2C000000 		.4byte	0x2c
 2862 069b 08       		.byte	0x8
 2863 069c 34       		.byte	0x34
 2864 069d D8060000 		.4byte	0x6d8
 2865 06a1 0B       		.uleb128 0xb
 2866 06a2 3A420000 		.4byte	.LASF199
 2867 06a6 00       		.byte	0
 2868 06a7 0B       		.uleb128 0xb
 2869 06a8 731D0000 		.4byte	.LASF200
ARM GAS  C:\Users\ARTEM\AppData\Local\Temp\ccuSJ5wi.s 			page 74


 2870 06ac 01       		.byte	0x1
 2871 06ad 0B       		.uleb128 0xb
 2872 06ae 7D2C0000 		.4byte	.LASF201
 2873 06b2 02       		.byte	0x2
 2874 06b3 0B       		.uleb128 0xb
 2875 06b4 A2130000 		.4byte	.LASF202
 2876 06b8 03       		.byte	0x3
 2877 06b9 0B       		.uleb128 0xb
 2878 06ba 29400000 		.4byte	.LASF203
 2879 06be 04       		.byte	0x4
 2880 06bf 0B       		.uleb128 0xb
 2881 06c0 321F0000 		.4byte	.LASF204
 2882 06c4 05       		.byte	0x5
 2883 06c5 0B       		.uleb128 0xb
 2884 06c6 4A420000 		.4byte	.LASF205
 2885 06ca 06       		.byte	0x6
 2886 06cb 0B       		.uleb128 0xb
 2887 06cc 861A0000 		.4byte	.LASF206
 2888 06d0 06       		.byte	0x6
 2889 06d1 0B       		.uleb128 0xb
 2890 06d2 7E430000 		.4byte	.LASF207
 2891 06d6 07       		.byte	0x7
 2892 06d7 00       		.byte	0
 2893 06d8 13       		.uleb128 0x13
 2894 06d9 873B0000 		.4byte	.LASF208
 2895 06dd 08       		.byte	0x8
 2896 06de 3E       		.byte	0x3e
 2897 06df 95060000 		.4byte	0x695
 2898 06e3 14       		.uleb128 0x14
 2899 06e4 10       		.byte	0x10
 2900 06e5 08       		.byte	0x8
 2901 06e6 43       		.byte	0x43
 2902 06e7 04070000 		.4byte	0x704
 2903 06eb 15       		.uleb128 0x15
 2904 06ec 43380000 		.4byte	.LASF209
 2905 06f0 08       		.byte	0x8
 2906 06f1 46       		.byte	0x46
 2907 06f2 91040000 		.4byte	0x491
 2908 06f6 00       		.byte	0
 2909 06f7 15       		.uleb128 0x15
 2910 06f8 280A0000 		.4byte	.LASF210
 2911 06fc 08       		.byte	0x8
 2912 06fd 49       		.byte	0x49
 2913 06fe 04070000 		.4byte	0x704
 2914 0702 02       		.byte	0x2
 2915 0703 00       		.byte	0
 2916 0704 0D       		.uleb128 0xd
 2917 0705 91040000 		.4byte	0x491
 2918 0709 14070000 		.4byte	0x714
 2919 070d 0E       		.uleb128 0xe
 2920 070e B0000000 		.4byte	0xb0
 2921 0712 06       		.byte	0x6
 2922 0713 00       		.byte	0
 2923 0714 13       		.uleb128 0x13
 2924 0715 C90C0000 		.4byte	.LASF211
 2925 0719 08       		.byte	0x8
 2926 071a 4A       		.byte	0x4a
ARM GAS  C:\Users\ARTEM\AppData\Local\Temp\ccuSJ5wi.s 			page 75


 2927 071b E3060000 		.4byte	0x6e3
 2928 071f 14       		.uleb128 0x14
 2929 0720 04       		.byte	0x4
 2930 0721 08       		.byte	0x8
 2931 0722 4D       		.byte	0x4d
 2932 0723 34070000 		.4byte	0x734
 2933 0727 15       		.uleb128 0x15
 2934 0728 E4320000 		.4byte	.LASF212
 2935 072c 08       		.byte	0x8
 2936 072d 52       		.byte	0x52
 2937 072e 34070000 		.4byte	0x734
 2938 0732 00       		.byte	0
 2939 0733 00       		.byte	0
 2940 0734 07       		.uleb128 0x7
 2941 0735 04       		.byte	0x4
 2942 0736 14070000 		.4byte	0x714
 2943 073a 13       		.uleb128 0x13
 2944 073b 3D0A0000 		.4byte	.LASF213
 2945 073f 08       		.byte	0x8
 2946 0740 53       		.byte	0x53
 2947 0741 1F070000 		.4byte	0x71f
 2948 0745 14       		.uleb128 0x14
 2949 0746 10       		.byte	0x10
 2950 0747 08       		.byte	0x8
 2951 0748 56       		.byte	0x56
 2952 0749 66070000 		.4byte	0x766
 2953 074d 15       		.uleb128 0x15
 2954 074e AD0D0000 		.4byte	.LASF214
 2955 0752 08       		.byte	0x8
 2956 0753 59       		.byte	0x59
 2957 0754 91040000 		.4byte	0x491
 2958 0758 00       		.byte	0
 2959 0759 15       		.uleb128 0x15
 2960 075a 45150000 		.4byte	.LASF215
 2961 075e 08       		.byte	0x8
 2962 075f 5E       		.byte	0x5e
 2963 0760 66070000 		.4byte	0x766
 2964 0764 04       		.byte	0x4
 2965 0765 00       		.byte	0
 2966 0766 0D       		.uleb128 0xd
 2967 0767 3A070000 		.4byte	0x73a
 2968 076b 76070000 		.4byte	0x776
 2969 076f 0E       		.uleb128 0xe
 2970 0770 B0000000 		.4byte	0xb0
 2971 0774 02       		.byte	0x2
 2972 0775 00       		.byte	0
 2973 0776 13       		.uleb128 0x13
 2974 0777 D7350000 		.4byte	.LASF216
 2975 077b 08       		.byte	0x8
 2976 077c 60       		.byte	0x60
 2977 077d 45070000 		.4byte	0x745
 2978 0781 14       		.uleb128 0x14
 2979 0782 0C       		.byte	0xc
 2980 0783 08       		.byte	0x8
 2981 0784 84       		.byte	0x84
 2982 0785 C6070000 		.4byte	0x7c6
 2983 0789 15       		.uleb128 0x15
ARM GAS  C:\Users\ARTEM\AppData\Local\Temp\ccuSJ5wi.s 			page 76


 2984 078a 35340000 		.4byte	.LASF175
 2985 078e 08       		.byte	0x8
 2986 078f 86       		.byte	0x86
 2987 0790 C1040000 		.4byte	0x4c1
 2988 0794 00       		.byte	0
 2989 0795 15       		.uleb128 0x15
 2990 0796 AF010000 		.4byte	.LASF217
 2991 079a 08       		.byte	0x8
 2992 079b 87       		.byte	0x87
 2993 079c 8A060000 		.4byte	0x68a
 2994 07a0 02       		.byte	0x2
 2995 07a1 15       		.uleb128 0x15
 2996 07a2 1F140000 		.4byte	.LASF218
 2997 07a6 08       		.byte	0x8
 2998 07a7 88       		.byte	0x88
 2999 07a8 6B000000 		.4byte	0x6b
 3000 07ac 03       		.byte	0x3
 3001 07ad 15       		.uleb128 0x15
 3002 07ae 9E320000 		.4byte	.LASF170
 3003 07b2 08       		.byte	0x8
 3004 07b3 89       		.byte	0x89
 3005 07b4 C6070000 		.4byte	0x7c6
 3006 07b8 04       		.byte	0x4
 3007 07b9 15       		.uleb128 0x15
 3008 07ba 7B220000 		.4byte	.LASF219
 3009 07be 08       		.byte	0x8
 3010 07bf 8A       		.byte	0x8a
 3011 07c0 85040000 		.4byte	0x485
 3012 07c4 08       		.byte	0x8
 3013 07c5 00       		.byte	0
 3014 07c6 07       		.uleb128 0x7
 3015 07c7 04       		.byte	0x4
 3016 07c8 FE040000 		.4byte	0x4fe
 3017 07cc 13       		.uleb128 0x13
 3018 07cd C0450000 		.4byte	.LASF220
 3019 07d1 08       		.byte	0x8
 3020 07d2 8B       		.byte	0x8b
 3021 07d3 81070000 		.4byte	0x781
 3022 07d7 14       		.uleb128 0x14
 3023 07d8 0C       		.byte	0xc
 3024 07d9 08       		.byte	0x8
 3025 07da 8E       		.byte	0x8e
 3026 07db 28080000 		.4byte	0x828
 3027 07df 15       		.uleb128 0x15
 3028 07e0 35340000 		.4byte	.LASF175
 3029 07e4 08       		.byte	0x8
 3030 07e5 90       		.byte	0x90
 3031 07e6 C1040000 		.4byte	0x4c1
 3032 07ea 00       		.byte	0
 3033 07eb 15       		.uleb128 0x15
 3034 07ec AF010000 		.4byte	.LASF217
 3035 07f0 08       		.byte	0x8
 3036 07f1 91       		.byte	0x91
 3037 07f2 8A060000 		.4byte	0x68a
 3038 07f6 02       		.byte	0x2
 3039 07f7 15       		.uleb128 0x15
 3040 07f8 1F140000 		.4byte	.LASF218
ARM GAS  C:\Users\ARTEM\AppData\Local\Temp\ccuSJ5wi.s 			page 77


 3041 07fc 08       		.byte	0x8
 3042 07fd 92       		.byte	0x92
 3043 07fe 6B000000 		.4byte	0x6b
 3044 0802 03       		.byte	0x3
 3045 0803 15       		.uleb128 0x15
 3046 0804 22280000 		.4byte	.LASF221
 3047 0808 08       		.byte	0x8
 3048 0809 93       		.byte	0x93
 3049 080a D8060000 		.4byte	0x6d8
 3050 080e 04       		.byte	0x4
 3051 080f 15       		.uleb128 0x15
 3052 0810 7B220000 		.4byte	.LASF219
 3053 0814 08       		.byte	0x8
 3054 0815 94       		.byte	0x94
 3055 0816 85040000 		.4byte	0x485
 3056 081a 05       		.byte	0x5
 3057 081b 15       		.uleb128 0x15
 3058 081c 9E320000 		.4byte	.LASF170
 3059 0820 08       		.byte	0x8
 3060 0821 95       		.byte	0x95
 3061 0822 C6070000 		.4byte	0x7c6
 3062 0826 08       		.byte	0x8
 3063 0827 00       		.byte	0
 3064 0828 13       		.uleb128 0x13
 3065 0829 A9260000 		.4byte	.LASF222
 3066 082d 08       		.byte	0x8
 3067 082e 96       		.byte	0x96
 3068 082f D7070000 		.4byte	0x7d7
 3069 0833 0F       		.uleb128 0xf
 3070 0834 02       		.byte	0x2
 3071 0835 3A000000 		.4byte	0x3a
 3072 0839 09       		.byte	0x9
 3073 083a B4       		.byte	0xb4
 3074 083b 9E100000 		.4byte	0x109e
 3075 083f 0C       		.uleb128 0xc
 3076 0840 762A0000 		.4byte	.LASF223
 3077 0844 0001     		.2byte	0x100
 3078 0846 0C       		.uleb128 0xc
 3079 0847 38430000 		.4byte	.LASF224
 3080 084b 0101     		.2byte	0x101
 3081 084d 0C       		.uleb128 0xc
 3082 084e 8B0C0000 		.4byte	.LASF225
 3083 0852 0201     		.2byte	0x102
 3084 0854 0C       		.uleb128 0xc
 3085 0855 EE420000 		.4byte	.LASF226
 3086 0859 0301     		.2byte	0x103
 3087 085b 0C       		.uleb128 0xc
 3088 085c 6A310000 		.4byte	.LASF227
 3089 0860 0401     		.2byte	0x104
 3090 0862 0C       		.uleb128 0xc
 3091 0863 6E3D0000 		.4byte	.LASF228
 3092 0867 0501     		.2byte	0x105
 3093 0869 0C       		.uleb128 0xc
 3094 086a A7110000 		.4byte	.LASF229
 3095 086e 0601     		.2byte	0x106
 3096 0870 0C       		.uleb128 0xc
 3097 0871 873A0000 		.4byte	.LASF230
ARM GAS  C:\Users\ARTEM\AppData\Local\Temp\ccuSJ5wi.s 			page 78


 3098 0875 0701     		.2byte	0x107
 3099 0877 0C       		.uleb128 0xc
 3100 0878 8B400000 		.4byte	.LASF231
 3101 087c 0801     		.2byte	0x108
 3102 087e 0C       		.uleb128 0xc
 3103 087f 4D060000 		.4byte	.LASF232
 3104 0883 0901     		.2byte	0x109
 3105 0885 0C       		.uleb128 0xc
 3106 0886 D9030000 		.4byte	.LASF233
 3107 088a 0A01     		.2byte	0x10a
 3108 088c 0C       		.uleb128 0xc
 3109 088d C4330000 		.4byte	.LASF234
 3110 0891 0B01     		.2byte	0x10b
 3111 0893 0C       		.uleb128 0xc
 3112 0894 AE230000 		.4byte	.LASF235
 3113 0898 0C01     		.2byte	0x10c
 3114 089a 0C       		.uleb128 0xc
 3115 089b DE2F0000 		.4byte	.LASF236
 3116 089f 0D01     		.2byte	0x10d
 3117 08a1 0C       		.uleb128 0xc
 3118 08a2 A8040000 		.4byte	.LASF237
 3119 08a6 0E01     		.2byte	0x10e
 3120 08a8 0C       		.uleb128 0xc
 3121 08a9 55130000 		.4byte	.LASF238
 3122 08ad 0F01     		.2byte	0x10f
 3123 08af 0C       		.uleb128 0xc
 3124 08b0 BF080000 		.4byte	.LASF239
 3125 08b4 1001     		.2byte	0x110
 3126 08b6 0C       		.uleb128 0xc
 3127 08b7 B2410000 		.4byte	.LASF240
 3128 08bb 1101     		.2byte	0x111
 3129 08bd 0C       		.uleb128 0xc
 3130 08be 2C3E0000 		.4byte	.LASF241
 3131 08c2 1201     		.2byte	0x112
 3132 08c4 0C       		.uleb128 0xc
 3133 08c5 E60E0000 		.4byte	.LASF242
 3134 08c9 1301     		.2byte	0x113
 3135 08cb 0C       		.uleb128 0xc
 3136 08cc 9A450000 		.4byte	.LASF243
 3137 08d0 1401     		.2byte	0x114
 3138 08d2 0C       		.uleb128 0xc
 3139 08d3 48320000 		.4byte	.LASF244
 3140 08d7 1501     		.2byte	0x115
 3141 08d9 0C       		.uleb128 0xc
 3142 08da 400E0000 		.4byte	.LASF245
 3143 08de 1601     		.2byte	0x116
 3144 08e0 0C       		.uleb128 0xc
 3145 08e1 74300000 		.4byte	.LASF246
 3146 08e5 1701     		.2byte	0x117
 3147 08e7 0C       		.uleb128 0xc
 3148 08e8 A9330000 		.4byte	.LASF247
 3149 08ec 1801     		.2byte	0x118
 3150 08ee 0C       		.uleb128 0xc
 3151 08ef 8F3C0000 		.4byte	.LASF248
 3152 08f3 1901     		.2byte	0x119
 3153 08f5 0C       		.uleb128 0xc
 3154 08f6 23020000 		.4byte	.LASF249
ARM GAS  C:\Users\ARTEM\AppData\Local\Temp\ccuSJ5wi.s 			page 79


 3155 08fa 1A01     		.2byte	0x11a
 3156 08fc 0C       		.uleb128 0xc
 3157 08fd 04140000 		.4byte	.LASF250
 3158 0901 1B01     		.2byte	0x11b
 3159 0903 0C       		.uleb128 0xc
 3160 0904 5C2E0000 		.4byte	.LASF251
 3161 0908 1C01     		.2byte	0x11c
 3162 090a 0C       		.uleb128 0xc
 3163 090b 4D390000 		.4byte	.LASF252
 3164 090f 1D01     		.2byte	0x11d
 3165 0911 0C       		.uleb128 0xc
 3166 0912 BB1B0000 		.4byte	.LASF253
 3167 0916 1E01     		.2byte	0x11e
 3168 0918 0C       		.uleb128 0xc
 3169 0919 512A0000 		.4byte	.LASF254
 3170 091d 1F01     		.2byte	0x11f
 3171 091f 0C       		.uleb128 0xc
 3172 0920 E5130000 		.4byte	.LASF255
 3173 0924 2001     		.2byte	0x120
 3174 0926 0C       		.uleb128 0xc
 3175 0927 94120000 		.4byte	.LASF256
 3176 092b 2101     		.2byte	0x121
 3177 092d 0C       		.uleb128 0xc
 3178 092e 0F340000 		.4byte	.LASF257
 3179 0932 2201     		.2byte	0x122
 3180 0934 0C       		.uleb128 0xc
 3181 0935 97410000 		.4byte	.LASF258
 3182 0939 2301     		.2byte	0x123
 3183 093b 0C       		.uleb128 0xc
 3184 093c 18380000 		.4byte	.LASF259
 3185 0940 2401     		.2byte	0x124
 3186 0942 0C       		.uleb128 0xc
 3187 0943 AF440000 		.4byte	.LASF260
 3188 0947 2501     		.2byte	0x125
 3189 0949 0C       		.uleb128 0xc
 3190 094a D4270000 		.4byte	.LASF261
 3191 094e 2601     		.2byte	0x126
 3192 0950 0C       		.uleb128 0xc
 3193 0951 0E180000 		.4byte	.LASF262
 3194 0955 2701     		.2byte	0x127
 3195 0957 0C       		.uleb128 0xc
 3196 0958 443A0000 		.4byte	.LASF263
 3197 095c 2801     		.2byte	0x128
 3198 095e 0C       		.uleb128 0xc
 3199 095f 9C2B0000 		.4byte	.LASF264
 3200 0963 2901     		.2byte	0x129
 3201 0965 0C       		.uleb128 0xc
 3202 0966 12450000 		.4byte	.LASF265
 3203 096a 2A01     		.2byte	0x12a
 3204 096c 0C       		.uleb128 0xc
 3205 096d CF3A0000 		.4byte	.LASF266
 3206 0971 2B01     		.2byte	0x12b
 3207 0973 0C       		.uleb128 0xc
 3208 0974 DA430000 		.4byte	.LASF267
 3209 0978 2C01     		.2byte	0x12c
 3210 097a 0C       		.uleb128 0xc
 3211 097b 791F0000 		.4byte	.LASF268
ARM GAS  C:\Users\ARTEM\AppData\Local\Temp\ccuSJ5wi.s 			page 80


 3212 097f 2D01     		.2byte	0x12d
 3213 0981 0C       		.uleb128 0xc
 3214 0982 0E410000 		.4byte	.LASF269
 3215 0986 2E01     		.2byte	0x12e
 3216 0988 0C       		.uleb128 0xc
 3217 0989 73050000 		.4byte	.LASF270
 3218 098d 2F01     		.2byte	0x12f
 3219 098f 0C       		.uleb128 0xc
 3220 0990 F2300000 		.4byte	.LASF271
 3221 0994 3001     		.2byte	0x130
 3222 0996 0C       		.uleb128 0xc
 3223 0997 48200000 		.4byte	.LASF272
 3224 099b 3101     		.2byte	0x131
 3225 099d 0C       		.uleb128 0xc
 3226 099e 4D340000 		.4byte	.LASF273
 3227 09a2 3201     		.2byte	0x132
 3228 09a4 0C       		.uleb128 0xc
 3229 09a5 242F0000 		.4byte	.LASF274
 3230 09a9 3301     		.2byte	0x133
 3231 09ab 0C       		.uleb128 0xc
 3232 09ac C83C0000 		.4byte	.LASF275
 3233 09b0 3401     		.2byte	0x134
 3234 09b2 0C       		.uleb128 0xc
 3235 09b3 C30F0000 		.4byte	.LASF276
 3236 09b7 3501     		.2byte	0x135
 3237 09b9 0C       		.uleb128 0xc
 3238 09ba 633A0000 		.4byte	.LASF277
 3239 09be 3601     		.2byte	0x136
 3240 09c0 0C       		.uleb128 0xc
 3241 09c1 391A0000 		.4byte	.LASF278
 3242 09c5 3701     		.2byte	0x137
 3243 09c7 0C       		.uleb128 0xc
 3244 09c8 120D0000 		.4byte	.LASF279
 3245 09cc 3801     		.2byte	0x138
 3246 09ce 0C       		.uleb128 0xc
 3247 09cf 25040000 		.4byte	.LASF280
 3248 09d3 3901     		.2byte	0x139
 3249 09d5 0C       		.uleb128 0xc
 3250 09d6 49040000 		.4byte	.LASF281
 3251 09da 3A01     		.2byte	0x13a
 3252 09dc 0C       		.uleb128 0xc
 3253 09dd ED000000 		.4byte	.LASF282
 3254 09e1 3B01     		.2byte	0x13b
 3255 09e3 0C       		.uleb128 0xc
 3256 09e4 7C0F0000 		.4byte	.LASF283
 3257 09e8 3C01     		.2byte	0x13c
 3258 09ea 0C       		.uleb128 0xc
 3259 09eb 5A430000 		.4byte	.LASF284
 3260 09ef 3D01     		.2byte	0x13d
 3261 09f1 0C       		.uleb128 0xc
 3262 09f2 1D080000 		.4byte	.LASF285
 3263 09f6 3E01     		.2byte	0x13e
 3264 09f8 0C       		.uleb128 0xc
 3265 09f9 6B290000 		.4byte	.LASF286
 3266 09fd 3F01     		.2byte	0x13f
 3267 09ff 0C       		.uleb128 0xc
 3268 0a00 D0370000 		.4byte	.LASF287
ARM GAS  C:\Users\ARTEM\AppData\Local\Temp\ccuSJ5wi.s 			page 81


 3269 0a04 4001     		.2byte	0x140
 3270 0a06 0C       		.uleb128 0xc
 3271 0a07 58170000 		.4byte	.LASF288
 3272 0a0b 4101     		.2byte	0x141
 3273 0a0d 0C       		.uleb128 0xc
 3274 0a0e BE2A0000 		.4byte	.LASF289
 3275 0a12 4201     		.2byte	0x142
 3276 0a14 0C       		.uleb128 0xc
 3277 0a15 E3190000 		.4byte	.LASF290
 3278 0a19 4301     		.2byte	0x143
 3279 0a1b 0C       		.uleb128 0xc
 3280 0a1c 3F080000 		.4byte	.LASF291
 3281 0a20 4401     		.2byte	0x144
 3282 0a22 0C       		.uleb128 0xc
 3283 0a23 FC020000 		.4byte	.LASF292
 3284 0a27 4501     		.2byte	0x145
 3285 0a29 0C       		.uleb128 0xc
 3286 0a2a EB0A0000 		.4byte	.LASF293
 3287 0a2e 4601     		.2byte	0x146
 3288 0a30 0C       		.uleb128 0xc
 3289 0a31 C0320000 		.4byte	.LASF294
 3290 0a35 4701     		.2byte	0x147
 3291 0a37 0C       		.uleb128 0xc
 3292 0a38 13390000 		.4byte	.LASF295
 3293 0a3c 4801     		.2byte	0x148
 3294 0a3e 0C       		.uleb128 0xc
 3295 0a3f B0090000 		.4byte	.LASF296
 3296 0a43 4901     		.2byte	0x149
 3297 0a45 0C       		.uleb128 0xc
 3298 0a46 0D290000 		.4byte	.LASF297
 3299 0a4a 4A01     		.2byte	0x14a
 3300 0a4c 0C       		.uleb128 0xc
 3301 0a4d B33D0000 		.4byte	.LASF298
 3302 0a51 4B01     		.2byte	0x14b
 3303 0a53 0C       		.uleb128 0xc
 3304 0a54 A4240000 		.4byte	.LASF299
 3305 0a58 4C01     		.2byte	0x14c
 3306 0a5a 0C       		.uleb128 0xc
 3307 0a5b 083E0000 		.4byte	.LASF300
 3308 0a5f 4D01     		.2byte	0x14d
 3309 0a61 0C       		.uleb128 0xc
 3310 0a62 7F0A0000 		.4byte	.LASF301
 3311 0a66 4E01     		.2byte	0x14e
 3312 0a68 0C       		.uleb128 0xc
 3313 0a69 022E0000 		.4byte	.LASF302
 3314 0a6d 4F01     		.2byte	0x14f
 3315 0a6f 0C       		.uleb128 0xc
 3316 0a70 03400000 		.4byte	.LASF303
 3317 0a74 5001     		.2byte	0x150
 3318 0a76 0C       		.uleb128 0xc
 3319 0a77 4F3E0000 		.4byte	.LASF304
 3320 0a7b 5101     		.2byte	0x151
 3321 0a7d 0C       		.uleb128 0xc
 3322 0a7e 2E010000 		.4byte	.LASF305
 3323 0a82 5201     		.2byte	0x152
 3324 0a84 0C       		.uleb128 0xc
 3325 0a85 C5390000 		.4byte	.LASF306
ARM GAS  C:\Users\ARTEM\AppData\Local\Temp\ccuSJ5wi.s 			page 82


 3326 0a89 5301     		.2byte	0x153
 3327 0a8b 0C       		.uleb128 0xc
 3328 0a8c 20210000 		.4byte	.LASF307
 3329 0a90 5401     		.2byte	0x154
 3330 0a92 0C       		.uleb128 0xc
 3331 0a93 66380000 		.4byte	.LASF308
 3332 0a97 5501     		.2byte	0x155
 3333 0a99 0C       		.uleb128 0xc
 3334 0a9a 6F350000 		.4byte	.LASF309
 3335 0a9e 5601     		.2byte	0x156
 3336 0aa0 0C       		.uleb128 0xc
 3337 0aa1 A7020000 		.4byte	.LASF310
 3338 0aa5 5701     		.2byte	0x157
 3339 0aa7 0C       		.uleb128 0xc
 3340 0aa8 8D340000 		.4byte	.LASF311
 3341 0aac 5801     		.2byte	0x158
 3342 0aae 0C       		.uleb128 0xc
 3343 0aaf D7100000 		.4byte	.LASF312
 3344 0ab3 5901     		.2byte	0x159
 3345 0ab5 0C       		.uleb128 0xc
 3346 0ab6 550B0000 		.4byte	.LASF313
 3347 0aba 5A01     		.2byte	0x15a
 3348 0abc 0C       		.uleb128 0xc
 3349 0abd 320B0000 		.4byte	.LASF314
 3350 0ac1 5B01     		.2byte	0x15b
 3351 0ac3 0C       		.uleb128 0xc
 3352 0ac4 B3100000 		.4byte	.LASF315
 3353 0ac8 5C01     		.2byte	0x15c
 3354 0aca 0C       		.uleb128 0xc
 3355 0acb B1220000 		.4byte	.LASF316
 3356 0acf 5D01     		.2byte	0x15d
 3357 0ad1 0C       		.uleb128 0xc
 3358 0ad2 F1410000 		.4byte	.LASF317
 3359 0ad6 5E01     		.2byte	0x15e
 3360 0ad8 0C       		.uleb128 0xc
 3361 0ad9 82160000 		.4byte	.LASF318
 3362 0add 5F01     		.2byte	0x15f
 3363 0adf 0C       		.uleb128 0xc
 3364 0ae0 A4320000 		.4byte	.LASF319
 3365 0ae4 6001     		.2byte	0x160
 3366 0ae6 0C       		.uleb128 0xc
 3367 0ae7 BD2C0000 		.4byte	.LASF320
 3368 0aeb 6101     		.2byte	0x161
 3369 0aed 0C       		.uleb128 0xc
 3370 0aee 62020000 		.4byte	.LASF321
 3371 0af2 6201     		.2byte	0x162
 3372 0af4 0C       		.uleb128 0xc
 3373 0af5 AA200000 		.4byte	.LASF322
 3374 0af9 6301     		.2byte	0x163
 3375 0afb 0C       		.uleb128 0xc
 3376 0afc 49010000 		.4byte	.LASF323
 3377 0b00 6401     		.2byte	0x164
 3378 0b02 0C       		.uleb128 0xc
 3379 0b03 B90B0000 		.4byte	.LASF324
 3380 0b07 6501     		.2byte	0x165
 3381 0b09 0C       		.uleb128 0xc
 3382 0b0a B33E0000 		.4byte	.LASF325
ARM GAS  C:\Users\ARTEM\AppData\Local\Temp\ccuSJ5wi.s 			page 83


 3383 0b0e 6601     		.2byte	0x166
 3384 0b10 0C       		.uleb128 0xc
 3385 0b11 95190000 		.4byte	.LASF326
 3386 0b15 6701     		.2byte	0x167
 3387 0b17 0C       		.uleb128 0xc
 3388 0b18 8B180000 		.4byte	.LASF327
 3389 0b1c 6801     		.2byte	0x168
 3390 0b1e 0C       		.uleb128 0xc
 3391 0b1f 7E070000 		.4byte	.LASF328
 3392 0b23 6901     		.2byte	0x169
 3393 0b25 0C       		.uleb128 0xc
 3394 0b26 430C0000 		.4byte	.LASF329
 3395 0b2a 6A01     		.2byte	0x16a
 3396 0b2c 0C       		.uleb128 0xc
 3397 0b2d 32260000 		.4byte	.LASF330
 3398 0b31 6B01     		.2byte	0x16b
 3399 0b33 0C       		.uleb128 0xc
 3400 0b34 DA210000 		.4byte	.LASF331
 3401 0b38 6C01     		.2byte	0x16c
 3402 0b3a 0C       		.uleb128 0xc
 3403 0b3b 3E090000 		.4byte	.LASF332
 3404 0b3f 6D01     		.2byte	0x16d
 3405 0b41 0C       		.uleb128 0xc
 3406 0b42 6C080000 		.4byte	.LASF333
 3407 0b46 6E01     		.2byte	0x16e
 3408 0b48 0C       		.uleb128 0xc
 3409 0b49 84020000 		.4byte	.LASF334
 3410 0b4d 6F01     		.2byte	0x16f
 3411 0b4f 0C       		.uleb128 0xc
 3412 0b50 95210000 		.4byte	.LASF335
 3413 0b54 7001     		.2byte	0x170
 3414 0b56 0C       		.uleb128 0xc
 3415 0b57 84440000 		.4byte	.LASF336
 3416 0b5b 7101     		.2byte	0x171
 3417 0b5d 0C       		.uleb128 0xc
 3418 0b5e 591B0000 		.4byte	.LASF337
 3419 0b62 7201     		.2byte	0x172
 3420 0b64 0C       		.uleb128 0xc
 3421 0b65 B1180000 		.4byte	.LASF338
 3422 0b69 7301     		.2byte	0x173
 3423 0b6b 0C       		.uleb128 0xc
 3424 0b6c 30290000 		.4byte	.LASF339
 3425 0b70 7401     		.2byte	0x174
 3426 0b72 0C       		.uleb128 0xc
 3427 0b73 6D3B0000 		.4byte	.LASF340
 3428 0b77 7501     		.2byte	0x175
 3429 0b79 0C       		.uleb128 0xc
 3430 0b7a 15330000 		.4byte	.LASF341
 3431 0b7e 7601     		.2byte	0x176
 3432 0b80 0C       		.uleb128 0xc
 3433 0b81 86040000 		.4byte	.LASF342
 3434 0b85 7701     		.2byte	0x177
 3435 0b87 0C       		.uleb128 0xc
 3436 0b88 D4310000 		.4byte	.LASF343
 3437 0b8c 7801     		.2byte	0x178
 3438 0b8e 0C       		.uleb128 0xc
 3439 0b8f CE150000 		.4byte	.LASF344
ARM GAS  C:\Users\ARTEM\AppData\Local\Temp\ccuSJ5wi.s 			page 84


 3440 0b93 7901     		.2byte	0x179
 3441 0b95 0C       		.uleb128 0xc
 3442 0b96 6C200000 		.4byte	.LASF345
 3443 0b9a 7A01     		.2byte	0x17a
 3444 0b9c 0C       		.uleb128 0xc
 3445 0b9d 0D2D0000 		.4byte	.LASF346
 3446 0ba1 7B01     		.2byte	0x17b
 3447 0ba3 0C       		.uleb128 0xc
 3448 0ba4 F8360000 		.4byte	.LASF347
 3449 0ba8 7C01     		.2byte	0x17c
 3450 0baa 0C       		.uleb128 0xc
 3451 0bab EC160000 		.4byte	.LASF348
 3452 0baf 7D01     		.2byte	0x17d
 3453 0bb1 0C       		.uleb128 0xc
 3454 0bb2 DD260000 		.4byte	.LASF349
 3455 0bb6 7E01     		.2byte	0x17e
 3456 0bb8 0C       		.uleb128 0xc
 3457 0bb9 F0240000 		.4byte	.LASF350
 3458 0bbd 7F01     		.2byte	0x17f
 3459 0bbf 0C       		.uleb128 0xc
 3460 0bc0 FC290000 		.4byte	.LASF351
 3461 0bc4 8001     		.2byte	0x180
 3462 0bc6 0C       		.uleb128 0xc
 3463 0bc7 C4360000 		.4byte	.LASF352
 3464 0bcb 8101     		.2byte	0x181
 3465 0bcd 0C       		.uleb128 0xc
 3466 0bce C2260000 		.4byte	.LASF353
 3467 0bd2 8201     		.2byte	0x182
 3468 0bd4 0C       		.uleb128 0xc
 3469 0bd5 44270000 		.4byte	.LASF354
 3470 0bd9 8301     		.2byte	0x183
 3471 0bdb 0C       		.uleb128 0xc
 3472 0bdc F4170000 		.4byte	.LASF355
 3473 0be0 8401     		.2byte	0x184
 3474 0be2 0C       		.uleb128 0xc
 3475 0be3 8B0E0000 		.4byte	.LASF356
 3476 0be7 8501     		.2byte	0x185
 3477 0be9 0C       		.uleb128 0xc
 3478 0bea 213A0000 		.4byte	.LASF357
 3479 0bee 8601     		.2byte	0x186
 3480 0bf0 0C       		.uleb128 0xc
 3481 0bf1 8F1C0000 		.4byte	.LASF358
 3482 0bf5 8701     		.2byte	0x187
 3483 0bf7 0C       		.uleb128 0xc
 3484 0bf8 0E0B0000 		.4byte	.LASF359
 3485 0bfc 8801     		.2byte	0x188
 3486 0bfe 0C       		.uleb128 0xc
 3487 0bff AD3A0000 		.4byte	.LASF360
 3488 0c03 8901     		.2byte	0x189
 3489 0c05 0C       		.uleb128 0xc
 3490 0c06 49330000 		.4byte	.LASF361
 3491 0c0a 8A01     		.2byte	0x18a
 3492 0c0c 0C       		.uleb128 0xc
 3493 0c0d 38310000 		.4byte	.LASF362
 3494 0c11 8B01     		.2byte	0x18b
 3495 0c13 0C       		.uleb128 0xc
 3496 0c14 CF230000 		.4byte	.LASF363
ARM GAS  C:\Users\ARTEM\AppData\Local\Temp\ccuSJ5wi.s 			page 85


 3497 0c18 8C01     		.2byte	0x18c
 3498 0c1a 0C       		.uleb128 0xc
 3499 0c1b CC020000 		.4byte	.LASF364
 3500 0c1f 8D01     		.2byte	0x18d
 3501 0c21 0C       		.uleb128 0xc
 3502 0c22 C42D0000 		.4byte	.LASF365
 3503 0c26 8E01     		.2byte	0x18e
 3504 0c28 0C       		.uleb128 0xc
 3505 0c29 D7410000 		.4byte	.LASF366
 3506 0c2d 8F01     		.2byte	0x18f
 3507 0c2f 0C       		.uleb128 0xc
 3508 0c30 EA3C0000 		.4byte	.LASF367
 3509 0c34 9001     		.2byte	0x190
 3510 0c36 0C       		.uleb128 0xc
 3511 0c37 F6220000 		.4byte	.LASF368
 3512 0c3b 9101     		.2byte	0x191
 3513 0c3d 0C       		.uleb128 0xc
 3514 0c3e 7B030000 		.4byte	.LASF369
 3515 0c42 9201     		.2byte	0x192
 3516 0c44 0C       		.uleb128 0xc
 3517 0c45 82140000 		.4byte	.LASF370
 3518 0c49 9301     		.2byte	0x193
 3519 0c4b 0C       		.uleb128 0xc
 3520 0c4c D6010000 		.4byte	.LASF371
 3521 0c50 9401     		.2byte	0x194
 3522 0c52 0C       		.uleb128 0xc
 3523 0c53 51450000 		.4byte	.LASF372
 3524 0c57 9501     		.2byte	0x195
 3525 0c59 0C       		.uleb128 0xc
 3526 0c5a 85270000 		.4byte	.LASF373
 3527 0c5e 9601     		.2byte	0x196
 3528 0c60 0C       		.uleb128 0xc
 3529 0c61 18440000 		.4byte	.LASF374
 3530 0c65 9701     		.2byte	0x197
 3531 0c67 0C       		.uleb128 0xc
 3532 0c68 22270000 		.4byte	.LASF375
 3533 0c6c 9801     		.2byte	0x198
 3534 0c6e 0C       		.uleb128 0xc
 3535 0c6f 300F0000 		.4byte	.LASF376
 3536 0c73 9901     		.2byte	0x199
 3537 0c75 0C       		.uleb128 0xc
 3538 0c76 CC1C0000 		.4byte	.LASF377
 3539 0c7a 9A01     		.2byte	0x19a
 3540 0c7c 0C       		.uleb128 0xc
 3541 0c7d 171A0000 		.4byte	.LASF378
 3542 0c81 9B01     		.2byte	0x19b
 3543 0c83 0C       		.uleb128 0xc
 3544 0c84 AD0E0000 		.4byte	.LASF379
 3545 0c88 9C01     		.2byte	0x19c
 3546 0c8a 0C       		.uleb128 0xc
 3547 0c8b 93350000 		.4byte	.LASF380
 3548 0c8f 9D01     		.2byte	0x19d
 3549 0c91 0C       		.uleb128 0xc
 3550 0c92 BC1D0000 		.4byte	.LASF381
 3551 0c96 9E01     		.2byte	0x19e
 3552 0c98 0C       		.uleb128 0xc
 3553 0c99 D22E0000 		.4byte	.LASF382
ARM GAS  C:\Users\ARTEM\AppData\Local\Temp\ccuSJ5wi.s 			page 86


 3554 0c9d 9F01     		.2byte	0x19f
 3555 0c9f 0C       		.uleb128 0xc
 3556 0ca0 2A050000 		.4byte	.LASF383
 3557 0ca4 A001     		.2byte	0x1a0
 3558 0ca6 0C       		.uleb128 0xc
 3559 0ca7 C2110000 		.4byte	.LASF384
 3560 0cab A101     		.2byte	0x1a1
 3561 0cad 0C       		.uleb128 0xc
 3562 0cae 1E300000 		.4byte	.LASF385
 3563 0cb2 A201     		.2byte	0x1a2
 3564 0cb4 0C       		.uleb128 0xc
 3565 0cb5 FD190000 		.4byte	.LASF386
 3566 0cb9 A301     		.2byte	0x1a3
 3567 0cbb 0C       		.uleb128 0xc
 3568 0cbc 95220000 		.4byte	.LASF387
 3569 0cc0 A401     		.2byte	0x1a4
 3570 0cc2 0C       		.uleb128 0xc
 3571 0cc3 3F240000 		.4byte	.LASF388
 3572 0cc7 A501     		.2byte	0x1a5
 3573 0cc9 0C       		.uleb128 0xc
 3574 0cca 4A3B0000 		.4byte	.LASF389
 3575 0cce A601     		.2byte	0x1a6
 3576 0cd0 0C       		.uleb128 0xc
 3577 0cd1 7C170000 		.4byte	.LASF390
 3578 0cd5 A701     		.2byte	0x1a7
 3579 0cd7 0C       		.uleb128 0xc
 3580 0cd8 4C2B0000 		.4byte	.LASF391
 3581 0cdc A801     		.2byte	0x1a8
 3582 0cde 0C       		.uleb128 0xc
 3583 0cdf 9C160000 		.4byte	.LASF392
 3584 0ce3 A901     		.2byte	0x1a9
 3585 0ce5 0C       		.uleb128 0xc
 3586 0ce6 DF1B0000 		.4byte	.LASF393
 3587 0cea AA01     		.2byte	0x1aa
 3588 0cec 0C       		.uleb128 0xc
 3589 0ced FD450000 		.4byte	.LASF394
 3590 0cf1 AB01     		.2byte	0x1ab
 3591 0cf3 0C       		.uleb128 0xc
 3592 0cf4 272E0000 		.4byte	.LASF395
 3593 0cf8 AC01     		.2byte	0x1ac
 3594 0cfa 0C       		.uleb128 0xc
 3595 0cfb 022F0000 		.4byte	.LASF396
 3596 0cff AD01     		.2byte	0x1ad
 3597 0d01 0C       		.uleb128 0xc
 3598 0d02 FB080000 		.4byte	.LASF397
 3599 0d06 AE01     		.2byte	0x1ae
 3600 0d08 0C       		.uleb128 0xc
 3601 0d09 72190000 		.4byte	.LASF398
 3602 0d0d AF01     		.2byte	0x1af
 3603 0d0f 0C       		.uleb128 0xc
 3604 0d10 44360000 		.4byte	.LASF399
 3605 0d14 B001     		.2byte	0x1b0
 3606 0d16 0C       		.uleb128 0xc
 3607 0d17 BB0D0000 		.4byte	.LASF400
 3608 0d1b B101     		.2byte	0x1b1
 3609 0d1d 0C       		.uleb128 0xc
 3610 0d1e 68000000 		.4byte	.LASF401
ARM GAS  C:\Users\ARTEM\AppData\Local\Temp\ccuSJ5wi.s 			page 87


 3611 0d22 B201     		.2byte	0x1b2
 3612 0d24 0C       		.uleb128 0xc
 3613 0d25 303C0000 		.4byte	.LASF402
 3614 0d29 B301     		.2byte	0x1b3
 3615 0d2b 0C       		.uleb128 0xc
 3616 0d2c E0140000 		.4byte	.LASF403
 3617 0d30 B401     		.2byte	0x1b4
 3618 0d32 0C       		.uleb128 0xc
 3619 0d33 76450000 		.4byte	.LASF404
 3620 0d37 B501     		.2byte	0x1b5
 3621 0d39 0C       		.uleb128 0xc
 3622 0d3a DA1F0000 		.4byte	.LASF405
 3623 0d3e B601     		.2byte	0x1b6
 3624 0d40 0C       		.uleb128 0xc
 3625 0d41 4C230000 		.4byte	.LASF406
 3626 0d45 B701     		.2byte	0x1b7
 3627 0d47 0C       		.uleb128 0xc
 3628 0d48 37450000 		.4byte	.LASF407
 3629 0d4c B801     		.2byte	0x1b8
 3630 0d4e 0C       		.uleb128 0xc
 3631 0d4f 90380000 		.4byte	.LASF408
 3632 0d53 B901     		.2byte	0x1b9
 3633 0d55 0C       		.uleb128 0xc
 3634 0d56 062B0000 		.4byte	.LASF409
 3635 0d5a BA01     		.2byte	0x1ba
 3636 0d5c 0C       		.uleb128 0xc
 3637 0d5d 6B2D0000 		.4byte	.LASF410
 3638 0d61 BB01     		.2byte	0x1bb
 3639 0d63 0C       		.uleb128 0xc
 3640 0d64 4C3F0000 		.4byte	.LASF411
 3641 0d68 BC01     		.2byte	0x1bc
 3642 0d6a 0C       		.uleb128 0xc
 3643 0d6b 451E0000 		.4byte	.LASF412
 3644 0d6f BD01     		.2byte	0x1bd
 3645 0d71 0C       		.uleb128 0xc
 3646 0d72 75090000 		.4byte	.LASF413
 3647 0d76 BE01     		.2byte	0x1be
 3648 0d78 0C       		.uleb128 0xc
 3649 0d79 2A120000 		.4byte	.LASF414
 3650 0d7d BF01     		.2byte	0x1bf
 3651 0d7f 0C       		.uleb128 0xc
 3652 0d80 59440000 		.4byte	.LASF415
 3653 0d84 C001     		.2byte	0x1c0
 3654 0d86 0C       		.uleb128 0xc
 3655 0d87 8A0D0000 		.4byte	.LASF416
 3656 0d8b C101     		.2byte	0x1c1
 3657 0d8d 0C       		.uleb128 0xc
 3658 0d8e 141E0000 		.4byte	.LASF417
 3659 0d92 C201     		.2byte	0x1c2
 3660 0d94 0C       		.uleb128 0xc
 3661 0d95 D2220000 		.4byte	.LASF418
 3662 0d99 C301     		.2byte	0x1c3
 3663 0d9b 0C       		.uleb128 0xc
 3664 0d9c 2E3F0000 		.4byte	.LASF419
 3665 0da0 C401     		.2byte	0x1c4
 3666 0da2 0C       		.uleb128 0xc
 3667 0da3 C23B0000 		.4byte	.LASF420
ARM GAS  C:\Users\ARTEM\AppData\Local\Temp\ccuSJ5wi.s 			page 88


 3668 0da7 C501     		.2byte	0x1c5
 3669 0da9 0C       		.uleb128 0xc
 3670 0daa 2F190000 		.4byte	.LASF421
 3671 0dae C601     		.2byte	0x1c6
 3672 0db0 0C       		.uleb128 0xc
 3673 0db1 10260000 		.4byte	.LASF422
 3674 0db5 C701     		.2byte	0x1c7
 3675 0db7 0C       		.uleb128 0xc
 3676 0db8 3D030000 		.4byte	.LASF423
 3677 0dbc C801     		.2byte	0x1c8
 3678 0dbe 0C       		.uleb128 0xc
 3679 0dbf ED330000 		.4byte	.LASF424
 3680 0dc3 C901     		.2byte	0x1c9
 3681 0dc5 0C       		.uleb128 0xc
 3682 0dc6 63040000 		.4byte	.LASF425
 3683 0dca CA01     		.2byte	0x1ca
 3684 0dcc 0C       		.uleb128 0xc
 3685 0dcd 99300000 		.4byte	.LASF426
 3686 0dd1 CB01     		.2byte	0x1cb
 3687 0dd3 0C       		.uleb128 0xc
 3688 0dd4 770B0000 		.4byte	.LASF427
 3689 0dd8 CC01     		.2byte	0x1cc
 3690 0dda 0C       		.uleb128 0xc
 3691 0ddb 1E0C0000 		.4byte	.LASF428
 3692 0ddf CD01     		.2byte	0x1cd
 3693 0de1 0C       		.uleb128 0xc
 3694 0de2 92360000 		.4byte	.LASF429
 3695 0de6 CE01     		.2byte	0x1ce
 3696 0de8 0C       		.uleb128 0xc
 3697 0de9 AC070000 		.4byte	.LASF430
 3698 0ded CF01     		.2byte	0x1cf
 3699 0def 0C       		.uleb128 0xc
 3700 0df0 F9320000 		.4byte	.LASF431
 3701 0df4 D001     		.2byte	0x1d0
 3702 0df6 0C       		.uleb128 0xc
 3703 0df7 16310000 		.4byte	.LASF432
 3704 0dfb D101     		.2byte	0x1d1
 3705 0dfd 0C       		.uleb128 0xc
 3706 0dfe D91A0000 		.4byte	.LASF433
 3707 0e02 D201     		.2byte	0x1d2
 3708 0e04 0C       		.uleb128 0xc
 3709 0e05 31410000 		.4byte	.LASF434
 3710 0e09 D301     		.2byte	0x1d3
 3711 0e0b 0C       		.uleb128 0xc
 3712 0e0c C8250000 		.4byte	.LASF435
 3713 0e10 D401     		.2byte	0x1d4
 3714 0e12 0C       		.uleb128 0xc
 3715 0e13 9E2F0000 		.4byte	.LASF436
 3716 0e17 D501     		.2byte	0x1d5
 3717 0e19 0C       		.uleb128 0xc
 3718 0e1a 22170000 		.4byte	.LASF437
 3719 0e1e D601     		.2byte	0x1d6
 3720 0e20 0C       		.uleb128 0xc
 3721 0e21 8E290000 		.4byte	.LASF438
 3722 0e25 D701     		.2byte	0x1d7
 3723 0e27 0C       		.uleb128 0xc
 3724 0e28 F3230000 		.4byte	.LASF439
ARM GAS  C:\Users\ARTEM\AppData\Local\Temp\ccuSJ5wi.s 			page 89


 3725 0e2c D801     		.2byte	0x1d8
 3726 0e2e 0C       		.uleb128 0xc
 3727 0e2f 523C0000 		.4byte	.LASF440
 3728 0e33 D901     		.2byte	0x1d9
 3729 0e35 0C       		.uleb128 0xc
 3730 0e36 F5210000 		.4byte	.LASF441
 3731 0e3a DA01     		.2byte	0x1da
 3732 0e3c 0C       		.uleb128 0xc
 3733 0e3d 05160000 		.4byte	.LASF442
 3734 0e41 DB01     		.2byte	0x1db
 3735 0e43 0C       		.uleb128 0xc
 3736 0e44 B7030000 		.4byte	.LASF443
 3737 0e48 DC01     		.2byte	0x1dc
 3738 0e4a 0C       		.uleb128 0xc
 3739 0e4b 8C330000 		.4byte	.LASF444
 3740 0e4f DD01     		.2byte	0x1dd
 3741 0e51 0C       		.uleb128 0xc
 3742 0e52 A40A0000 		.4byte	.LASF445
 3743 0e56 DE01     		.2byte	0x1de
 3744 0e58 0C       		.uleb128 0xc
 3745 0e59 73060000 		.4byte	.LASF446
 3746 0e5d DF01     		.2byte	0x1df
 3747 0e5f 0C       		.uleb128 0xc
 3748 0e60 631E0000 		.4byte	.LASF447
 3749 0e64 E001     		.2byte	0x1e0
 3750 0e66 0C       		.uleb128 0xc
 3751 0e67 311C0000 		.4byte	.LASF448
 3752 0e6b E101     		.2byte	0x1e1
 3753 0e6d 0C       		.uleb128 0xc
 3754 0e6e 9A1E0000 		.4byte	.LASF449
 3755 0e72 E201     		.2byte	0x1e2
 3756 0e74 0C       		.uleb128 0xc
 3757 0e75 49350000 		.4byte	.LASF450
 3758 0e79 E301     		.2byte	0x1e3
 3759 0e7b 0C       		.uleb128 0xc
 3760 0e7c 8F200000 		.4byte	.LASF451
 3761 0e80 E401     		.2byte	0x1e4
 3762 0e82 0C       		.uleb128 0xc
 3763 0e83 BF1E0000 		.4byte	.LASF452
 3764 0e87 E501     		.2byte	0x1e5
 3765 0e89 0C       		.uleb128 0xc
 3766 0e8a FA070000 		.4byte	.LASF453
 3767 0e8e E601     		.2byte	0x1e6
 3768 0e90 0C       		.uleb128 0xc
 3769 0e91 6B1C0000 		.4byte	.LASF454
 3770 0e95 E701     		.2byte	0x1e7
 3771 0e97 0C       		.uleb128 0xc
 3772 0e98 D6380000 		.4byte	.LASF455
 3773 0e9c E801     		.2byte	0x1e8
 3774 0e9e 0C       		.uleb128 0xc
 3775 0e9f 72340000 		.4byte	.LASF456
 3776 0ea3 E901     		.2byte	0x1e9
 3777 0ea5 0C       		.uleb128 0xc
 3778 0ea6 7D130000 		.4byte	.LASF457
 3779 0eaa EA01     		.2byte	0x1ea
 3780 0eac 0C       		.uleb128 0xc
 3781 0ead 531F0000 		.4byte	.LASF458
ARM GAS  C:\Users\ARTEM\AppData\Local\Temp\ccuSJ5wi.s 			page 90


 3782 0eb1 EB01     		.2byte	0x1eb
 3783 0eb3 0C       		.uleb128 0xc
 3784 0eb4 C1000000 		.4byte	.LASF459
 3785 0eb8 EC01     		.2byte	0x1ec
 3786 0eba 0C       		.uleb128 0xc
 3787 0ebb 10220000 		.4byte	.LASF460
 3788 0ebf ED01     		.2byte	0x1ed
 3789 0ec1 0C       		.uleb128 0xc
 3790 0ec2 B1290000 		.4byte	.LASF461
 3791 0ec6 EE01     		.2byte	0x1ee
 3792 0ec8 0C       		.uleb128 0xc
 3793 0ec9 4B000000 		.4byte	.LASF462
 3794 0ecd EF01     		.2byte	0x1ef
 3795 0ecf 0C       		.uleb128 0xc
 3796 0ed0 EB040000 		.4byte	.LASF463
 3797 0ed4 F001     		.2byte	0x1f0
 3798 0ed6 0C       		.uleb128 0xc
 3799 0ed7 981B0000 		.4byte	.LASF464
 3800 0edb F101     		.2byte	0x1f1
 3801 0edd 0C       		.uleb128 0xc
 3802 0ede CD200000 		.4byte	.LASF465
 3803 0ee2 F201     		.2byte	0x1f2
 3804 0ee4 0C       		.uleb128 0xc
 3805 0ee5 6C010000 		.4byte	.LASF466
 3806 0ee9 F301     		.2byte	0x1f3
 3807 0eeb 0C       		.uleb128 0xc
 3808 0eec 18230000 		.4byte	.LASF467
 3809 0ef0 F401     		.2byte	0x1f4
 3810 0ef2 0C       		.uleb128 0xc
 3811 0ef3 4E380000 		.4byte	.LASF468
 3812 0ef7 F501     		.2byte	0x1f5
 3813 0ef9 0C       		.uleb128 0xc
 3814 0efa ED440000 		.4byte	.LASF469
 3815 0efe F601     		.2byte	0x1f6
 3816 0f00 0C       		.uleb128 0xc
 3817 0f01 4D1D0000 		.4byte	.LASF470
 3818 0f05 F701     		.2byte	0x1f7
 3819 0f07 0C       		.uleb128 0xc
 3820 0f08 64100000 		.4byte	.LASF471
 3821 0f0c F801     		.2byte	0x1f8
 3822 0f0e 0C       		.uleb128 0xc
 3823 0f0f D5180000 		.4byte	.LASF472
 3824 0f13 F901     		.2byte	0x1f9
 3825 0f15 0C       		.uleb128 0xc
 3826 0f16 9D2E0000 		.4byte	.LASF473
 3827 0f1a FA01     		.2byte	0x1fa
 3828 0f1c 0C       		.uleb128 0xc
 3829 0f1d D0040000 		.4byte	.LASF474
 3830 0f21 FB01     		.2byte	0x1fb
 3831 0f23 0C       		.uleb128 0xc
 3832 0f24 6C370000 		.4byte	.LASF475
 3833 0f28 FC01     		.2byte	0x1fc
 3834 0f2a 0C       		.uleb128 0xc
 3835 0f2b FC100000 		.4byte	.LASF476
 3836 0f2f FD01     		.2byte	0x1fd
 3837 0f31 0C       		.uleb128 0xc
 3838 0f32 34220000 		.4byte	.LASF477
ARM GAS  C:\Users\ARTEM\AppData\Local\Temp\ccuSJ5wi.s 			page 91


 3839 0f36 FE01     		.2byte	0x1fe
 3840 0f38 0C       		.uleb128 0xc
 3841 0f39 33180000 		.4byte	.LASF478
 3842 0f3d FF01     		.2byte	0x1ff
 3843 0f3f 0C       		.uleb128 0xc
 3844 0f40 D73E0000 		.4byte	.LASF479
 3845 0f44 0002     		.2byte	0x200
 3846 0f46 0C       		.uleb128 0xc
 3847 0f47 00040000 		.4byte	.LASF480
 3848 0f4b 0102     		.2byte	0x201
 3849 0f4d 0C       		.uleb128 0xc
 3850 0f4e 90010000 		.4byte	.LASF481
 3851 0f52 0202     		.2byte	0x202
 3852 0f54 0C       		.uleb128 0xc
 3853 0f55 03150000 		.4byte	.LASF482
 3854 0f59 0302     		.2byte	0x203
 3855 0f5b 0C       		.uleb128 0xc
 3856 0f5c 05120000 		.4byte	.LASF483
 3857 0f60 0402     		.2byte	0x204
 3858 0f62 0C       		.uleb128 0xc
 3859 0f63 D6290000 		.4byte	.LASF484
 3860 0f67 0502     		.2byte	0x205
 3861 0f69 0C       		.uleb128 0xc
 3862 0f6a 2F3D0000 		.4byte	.LASF485
 3863 0f6e 0602     		.2byte	0x206
 3864 0f70 0C       		.uleb128 0xc
 3865 0f71 05270000 		.4byte	.LASF486
 3866 0f75 0702     		.2byte	0x207
 3867 0f77 0C       		.uleb128 0xc
 3868 0f78 20360000 		.4byte	.LASF487
 3869 0f7c 0802     		.2byte	0x208
 3870 0f7e 0C       		.uleb128 0xc
 3871 0f7f DA120000 		.4byte	.LASF488
 3872 0f83 0902     		.2byte	0x209
 3873 0f85 0C       		.uleb128 0xc
 3874 0f86 4F050000 		.4byte	.LASF489
 3875 0f8a 0A02     		.2byte	0x20a
 3876 0f8c 0C       		.uleb128 0xc
 3877 0f8d FB350000 		.4byte	.LASF490
 3878 0f91 0B02     		.2byte	0x20b
 3879 0f93 0C       		.uleb128 0xc
 3880 0f94 39130000 		.4byte	.LASF491
 3881 0f98 0C02     		.2byte	0x20c
 3882 0f9a 0C       		.uleb128 0xc
 3883 0f9b 8C230000 		.4byte	.LASF492
 3884 0f9f 0D02     		.2byte	0x20d
 3885 0fa1 0C       		.uleb128 0xc
 3886 0fa2 B1340000 		.4byte	.LASF493
 3887 0fa6 0E02     		.2byte	0x20e
 3888 0fa8 0C       		.uleb128 0xc
 3889 0fa9 67180000 		.4byte	.LASF494
 3890 0fad 0F02     		.2byte	0x20f
 3891 0faf 0C       		.uleb128 0xc
 3892 0fb0 A03B0000 		.4byte	.LASF495
 3893 0fb4 1002     		.2byte	0x210
 3894 0fb6 0C       		.uleb128 0xc
 3895 0fb7 1F160000 		.4byte	.LASF496
ARM GAS  C:\Users\ARTEM\AppData\Local\Temp\ccuSJ5wi.s 			page 92


 3896 0fbb 1102     		.2byte	0x211
 3897 0fbd 0C       		.uleb128 0xc
 3898 0fbe 670C0000 		.4byte	.LASF497
 3899 0fc2 1202     		.2byte	0x212
 3900 0fc4 0C       		.uleb128 0xc
 3901 0fc5 50300000 		.4byte	.LASF498
 3902 0fc9 1302     		.2byte	0x213
 3903 0fcb 0C       		.uleb128 0xc
 3904 0fcc 341B0000 		.4byte	.LASF499
 3905 0fd0 1402     		.2byte	0x214
 3906 0fd2 0C       		.uleb128 0xc
 3907 0fd3 270E0000 		.4byte	.LASF500
 3908 0fd7 1502     		.2byte	0x215
 3909 0fd9 0C       		.uleb128 0xc
 3910 0fda 7E1B0000 		.4byte	.LASF501
 3911 0fde 1602     		.2byte	0x216
 3912 0fe0 0C       		.uleb128 0xc
 3913 0fe1 5B090000 		.4byte	.LASF502
 3914 0fe5 1702     		.2byte	0x217
 3915 0fe7 0C       		.uleb128 0xc
 3916 0fe8 38280000 		.4byte	.LASF503
 3917 0fec 1802     		.2byte	0x218
 3918 0fee 0C       		.uleb128 0xc
 3919 0fef 29000000 		.4byte	.LASF504
 3920 0ff3 1902     		.2byte	0x219
 3921 0ff5 0C       		.uleb128 0xc
 3922 0ff6 DA2B0000 		.4byte	.LASF505
 3923 0ffa 1A02     		.2byte	0x21a
 3924 0ffc 0C       		.uleb128 0xc
 3925 0ffd 6C3C0000 		.4byte	.LASF506
 3926 1001 1B02     		.2byte	0x21b
 3927 1003 0C       		.uleb128 0xc
 3928 1004 06050000 		.4byte	.LASF507
 3929 1008 1C02     		.2byte	0x21c
 3930 100a 0C       		.uleb128 0xc
 3931 100b EC340000 		.4byte	.LASF508
 3932 100f 1D02     		.2byte	0x21d
 3933 1011 0C       		.uleb128 0xc
 3934 1012 76250000 		.4byte	.LASF509
 3935 1016 1E02     		.2byte	0x21e
 3936 1018 0C       		.uleb128 0xc
 3937 1019 AA420000 		.4byte	.LASF510
 3938 101d 1F02     		.2byte	0x21f
 3939 101f 0C       		.uleb128 0xc
 3940 1020 0F1F0000 		.4byte	.LASF511
 3941 1024 2002     		.2byte	0x220
 3942 1026 0C       		.uleb128 0xc
 3943 1027 3A110000 		.4byte	.LASF512
 3944 102b 2102     		.2byte	0x221
 3945 102d 0C       		.uleb128 0xc
 3946 102e D8450000 		.4byte	.LASF513
 3947 1032 2202     		.2byte	0x222
 3948 1034 0C       		.uleb128 0xc
 3949 1035 14190000 		.4byte	.LASF514
 3950 1039 2302     		.2byte	0x223
 3951 103b 0C       		.uleb128 0xc
 3952 103c B9010000 		.4byte	.LASF515
ARM GAS  C:\Users\ARTEM\AppData\Local\Temp\ccuSJ5wi.s 			page 93


 3953 1040 2402     		.2byte	0x224
 3954 1042 0C       		.uleb128 0xc
 3955 1043 0A2C0000 		.4byte	.LASF516
 3956 1047 2502     		.2byte	0x225
 3957 1049 0C       		.uleb128 0xc
 3958 104a 54280000 		.4byte	.LASF517
 3959 104e 2602     		.2byte	0x226
 3960 1050 0C       		.uleb128 0xc
 3961 1051 A61A0000 		.4byte	.LASF518
 3962 1055 2702     		.2byte	0x227
 3963 1057 0C       		.uleb128 0xc
 3964 1058 F4370000 		.4byte	.LASF519
 3965 105c 2802     		.2byte	0x228
 3966 105e 0C       		.uleb128 0xc
 3967 105f A83F0000 		.4byte	.LASF520
 3968 1063 2902     		.2byte	0x229
 3969 1065 0C       		.uleb128 0xc
 3970 1066 40020000 		.4byte	.LASF521
 3971 106a 2A02     		.2byte	0x22a
 3972 106c 0C       		.uleb128 0xc
 3973 106d 292B0000 		.4byte	.LASF522
 3974 1071 2B02     		.2byte	0x22b
 3975 1073 0C       		.uleb128 0xc
 3976 1074 88150000 		.4byte	.LASF523
 3977 1078 2C02     		.2byte	0x22c
 3978 107a 0C       		.uleb128 0xc
 3979 107b A0170000 		.4byte	.LASF524
 3980 107f 2D02     		.2byte	0x22d
 3981 1081 0C       		.uleb128 0xc
 3982 1082 95430000 		.4byte	.LASF525
 3983 1086 2E02     		.2byte	0x22e
 3984 1088 0C       		.uleb128 0xc
 3985 1089 17110000 		.4byte	.LASF526
 3986 108d 2F02     		.2byte	0x22f
 3987 108f 0C       		.uleb128 0xc
 3988 1090 9F0F0000 		.4byte	.LASF527
 3989 1094 3002     		.2byte	0x230
 3990 1096 0C       		.uleb128 0xc
 3991 1097 8E2D0000 		.4byte	.LASF528
 3992 109b 00E0     		.2byte	0xe000
 3993 109d 00       		.byte	0
 3994 109e 0A       		.uleb128 0xa
 3995 109f 01       		.byte	0x1
 3996 10a0 2C000000 		.4byte	0x2c
 3997 10a4 09       		.byte	0x9
 3998 10a5 A808     		.2byte	0x8a8
 3999 10a7 CA100000 		.4byte	0x10ca
 4000 10ab 0B       		.uleb128 0xb
 4001 10ac 50100000 		.4byte	.LASF529
 4002 10b0 00       		.byte	0
 4003 10b1 0B       		.uleb128 0xb
 4004 10b2 72210000 		.4byte	.LASF530
 4005 10b6 01       		.byte	0x1
 4006 10b7 0B       		.uleb128 0xb
 4007 10b8 54410000 		.4byte	.LASF531
 4008 10bc 02       		.byte	0x2
 4009 10bd 0B       		.uleb128 0xb
ARM GAS  C:\Users\ARTEM\AppData\Local\Temp\ccuSJ5wi.s 			page 94


 4010 10be E7090000 		.4byte	.LASF532
 4011 10c2 03       		.byte	0x3
 4012 10c3 0B       		.uleb128 0xb
 4013 10c4 1C370000 		.4byte	.LASF533
 4014 10c8 04       		.byte	0x4
 4015 10c9 00       		.byte	0
 4016 10ca 04       		.uleb128 0x4
 4017 10cb 5C310000 		.4byte	.LASF534
 4018 10cf 09       		.byte	0x9
 4019 10d0 B608     		.2byte	0x8b6
 4020 10d2 9E100000 		.4byte	0x109e
 4021 10d6 18       		.uleb128 0x18
 4022 10d7 402F0000 		.4byte	.LASF547
 4023 10db 01       		.byte	0x1
 4024 10dc F3       		.byte	0xf3
 4025 10dd 00000000 		.4byte	.LFB3
 4026 10e1 0C000000 		.4byte	.LFE3-.LFB3
 4027 10e5 01       		.uleb128 0x1
 4028 10e6 9C       		.byte	0x9c
 4029 10e7 F9100000 		.4byte	0x10f9
 4030 10eb 19       		.uleb128 0x19
 4031 10ec 350D0000 		.4byte	.LASF535
 4032 10f0 01       		.byte	0x1
 4033 10f1 F3       		.byte	0xf3
 4034 10f2 59060000 		.4byte	0x659
 4035 10f6 01       		.uleb128 0x1
 4036 10f7 50       		.byte	0x50
 4037 10f8 00       		.byte	0
 4038 10f9 1A       		.uleb128 0x1a
 4039 10fa F21D0000 		.4byte	.LASF540
 4040 10fe 01       		.byte	0x1
 4041 10ff 4D02     		.2byte	0x24d
 4042 1101 6C030000 		.4byte	0x36c
 4043 1105 00000000 		.4byte	.LFB6
 4044 1109 74000000 		.4byte	.LFE6-.LFB6
 4045 110d 01       		.uleb128 0x1
 4046 110e 9C       		.byte	0x9c
 4047 110f 97110000 		.4byte	0x1197
 4048 1113 1B       		.uleb128 0x1b
 4049 1114 AF010000 		.4byte	.LASF217
 4050 1118 01       		.byte	0x1
 4051 1119 4D02     		.2byte	0x24d
 4052 111b 8A060000 		.4byte	0x68a
 4053 111f 00000000 		.4byte	.LLST0
 4054 1123 1B       		.uleb128 0x1b
 4055 1124 1F140000 		.4byte	.LASF218
 4056 1128 01       		.byte	0x1
 4057 1129 4E02     		.2byte	0x24e
 4058 112b 6B000000 		.4byte	0x6b
 4059 112f 53000000 		.4byte	.LLST1
 4060 1133 1B       		.uleb128 0x1b
 4061 1134 E3160000 		.4byte	.LASF536
 4062 1138 01       		.byte	0x1
 4063 1139 4E02     		.2byte	0x24e
 4064 113b 6B000000 		.4byte	0x6b
 4065 113f 8D000000 		.4byte	.LLST2
 4066 1143 1B       		.uleb128 0x1b
ARM GAS  C:\Users\ARTEM\AppData\Local\Temp\ccuSJ5wi.s 			page 95


 4067 1144 D9190000 		.4byte	.LASF537
 4068 1148 01       		.byte	0x1
 4069 1149 4E02     		.2byte	0x24e
 4070 114b 78030000 		.4byte	0x378
 4071 114f C7000000 		.4byte	.LLST3
 4072 1153 1C       		.uleb128 0x1c
 4073 1154 E5350000 		.4byte	.LASF538
 4074 1158 01       		.byte	0x1
 4075 1159 5002     		.2byte	0x250
 4076 115b 6C030000 		.4byte	0x36c
 4077 115f 01010000 		.4byte	.LLST4
 4078 1163 1D       		.uleb128 0x1d
 4079 1164 26000000 		.4byte	.LBB2
 4080 1168 2A000000 		.4byte	.LBE2-.LBB2
 4081 116c 1E       		.uleb128 0x1e
 4082 116d 871E0000 		.4byte	.LASF539
 4083 1171 01       		.byte	0x1
 4084 1172 5C02     		.2byte	0x25c
 4085 1174 2E050000 		.4byte	0x52e
 4086 1178 02       		.uleb128 0x2
 4087 1179 91       		.byte	0x91
 4088 117a 64       		.sleb128 -28
 4089 117b 1F       		.uleb128 0x1f
 4090 117c 38000000 		.4byte	.LVL6
 4091 1180 D5190000 		.4byte	0x19d5
 4092 1184 20       		.uleb128 0x20
 4093 1185 01       		.uleb128 0x1
 4094 1186 50       		.byte	0x50
 4095 1187 02       		.uleb128 0x2
 4096 1188 91       		.byte	0x91
 4097 1189 64       		.sleb128 -28
 4098 118a 20       		.uleb128 0x20
 4099 118b 01       		.uleb128 0x1
 4100 118c 51       		.byte	0x51
 4101 118d 01       		.uleb128 0x1
 4102 118e 30       		.byte	0x30
 4103 118f 20       		.uleb128 0x20
 4104 1190 01       		.uleb128 0x1
 4105 1191 52       		.byte	0x52
 4106 1192 01       		.uleb128 0x1
 4107 1193 30       		.byte	0x30
 4108 1194 00       		.byte	0
 4109 1195 00       		.byte	0
 4110 1196 00       		.byte	0
 4111 1197 1A       		.uleb128 0x1a
 4112 1198 13420000 		.4byte	.LASF541
 4113 119c 01       		.byte	0x1
 4114 119d 8D02     		.2byte	0x28d
 4115 119f 6C030000 		.4byte	0x36c
 4116 11a3 00000000 		.4byte	.LFB7
 4117 11a7 90000000 		.4byte	.LFE7-.LFB7
 4118 11ab 01       		.uleb128 0x1
 4119 11ac 9C       		.byte	0x9c
 4120 11ad 44120000 		.4byte	0x1244
 4121 11b1 1B       		.uleb128 0x1b
 4122 11b2 AF010000 		.4byte	.LASF217
 4123 11b6 01       		.byte	0x1
ARM GAS  C:\Users\ARTEM\AppData\Local\Temp\ccuSJ5wi.s 			page 96


 4124 11b7 8D02     		.2byte	0x28d
 4125 11b9 8A060000 		.4byte	0x68a
 4126 11bd 38010000 		.4byte	.LLST5
 4127 11c1 1B       		.uleb128 0x1b
 4128 11c2 1F140000 		.4byte	.LASF218
 4129 11c6 01       		.byte	0x1
 4130 11c7 8E02     		.2byte	0x28e
 4131 11c9 6B000000 		.4byte	0x6b
 4132 11cd A4010000 		.4byte	.LLST6
 4133 11d1 1B       		.uleb128 0x1b
 4134 11d2 22280000 		.4byte	.LASF221
 4135 11d6 01       		.byte	0x1
 4136 11d7 8E02     		.2byte	0x28e
 4137 11d9 D8060000 		.4byte	0x6d8
 4138 11dd DE010000 		.4byte	.LLST7
 4139 11e1 1B       		.uleb128 0x1b
 4140 11e2 E3160000 		.4byte	.LASF536
 4141 11e6 01       		.byte	0x1
 4142 11e7 8E02     		.2byte	0x28e
 4143 11e9 6B000000 		.4byte	0x6b
 4144 11ed 18020000 		.4byte	.LLST8
 4145 11f1 21       		.uleb128 0x21
 4146 11f2 D9190000 		.4byte	.LASF537
 4147 11f6 01       		.byte	0x1
 4148 11f7 8E02     		.2byte	0x28e
 4149 11f9 78030000 		.4byte	0x378
 4150 11fd 02       		.uleb128 0x2
 4151 11fe 91       		.byte	0x91
 4152 11ff 00       		.sleb128 0
 4153 1200 1C       		.uleb128 0x1c
 4154 1201 E5350000 		.4byte	.LASF538
 4155 1205 01       		.byte	0x1
 4156 1206 9102     		.2byte	0x291
 4157 1208 6C030000 		.4byte	0x36c
 4158 120c 52020000 		.4byte	.LLST9
 4159 1210 1D       		.uleb128 0x1d
 4160 1211 36000000 		.4byte	.LBB3
 4161 1215 30000000 		.4byte	.LBE3-.LBB3
 4162 1219 1E       		.uleb128 0x1e
 4163 121a 871E0000 		.4byte	.LASF539
 4164 121e 01       		.byte	0x1
 4165 121f 9F02     		.2byte	0x29f
 4166 1221 2E050000 		.4byte	0x52e
 4167 1225 02       		.uleb128 0x2
 4168 1226 91       		.byte	0x91
 4169 1227 64       		.sleb128 -28
 4170 1228 1F       		.uleb128 0x1f
 4171 1229 4A000000 		.4byte	.LVL21
 4172 122d D5190000 		.4byte	0x19d5
 4173 1231 20       		.uleb128 0x20
 4174 1232 01       		.uleb128 0x1
 4175 1233 50       		.byte	0x50
 4176 1234 02       		.uleb128 0x2
 4177 1235 91       		.byte	0x91
 4178 1236 64       		.sleb128 -28
 4179 1237 20       		.uleb128 0x20
 4180 1238 01       		.uleb128 0x1
ARM GAS  C:\Users\ARTEM\AppData\Local\Temp\ccuSJ5wi.s 			page 97


 4181 1239 51       		.byte	0x51
 4182 123a 01       		.uleb128 0x1
 4183 123b 30       		.byte	0x30
 4184 123c 20       		.uleb128 0x20
 4185 123d 01       		.uleb128 0x1
 4186 123e 52       		.byte	0x52
 4187 123f 01       		.uleb128 0x1
 4188 1240 30       		.byte	0x30
 4189 1241 00       		.byte	0
 4190 1242 00       		.byte	0
 4191 1243 00       		.byte	0
 4192 1244 1A       		.uleb128 0x1a
 4193 1245 04130000 		.4byte	.LASF542
 4194 1249 01       		.byte	0x1
 4195 124a D002     		.2byte	0x2d0
 4196 124c 6C030000 		.4byte	0x36c
 4197 1250 00000000 		.4byte	.LFB8
 4198 1254 78000000 		.4byte	.LFE8-.LFB8
 4199 1258 01       		.uleb128 0x1
 4200 1259 9C       		.byte	0x9c
 4201 125a F2120000 		.4byte	0x12f2
 4202 125e 1B       		.uleb128 0x1b
 4203 125f AF010000 		.4byte	.LASF217
 4204 1263 01       		.byte	0x1
 4205 1264 D002     		.2byte	0x2d0
 4206 1266 8A060000 		.4byte	0x68a
 4207 126a 89020000 		.4byte	.LLST10
 4208 126e 1B       		.uleb128 0x1b
 4209 126f 1F140000 		.4byte	.LASF218
 4210 1273 01       		.byte	0x1
 4211 1274 D102     		.2byte	0x2d1
 4212 1276 6B000000 		.4byte	0x6b
 4213 127a F5020000 		.4byte	.LLST11
 4214 127e 1B       		.uleb128 0x1b
 4215 127f 22280000 		.4byte	.LASF221
 4216 1283 01       		.byte	0x1
 4217 1284 D102     		.2byte	0x2d1
 4218 1286 D8060000 		.4byte	0x6d8
 4219 128a 2F030000 		.4byte	.LLST12
 4220 128e 1B       		.uleb128 0x1b
 4221 128f E3160000 		.4byte	.LASF536
 4222 1293 01       		.byte	0x1
 4223 1294 D102     		.2byte	0x2d1
 4224 1296 6B000000 		.4byte	0x6b
 4225 129a 69030000 		.4byte	.LLST13
 4226 129e 21       		.uleb128 0x21
 4227 129f D9190000 		.4byte	.LASF537
 4228 12a3 01       		.byte	0x1
 4229 12a4 D102     		.2byte	0x2d1
 4230 12a6 78030000 		.4byte	0x378
 4231 12aa 02       		.uleb128 0x2
 4232 12ab 91       		.byte	0x91
 4233 12ac 00       		.sleb128 0
 4234 12ad 1C       		.uleb128 0x1c
 4235 12ae E5350000 		.4byte	.LASF538
 4236 12b2 01       		.byte	0x1
 4237 12b3 D302     		.2byte	0x2d3
ARM GAS  C:\Users\ARTEM\AppData\Local\Temp\ccuSJ5wi.s 			page 98


 4238 12b5 6C030000 		.4byte	0x36c
 4239 12b9 A3030000 		.4byte	.LLST14
 4240 12bd 22       		.uleb128 0x22
 4241 12be 00000000 		.4byte	.Ldebug_ranges0+0
 4242 12c2 1E       		.uleb128 0x1e
 4243 12c3 871E0000 		.4byte	.LASF539
 4244 12c7 01       		.byte	0x1
 4245 12c8 E102     		.2byte	0x2e1
 4246 12ca 2E050000 		.4byte	0x52e
 4247 12ce 02       		.uleb128 0x2
 4248 12cf 91       		.byte	0x91
 4249 12d0 6C       		.sleb128 -20
 4250 12d1 1F       		.uleb128 0x1f
 4251 12d2 48000000 		.4byte	.LVL38
 4252 12d6 E1190000 		.4byte	0x19e1
 4253 12da 20       		.uleb128 0x20
 4254 12db 01       		.uleb128 0x1
 4255 12dc 50       		.byte	0x50
 4256 12dd 02       		.uleb128 0x2
 4257 12de 91       		.byte	0x91
 4258 12df 6C       		.sleb128 -20
 4259 12e0 20       		.uleb128 0x20
 4260 12e1 01       		.uleb128 0x1
 4261 12e2 51       		.byte	0x51
 4262 12e3 01       		.uleb128 0x1
 4263 12e4 30       		.byte	0x30
 4264 12e5 20       		.uleb128 0x20
 4265 12e6 01       		.uleb128 0x1
 4266 12e7 52       		.byte	0x52
 4267 12e8 01       		.uleb128 0x1
 4268 12e9 30       		.byte	0x30
 4269 12ea 20       		.uleb128 0x20
 4270 12eb 01       		.uleb128 0x1
 4271 12ec 53       		.byte	0x53
 4272 12ed 01       		.uleb128 0x1
 4273 12ee 30       		.byte	0x30
 4274 12ef 00       		.byte	0
 4275 12f0 00       		.byte	0
 4276 12f1 00       		.byte	0
 4277 12f2 1A       		.uleb128 0x1a
 4278 12f3 AD0C0000 		.4byte	.LASF543
 4279 12f7 01       		.byte	0x1
 4280 12f8 1603     		.2byte	0x316
 4281 12fa 6C030000 		.4byte	0x36c
 4282 12fe 00000000 		.4byte	.LFB9
 4283 1302 90000000 		.4byte	.LFE9-.LFB9
 4284 1306 01       		.uleb128 0x1
 4285 1307 9C       		.byte	0x9c
 4286 1308 A1130000 		.4byte	0x13a1
 4287 130c 21       		.uleb128 0x21
 4288 130d 35340000 		.4byte	.LASF175
 4289 1311 01       		.byte	0x1
 4290 1312 1603     		.2byte	0x316
 4291 1314 C1040000 		.4byte	0x4c1
 4292 1318 02       		.uleb128 0x2
 4293 1319 91       		.byte	0x91
 4294 131a 5C       		.sleb128 -36
ARM GAS  C:\Users\ARTEM\AppData\Local\Temp\ccuSJ5wi.s 			page 99


 4295 131b 1B       		.uleb128 0x1b
 4296 131c AF010000 		.4byte	.LASF217
 4297 1320 01       		.byte	0x1
 4298 1321 1703     		.2byte	0x317
 4299 1323 8A060000 		.4byte	0x68a
 4300 1327 DA030000 		.4byte	.LLST15
 4301 132b 1B       		.uleb128 0x1b
 4302 132c 1F140000 		.4byte	.LASF218
 4303 1330 01       		.byte	0x1
 4304 1331 1703     		.2byte	0x317
 4305 1333 6B000000 		.4byte	0x6b
 4306 1337 14040000 		.4byte	.LLST16
 4307 133b 1B       		.uleb128 0x1b
 4308 133c E3160000 		.4byte	.LASF536
 4309 1340 01       		.byte	0x1
 4310 1341 1703     		.2byte	0x317
 4311 1343 6B000000 		.4byte	0x6b
 4312 1347 4E040000 		.4byte	.LLST17
 4313 134b 21       		.uleb128 0x21
 4314 134c D9190000 		.4byte	.LASF537
 4315 1350 01       		.byte	0x1
 4316 1351 1703     		.2byte	0x317
 4317 1353 78030000 		.4byte	0x378
 4318 1357 02       		.uleb128 0x2
 4319 1358 91       		.byte	0x91
 4320 1359 00       		.sleb128 0
 4321 135a 1C       		.uleb128 0x1c
 4322 135b E5350000 		.4byte	.LASF538
 4323 135f 01       		.byte	0x1
 4324 1360 1903     		.2byte	0x319
 4325 1362 6C030000 		.4byte	0x36c
 4326 1366 88040000 		.4byte	.LLST18
 4327 136a 23       		.uleb128 0x23
 4328 136b 4C000000 		.4byte	.LBB6
 4329 136f 14000000 		.4byte	.LBE6-.LBB6
 4330 1373 97130000 		.4byte	0x1397
 4331 1377 1E       		.uleb128 0x1e
 4332 1378 F62E0000 		.4byte	.LASF544
 4333 137c 01       		.byte	0x1
 4334 137d 2D03     		.2byte	0x32d
 4335 137f 3A050000 		.4byte	0x53a
 4336 1383 02       		.uleb128 0x2
 4337 1384 91       		.byte	0x91
 4338 1385 64       		.sleb128 -28
 4339 1386 1F       		.uleb128 0x1f
 4340 1387 5E000000 		.4byte	.LVL55
 4341 138b ED190000 		.4byte	0x19ed
 4342 138f 20       		.uleb128 0x20
 4343 1390 01       		.uleb128 0x1
 4344 1391 51       		.byte	0x51
 4345 1392 02       		.uleb128 0x2
 4346 1393 91       		.byte	0x91
 4347 1394 64       		.sleb128 -28
 4348 1395 00       		.byte	0
 4349 1396 00       		.byte	0
 4350 1397 24       		.uleb128 0x24
 4351 1398 48000000 		.4byte	.LVL54
ARM GAS  C:\Users\ARTEM\AppData\Local\Temp\ccuSJ5wi.s 			page 100


 4352 139c F8190000 		.4byte	0x19f8
 4353 13a0 00       		.byte	0
 4354 13a1 1A       		.uleb128 0x1a
 4355 13a2 58210000 		.4byte	.LASF545
 4356 13a6 01       		.byte	0x1
 4357 13a7 6D03     		.2byte	0x36d
 4358 13a9 6C030000 		.4byte	0x36c
 4359 13ad 00000000 		.4byte	.LFB10
 4360 13b1 98000000 		.4byte	.LFE10-.LFB10
 4361 13b5 01       		.uleb128 0x1
 4362 13b6 9C       		.byte	0x9c
 4363 13b7 50140000 		.4byte	0x1450
 4364 13bb 21       		.uleb128 0x21
 4365 13bc 35340000 		.4byte	.LASF175
 4366 13c0 01       		.byte	0x1
 4367 13c1 6D03     		.2byte	0x36d
 4368 13c3 C1040000 		.4byte	0x4c1
 4369 13c7 02       		.uleb128 0x2
 4370 13c8 91       		.byte	0x91
 4371 13c9 5C       		.sleb128 -36
 4372 13ca 1B       		.uleb128 0x1b
 4373 13cb AF010000 		.4byte	.LASF217
 4374 13cf 01       		.byte	0x1
 4375 13d0 6E03     		.2byte	0x36e
 4376 13d2 8A060000 		.4byte	0x68a
 4377 13d6 BE040000 		.4byte	.LLST19
 4378 13da 1B       		.uleb128 0x1b
 4379 13db 1F140000 		.4byte	.LASF218
 4380 13df 01       		.byte	0x1
 4381 13e0 6E03     		.2byte	0x36e
 4382 13e2 6B000000 		.4byte	0x6b
 4383 13e6 F8040000 		.4byte	.LLST20
 4384 13ea 1B       		.uleb128 0x1b
 4385 13eb E3160000 		.4byte	.LASF536
 4386 13ef 01       		.byte	0x1
 4387 13f0 6E03     		.2byte	0x36e
 4388 13f2 6B000000 		.4byte	0x6b
 4389 13f6 32050000 		.4byte	.LLST21
 4390 13fa 21       		.uleb128 0x21
 4391 13fb D9190000 		.4byte	.LASF537
 4392 13ff 01       		.byte	0x1
 4393 1400 6E03     		.2byte	0x36e
 4394 1402 78030000 		.4byte	0x378
 4395 1406 02       		.uleb128 0x2
 4396 1407 91       		.byte	0x91
 4397 1408 00       		.sleb128 0
 4398 1409 1C       		.uleb128 0x1c
 4399 140a E5350000 		.4byte	.LASF538
 4400 140e 01       		.byte	0x1
 4401 140f 7103     		.2byte	0x371
 4402 1411 6C030000 		.4byte	0x36c
 4403 1415 6C050000 		.4byte	.LLST22
 4404 1419 23       		.uleb128 0x23
 4405 141a 4A000000 		.4byte	.LBB7
 4406 141e 1E000000 		.4byte	.LBE7-.LBB7
 4407 1422 46140000 		.4byte	0x1446
 4408 1426 1E       		.uleb128 0x1e
ARM GAS  C:\Users\ARTEM\AppData\Local\Temp\ccuSJ5wi.s 			page 101


 4409 1427 74410000 		.4byte	.LASF546
 4410 142b 01       		.byte	0x1
 4411 142c 8903     		.2byte	0x389
 4412 142e 45050000 		.4byte	0x545
 4413 1432 02       		.uleb128 0x2
 4414 1433 91       		.byte	0x91
 4415 1434 64       		.sleb128 -28
 4416 1435 1F       		.uleb128 0x1f
 4417 1436 5A000000 		.4byte	.LVL67
 4418 143a 041A0000 		.4byte	0x1a04
 4419 143e 20       		.uleb128 0x20
 4420 143f 01       		.uleb128 0x1
 4421 1440 51       		.byte	0x51
 4422 1441 02       		.uleb128 0x2
 4423 1442 91       		.byte	0x91
 4424 1443 64       		.sleb128 -28
 4425 1444 00       		.byte	0
 4426 1445 00       		.byte	0
 4427 1446 24       		.uleb128 0x24
 4428 1447 40000000 		.4byte	.LVL66
 4429 144b F8190000 		.4byte	0x19f8
 4430 144f 00       		.byte	0
 4431 1450 25       		.uleb128 0x25
 4432 1451 5F400000 		.4byte	.LASF548
 4433 1455 01       		.byte	0x1
 4434 1456 A903     		.2byte	0x3a9
 4435 1458 00000000 		.4byte	.LFB11
 4436 145c 98000000 		.4byte	.LFE11-.LFB11
 4437 1460 01       		.uleb128 0x1
 4438 1461 9C       		.byte	0x9c
 4439 1462 E8140000 		.4byte	0x14e8
 4440 1466 1B       		.uleb128 0x1b
 4441 1467 F1020000 		.4byte	.LASF549
 4442 146b 01       		.byte	0x1
 4443 146c A903     		.2byte	0x3a9
 4444 146e E8140000 		.4byte	0x14e8
 4445 1472 A2050000 		.4byte	.LLST23
 4446 1476 1C       		.uleb128 0x1c
 4447 1477 43300000 		.4byte	.LASF550
 4448 147b 01       		.byte	0x1
 4449 147c AB03     		.2byte	0x3ab
 4450 147e 8A060000 		.4byte	0x68a
 4451 1482 E4050000 		.4byte	.LLST24
 4452 1486 1E       		.uleb128 0x1e
 4453 1487 1C100000 		.4byte	.LASF551
 4454 148b 01       		.byte	0x1
 4455 148c AC03     		.2byte	0x3ac
 4456 148e CC070000 		.4byte	0x7cc
 4457 1492 02       		.uleb128 0x2
 4458 1493 91       		.byte	0x91
 4459 1494 5C       		.sleb128 -36
 4460 1495 1C       		.uleb128 0x1c
 4461 1496 5C370000 		.4byte	.LASF552
 4462 149a 01       		.byte	0x1
 4463 149b AD03     		.2byte	0x3ad
 4464 149d 6B000000 		.4byte	0x6b
 4465 14a1 0D060000 		.4byte	.LLST25
ARM GAS  C:\Users\ARTEM\AppData\Local\Temp\ccuSJ5wi.s 			page 102


 4466 14a5 1C       		.uleb128 0x1c
 4467 14a6 902E0000 		.4byte	.LASF553
 4468 14aa 01       		.byte	0x1
 4469 14ab AE03     		.2byte	0x3ae
 4470 14ad 6B000000 		.4byte	0x6b
 4471 14b1 36060000 		.4byte	.LLST26
 4472 14b5 26       		.uleb128 0x26
 4473 14b6 38000000 		.4byte	.LVL76
 4474 14ba 101A0000 		.4byte	0x1a10
 4475 14be D4140000 		.4byte	0x14d4
 4476 14c2 20       		.uleb128 0x20
 4477 14c3 01       		.uleb128 0x1
 4478 14c4 50       		.byte	0x50
 4479 14c5 02       		.uleb128 0x2
 4480 14c6 77       		.byte	0x77
 4481 14c7 00       		.sleb128 0
 4482 14c8 20       		.uleb128 0x20
 4483 14c9 01       		.uleb128 0x1
 4484 14ca 51       		.byte	0x51
 4485 14cb 02       		.uleb128 0x2
 4486 14cc 75       		.byte	0x75
 4487 14cd 00       		.sleb128 0
 4488 14ce 20       		.uleb128 0x20
 4489 14cf 01       		.uleb128 0x1
 4490 14d0 52       		.byte	0x52
 4491 14d1 01       		.uleb128 0x1
 4492 14d2 32       		.byte	0x32
 4493 14d3 00       		.byte	0
 4494 14d4 27       		.uleb128 0x27
 4495 14d5 58000000 		.4byte	.LVL77
 4496 14d9 20       		.uleb128 0x20
 4497 14da 01       		.uleb128 0x1
 4498 14db 50       		.byte	0x50
 4499 14dc 03       		.uleb128 0x3
 4500 14dd 0A       		.byte	0xa
 4501 14de 1701     		.2byte	0x117
 4502 14e0 20       		.uleb128 0x20
 4503 14e1 01       		.uleb128 0x1
 4504 14e2 51       		.byte	0x51
 4505 14e3 02       		.uleb128 0x2
 4506 14e4 77       		.byte	0x77
 4507 14e5 00       		.sleb128 0
 4508 14e6 00       		.byte	0
 4509 14e7 00       		.byte	0
 4510 14e8 07       		.uleb128 0x7
 4511 14e9 04       		.byte	0x4
 4512 14ea EE140000 		.4byte	0x14ee
 4513 14ee 28       		.uleb128 0x28
 4514 14ef C1040000 		.4byte	0x4c1
 4515 14f3 1A       		.uleb128 0x1a
 4516 14f4 F9180000 		.4byte	.LASF554
 4517 14f8 01       		.byte	0x1
 4518 14f9 E003     		.2byte	0x3e0
 4519 14fb 85040000 		.4byte	0x485
 4520 14ff 00000000 		.4byte	.LFB12
 4521 1503 14020000 		.4byte	.LFE12-.LFB12
 4522 1507 01       		.uleb128 0x1
ARM GAS  C:\Users\ARTEM\AppData\Local\Temp\ccuSJ5wi.s 			page 103


 4523 1508 9C       		.byte	0x9c
 4524 1509 A1160000 		.4byte	0x16a1
 4525 150d 1C       		.uleb128 0x1c
 4526 150e 83400000 		.4byte	.LASF555
 4527 1512 01       		.byte	0x1
 4528 1513 E203     		.2byte	0x3e2
 4529 1515 85040000 		.4byte	0x485
 4530 1519 83060000 		.4byte	.LLST27
 4531 151d 1E       		.uleb128 0x1e
 4532 151e 871E0000 		.4byte	.LASF539
 4533 1522 01       		.byte	0x1
 4534 1523 E303     		.2byte	0x3e3
 4535 1525 2E050000 		.4byte	0x52e
 4536 1529 02       		.uleb128 0x2
 4537 152a 91       		.byte	0x91
 4538 152b 4C       		.sleb128 -52
 4539 152c 1C       		.uleb128 0x1c
 4540 152d 43300000 		.4byte	.LASF550
 4541 1531 01       		.byte	0x1
 4542 1532 E403     		.2byte	0x3e4
 4543 1534 8A060000 		.4byte	0x68a
 4544 1538 36070000 		.4byte	.LLST28
 4545 153c 1C       		.uleb128 0x1c
 4546 153d 5C370000 		.4byte	.LASF552
 4547 1541 01       		.byte	0x1
 4548 1542 E503     		.2byte	0x3e5
 4549 1544 6B000000 		.4byte	0x6b
 4550 1548 5F070000 		.4byte	.LLST29
 4551 154c 1E       		.uleb128 0x1e
 4552 154d C52E0000 		.4byte	.LASF556
 4553 1551 01       		.byte	0x1
 4554 1552 E603     		.2byte	0x3e6
 4555 1554 7E030000 		.4byte	0x37e
 4556 1558 02       		.uleb128 0x2
 4557 1559 91       		.byte	0x91
 4558 155a 44       		.sleb128 -60
 4559 155b 1E       		.uleb128 0x1e
 4560 155c 371E0000 		.4byte	.LASF557
 4561 1560 01       		.byte	0x1
 4562 1561 E703     		.2byte	0x3e7
 4563 1563 A1160000 		.4byte	0x16a1
 4564 1567 03       		.uleb128 0x3
 4565 1568 91       		.byte	0x91
 4566 1569 B07F     		.sleb128 -80
 4567 156b 1C       		.uleb128 0x1c
 4568 156c AC360000 		.4byte	.LASF558
 4569 1570 01       		.byte	0x1
 4570 1571 E803     		.2byte	0x3e8
 4571 1573 77000000 		.4byte	0x77
 4572 1577 93070000 		.4byte	.LLST30
 4573 157b 1C       		.uleb128 0x1c
 4574 157c 4B400000 		.4byte	.LASF559
 4575 1580 01       		.byte	0x1
 4576 1581 E903     		.2byte	0x3e9
 4577 1583 77000000 		.4byte	0x77
 4578 1587 A6070000 		.4byte	.LLST31
 4579 158b 1C       		.uleb128 0x1c
ARM GAS  C:\Users\ARTEM\AppData\Local\Temp\ccuSJ5wi.s 			page 104


 4580 158c 80410000 		.4byte	.LASF560
 4581 1590 01       		.byte	0x1
 4582 1591 EA03     		.2byte	0x3ea
 4583 1593 77000000 		.4byte	0x77
 4584 1597 D0070000 		.4byte	.LLST32
 4585 159b 1C       		.uleb128 0x1c
 4586 159c 44170000 		.4byte	.LASF561
 4587 15a0 01       		.byte	0x1
 4588 15a1 EB03     		.2byte	0x3eb
 4589 15a3 77000000 		.4byte	0x77
 4590 15a7 21080000 		.4byte	.LLST33
 4591 15ab 1C       		.uleb128 0x1c
 4592 15ac 43210000 		.4byte	.LASF562
 4593 15b0 01       		.byte	0x1
 4594 15b1 EC03     		.2byte	0x3ec
 4595 15b3 77000000 		.4byte	0x77
 4596 15b7 6B080000 		.4byte	.LLST34
 4597 15bb 1C       		.uleb128 0x1c
 4598 15bc 9B1F0000 		.4byte	.LASF563
 4599 15c0 01       		.byte	0x1
 4600 15c1 ED03     		.2byte	0x3ed
 4601 15c3 6B000000 		.4byte	0x6b
 4602 15c7 89080000 		.4byte	.LLST35
 4603 15cb 1C       		.uleb128 0x1c
 4604 15cc F2150000 		.4byte	.LASF564
 4605 15d0 01       		.byte	0x1
 4606 15d1 EE03     		.2byte	0x3ee
 4607 15d3 6B000000 		.4byte	0x6b
 4608 15d7 B2080000 		.4byte	.LLST36
 4609 15db 1C       		.uleb128 0x1c
 4610 15dc DD0B0000 		.4byte	.LASF565
 4611 15e0 01       		.byte	0x1
 4612 15e1 EF03     		.2byte	0x3ef
 4613 15e3 6B000000 		.4byte	0x6b
 4614 15e7 E8080000 		.4byte	.LLST37
 4615 15eb 1E       		.uleb128 0x1e
 4616 15ec FD2B0000 		.4byte	.LASF566
 4617 15f0 01       		.byte	0x1
 4618 15f1 F003     		.2byte	0x3f0
 4619 15f3 6B000000 		.4byte	0x6b
 4620 15f7 03       		.uleb128 0x3
 4621 15f8 91       		.byte	0x91
 4622 15f9 AF7F     		.sleb128 -81
 4623 15fb 29       		.uleb128 0x29
 4624 15fc 6900     		.ascii	"i\000"
 4625 15fe 01       		.byte	0x1
 4626 15ff F103     		.2byte	0x3f1
 4627 1601 6B000000 		.4byte	0x6b
 4628 1605 22090000 		.4byte	.LLST38
 4629 1609 26       		.uleb128 0x26
 4630 160a 70000000 		.4byte	.LVL100
 4631 160e D5190000 		.4byte	0x19d5
 4632 1612 27160000 		.4byte	0x1627
 4633 1616 20       		.uleb128 0x20
 4634 1617 01       		.uleb128 0x1
 4635 1618 50       		.byte	0x50
 4636 1619 02       		.uleb128 0x2
ARM GAS  C:\Users\ARTEM\AppData\Local\Temp\ccuSJ5wi.s 			page 105


 4637 161a 91       		.byte	0x91
 4638 161b 4C       		.sleb128 -52
 4639 161c 20       		.uleb128 0x20
 4640 161d 01       		.uleb128 0x1
 4641 161e 51       		.byte	0x51
 4642 161f 01       		.uleb128 0x1
 4643 1620 30       		.byte	0x30
 4644 1621 20       		.uleb128 0x20
 4645 1622 01       		.uleb128 0x1
 4646 1623 52       		.byte	0x52
 4647 1624 01       		.uleb128 0x1
 4648 1625 30       		.byte	0x30
 4649 1626 00       		.byte	0
 4650 1627 26       		.uleb128 0x26
 4651 1628 D2000000 		.4byte	.LVL117
 4652 162c D5190000 		.4byte	0x19d5
 4653 1630 45160000 		.4byte	0x1645
 4654 1634 20       		.uleb128 0x20
 4655 1635 01       		.uleb128 0x1
 4656 1636 50       		.byte	0x50
 4657 1637 02       		.uleb128 0x2
 4658 1638 91       		.byte	0x91
 4659 1639 4C       		.sleb128 -52
 4660 163a 20       		.uleb128 0x20
 4661 163b 01       		.uleb128 0x1
 4662 163c 51       		.byte	0x51
 4663 163d 01       		.uleb128 0x1
 4664 163e 30       		.byte	0x30
 4665 163f 20       		.uleb128 0x20
 4666 1640 01       		.uleb128 0x1
 4667 1641 52       		.byte	0x52
 4668 1642 01       		.uleb128 0x1
 4669 1643 30       		.byte	0x30
 4670 1644 00       		.byte	0
 4671 1645 26       		.uleb128 0x26
 4672 1646 FE000000 		.4byte	.LVL119
 4673 164a D5190000 		.4byte	0x19d5
 4674 164e 63160000 		.4byte	0x1663
 4675 1652 20       		.uleb128 0x20
 4676 1653 01       		.uleb128 0x1
 4677 1654 50       		.byte	0x50
 4678 1655 02       		.uleb128 0x2
 4679 1656 91       		.byte	0x91
 4680 1657 4C       		.sleb128 -52
 4681 1658 20       		.uleb128 0x20
 4682 1659 01       		.uleb128 0x1
 4683 165a 51       		.byte	0x51
 4684 165b 01       		.uleb128 0x1
 4685 165c 30       		.byte	0x30
 4686 165d 20       		.uleb128 0x20
 4687 165e 01       		.uleb128 0x1
 4688 165f 52       		.byte	0x52
 4689 1660 01       		.uleb128 0x1
 4690 1661 30       		.byte	0x30
 4691 1662 00       		.byte	0
 4692 1663 26       		.uleb128 0x26
 4693 1664 82010000 		.4byte	.LVL129
ARM GAS  C:\Users\ARTEM\AppData\Local\Temp\ccuSJ5wi.s 			page 106


 4694 1668 D5190000 		.4byte	0x19d5
 4695 166c 81160000 		.4byte	0x1681
 4696 1670 20       		.uleb128 0x20
 4697 1671 01       		.uleb128 0x1
 4698 1672 50       		.byte	0x50
 4699 1673 02       		.uleb128 0x2
 4700 1674 91       		.byte	0x91
 4701 1675 4C       		.sleb128 -52
 4702 1676 20       		.uleb128 0x20
 4703 1677 01       		.uleb128 0x1
 4704 1678 51       		.byte	0x51
 4705 1679 01       		.uleb128 0x1
 4706 167a 30       		.byte	0x30
 4707 167b 20       		.uleb128 0x20
 4708 167c 01       		.uleb128 0x1
 4709 167d 52       		.byte	0x52
 4710 167e 01       		.uleb128 0x1
 4711 167f 30       		.byte	0x30
 4712 1680 00       		.byte	0
 4713 1681 1F       		.uleb128 0x1f
 4714 1682 F8010000 		.4byte	.LVL141
 4715 1686 E1190000 		.4byte	0x19e1
 4716 168a 20       		.uleb128 0x20
 4717 168b 01       		.uleb128 0x1
 4718 168c 50       		.byte	0x50
 4719 168d 02       		.uleb128 0x2
 4720 168e 91       		.byte	0x91
 4721 168f 4C       		.sleb128 -52
 4722 1690 20       		.uleb128 0x20
 4723 1691 01       		.uleb128 0x1
 4724 1692 51       		.byte	0x51
 4725 1693 01       		.uleb128 0x1
 4726 1694 30       		.byte	0x30
 4727 1695 20       		.uleb128 0x20
 4728 1696 01       		.uleb128 0x1
 4729 1697 52       		.byte	0x52
 4730 1698 01       		.uleb128 0x1
 4731 1699 30       		.byte	0x30
 4732 169a 20       		.uleb128 0x20
 4733 169b 01       		.uleb128 0x1
 4734 169c 53       		.byte	0x53
 4735 169d 01       		.uleb128 0x1
 4736 169e 30       		.byte	0x30
 4737 169f 00       		.byte	0
 4738 16a0 00       		.byte	0
 4739 16a1 0D       		.uleb128 0xd
 4740 16a2 6B000000 		.4byte	0x6b
 4741 16a6 B1160000 		.4byte	0x16b1
 4742 16aa 0E       		.uleb128 0xe
 4743 16ab B0000000 		.4byte	0xb0
 4744 16af 13       		.byte	0x13
 4745 16b0 00       		.byte	0
 4746 16b1 18       		.uleb128 0x18
 4747 16b2 4D370000 		.4byte	.LASF567
 4748 16b6 01       		.byte	0x1
 4749 16b7 BF       		.byte	0xbf
 4750 16b8 00000000 		.4byte	.LFB2
ARM GAS  C:\Users\ARTEM\AppData\Local\Temp\ccuSJ5wi.s 			page 107


 4751 16bc 08000000 		.4byte	.LFE2-.LFB2
 4752 16c0 01       		.uleb128 0x1
 4753 16c1 9C       		.byte	0x9c
 4754 16c2 D0160000 		.4byte	0x16d0
 4755 16c6 24       		.uleb128 0x24
 4756 16c7 06000000 		.4byte	.LVL142
 4757 16cb F3140000 		.4byte	0x14f3
 4758 16cf 00       		.byte	0
 4759 16d0 1A       		.uleb128 0x1a
 4760 16d1 C12F0000 		.4byte	.LASF568
 4761 16d5 01       		.byte	0x1
 4762 16d6 0F01     		.2byte	0x10f
 4763 16d8 85040000 		.4byte	0x485
 4764 16dc 00000000 		.4byte	.LFB4
 4765 16e0 78020000 		.4byte	.LFE4-.LFB4
 4766 16e4 01       		.uleb128 0x1
 4767 16e5 9C       		.byte	0x9c
 4768 16e6 33180000 		.4byte	0x1833
 4769 16ea 1B       		.uleb128 0x1b
 4770 16eb F1020000 		.4byte	.LASF549
 4771 16ef 01       		.byte	0x1
 4772 16f0 0F01     		.2byte	0x10f
 4773 16f2 33180000 		.4byte	0x1833
 4774 16f6 83090000 		.4byte	.LLST39
 4775 16fa 29       		.uleb128 0x29
 4776 16fb 6900     		.ascii	"i\000"
 4777 16fd 01       		.byte	0x1
 4778 16fe 1101     		.2byte	0x111
 4779 1700 6B000000 		.4byte	0x6b
 4780 1704 C5090000 		.4byte	.LLST40
 4781 1708 29       		.uleb128 0x29
 4782 1709 6A00     		.ascii	"j\000"
 4783 170b 01       		.byte	0x1
 4784 170c 1201     		.2byte	0x112
 4785 170e 6B000000 		.4byte	0x6b
 4786 1712 E3090000 		.4byte	.LLST41
 4787 1716 1C       		.uleb128 0x1c
 4788 1717 83400000 		.4byte	.LASF555
 4789 171b 01       		.byte	0x1
 4790 171c 1301     		.2byte	0x113
 4791 171e 85040000 		.4byte	0x485
 4792 1722 0C0A0000 		.4byte	.LLST42
 4793 1726 1C       		.uleb128 0x1c
 4794 1727 8B210000 		.4byte	.LASF569
 4795 172b 01       		.byte	0x1
 4796 172c 1401     		.2byte	0x114
 4797 172e 91040000 		.4byte	0x491
 4798 1732 A50A0000 		.4byte	.LLST43
 4799 1736 1C       		.uleb128 0x1c
 4800 1737 1D0E0000 		.4byte	.LASF570
 4801 173b 01       		.byte	0x1
 4802 173c 1501     		.2byte	0x115
 4803 173e 6B000000 		.4byte	0x6b
 4804 1742 B80A0000 		.4byte	.LLST44
 4805 1746 1C       		.uleb128 0x1c
 4806 1747 57180000 		.4byte	.LASF571
 4807 174b 01       		.byte	0x1
ARM GAS  C:\Users\ARTEM\AppData\Local\Temp\ccuSJ5wi.s 			page 108


 4808 174c 1601     		.2byte	0x116
 4809 174e 34070000 		.4byte	0x734
 4810 1752 1C0B0000 		.4byte	.LLST45
 4811 1756 1E       		.uleb128 0x1e
 4812 1757 CD3F0000 		.4byte	.LASF572
 4813 175b 01       		.byte	0x1
 4814 175c 1701     		.2byte	0x117
 4815 175e 28080000 		.4byte	0x828
 4816 1762 02       		.uleb128 0x2
 4817 1763 91       		.byte	0x91
 4818 1764 4C       		.sleb128 -52
 4819 1765 1C       		.uleb128 0x1c
 4820 1766 F1200000 		.4byte	.LASF573
 4821 176a 01       		.byte	0x1
 4822 176b 1801     		.2byte	0x118
 4823 176d 83000000 		.4byte	0x83
 4824 1771 FD0B0000 		.4byte	.LLST46
 4825 1775 1E       		.uleb128 0x1e
 4826 1776 3D230000 		.4byte	.LASF574
 4827 177a 01       		.byte	0x1
 4828 177b 1901     		.2byte	0x119
 4829 177d CC070000 		.4byte	0x7cc
 4830 1781 02       		.uleb128 0x2
 4831 1782 91       		.byte	0x91
 4832 1783 40       		.sleb128 -64
 4833 1784 1C       		.uleb128 0x1c
 4834 1785 E5330000 		.4byte	.LASF575
 4835 1789 01       		.byte	0x1
 4836 178a 1A01     		.2byte	0x11a
 4837 178c 6B000000 		.4byte	0x6b
 4838 1790 5F0C0000 		.4byte	.LLST47
 4839 1794 24       		.uleb128 0x24
 4840 1795 B8000000 		.4byte	.LVL158
 4841 1799 F8190000 		.4byte	0x19f8
 4842 179d 24       		.uleb128 0x24
 4843 179e EA000000 		.4byte	.LVL163
 4844 17a2 F8190000 		.4byte	0x19f8
 4845 17a6 26       		.uleb128 0x26
 4846 17a7 76010000 		.4byte	.LVL177
 4847 17ab 191A0000 		.4byte	0x1a19
 4848 17af C0170000 		.4byte	0x17c0
 4849 17b3 20       		.uleb128 0x20
 4850 17b4 01       		.uleb128 0x1
 4851 17b5 51       		.byte	0x51
 4852 17b6 02       		.uleb128 0x2
 4853 17b7 7A       		.byte	0x7a
 4854 17b8 00       		.sleb128 0
 4855 17b9 20       		.uleb128 0x20
 4856 17ba 01       		.uleb128 0x1
 4857 17bb 52       		.byte	0x52
 4858 17bc 02       		.uleb128 0x2
 4859 17bd 08       		.byte	0x8
 4860 17be 42       		.byte	0x42
 4861 17bf 00       		.byte	0
 4862 17c0 2A       		.uleb128 0x2a
 4863 17c1 A6010000 		.4byte	.LVL180
 4864 17c5 D7170000 		.4byte	0x17d7
ARM GAS  C:\Users\ARTEM\AppData\Local\Temp\ccuSJ5wi.s 			page 109


 4865 17c9 20       		.uleb128 0x20
 4866 17ca 01       		.uleb128 0x1
 4867 17cb 50       		.byte	0x50
 4868 17cc 03       		.uleb128 0x3
 4869 17cd 0A       		.byte	0xa
 4870 17ce 1801     		.2byte	0x118
 4871 17d0 20       		.uleb128 0x20
 4872 17d1 01       		.uleb128 0x1
 4873 17d2 51       		.byte	0x51
 4874 17d3 02       		.uleb128 0x2
 4875 17d4 7D       		.byte	0x7d
 4876 17d5 00       		.sleb128 0
 4877 17d6 00       		.byte	0
 4878 17d7 2A       		.uleb128 0x2a
 4879 17d8 CE010000 		.4byte	.LVL183
 4880 17dc EE170000 		.4byte	0x17ee
 4881 17e0 20       		.uleb128 0x20
 4882 17e1 01       		.uleb128 0x1
 4883 17e2 50       		.byte	0x50
 4884 17e3 03       		.uleb128 0x3
 4885 17e4 0A       		.byte	0xa
 4886 17e5 1901     		.2byte	0x119
 4887 17e7 20       		.uleb128 0x20
 4888 17e8 01       		.uleb128 0x1
 4889 17e9 51       		.byte	0x51
 4890 17ea 02       		.uleb128 0x2
 4891 17eb 91       		.byte	0x91
 4892 17ec 4C       		.sleb128 -52
 4893 17ed 00       		.byte	0
 4894 17ee 26       		.uleb128 0x26
 4895 17ef DC010000 		.4byte	.LVL184
 4896 17f3 E1190000 		.4byte	0x19e1
 4897 17f7 13180000 		.4byte	0x1813
 4898 17fb 20       		.uleb128 0x20
 4899 17fc 01       		.uleb128 0x1
 4900 17fd 50       		.byte	0x50
 4901 17fe 02       		.uleb128 0x2
 4902 17ff 7A       		.byte	0x7a
 4903 1800 04       		.sleb128 4
 4904 1801 20       		.uleb128 0x20
 4905 1802 01       		.uleb128 0x1
 4906 1803 51       		.byte	0x51
 4907 1804 01       		.uleb128 0x1
 4908 1805 30       		.byte	0x30
 4909 1806 20       		.uleb128 0x20
 4910 1807 01       		.uleb128 0x1
 4911 1808 52       		.byte	0x52
 4912 1809 02       		.uleb128 0x2
 4913 180a 7A       		.byte	0x7a
 4914 180b 00       		.sleb128 0
 4915 180c 20       		.uleb128 0x20
 4916 180d 01       		.uleb128 0x1
 4917 180e 53       		.byte	0x53
 4918 180f 02       		.uleb128 0x2
 4919 1810 08       		.byte	0x8
 4920 1811 40       		.byte	0x40
 4921 1812 00       		.byte	0
ARM GAS  C:\Users\ARTEM\AppData\Local\Temp\ccuSJ5wi.s 			page 110


 4922 1813 2A       		.uleb128 0x2a
 4923 1814 EE010000 		.4byte	.LVL189
 4924 1818 29180000 		.4byte	0x1829
 4925 181c 20       		.uleb128 0x20
 4926 181d 01       		.uleb128 0x1
 4927 181e 50       		.byte	0x50
 4928 181f 02       		.uleb128 0x2
 4929 1820 7B       		.byte	0x7b
 4930 1821 00       		.sleb128 0
 4931 1822 20       		.uleb128 0x20
 4932 1823 01       		.uleb128 0x1
 4933 1824 51       		.byte	0x51
 4934 1825 02       		.uleb128 0x2
 4935 1826 91       		.byte	0x91
 4936 1827 4C       		.sleb128 -52
 4937 1828 00       		.byte	0
 4938 1829 24       		.uleb128 0x24
 4939 182a 4A020000 		.4byte	.LVL199
 4940 182e F3140000 		.4byte	0x14f3
 4941 1832 00       		.byte	0
 4942 1833 07       		.uleb128 0x7
 4943 1834 04       		.byte	0x4
 4944 1835 71050000 		.4byte	0x571
 4945 1839 1A       		.uleb128 0x1a
 4946 183a 7C2F0000 		.4byte	.LASF576
 4947 183e 01       		.byte	0x1
 4948 183f 0502     		.2byte	0x205
 4949 1841 6C030000 		.4byte	0x36c
 4950 1845 00000000 		.4byte	.LFB5
 4951 1849 6C000000 		.4byte	.LFE5-.LFB5
 4952 184d 01       		.uleb128 0x1
 4953 184e 9C       		.byte	0x9c
 4954 184f E5180000 		.4byte	0x18e5
 4955 1853 1B       		.uleb128 0x1b
 4956 1854 AF010000 		.4byte	.LASF217
 4957 1858 01       		.byte	0x1
 4958 1859 0502     		.2byte	0x205
 4959 185b 8A060000 		.4byte	0x68a
 4960 185f 890C0000 		.4byte	.LLST48
 4961 1863 1B       		.uleb128 0x1b
 4962 1864 1F140000 		.4byte	.LASF218
 4963 1868 01       		.byte	0x1
 4964 1869 0602     		.2byte	0x206
 4965 186b 6B000000 		.4byte	0x6b
 4966 186f C30C0000 		.4byte	.LLST49
 4967 1873 1B       		.uleb128 0x1b
 4968 1874 E3160000 		.4byte	.LASF536
 4969 1878 01       		.byte	0x1
 4970 1879 0602     		.2byte	0x206
 4971 187b 6B000000 		.4byte	0x6b
 4972 187f FD0C0000 		.4byte	.LLST50
 4973 1883 1B       		.uleb128 0x1b
 4974 1884 D9190000 		.4byte	.LASF537
 4975 1888 01       		.byte	0x1
 4976 1889 0602     		.2byte	0x206
 4977 188b 78030000 		.4byte	0x378
 4978 188f 370D0000 		.4byte	.LLST51
ARM GAS  C:\Users\ARTEM\AppData\Local\Temp\ccuSJ5wi.s 			page 111


 4979 1893 1C       		.uleb128 0x1c
 4980 1894 E5350000 		.4byte	.LASF538
 4981 1898 01       		.byte	0x1
 4982 1899 0802     		.2byte	0x208
 4983 189b 6C030000 		.4byte	0x36c
 4984 189f 7D0D0000 		.4byte	.LLST52
 4985 18a3 2B       		.uleb128 0x2b
 4986 18a4 18000000 		.4byte	.Ldebug_ranges0+0x18
 4987 18a8 DB180000 		.4byte	0x18db
 4988 18ac 1E       		.uleb128 0x1e
 4989 18ad 871E0000 		.4byte	.LASF539
 4990 18b1 01       		.byte	0x1
 4991 18b2 1702     		.2byte	0x217
 4992 18b4 2E050000 		.4byte	0x52e
 4993 18b8 02       		.uleb128 0x2
 4994 18b9 91       		.byte	0x91
 4995 18ba 6C       		.sleb128 -20
 4996 18bb 1F       		.uleb128 0x1f
 4997 18bc 36000000 		.4byte	.LVL211
 4998 18c0 E1190000 		.4byte	0x19e1
 4999 18c4 20       		.uleb128 0x20
 5000 18c5 01       		.uleb128 0x1
 5001 18c6 50       		.byte	0x50
 5002 18c7 02       		.uleb128 0x2
 5003 18c8 91       		.byte	0x91
 5004 18c9 6C       		.sleb128 -20
 5005 18ca 20       		.uleb128 0x20
 5006 18cb 01       		.uleb128 0x1
 5007 18cc 51       		.byte	0x51
 5008 18cd 01       		.uleb128 0x1
 5009 18ce 30       		.byte	0x30
 5010 18cf 20       		.uleb128 0x20
 5011 18d0 01       		.uleb128 0x1
 5012 18d1 52       		.byte	0x52
 5013 18d2 01       		.uleb128 0x1
 5014 18d3 30       		.byte	0x30
 5015 18d4 20       		.uleb128 0x20
 5016 18d5 01       		.uleb128 0x1
 5017 18d6 53       		.byte	0x53
 5018 18d7 01       		.uleb128 0x1
 5019 18d8 30       		.byte	0x30
 5020 18d9 00       		.byte	0
 5021 18da 00       		.byte	0
 5022 18db 24       		.uleb128 0x24
 5023 18dc 58000000 		.4byte	.LVL217
 5024 18e0 F3140000 		.4byte	0x14f3
 5025 18e4 00       		.byte	0
 5026 18e5 0D       		.uleb128 0xd
 5027 18e6 14070000 		.4byte	0x714
 5028 18ea F5180000 		.4byte	0x18f5
 5029 18ee 0E       		.uleb128 0xe
 5030 18ef B0000000 		.4byte	0xb0
 5031 18f3 06       		.byte	0x6
 5032 18f4 00       		.byte	0
 5033 18f5 2C       		.uleb128 0x2c
 5034 18f6 09200000 		.4byte	.LASF577
 5035 18fa 01       		.byte	0x1
ARM GAS  C:\Users\ARTEM\AppData\Local\Temp\ccuSJ5wi.s 			page 112


 5036 18fb 17       		.byte	0x17
 5037 18fc E5180000 		.4byte	0x18e5
 5038 1900 05       		.uleb128 0x5
 5039 1901 03       		.byte	0x3
 5040 1902 14000000 		.4byte	aiossCharIdx1
 5041 1906 0D       		.uleb128 0xd
 5042 1907 14070000 		.4byte	0x714
 5043 190b 16190000 		.4byte	0x1916
 5044 190f 0E       		.uleb128 0xe
 5045 1910 B0000000 		.4byte	0xb0
 5046 1914 00       		.byte	0
 5047 1915 00       		.byte	0
 5048 1916 2C       		.uleb128 0x2c
 5049 1917 E60F0000 		.4byte	.LASF578
 5050 191b 01       		.byte	0x1
 5051 191c 7D       		.byte	0x7d
 5052 191d 06190000 		.4byte	0x1906
 5053 1921 05       		.uleb128 0x5
 5054 1922 03       		.byte	0x3
 5055 1923 04000000 		.4byte	aiossCharIdx2
 5056 1927 2C       		.uleb128 0x2c
 5057 1928 F41F0000 		.4byte	.LASF579
 5058 192c 01       		.byte	0x1
 5059 192d A5       		.byte	0xa5
 5060 192e 91040000 		.4byte	0x491
 5061 1932 05       		.uleb128 0x5
 5062 1933 03       		.byte	0x3
 5063 1934 04000000 		.4byte	cyBle_aiossReqHandle
 5064 1938 2C       		.uleb128 0x2c
 5065 1939 00000000 		.4byte	.LASF580
 5066 193d 01       		.byte	0x1
 5067 193e B6       		.byte	0xb6
 5068 193f 59060000 		.4byte	0x659
 5069 1943 05       		.uleb128 0x5
 5070 1944 03       		.byte	0x3
 5071 1945 00000000 		.4byte	CyBle_AiosApplCallback
 5072 1949 2D       		.uleb128 0x2d
 5073 194a 573D0000 		.4byte	.LASF581
 5074 194e 07       		.byte	0x7
 5075 194f A402     		.2byte	0x2a4
 5076 1951 A4000000 		.4byte	0xa4
 5077 1955 2D       		.uleb128 0x2d
 5078 1956 D4340000 		.4byte	.LASF582
 5079 195a 07       		.byte	0x7
 5080 195b C302     		.2byte	0x2c3
 5081 195d 6B000000 		.4byte	0x6b
 5082 1961 2D       		.uleb128 0x2d
 5083 1962 17000000 		.4byte	.LASF583
 5084 1966 07       		.byte	0x7
 5085 1967 C902     		.2byte	0x2c9
 5086 1969 6B000000 		.4byte	0x6b
 5087 196d 0D       		.uleb128 0xd
 5088 196e 7D190000 		.4byte	0x197d
 5089 1972 7D190000 		.4byte	0x197d
 5090 1976 0E       		.uleb128 0xe
 5091 1977 B0000000 		.4byte	0xb0
 5092 197b 51       		.byte	0x51
ARM GAS  C:\Users\ARTEM\AppData\Local\Temp\ccuSJ5wi.s 			page 113


 5093 197c 00       		.byte	0
 5094 197d 28       		.uleb128 0x28
 5095 197e 4D060000 		.4byte	0x64d
 5096 1982 2E       		.uleb128 0x2e
 5097 1983 7E260000 		.4byte	.LASF584
 5098 1987 0A       		.byte	0xa
 5099 1988 E9       		.byte	0xe9
 5100 1989 8D190000 		.4byte	0x198d
 5101 198d 28       		.uleb128 0x28
 5102 198e 6D190000 		.4byte	0x196d
 5103 1992 2F       		.uleb128 0x2f
 5104 1993 89220000 		.4byte	.LASF585
 5105 1997 01       		.byte	0x1
 5106 1998 93       		.byte	0x93
 5107 1999 A3190000 		.4byte	0x19a3
 5108 199d 05       		.uleb128 0x5
 5109 199e 03       		.byte	0x3
 5110 199f 00000000 		.4byte	cyBle_aioss
 5111 19a3 28       		.uleb128 0x28
 5112 19a4 76070000 		.4byte	0x776
 5113 19a8 0D       		.uleb128 0xd
 5114 19a9 6B000000 		.4byte	0x6b
 5115 19ad B8190000 		.4byte	0x19b8
 5116 19b1 0E       		.uleb128 0xe
 5117 19b2 B0000000 		.4byte	0xb0
 5118 19b6 02       		.byte	0x2
 5119 19b7 00       		.byte	0
 5120 19b8 2F       		.uleb128 0x2f
 5121 19b9 A8000000 		.4byte	.LASF586
 5122 19bd 01       		.byte	0x1
 5123 19be 8F       		.byte	0x8f
 5124 19bf A8190000 		.4byte	0x19a8
 5125 19c3 05       		.uleb128 0x5
 5126 19c4 03       		.byte	0x3
 5127 19c5 00000000 		.4byte	cyBle_aiossCharInstances
 5128 19c9 2D       		.uleb128 0x2d
 5129 19ca EF350000 		.4byte	.LASF587
 5130 19ce 09       		.byte	0x9
 5131 19cf 160B     		.2byte	0xb16
 5132 19d1 CA100000 		.4byte	0x10ca
 5133 19d5 30       		.uleb128 0x30
 5134 19d6 42160000 		.4byte	.LASF588
 5135 19da 42160000 		.4byte	.LASF588
 5136 19de 06       		.byte	0x6
 5137 19df B501     		.2byte	0x1b5
 5138 19e1 30       		.uleb128 0x30
 5139 19e2 E6110000 		.4byte	.LASF589
 5140 19e6 E6110000 		.4byte	.LASF589
 5141 19ea 06       		.byte	0x6
 5142 19eb 8401     		.2byte	0x184
 5143 19ed 31       		.uleb128 0x31
 5144 19ee 92420000 		.4byte	.LASF590
 5145 19f2 92420000 		.4byte	.LASF590
 5146 19f6 05       		.byte	0x5
 5147 19f7 F2       		.byte	0xf2
 5148 19f8 30       		.uleb128 0x30
 5149 19f9 7F2E0000 		.4byte	.LASF591
ARM GAS  C:\Users\ARTEM\AppData\Local\Temp\ccuSJ5wi.s 			page 114


 5150 19fd 7F2E0000 		.4byte	.LASF591
 5151 1a01 07       		.byte	0x7
 5152 1a02 6302     		.2byte	0x263
 5153 1a04 30       		.uleb128 0x30
 5154 1a05 76230000 		.4byte	.LASF592
 5155 1a09 76230000 		.4byte	.LASF592
 5156 1a0d 05       		.byte	0x5
 5157 1a0e 1A01     		.2byte	0x11a
 5158 1a10 32       		.uleb128 0x32
 5159 1a11 AC3D0000 		.4byte	.LASF597
 5160 1a15 AC3D0000 		.4byte	.LASF597
 5161 1a19 30       		.uleb128 0x30
 5162 1a1a 13250000 		.4byte	.LASF593
 5163 1a1e 13250000 		.4byte	.LASF593
 5164 1a22 06       		.byte	0x6
 5165 1a23 1A02     		.2byte	0x21a
 5166 1a25 00       		.byte	0
 5167              		.section	.debug_abbrev,"",%progbits
 5168              	.Ldebug_abbrev0:
 5169 0000 01       		.uleb128 0x1
 5170 0001 11       		.uleb128 0x11
 5171 0002 01       		.byte	0x1
 5172 0003 25       		.uleb128 0x25
 5173 0004 0E       		.uleb128 0xe
 5174 0005 13       		.uleb128 0x13
 5175 0006 0B       		.uleb128 0xb
 5176 0007 03       		.uleb128 0x3
 5177 0008 0E       		.uleb128 0xe
 5178 0009 1B       		.uleb128 0x1b
 5179 000a 0E       		.uleb128 0xe
 5180 000b 55       		.uleb128 0x55
 5181 000c 17       		.uleb128 0x17
 5182 000d 11       		.uleb128 0x11
 5183 000e 01       		.uleb128 0x1
 5184 000f 10       		.uleb128 0x10
 5185 0010 17       		.uleb128 0x17
 5186 0011 00       		.byte	0
 5187 0012 00       		.byte	0
 5188 0013 02       		.uleb128 0x2
 5189 0014 24       		.uleb128 0x24
 5190 0015 00       		.byte	0
 5191 0016 0B       		.uleb128 0xb
 5192 0017 0B       		.uleb128 0xb
 5193 0018 3E       		.uleb128 0x3e
 5194 0019 0B       		.uleb128 0xb
 5195 001a 03       		.uleb128 0x3
 5196 001b 0E       		.uleb128 0xe
 5197 001c 00       		.byte	0
 5198 001d 00       		.byte	0
 5199 001e 03       		.uleb128 0x3
 5200 001f 24       		.uleb128 0x24
 5201 0020 00       		.byte	0
 5202 0021 0B       		.uleb128 0xb
 5203 0022 0B       		.uleb128 0xb
 5204 0023 3E       		.uleb128 0x3e
 5205 0024 0B       		.uleb128 0xb
 5206 0025 03       		.uleb128 0x3
ARM GAS  C:\Users\ARTEM\AppData\Local\Temp\ccuSJ5wi.s 			page 115


 5207 0026 08       		.uleb128 0x8
 5208 0027 00       		.byte	0
 5209 0028 00       		.byte	0
 5210 0029 04       		.uleb128 0x4
 5211 002a 16       		.uleb128 0x16
 5212 002b 00       		.byte	0
 5213 002c 03       		.uleb128 0x3
 5214 002d 0E       		.uleb128 0xe
 5215 002e 3A       		.uleb128 0x3a
 5216 002f 0B       		.uleb128 0xb
 5217 0030 3B       		.uleb128 0x3b
 5218 0031 05       		.uleb128 0x5
 5219 0032 49       		.uleb128 0x49
 5220 0033 13       		.uleb128 0x13
 5221 0034 00       		.byte	0
 5222 0035 00       		.byte	0
 5223 0036 05       		.uleb128 0x5
 5224 0037 35       		.uleb128 0x35
 5225 0038 00       		.byte	0
 5226 0039 49       		.uleb128 0x49
 5227 003a 13       		.uleb128 0x13
 5228 003b 00       		.byte	0
 5229 003c 00       		.byte	0
 5230 003d 06       		.uleb128 0x6
 5231 003e 0F       		.uleb128 0xf
 5232 003f 00       		.byte	0
 5233 0040 0B       		.uleb128 0xb
 5234 0041 0B       		.uleb128 0xb
 5235 0042 00       		.byte	0
 5236 0043 00       		.byte	0
 5237 0044 07       		.uleb128 0x7
 5238 0045 0F       		.uleb128 0xf
 5239 0046 00       		.byte	0
 5240 0047 0B       		.uleb128 0xb
 5241 0048 0B       		.uleb128 0xb
 5242 0049 49       		.uleb128 0x49
 5243 004a 13       		.uleb128 0x13
 5244 004b 00       		.byte	0
 5245 004c 00       		.byte	0
 5246 004d 08       		.uleb128 0x8
 5247 004e 15       		.uleb128 0x15
 5248 004f 01       		.byte	0x1
 5249 0050 27       		.uleb128 0x27
 5250 0051 19       		.uleb128 0x19
 5251 0052 01       		.uleb128 0x1
 5252 0053 13       		.uleb128 0x13
 5253 0054 00       		.byte	0
 5254 0055 00       		.byte	0
 5255 0056 09       		.uleb128 0x9
 5256 0057 05       		.uleb128 0x5
 5257 0058 00       		.byte	0
 5258 0059 49       		.uleb128 0x49
 5259 005a 13       		.uleb128 0x13
 5260 005b 00       		.byte	0
 5261 005c 00       		.byte	0
 5262 005d 0A       		.uleb128 0xa
 5263 005e 04       		.uleb128 0x4
ARM GAS  C:\Users\ARTEM\AppData\Local\Temp\ccuSJ5wi.s 			page 116


 5264 005f 01       		.byte	0x1
 5265 0060 0B       		.uleb128 0xb
 5266 0061 0B       		.uleb128 0xb
 5267 0062 49       		.uleb128 0x49
 5268 0063 13       		.uleb128 0x13
 5269 0064 3A       		.uleb128 0x3a
 5270 0065 0B       		.uleb128 0xb
 5271 0066 3B       		.uleb128 0x3b
 5272 0067 05       		.uleb128 0x5
 5273 0068 01       		.uleb128 0x1
 5274 0069 13       		.uleb128 0x13
 5275 006a 00       		.byte	0
 5276 006b 00       		.byte	0
 5277 006c 0B       		.uleb128 0xb
 5278 006d 28       		.uleb128 0x28
 5279 006e 00       		.byte	0
 5280 006f 03       		.uleb128 0x3
 5281 0070 0E       		.uleb128 0xe
 5282 0071 1C       		.uleb128 0x1c
 5283 0072 0B       		.uleb128 0xb
 5284 0073 00       		.byte	0
 5285 0074 00       		.byte	0
 5286 0075 0C       		.uleb128 0xc
 5287 0076 28       		.uleb128 0x28
 5288 0077 00       		.byte	0
 5289 0078 03       		.uleb128 0x3
 5290 0079 0E       		.uleb128 0xe
 5291 007a 1C       		.uleb128 0x1c
 5292 007b 05       		.uleb128 0x5
 5293 007c 00       		.byte	0
 5294 007d 00       		.byte	0
 5295 007e 0D       		.uleb128 0xd
 5296 007f 01       		.uleb128 0x1
 5297 0080 01       		.byte	0x1
 5298 0081 49       		.uleb128 0x49
 5299 0082 13       		.uleb128 0x13
 5300 0083 01       		.uleb128 0x1
 5301 0084 13       		.uleb128 0x13
 5302 0085 00       		.byte	0
 5303 0086 00       		.byte	0
 5304 0087 0E       		.uleb128 0xe
 5305 0088 21       		.uleb128 0x21
 5306 0089 00       		.byte	0
 5307 008a 49       		.uleb128 0x49
 5308 008b 13       		.uleb128 0x13
 5309 008c 2F       		.uleb128 0x2f
 5310 008d 0B       		.uleb128 0xb
 5311 008e 00       		.byte	0
 5312 008f 00       		.byte	0
 5313 0090 0F       		.uleb128 0xf
 5314 0091 04       		.uleb128 0x4
 5315 0092 01       		.byte	0x1
 5316 0093 0B       		.uleb128 0xb
 5317 0094 0B       		.uleb128 0xb
 5318 0095 49       		.uleb128 0x49
 5319 0096 13       		.uleb128 0x13
 5320 0097 3A       		.uleb128 0x3a
ARM GAS  C:\Users\ARTEM\AppData\Local\Temp\ccuSJ5wi.s 			page 117


 5321 0098 0B       		.uleb128 0xb
 5322 0099 3B       		.uleb128 0x3b
 5323 009a 0B       		.uleb128 0xb
 5324 009b 01       		.uleb128 0x1
 5325 009c 13       		.uleb128 0x13
 5326 009d 00       		.byte	0
 5327 009e 00       		.byte	0
 5328 009f 10       		.uleb128 0x10
 5329 00a0 13       		.uleb128 0x13
 5330 00a1 01       		.byte	0x1
 5331 00a2 0B       		.uleb128 0xb
 5332 00a3 0B       		.uleb128 0xb
 5333 00a4 3A       		.uleb128 0x3a
 5334 00a5 0B       		.uleb128 0xb
 5335 00a6 3B       		.uleb128 0x3b
 5336 00a7 05       		.uleb128 0x5
 5337 00a8 01       		.uleb128 0x1
 5338 00a9 13       		.uleb128 0x13
 5339 00aa 00       		.byte	0
 5340 00ab 00       		.byte	0
 5341 00ac 11       		.uleb128 0x11
 5342 00ad 0D       		.uleb128 0xd
 5343 00ae 00       		.byte	0
 5344 00af 03       		.uleb128 0x3
 5345 00b0 0E       		.uleb128 0xe
 5346 00b1 3A       		.uleb128 0x3a
 5347 00b2 0B       		.uleb128 0xb
 5348 00b3 3B       		.uleb128 0x3b
 5349 00b4 05       		.uleb128 0x5
 5350 00b5 49       		.uleb128 0x49
 5351 00b6 13       		.uleb128 0x13
 5352 00b7 38       		.uleb128 0x38
 5353 00b8 0B       		.uleb128 0xb
 5354 00b9 00       		.byte	0
 5355 00ba 00       		.byte	0
 5356 00bb 12       		.uleb128 0x12
 5357 00bc 0D       		.uleb128 0xd
 5358 00bd 00       		.byte	0
 5359 00be 03       		.uleb128 0x3
 5360 00bf 08       		.uleb128 0x8
 5361 00c0 3A       		.uleb128 0x3a
 5362 00c1 0B       		.uleb128 0xb
 5363 00c2 3B       		.uleb128 0x3b
 5364 00c3 05       		.uleb128 0x5
 5365 00c4 49       		.uleb128 0x49
 5366 00c5 13       		.uleb128 0x13
 5367 00c6 38       		.uleb128 0x38
 5368 00c7 0B       		.uleb128 0xb
 5369 00c8 00       		.byte	0
 5370 00c9 00       		.byte	0
 5371 00ca 13       		.uleb128 0x13
 5372 00cb 16       		.uleb128 0x16
 5373 00cc 00       		.byte	0
 5374 00cd 03       		.uleb128 0x3
 5375 00ce 0E       		.uleb128 0xe
 5376 00cf 3A       		.uleb128 0x3a
 5377 00d0 0B       		.uleb128 0xb
ARM GAS  C:\Users\ARTEM\AppData\Local\Temp\ccuSJ5wi.s 			page 118


 5378 00d1 3B       		.uleb128 0x3b
 5379 00d2 0B       		.uleb128 0xb
 5380 00d3 49       		.uleb128 0x49
 5381 00d4 13       		.uleb128 0x13
 5382 00d5 00       		.byte	0
 5383 00d6 00       		.byte	0
 5384 00d7 14       		.uleb128 0x14
 5385 00d8 13       		.uleb128 0x13
 5386 00d9 01       		.byte	0x1
 5387 00da 0B       		.uleb128 0xb
 5388 00db 0B       		.uleb128 0xb
 5389 00dc 3A       		.uleb128 0x3a
 5390 00dd 0B       		.uleb128 0xb
 5391 00de 3B       		.uleb128 0x3b
 5392 00df 0B       		.uleb128 0xb
 5393 00e0 01       		.uleb128 0x1
 5394 00e1 13       		.uleb128 0x13
 5395 00e2 00       		.byte	0
 5396 00e3 00       		.byte	0
 5397 00e4 15       		.uleb128 0x15
 5398 00e5 0D       		.uleb128 0xd
 5399 00e6 00       		.byte	0
 5400 00e7 03       		.uleb128 0x3
 5401 00e8 0E       		.uleb128 0xe
 5402 00e9 3A       		.uleb128 0x3a
 5403 00ea 0B       		.uleb128 0xb
 5404 00eb 3B       		.uleb128 0x3b
 5405 00ec 0B       		.uleb128 0xb
 5406 00ed 49       		.uleb128 0x49
 5407 00ee 13       		.uleb128 0x13
 5408 00ef 38       		.uleb128 0x38
 5409 00f0 0B       		.uleb128 0xb
 5410 00f1 00       		.byte	0
 5411 00f2 00       		.byte	0
 5412 00f3 16       		.uleb128 0x16
 5413 00f4 17       		.uleb128 0x17
 5414 00f5 01       		.byte	0x1
 5415 00f6 0B       		.uleb128 0xb
 5416 00f7 0B       		.uleb128 0xb
 5417 00f8 3A       		.uleb128 0x3a
 5418 00f9 0B       		.uleb128 0xb
 5419 00fa 3B       		.uleb128 0x3b
 5420 00fb 0B       		.uleb128 0xb
 5421 00fc 01       		.uleb128 0x1
 5422 00fd 13       		.uleb128 0x13
 5423 00fe 00       		.byte	0
 5424 00ff 00       		.byte	0
 5425 0100 17       		.uleb128 0x17
 5426 0101 0D       		.uleb128 0xd
 5427 0102 00       		.byte	0
 5428 0103 03       		.uleb128 0x3
 5429 0104 0E       		.uleb128 0xe
 5430 0105 3A       		.uleb128 0x3a
 5431 0106 0B       		.uleb128 0xb
 5432 0107 3B       		.uleb128 0x3b
 5433 0108 0B       		.uleb128 0xb
 5434 0109 49       		.uleb128 0x49
ARM GAS  C:\Users\ARTEM\AppData\Local\Temp\ccuSJ5wi.s 			page 119


 5435 010a 13       		.uleb128 0x13
 5436 010b 00       		.byte	0
 5437 010c 00       		.byte	0
 5438 010d 18       		.uleb128 0x18
 5439 010e 2E       		.uleb128 0x2e
 5440 010f 01       		.byte	0x1
 5441 0110 3F       		.uleb128 0x3f
 5442 0111 19       		.uleb128 0x19
 5443 0112 03       		.uleb128 0x3
 5444 0113 0E       		.uleb128 0xe
 5445 0114 3A       		.uleb128 0x3a
 5446 0115 0B       		.uleb128 0xb
 5447 0116 3B       		.uleb128 0x3b
 5448 0117 0B       		.uleb128 0xb
 5449 0118 27       		.uleb128 0x27
 5450 0119 19       		.uleb128 0x19
 5451 011a 11       		.uleb128 0x11
 5452 011b 01       		.uleb128 0x1
 5453 011c 12       		.uleb128 0x12
 5454 011d 06       		.uleb128 0x6
 5455 011e 40       		.uleb128 0x40
 5456 011f 18       		.uleb128 0x18
 5457 0120 9742     		.uleb128 0x2117
 5458 0122 19       		.uleb128 0x19
 5459 0123 01       		.uleb128 0x1
 5460 0124 13       		.uleb128 0x13
 5461 0125 00       		.byte	0
 5462 0126 00       		.byte	0
 5463 0127 19       		.uleb128 0x19
 5464 0128 05       		.uleb128 0x5
 5465 0129 00       		.byte	0
 5466 012a 03       		.uleb128 0x3
 5467 012b 0E       		.uleb128 0xe
 5468 012c 3A       		.uleb128 0x3a
 5469 012d 0B       		.uleb128 0xb
 5470 012e 3B       		.uleb128 0x3b
 5471 012f 0B       		.uleb128 0xb
 5472 0130 49       		.uleb128 0x49
 5473 0131 13       		.uleb128 0x13
 5474 0132 02       		.uleb128 0x2
 5475 0133 18       		.uleb128 0x18
 5476 0134 00       		.byte	0
 5477 0135 00       		.byte	0
 5478 0136 1A       		.uleb128 0x1a
 5479 0137 2E       		.uleb128 0x2e
 5480 0138 01       		.byte	0x1
 5481 0139 3F       		.uleb128 0x3f
 5482 013a 19       		.uleb128 0x19
 5483 013b 03       		.uleb128 0x3
 5484 013c 0E       		.uleb128 0xe
 5485 013d 3A       		.uleb128 0x3a
 5486 013e 0B       		.uleb128 0xb
 5487 013f 3B       		.uleb128 0x3b
 5488 0140 05       		.uleb128 0x5
 5489 0141 27       		.uleb128 0x27
 5490 0142 19       		.uleb128 0x19
 5491 0143 49       		.uleb128 0x49
ARM GAS  C:\Users\ARTEM\AppData\Local\Temp\ccuSJ5wi.s 			page 120


 5492 0144 13       		.uleb128 0x13
 5493 0145 11       		.uleb128 0x11
 5494 0146 01       		.uleb128 0x1
 5495 0147 12       		.uleb128 0x12
 5496 0148 06       		.uleb128 0x6
 5497 0149 40       		.uleb128 0x40
 5498 014a 18       		.uleb128 0x18
 5499 014b 9742     		.uleb128 0x2117
 5500 014d 19       		.uleb128 0x19
 5501 014e 01       		.uleb128 0x1
 5502 014f 13       		.uleb128 0x13
 5503 0150 00       		.byte	0
 5504 0151 00       		.byte	0
 5505 0152 1B       		.uleb128 0x1b
 5506 0153 05       		.uleb128 0x5
 5507 0154 00       		.byte	0
 5508 0155 03       		.uleb128 0x3
 5509 0156 0E       		.uleb128 0xe
 5510 0157 3A       		.uleb128 0x3a
 5511 0158 0B       		.uleb128 0xb
 5512 0159 3B       		.uleb128 0x3b
 5513 015a 05       		.uleb128 0x5
 5514 015b 49       		.uleb128 0x49
 5515 015c 13       		.uleb128 0x13
 5516 015d 02       		.uleb128 0x2
 5517 015e 17       		.uleb128 0x17
 5518 015f 00       		.byte	0
 5519 0160 00       		.byte	0
 5520 0161 1C       		.uleb128 0x1c
 5521 0162 34       		.uleb128 0x34
 5522 0163 00       		.byte	0
 5523 0164 03       		.uleb128 0x3
 5524 0165 0E       		.uleb128 0xe
 5525 0166 3A       		.uleb128 0x3a
 5526 0167 0B       		.uleb128 0xb
 5527 0168 3B       		.uleb128 0x3b
 5528 0169 05       		.uleb128 0x5
 5529 016a 49       		.uleb128 0x49
 5530 016b 13       		.uleb128 0x13
 5531 016c 02       		.uleb128 0x2
 5532 016d 17       		.uleb128 0x17
 5533 016e 00       		.byte	0
 5534 016f 00       		.byte	0
 5535 0170 1D       		.uleb128 0x1d
 5536 0171 0B       		.uleb128 0xb
 5537 0172 01       		.byte	0x1
 5538 0173 11       		.uleb128 0x11
 5539 0174 01       		.uleb128 0x1
 5540 0175 12       		.uleb128 0x12
 5541 0176 06       		.uleb128 0x6
 5542 0177 00       		.byte	0
 5543 0178 00       		.byte	0
 5544 0179 1E       		.uleb128 0x1e
 5545 017a 34       		.uleb128 0x34
 5546 017b 00       		.byte	0
 5547 017c 03       		.uleb128 0x3
 5548 017d 0E       		.uleb128 0xe
ARM GAS  C:\Users\ARTEM\AppData\Local\Temp\ccuSJ5wi.s 			page 121


 5549 017e 3A       		.uleb128 0x3a
 5550 017f 0B       		.uleb128 0xb
 5551 0180 3B       		.uleb128 0x3b
 5552 0181 05       		.uleb128 0x5
 5553 0182 49       		.uleb128 0x49
 5554 0183 13       		.uleb128 0x13
 5555 0184 02       		.uleb128 0x2
 5556 0185 18       		.uleb128 0x18
 5557 0186 00       		.byte	0
 5558 0187 00       		.byte	0
 5559 0188 1F       		.uleb128 0x1f
 5560 0189 898201   		.uleb128 0x4109
 5561 018c 01       		.byte	0x1
 5562 018d 11       		.uleb128 0x11
 5563 018e 01       		.uleb128 0x1
 5564 018f 31       		.uleb128 0x31
 5565 0190 13       		.uleb128 0x13
 5566 0191 00       		.byte	0
 5567 0192 00       		.byte	0
 5568 0193 20       		.uleb128 0x20
 5569 0194 8A8201   		.uleb128 0x410a
 5570 0197 00       		.byte	0
 5571 0198 02       		.uleb128 0x2
 5572 0199 18       		.uleb128 0x18
 5573 019a 9142     		.uleb128 0x2111
 5574 019c 18       		.uleb128 0x18
 5575 019d 00       		.byte	0
 5576 019e 00       		.byte	0
 5577 019f 21       		.uleb128 0x21
 5578 01a0 05       		.uleb128 0x5
 5579 01a1 00       		.byte	0
 5580 01a2 03       		.uleb128 0x3
 5581 01a3 0E       		.uleb128 0xe
 5582 01a4 3A       		.uleb128 0x3a
 5583 01a5 0B       		.uleb128 0xb
 5584 01a6 3B       		.uleb128 0x3b
 5585 01a7 05       		.uleb128 0x5
 5586 01a8 49       		.uleb128 0x49
 5587 01a9 13       		.uleb128 0x13
 5588 01aa 02       		.uleb128 0x2
 5589 01ab 18       		.uleb128 0x18
 5590 01ac 00       		.byte	0
 5591 01ad 00       		.byte	0
 5592 01ae 22       		.uleb128 0x22
 5593 01af 0B       		.uleb128 0xb
 5594 01b0 01       		.byte	0x1
 5595 01b1 55       		.uleb128 0x55
 5596 01b2 17       		.uleb128 0x17
 5597 01b3 00       		.byte	0
 5598 01b4 00       		.byte	0
 5599 01b5 23       		.uleb128 0x23
 5600 01b6 0B       		.uleb128 0xb
 5601 01b7 01       		.byte	0x1
 5602 01b8 11       		.uleb128 0x11
 5603 01b9 01       		.uleb128 0x1
 5604 01ba 12       		.uleb128 0x12
 5605 01bb 06       		.uleb128 0x6
ARM GAS  C:\Users\ARTEM\AppData\Local\Temp\ccuSJ5wi.s 			page 122


 5606 01bc 01       		.uleb128 0x1
 5607 01bd 13       		.uleb128 0x13
 5608 01be 00       		.byte	0
 5609 01bf 00       		.byte	0
 5610 01c0 24       		.uleb128 0x24
 5611 01c1 898201   		.uleb128 0x4109
 5612 01c4 00       		.byte	0
 5613 01c5 11       		.uleb128 0x11
 5614 01c6 01       		.uleb128 0x1
 5615 01c7 31       		.uleb128 0x31
 5616 01c8 13       		.uleb128 0x13
 5617 01c9 00       		.byte	0
 5618 01ca 00       		.byte	0
 5619 01cb 25       		.uleb128 0x25
 5620 01cc 2E       		.uleb128 0x2e
 5621 01cd 01       		.byte	0x1
 5622 01ce 3F       		.uleb128 0x3f
 5623 01cf 19       		.uleb128 0x19
 5624 01d0 03       		.uleb128 0x3
 5625 01d1 0E       		.uleb128 0xe
 5626 01d2 3A       		.uleb128 0x3a
 5627 01d3 0B       		.uleb128 0xb
 5628 01d4 3B       		.uleb128 0x3b
 5629 01d5 05       		.uleb128 0x5
 5630 01d6 27       		.uleb128 0x27
 5631 01d7 19       		.uleb128 0x19
 5632 01d8 11       		.uleb128 0x11
 5633 01d9 01       		.uleb128 0x1
 5634 01da 12       		.uleb128 0x12
 5635 01db 06       		.uleb128 0x6
 5636 01dc 40       		.uleb128 0x40
 5637 01dd 18       		.uleb128 0x18
 5638 01de 9742     		.uleb128 0x2117
 5639 01e0 19       		.uleb128 0x19
 5640 01e1 01       		.uleb128 0x1
 5641 01e2 13       		.uleb128 0x13
 5642 01e3 00       		.byte	0
 5643 01e4 00       		.byte	0
 5644 01e5 26       		.uleb128 0x26
 5645 01e6 898201   		.uleb128 0x4109
 5646 01e9 01       		.byte	0x1
 5647 01ea 11       		.uleb128 0x11
 5648 01eb 01       		.uleb128 0x1
 5649 01ec 31       		.uleb128 0x31
 5650 01ed 13       		.uleb128 0x13
 5651 01ee 01       		.uleb128 0x1
 5652 01ef 13       		.uleb128 0x13
 5653 01f0 00       		.byte	0
 5654 01f1 00       		.byte	0
 5655 01f2 27       		.uleb128 0x27
 5656 01f3 898201   		.uleb128 0x4109
 5657 01f6 01       		.byte	0x1
 5658 01f7 11       		.uleb128 0x11
 5659 01f8 01       		.uleb128 0x1
 5660 01f9 00       		.byte	0
 5661 01fa 00       		.byte	0
 5662 01fb 28       		.uleb128 0x28
ARM GAS  C:\Users\ARTEM\AppData\Local\Temp\ccuSJ5wi.s 			page 123


 5663 01fc 26       		.uleb128 0x26
 5664 01fd 00       		.byte	0
 5665 01fe 49       		.uleb128 0x49
 5666 01ff 13       		.uleb128 0x13
 5667 0200 00       		.byte	0
 5668 0201 00       		.byte	0
 5669 0202 29       		.uleb128 0x29
 5670 0203 34       		.uleb128 0x34
 5671 0204 00       		.byte	0
 5672 0205 03       		.uleb128 0x3
 5673 0206 08       		.uleb128 0x8
 5674 0207 3A       		.uleb128 0x3a
 5675 0208 0B       		.uleb128 0xb
 5676 0209 3B       		.uleb128 0x3b
 5677 020a 05       		.uleb128 0x5
 5678 020b 49       		.uleb128 0x49
 5679 020c 13       		.uleb128 0x13
 5680 020d 02       		.uleb128 0x2
 5681 020e 17       		.uleb128 0x17
 5682 020f 00       		.byte	0
 5683 0210 00       		.byte	0
 5684 0211 2A       		.uleb128 0x2a
 5685 0212 898201   		.uleb128 0x4109
 5686 0215 01       		.byte	0x1
 5687 0216 11       		.uleb128 0x11
 5688 0217 01       		.uleb128 0x1
 5689 0218 01       		.uleb128 0x1
 5690 0219 13       		.uleb128 0x13
 5691 021a 00       		.byte	0
 5692 021b 00       		.byte	0
 5693 021c 2B       		.uleb128 0x2b
 5694 021d 0B       		.uleb128 0xb
 5695 021e 01       		.byte	0x1
 5696 021f 55       		.uleb128 0x55
 5697 0220 17       		.uleb128 0x17
 5698 0221 01       		.uleb128 0x1
 5699 0222 13       		.uleb128 0x13
 5700 0223 00       		.byte	0
 5701 0224 00       		.byte	0
 5702 0225 2C       		.uleb128 0x2c
 5703 0226 34       		.uleb128 0x34
 5704 0227 00       		.byte	0
 5705 0228 03       		.uleb128 0x3
 5706 0229 0E       		.uleb128 0xe
 5707 022a 3A       		.uleb128 0x3a
 5708 022b 0B       		.uleb128 0xb
 5709 022c 3B       		.uleb128 0x3b
 5710 022d 0B       		.uleb128 0xb
 5711 022e 49       		.uleb128 0x49
 5712 022f 13       		.uleb128 0x13
 5713 0230 02       		.uleb128 0x2
 5714 0231 18       		.uleb128 0x18
 5715 0232 00       		.byte	0
 5716 0233 00       		.byte	0
 5717 0234 2D       		.uleb128 0x2d
 5718 0235 34       		.uleb128 0x34
 5719 0236 00       		.byte	0
ARM GAS  C:\Users\ARTEM\AppData\Local\Temp\ccuSJ5wi.s 			page 124


 5720 0237 03       		.uleb128 0x3
 5721 0238 0E       		.uleb128 0xe
 5722 0239 3A       		.uleb128 0x3a
 5723 023a 0B       		.uleb128 0xb
 5724 023b 3B       		.uleb128 0x3b
 5725 023c 05       		.uleb128 0x5
 5726 023d 49       		.uleb128 0x49
 5727 023e 13       		.uleb128 0x13
 5728 023f 3F       		.uleb128 0x3f
 5729 0240 19       		.uleb128 0x19
 5730 0241 3C       		.uleb128 0x3c
 5731 0242 19       		.uleb128 0x19
 5732 0243 00       		.byte	0
 5733 0244 00       		.byte	0
 5734 0245 2E       		.uleb128 0x2e
 5735 0246 34       		.uleb128 0x34
 5736 0247 00       		.byte	0
 5737 0248 03       		.uleb128 0x3
 5738 0249 0E       		.uleb128 0xe
 5739 024a 3A       		.uleb128 0x3a
 5740 024b 0B       		.uleb128 0xb
 5741 024c 3B       		.uleb128 0x3b
 5742 024d 0B       		.uleb128 0xb
 5743 024e 49       		.uleb128 0x49
 5744 024f 13       		.uleb128 0x13
 5745 0250 3F       		.uleb128 0x3f
 5746 0251 19       		.uleb128 0x19
 5747 0252 3C       		.uleb128 0x3c
 5748 0253 19       		.uleb128 0x19
 5749 0254 00       		.byte	0
 5750 0255 00       		.byte	0
 5751 0256 2F       		.uleb128 0x2f
 5752 0257 34       		.uleb128 0x34
 5753 0258 00       		.byte	0
 5754 0259 03       		.uleb128 0x3
 5755 025a 0E       		.uleb128 0xe
 5756 025b 3A       		.uleb128 0x3a
 5757 025c 0B       		.uleb128 0xb
 5758 025d 3B       		.uleb128 0x3b
 5759 025e 0B       		.uleb128 0xb
 5760 025f 49       		.uleb128 0x49
 5761 0260 13       		.uleb128 0x13
 5762 0261 3F       		.uleb128 0x3f
 5763 0262 19       		.uleb128 0x19
 5764 0263 02       		.uleb128 0x2
 5765 0264 18       		.uleb128 0x18
 5766 0265 00       		.byte	0
 5767 0266 00       		.byte	0
 5768 0267 30       		.uleb128 0x30
 5769 0268 2E       		.uleb128 0x2e
 5770 0269 00       		.byte	0
 5771 026a 3F       		.uleb128 0x3f
 5772 026b 19       		.uleb128 0x19
 5773 026c 3C       		.uleb128 0x3c
 5774 026d 19       		.uleb128 0x19
 5775 026e 6E       		.uleb128 0x6e
 5776 026f 0E       		.uleb128 0xe
ARM GAS  C:\Users\ARTEM\AppData\Local\Temp\ccuSJ5wi.s 			page 125


 5777 0270 03       		.uleb128 0x3
 5778 0271 0E       		.uleb128 0xe
 5779 0272 3A       		.uleb128 0x3a
 5780 0273 0B       		.uleb128 0xb
 5781 0274 3B       		.uleb128 0x3b
 5782 0275 05       		.uleb128 0x5
 5783 0276 00       		.byte	0
 5784 0277 00       		.byte	0
 5785 0278 31       		.uleb128 0x31
 5786 0279 2E       		.uleb128 0x2e
 5787 027a 00       		.byte	0
 5788 027b 3F       		.uleb128 0x3f
 5789 027c 19       		.uleb128 0x19
 5790 027d 3C       		.uleb128 0x3c
 5791 027e 19       		.uleb128 0x19
 5792 027f 6E       		.uleb128 0x6e
 5793 0280 0E       		.uleb128 0xe
 5794 0281 03       		.uleb128 0x3
 5795 0282 0E       		.uleb128 0xe
 5796 0283 3A       		.uleb128 0x3a
 5797 0284 0B       		.uleb128 0xb
 5798 0285 3B       		.uleb128 0x3b
 5799 0286 0B       		.uleb128 0xb
 5800 0287 00       		.byte	0
 5801 0288 00       		.byte	0
 5802 0289 32       		.uleb128 0x32
 5803 028a 2E       		.uleb128 0x2e
 5804 028b 00       		.byte	0
 5805 028c 3F       		.uleb128 0x3f
 5806 028d 19       		.uleb128 0x19
 5807 028e 3C       		.uleb128 0x3c
 5808 028f 19       		.uleb128 0x19
 5809 0290 6E       		.uleb128 0x6e
 5810 0291 0E       		.uleb128 0xe
 5811 0292 03       		.uleb128 0x3
 5812 0293 0E       		.uleb128 0xe
 5813 0294 00       		.byte	0
 5814 0295 00       		.byte	0
 5815 0296 00       		.byte	0
 5816              		.section	.debug_loc,"",%progbits
 5817              	.Ldebug_loc0:
 5818              	.LLST0:
 5819 0000 00000000 		.4byte	.LVL1
 5820 0004 12000000 		.4byte	.LVL3
 5821 0008 0100     		.2byte	0x1
 5822 000a 50       		.byte	0x50
 5823 000b 12000000 		.4byte	.LVL3
 5824 000f 54000000 		.4byte	.LVL9
 5825 0013 0400     		.2byte	0x4
 5826 0015 F3       		.byte	0xf3
 5827 0016 01       		.uleb128 0x1
 5828 0017 50       		.byte	0x50
 5829 0018 9F       		.byte	0x9f
 5830 0019 54000000 		.4byte	.LVL9
 5831 001d 56000000 		.4byte	.LVL10
 5832 0021 0100     		.2byte	0x1
 5833 0023 50       		.byte	0x50
ARM GAS  C:\Users\ARTEM\AppData\Local\Temp\ccuSJ5wi.s 			page 126


 5834 0024 56000000 		.4byte	.LVL10
 5835 0028 58000000 		.4byte	.LVL11
 5836 002c 0400     		.2byte	0x4
 5837 002e F3       		.byte	0xf3
 5838 002f 01       		.uleb128 0x1
 5839 0030 50       		.byte	0x50
 5840 0031 9F       		.byte	0x9f
 5841 0032 58000000 		.4byte	.LVL11
 5842 0036 5A000000 		.4byte	.LVL12
 5843 003a 0100     		.2byte	0x1
 5844 003c 50       		.byte	0x50
 5845 003d 5A000000 		.4byte	.LVL12
 5846 0041 74000000 		.4byte	.LFE6
 5847 0045 0400     		.2byte	0x4
 5848 0047 F3       		.byte	0xf3
 5849 0048 01       		.uleb128 0x1
 5850 0049 50       		.byte	0x50
 5851 004a 9F       		.byte	0x9f
 5852 004b 00000000 		.4byte	0
 5853 004f 00000000 		.4byte	0
 5854              	.LLST1:
 5855 0053 00000000 		.4byte	.LVL1
 5856 0057 1E000000 		.4byte	.LVL4
 5857 005b 0100     		.2byte	0x1
 5858 005d 51       		.byte	0x51
 5859 005e 1E000000 		.4byte	.LVL4
 5860 0062 54000000 		.4byte	.LVL9
 5861 0066 0400     		.2byte	0x4
 5862 0068 F3       		.byte	0xf3
 5863 0069 01       		.uleb128 0x1
 5864 006a 51       		.byte	0x51
 5865 006b 9F       		.byte	0x9f
 5866 006c 54000000 		.4byte	.LVL9
 5867 0070 60000000 		.4byte	.LVL13
 5868 0074 0100     		.2byte	0x1
 5869 0076 51       		.byte	0x51
 5870 0077 60000000 		.4byte	.LVL13
 5871 007b 74000000 		.4byte	.LFE6
 5872 007f 0400     		.2byte	0x4
 5873 0081 F3       		.byte	0xf3
 5874 0082 01       		.uleb128 0x1
 5875 0083 51       		.byte	0x51
 5876 0084 9F       		.byte	0x9f
 5877 0085 00000000 		.4byte	0
 5878 0089 00000000 		.4byte	0
 5879              	.LLST2:
 5880 008d 00000000 		.4byte	.LVL1
 5881 0091 32000000 		.4byte	.LVL5
 5882 0095 0100     		.2byte	0x1
 5883 0097 52       		.byte	0x52
 5884 0098 32000000 		.4byte	.LVL5
 5885 009c 54000000 		.4byte	.LVL9
 5886 00a0 0400     		.2byte	0x4
 5887 00a2 F3       		.byte	0xf3
 5888 00a3 01       		.uleb128 0x1
 5889 00a4 52       		.byte	0x52
 5890 00a5 9F       		.byte	0x9f
ARM GAS  C:\Users\ARTEM\AppData\Local\Temp\ccuSJ5wi.s 			page 127


 5891 00a6 54000000 		.4byte	.LVL9
 5892 00aa 62000000 		.4byte	.LVL14
 5893 00ae 0100     		.2byte	0x1
 5894 00b0 52       		.byte	0x52
 5895 00b1 62000000 		.4byte	.LVL14
 5896 00b5 74000000 		.4byte	.LFE6
 5897 00b9 0400     		.2byte	0x4
 5898 00bb F3       		.byte	0xf3
 5899 00bc 01       		.uleb128 0x1
 5900 00bd 52       		.byte	0x52
 5901 00be 9F       		.byte	0x9f
 5902 00bf 00000000 		.4byte	0
 5903 00c3 00000000 		.4byte	0
 5904              	.LLST3:
 5905 00c7 00000000 		.4byte	.LVL1
 5906 00cb 37000000 		.4byte	.LVL6-1
 5907 00cf 0100     		.2byte	0x1
 5908 00d1 53       		.byte	0x53
 5909 00d2 37000000 		.4byte	.LVL6-1
 5910 00d6 54000000 		.4byte	.LVL9
 5911 00da 0400     		.2byte	0x4
 5912 00dc F3       		.byte	0xf3
 5913 00dd 01       		.uleb128 0x1
 5914 00de 53       		.byte	0x53
 5915 00df 9F       		.byte	0x9f
 5916 00e0 54000000 		.4byte	.LVL9
 5917 00e4 62000000 		.4byte	.LVL14
 5918 00e8 0100     		.2byte	0x1
 5919 00ea 53       		.byte	0x53
 5920 00eb 62000000 		.4byte	.LVL14
 5921 00ef 74000000 		.4byte	.LFE6
 5922 00f3 0400     		.2byte	0x4
 5923 00f5 F3       		.byte	0xf3
 5924 00f6 01       		.uleb128 0x1
 5925 00f7 53       		.byte	0x53
 5926 00f8 9F       		.byte	0x9f
 5927 00f9 00000000 		.4byte	0
 5928 00fd 00000000 		.4byte	0
 5929              	.LLST4:
 5930 0101 04000000 		.4byte	.LVL2
 5931 0105 3C000000 		.4byte	.LVL7
 5932 0109 0200     		.2byte	0x2
 5933 010b 31       		.byte	0x31
 5934 010c 9F       		.byte	0x9f
 5935 010d 3C000000 		.4byte	.LVL7
 5936 0111 50000000 		.4byte	.LVL8
 5937 0115 0200     		.2byte	0x2
 5938 0117 30       		.byte	0x30
 5939 0118 9F       		.byte	0x9f
 5940 0119 50000000 		.4byte	.LVL8
 5941 011d 62000000 		.4byte	.LVL14
 5942 0121 0200     		.2byte	0x2
 5943 0123 31       		.byte	0x31
 5944 0124 9F       		.byte	0x9f
 5945 0125 62000000 		.4byte	.LVL14
 5946 0129 74000000 		.4byte	.LFE6
 5947 012d 0100     		.2byte	0x1
ARM GAS  C:\Users\ARTEM\AppData\Local\Temp\ccuSJ5wi.s 			page 128


 5948 012f 50       		.byte	0x50
 5949 0130 00000000 		.4byte	0
 5950 0134 00000000 		.4byte	0
 5951              	.LLST5:
 5952 0138 00000000 		.4byte	.LVL15
 5953 013c 18000000 		.4byte	.LVL18
 5954 0140 0100     		.2byte	0x1
 5955 0142 50       		.byte	0x50
 5956 0143 18000000 		.4byte	.LVL18
 5957 0147 6A000000 		.4byte	.LVL24
 5958 014b 0400     		.2byte	0x4
 5959 014d F3       		.byte	0xf3
 5960 014e 01       		.uleb128 0x1
 5961 014f 50       		.byte	0x50
 5962 0150 9F       		.byte	0x9f
 5963 0151 6A000000 		.4byte	.LVL24
 5964 0155 6C000000 		.4byte	.LVL25
 5965 0159 0100     		.2byte	0x1
 5966 015b 50       		.byte	0x50
 5967 015c 6C000000 		.4byte	.LVL25
 5968 0160 6E000000 		.4byte	.LVL26
 5969 0164 0400     		.2byte	0x4
 5970 0166 F3       		.byte	0xf3
 5971 0167 01       		.uleb128 0x1
 5972 0168 50       		.byte	0x50
 5973 0169 9F       		.byte	0x9f
 5974 016a 6E000000 		.4byte	.LVL26
 5975 016e 70000000 		.4byte	.LVL27
 5976 0172 0100     		.2byte	0x1
 5977 0174 50       		.byte	0x50
 5978 0175 70000000 		.4byte	.LVL27
 5979 0179 72000000 		.4byte	.LVL28
 5980 017d 0400     		.2byte	0x4
 5981 017f F3       		.byte	0xf3
 5982 0180 01       		.uleb128 0x1
 5983 0181 50       		.byte	0x50
 5984 0182 9F       		.byte	0x9f
 5985 0183 72000000 		.4byte	.LVL28
 5986 0187 74000000 		.4byte	.LVL29
 5987 018b 0100     		.2byte	0x1
 5988 018d 50       		.byte	0x50
 5989 018e 74000000 		.4byte	.LVL29
 5990 0192 90000000 		.4byte	.LFE7
 5991 0196 0400     		.2byte	0x4
 5992 0198 F3       		.byte	0xf3
 5993 0199 01       		.uleb128 0x1
 5994 019a 50       		.byte	0x50
 5995 019b 9F       		.byte	0x9f
 5996 019c 00000000 		.4byte	0
 5997 01a0 00000000 		.4byte	0
 5998              	.LLST6:
 5999 01a4 00000000 		.4byte	.LVL15
 6000 01a8 24000000 		.4byte	.LVL19
 6001 01ac 0100     		.2byte	0x1
 6002 01ae 51       		.byte	0x51
 6003 01af 24000000 		.4byte	.LVL19
 6004 01b3 6A000000 		.4byte	.LVL24
ARM GAS  C:\Users\ARTEM\AppData\Local\Temp\ccuSJ5wi.s 			page 129


 6005 01b7 0400     		.2byte	0x4
 6006 01b9 F3       		.byte	0xf3
 6007 01ba 01       		.uleb128 0x1
 6008 01bb 51       		.byte	0x51
 6009 01bc 9F       		.byte	0x9f
 6010 01bd 6A000000 		.4byte	.LVL24
 6011 01c1 7A000000 		.4byte	.LVL30
 6012 01c5 0100     		.2byte	0x1
 6013 01c7 51       		.byte	0x51
 6014 01c8 7A000000 		.4byte	.LVL30
 6015 01cc 90000000 		.4byte	.LFE7
 6016 01d0 0400     		.2byte	0x4
 6017 01d2 F3       		.byte	0xf3
 6018 01d3 01       		.uleb128 0x1
 6019 01d4 51       		.byte	0x51
 6020 01d5 9F       		.byte	0x9f
 6021 01d6 00000000 		.4byte	0
 6022 01da 00000000 		.4byte	0
 6023              	.LLST7:
 6024 01de 00000000 		.4byte	.LVL15
 6025 01e2 0C000000 		.4byte	.LVL17
 6026 01e6 0100     		.2byte	0x1
 6027 01e8 52       		.byte	0x52
 6028 01e9 0C000000 		.4byte	.LVL17
 6029 01ed 6A000000 		.4byte	.LVL24
 6030 01f1 0400     		.2byte	0x4
 6031 01f3 F3       		.byte	0xf3
 6032 01f4 01       		.uleb128 0x1
 6033 01f5 52       		.byte	0x52
 6034 01f6 9F       		.byte	0x9f
 6035 01f7 6A000000 		.4byte	.LVL24
 6036 01fb 6E000000 		.4byte	.LVL26
 6037 01ff 0100     		.2byte	0x1
 6038 0201 52       		.byte	0x52
 6039 0202 6E000000 		.4byte	.LVL26
 6040 0206 90000000 		.4byte	.LFE7
 6041 020a 0400     		.2byte	0x4
 6042 020c F3       		.byte	0xf3
 6043 020d 01       		.uleb128 0x1
 6044 020e 52       		.byte	0x52
 6045 020f 9F       		.byte	0x9f
 6046 0210 00000000 		.4byte	0
 6047 0214 00000000 		.4byte	0
 6048              	.LLST8:
 6049 0218 00000000 		.4byte	.LVL15
 6050 021c 40000000 		.4byte	.LVL20
 6051 0220 0100     		.2byte	0x1
 6052 0222 53       		.byte	0x53
 6053 0223 40000000 		.4byte	.LVL20
 6054 0227 6A000000 		.4byte	.LVL24
 6055 022b 0400     		.2byte	0x4
 6056 022d F3       		.byte	0xf3
 6057 022e 01       		.uleb128 0x1
 6058 022f 53       		.byte	0x53
 6059 0230 9F       		.byte	0x9f
 6060 0231 6A000000 		.4byte	.LVL24
 6061 0235 80000000 		.4byte	.LVL31
ARM GAS  C:\Users\ARTEM\AppData\Local\Temp\ccuSJ5wi.s 			page 130


 6062 0239 0100     		.2byte	0x1
 6063 023b 53       		.byte	0x53
 6064 023c 80000000 		.4byte	.LVL31
 6065 0240 90000000 		.4byte	.LFE7
 6066 0244 0400     		.2byte	0x4
 6067 0246 F3       		.byte	0xf3
 6068 0247 01       		.uleb128 0x1
 6069 0248 53       		.byte	0x53
 6070 0249 9F       		.byte	0x9f
 6071 024a 00000000 		.4byte	0
 6072 024e 00000000 		.4byte	0
 6073              	.LLST9:
 6074 0252 06000000 		.4byte	.LVL16
 6075 0256 4E000000 		.4byte	.LVL22
 6076 025a 0200     		.2byte	0x2
 6077 025c 31       		.byte	0x31
 6078 025d 9F       		.byte	0x9f
 6079 025e 4E000000 		.4byte	.LVL22
 6080 0262 66000000 		.4byte	.LVL23
 6081 0266 0200     		.2byte	0x2
 6082 0268 30       		.byte	0x30
 6083 0269 9F       		.byte	0x9f
 6084 026a 66000000 		.4byte	.LVL23
 6085 026e 80000000 		.4byte	.LVL31
 6086 0272 0200     		.2byte	0x2
 6087 0274 31       		.byte	0x31
 6088 0275 9F       		.byte	0x9f
 6089 0276 80000000 		.4byte	.LVL31
 6090 027a 90000000 		.4byte	.LFE7
 6091 027e 0100     		.2byte	0x1
 6092 0280 50       		.byte	0x50
 6093 0281 00000000 		.4byte	0
 6094 0285 00000000 		.4byte	0
 6095              	.LLST10:
 6096 0289 00000000 		.4byte	.LVL32
 6097 028d 16000000 		.4byte	.LVL34
 6098 0291 0100     		.2byte	0x1
 6099 0293 50       		.byte	0x50
 6100 0294 16000000 		.4byte	.LVL34
 6101 0298 54000000 		.4byte	.LVL40
 6102 029c 0400     		.2byte	0x4
 6103 029e F3       		.byte	0xf3
 6104 029f 01       		.uleb128 0x1
 6105 02a0 50       		.byte	0x50
 6106 02a1 9F       		.byte	0x9f
 6107 02a2 54000000 		.4byte	.LVL40
 6108 02a6 56000000 		.4byte	.LVL41
 6109 02aa 0100     		.2byte	0x1
 6110 02ac 50       		.byte	0x50
 6111 02ad 56000000 		.4byte	.LVL41
 6112 02b1 58000000 		.4byte	.LVL42
 6113 02b5 0400     		.2byte	0x4
 6114 02b7 F3       		.byte	0xf3
 6115 02b8 01       		.uleb128 0x1
 6116 02b9 50       		.byte	0x50
 6117 02ba 9F       		.byte	0x9f
 6118 02bb 58000000 		.4byte	.LVL42
ARM GAS  C:\Users\ARTEM\AppData\Local\Temp\ccuSJ5wi.s 			page 131


 6119 02bf 5A000000 		.4byte	.LVL43
 6120 02c3 0100     		.2byte	0x1
 6121 02c5 50       		.byte	0x50
 6122 02c6 5A000000 		.4byte	.LVL43
 6123 02ca 5C000000 		.4byte	.LVL44
 6124 02ce 0400     		.2byte	0x4
 6125 02d0 F3       		.byte	0xf3
 6126 02d1 01       		.uleb128 0x1
 6127 02d2 50       		.byte	0x50
 6128 02d3 9F       		.byte	0x9f
 6129 02d4 5C000000 		.4byte	.LVL44
 6130 02d8 5E000000 		.4byte	.LVL45
 6131 02dc 0100     		.2byte	0x1
 6132 02de 50       		.byte	0x50
 6133 02df 5E000000 		.4byte	.LVL45
 6134 02e3 78000000 		.4byte	.LFE8
 6135 02e7 0400     		.2byte	0x4
 6136 02e9 F3       		.byte	0xf3
 6137 02ea 01       		.uleb128 0x1
 6138 02eb 50       		.byte	0x50
 6139 02ec 9F       		.byte	0x9f
 6140 02ed 00000000 		.4byte	0
 6141 02f1 00000000 		.4byte	0
 6142              	.LLST11:
 6143 02f5 00000000 		.4byte	.LVL32
 6144 02f9 22000000 		.4byte	.LVL35
 6145 02fd 0100     		.2byte	0x1
 6146 02ff 51       		.byte	0x51
 6147 0300 22000000 		.4byte	.LVL35
 6148 0304 54000000 		.4byte	.LVL40
 6149 0308 0400     		.2byte	0x4
 6150 030a F3       		.byte	0xf3
 6151 030b 01       		.uleb128 0x1
 6152 030c 51       		.byte	0x51
 6153 030d 9F       		.byte	0x9f
 6154 030e 54000000 		.4byte	.LVL40
 6155 0312 64000000 		.4byte	.LVL46
 6156 0316 0100     		.2byte	0x1
 6157 0318 51       		.byte	0x51
 6158 0319 64000000 		.4byte	.LVL46
 6159 031d 78000000 		.4byte	.LFE8
 6160 0321 0400     		.2byte	0x4
 6161 0323 F3       		.byte	0xf3
 6162 0324 01       		.uleb128 0x1
 6163 0325 51       		.byte	0x51
 6164 0326 9F       		.byte	0x9f
 6165 0327 00000000 		.4byte	0
 6166 032b 00000000 		.4byte	0
 6167              	.LLST12:
 6168 032f 00000000 		.4byte	.LVL32
 6169 0333 2C000000 		.4byte	.LVL36
 6170 0337 0100     		.2byte	0x1
 6171 0339 52       		.byte	0x52
 6172 033a 2C000000 		.4byte	.LVL36
 6173 033e 54000000 		.4byte	.LVL40
 6174 0342 0400     		.2byte	0x4
 6175 0344 F3       		.byte	0xf3
ARM GAS  C:\Users\ARTEM\AppData\Local\Temp\ccuSJ5wi.s 			page 132


 6176 0345 01       		.uleb128 0x1
 6177 0346 52       		.byte	0x52
 6178 0347 9F       		.byte	0x9f
 6179 0348 54000000 		.4byte	.LVL40
 6180 034c 68000000 		.4byte	.LVL47
 6181 0350 0100     		.2byte	0x1
 6182 0352 52       		.byte	0x52
 6183 0353 68000000 		.4byte	.LVL47
 6184 0357 78000000 		.4byte	.LFE8
 6185 035b 0400     		.2byte	0x4
 6186 035d F3       		.byte	0xf3
 6187 035e 01       		.uleb128 0x1
 6188 035f 52       		.byte	0x52
 6189 0360 9F       		.byte	0x9f
 6190 0361 00000000 		.4byte	0
 6191 0365 00000000 		.4byte	0
 6192              	.LLST13:
 6193 0369 00000000 		.4byte	.LVL32
 6194 036d 3C000000 		.4byte	.LVL37
 6195 0371 0100     		.2byte	0x1
 6196 0373 53       		.byte	0x53
 6197 0374 3C000000 		.4byte	.LVL37
 6198 0378 54000000 		.4byte	.LVL40
 6199 037c 0400     		.2byte	0x4
 6200 037e F3       		.byte	0xf3
 6201 037f 01       		.uleb128 0x1
 6202 0380 53       		.byte	0x53
 6203 0381 9F       		.byte	0x9f
 6204 0382 54000000 		.4byte	.LVL40
 6205 0386 6A000000 		.4byte	.LVL48
 6206 038a 0100     		.2byte	0x1
 6207 038c 53       		.byte	0x53
 6208 038d 6A000000 		.4byte	.LVL48
 6209 0391 78000000 		.4byte	.LFE8
 6210 0395 0400     		.2byte	0x4
 6211 0397 F3       		.byte	0xf3
 6212 0398 01       		.uleb128 0x1
 6213 0399 53       		.byte	0x53
 6214 039a 9F       		.byte	0x9f
 6215 039b 00000000 		.4byte	0
 6216 039f 00000000 		.4byte	0
 6217              	.LLST14:
 6218 03a3 04000000 		.4byte	.LVL33
 6219 03a7 52000000 		.4byte	.LVL39
 6220 03ab 0200     		.2byte	0x2
 6221 03ad 31       		.byte	0x31
 6222 03ae 9F       		.byte	0x9f
 6223 03af 52000000 		.4byte	.LVL39
 6224 03b3 54000000 		.4byte	.LVL40
 6225 03b7 0200     		.2byte	0x2
 6226 03b9 30       		.byte	0x30
 6227 03ba 9F       		.byte	0x9f
 6228 03bb 54000000 		.4byte	.LVL40
 6229 03bf 6A000000 		.4byte	.LVL48
 6230 03c3 0200     		.2byte	0x2
 6231 03c5 31       		.byte	0x31
 6232 03c6 9F       		.byte	0x9f
ARM GAS  C:\Users\ARTEM\AppData\Local\Temp\ccuSJ5wi.s 			page 133


 6233 03c7 6A000000 		.4byte	.LVL48
 6234 03cb 78000000 		.4byte	.LFE8
 6235 03cf 0100     		.2byte	0x1
 6236 03d1 50       		.byte	0x50
 6237 03d2 00000000 		.4byte	0
 6238 03d6 00000000 		.4byte	0
 6239              	.LLST15:
 6240 03da 00000000 		.4byte	.LVL49
 6241 03de 18000000 		.4byte	.LVL52
 6242 03e2 0100     		.2byte	0x1
 6243 03e4 51       		.byte	0x51
 6244 03e5 18000000 		.4byte	.LVL52
 6245 03e9 60000000 		.4byte	.LVL56
 6246 03ed 0400     		.2byte	0x4
 6247 03ef F3       		.byte	0xf3
 6248 03f0 01       		.uleb128 0x1
 6249 03f1 51       		.byte	0x51
 6250 03f2 9F       		.byte	0x9f
 6251 03f3 60000000 		.4byte	.LVL56
 6252 03f7 68000000 		.4byte	.LVL58
 6253 03fb 0100     		.2byte	0x1
 6254 03fd 51       		.byte	0x51
 6255 03fe 68000000 		.4byte	.LVL58
 6256 0402 90000000 		.4byte	.LFE9
 6257 0406 0400     		.2byte	0x4
 6258 0408 F3       		.byte	0xf3
 6259 0409 01       		.uleb128 0x1
 6260 040a 51       		.byte	0x51
 6261 040b 9F       		.byte	0x9f
 6262 040c 00000000 		.4byte	0
 6263 0410 00000000 		.4byte	0
 6264              	.LLST16:
 6265 0414 00000000 		.4byte	.LVL49
 6266 0418 24000000 		.4byte	.LVL53
 6267 041c 0100     		.2byte	0x1
 6268 041e 52       		.byte	0x52
 6269 041f 24000000 		.4byte	.LVL53
 6270 0423 60000000 		.4byte	.LVL56
 6271 0427 0400     		.2byte	0x4
 6272 0429 F3       		.byte	0xf3
 6273 042a 01       		.uleb128 0x1
 6274 042b 52       		.byte	0x52
 6275 042c 9F       		.byte	0x9f
 6276 042d 60000000 		.4byte	.LVL56
 6277 0431 6C000000 		.4byte	.LVL59
 6278 0435 0100     		.2byte	0x1
 6279 0437 52       		.byte	0x52
 6280 0438 6C000000 		.4byte	.LVL59
 6281 043c 90000000 		.4byte	.LFE9
 6282 0440 0400     		.2byte	0x4
 6283 0442 F3       		.byte	0xf3
 6284 0443 01       		.uleb128 0x1
 6285 0444 52       		.byte	0x52
 6286 0445 9F       		.byte	0x9f
 6287 0446 00000000 		.4byte	0
 6288 044a 00000000 		.4byte	0
 6289              	.LLST17:
ARM GAS  C:\Users\ARTEM\AppData\Local\Temp\ccuSJ5wi.s 			page 134


 6290 044e 00000000 		.4byte	.LVL49
 6291 0452 10000000 		.4byte	.LVL51
 6292 0456 0100     		.2byte	0x1
 6293 0458 53       		.byte	0x53
 6294 0459 10000000 		.4byte	.LVL51
 6295 045d 60000000 		.4byte	.LVL56
 6296 0461 0400     		.2byte	0x4
 6297 0463 F3       		.byte	0xf3
 6298 0464 01       		.uleb128 0x1
 6299 0465 53       		.byte	0x53
 6300 0466 9F       		.byte	0x9f
 6301 0467 60000000 		.4byte	.LVL56
 6302 046b 64000000 		.4byte	.LVL57
 6303 046f 0100     		.2byte	0x1
 6304 0471 53       		.byte	0x53
 6305 0472 64000000 		.4byte	.LVL57
 6306 0476 90000000 		.4byte	.LFE9
 6307 047a 0400     		.2byte	0x4
 6308 047c F3       		.byte	0xf3
 6309 047d 01       		.uleb128 0x1
 6310 047e 53       		.byte	0x53
 6311 047f 9F       		.byte	0x9f
 6312 0480 00000000 		.4byte	0
 6313 0484 00000000 		.4byte	0
 6314              	.LLST18:
 6315 0488 0A000000 		.4byte	.LVL50
 6316 048c 5E000000 		.4byte	.LVL55
 6317 0490 0200     		.2byte	0x2
 6318 0492 31       		.byte	0x31
 6319 0493 9F       		.byte	0x9f
 6320 0494 5E000000 		.4byte	.LVL55
 6321 0498 60000000 		.4byte	.LVL56
 6322 049c 0100     		.2byte	0x1
 6323 049e 50       		.byte	0x50
 6324 049f 60000000 		.4byte	.LVL56
 6325 04a3 7A000000 		.4byte	.LVL60
 6326 04a7 0200     		.2byte	0x2
 6327 04a9 31       		.byte	0x31
 6328 04aa 9F       		.byte	0x9f
 6329 04ab 7A000000 		.4byte	.LVL60
 6330 04af 90000000 		.4byte	.LFE9
 6331 04b3 0100     		.2byte	0x1
 6332 04b5 50       		.byte	0x50
 6333 04b6 00000000 		.4byte	0
 6334 04ba 00000000 		.4byte	0
 6335              	.LLST19:
 6336 04be 00000000 		.4byte	.LVL61
 6337 04c2 20000000 		.4byte	.LVL64
 6338 04c6 0100     		.2byte	0x1
 6339 04c8 51       		.byte	0x51
 6340 04c9 20000000 		.4byte	.LVL64
 6341 04cd 68000000 		.4byte	.LVL68
 6342 04d1 0400     		.2byte	0x4
 6343 04d3 F3       		.byte	0xf3
 6344 04d4 01       		.uleb128 0x1
 6345 04d5 51       		.byte	0x51
 6346 04d6 9F       		.byte	0x9f
ARM GAS  C:\Users\ARTEM\AppData\Local\Temp\ccuSJ5wi.s 			page 135


 6347 04d7 68000000 		.4byte	.LVL68
 6348 04db 76000000 		.4byte	.LVL70
 6349 04df 0100     		.2byte	0x1
 6350 04e1 51       		.byte	0x51
 6351 04e2 76000000 		.4byte	.LVL70
 6352 04e6 98000000 		.4byte	.LFE10
 6353 04ea 0400     		.2byte	0x4
 6354 04ec F3       		.byte	0xf3
 6355 04ed 01       		.uleb128 0x1
 6356 04ee 51       		.byte	0x51
 6357 04ef 9F       		.byte	0x9f
 6358 04f0 00000000 		.4byte	0
 6359 04f4 00000000 		.4byte	0
 6360              	.LLST20:
 6361 04f8 00000000 		.4byte	.LVL61
 6362 04fc 28000000 		.4byte	.LVL65
 6363 0500 0100     		.2byte	0x1
 6364 0502 52       		.byte	0x52
 6365 0503 28000000 		.4byte	.LVL65
 6366 0507 68000000 		.4byte	.LVL68
 6367 050b 0400     		.2byte	0x4
 6368 050d F3       		.byte	0xf3
 6369 050e 01       		.uleb128 0x1
 6370 050f 52       		.byte	0x52
 6371 0510 9F       		.byte	0x9f
 6372 0511 68000000 		.4byte	.LVL68
 6373 0515 76000000 		.4byte	.LVL70
 6374 0519 0100     		.2byte	0x1
 6375 051b 52       		.byte	0x52
 6376 051c 76000000 		.4byte	.LVL70
 6377 0520 98000000 		.4byte	.LFE10
 6378 0524 0400     		.2byte	0x4
 6379 0526 F3       		.byte	0xf3
 6380 0527 01       		.uleb128 0x1
 6381 0528 52       		.byte	0x52
 6382 0529 9F       		.byte	0x9f
 6383 052a 00000000 		.4byte	0
 6384 052e 00000000 		.4byte	0
 6385              	.LLST21:
 6386 0532 00000000 		.4byte	.LVL61
 6387 0536 10000000 		.4byte	.LVL63
 6388 053a 0100     		.2byte	0x1
 6389 053c 53       		.byte	0x53
 6390 053d 10000000 		.4byte	.LVL63
 6391 0541 68000000 		.4byte	.LVL68
 6392 0545 0400     		.2byte	0x4
 6393 0547 F3       		.byte	0xf3
 6394 0548 01       		.uleb128 0x1
 6395 0549 53       		.byte	0x53
 6396 054a 9F       		.byte	0x9f
 6397 054b 68000000 		.4byte	.LVL68
 6398 054f 6C000000 		.4byte	.LVL69
 6399 0553 0100     		.2byte	0x1
 6400 0555 53       		.byte	0x53
 6401 0556 6C000000 		.4byte	.LVL69
 6402 055a 98000000 		.4byte	.LFE10
 6403 055e 0400     		.2byte	0x4
ARM GAS  C:\Users\ARTEM\AppData\Local\Temp\ccuSJ5wi.s 			page 136


 6404 0560 F3       		.byte	0xf3
 6405 0561 01       		.uleb128 0x1
 6406 0562 53       		.byte	0x53
 6407 0563 9F       		.byte	0x9f
 6408 0564 00000000 		.4byte	0
 6409 0568 00000000 		.4byte	0
 6410              	.LLST22:
 6411 056c 0A000000 		.4byte	.LVL62
 6412 0570 5A000000 		.4byte	.LVL67
 6413 0574 0200     		.2byte	0x2
 6414 0576 30       		.byte	0x30
 6415 0577 9F       		.byte	0x9f
 6416 0578 5A000000 		.4byte	.LVL67
 6417 057c 68000000 		.4byte	.LVL68
 6418 0580 0100     		.2byte	0x1
 6419 0582 50       		.byte	0x50
 6420 0583 68000000 		.4byte	.LVL68
 6421 0587 7E000000 		.4byte	.LVL71
 6422 058b 0200     		.2byte	0x2
 6423 058d 30       		.byte	0x30
 6424 058e 9F       		.byte	0x9f
 6425 058f 7E000000 		.4byte	.LVL71
 6426 0593 98000000 		.4byte	.LFE10
 6427 0597 0100     		.2byte	0x1
 6428 0599 50       		.byte	0x50
 6429 059a 00000000 		.4byte	0
 6430 059e 00000000 		.4byte	0
 6431              	.LLST23:
 6432 05a2 00000000 		.4byte	.LVL72
 6433 05a6 18000000 		.4byte	.LVL74
 6434 05aa 0100     		.2byte	0x1
 6435 05ac 50       		.byte	0x50
 6436 05ad 18000000 		.4byte	.LVL74
 6437 05b1 76000000 		.4byte	.LVL85
 6438 05b5 0100     		.2byte	0x1
 6439 05b7 55       		.byte	0x55
 6440 05b8 76000000 		.4byte	.LVL85
 6441 05bc 7A000000 		.4byte	.LVL86
 6442 05c0 0100     		.2byte	0x1
 6443 05c2 50       		.byte	0x50
 6444 05c3 7A000000 		.4byte	.LVL86
 6445 05c7 84000000 		.4byte	.LVL88
 6446 05cb 0100     		.2byte	0x1
 6447 05cd 55       		.byte	0x55
 6448 05ce 84000000 		.4byte	.LVL88
 6449 05d2 98000000 		.4byte	.LFE11
 6450 05d6 0400     		.2byte	0x4
 6451 05d8 F3       		.byte	0xf3
 6452 05d9 01       		.uleb128 0x1
 6453 05da 50       		.byte	0x50
 6454 05db 9F       		.byte	0x9f
 6455 05dc 00000000 		.4byte	0
 6456 05e0 00000000 		.4byte	0
 6457              	.LLST24:
 6458 05e4 18000000 		.4byte	.LVL74
 6459 05e8 72000000 		.4byte	.LVL83
 6460 05ec 0100     		.2byte	0x1
ARM GAS  C:\Users\ARTEM\AppData\Local\Temp\ccuSJ5wi.s 			page 137


 6461 05ee 56       		.byte	0x56
 6462 05ef 74000000 		.4byte	.LVL84
 6463 05f3 76000000 		.4byte	.LVL85
 6464 05f7 0100     		.2byte	0x1
 6465 05f9 56       		.byte	0x56
 6466 05fa 7A000000 		.4byte	.LVL86
 6467 05fe 82000000 		.4byte	.LVL87
 6468 0602 0100     		.2byte	0x1
 6469 0604 56       		.byte	0x56
 6470 0605 00000000 		.4byte	0
 6471 0609 00000000 		.4byte	0
 6472              	.LLST25:
 6473 060d 18000000 		.4byte	.LVL74
 6474 0611 5C000000 		.4byte	.LVL79
 6475 0615 0100     		.2byte	0x1
 6476 0617 54       		.byte	0x54
 6477 0618 5E000000 		.4byte	.LVL80
 6478 061c 60000000 		.4byte	.LVL81
 6479 0620 0100     		.2byte	0x1
 6480 0622 54       		.byte	0x54
 6481 0623 62000000 		.4byte	.LVL82
 6482 0627 76000000 		.4byte	.LVL85
 6483 062b 0100     		.2byte	0x1
 6484 062d 54       		.byte	0x54
 6485 062e 00000000 		.4byte	0
 6486 0632 00000000 		.4byte	0
 6487              	.LLST26:
 6488 0636 06000000 		.4byte	.LVL73
 6489 063a 18000000 		.4byte	.LVL74
 6490 063e 0200     		.2byte	0x2
 6491 0640 30       		.byte	0x30
 6492 0641 9F       		.byte	0x9f
 6493 0642 18000000 		.4byte	.LVL74
 6494 0646 32000000 		.4byte	.LVL75
 6495 064a 0100     		.2byte	0x1
 6496 064c 51       		.byte	0x51
 6497 064d 58000000 		.4byte	.LVL77
 6498 0651 5A000000 		.4byte	.LVL78
 6499 0655 0200     		.2byte	0x2
 6500 0657 31       		.byte	0x31
 6501 0658 9F       		.byte	0x9f
 6502 0659 5A000000 		.4byte	.LVL78
 6503 065d 76000000 		.4byte	.LVL85
 6504 0661 0100     		.2byte	0x1
 6505 0663 51       		.byte	0x51
 6506 0664 76000000 		.4byte	.LVL85
 6507 0668 7A000000 		.4byte	.LVL86
 6508 066c 0200     		.2byte	0x2
 6509 066e 30       		.byte	0x30
 6510 066f 9F       		.byte	0x9f
 6511 0670 7A000000 		.4byte	.LVL86
 6512 0674 82000000 		.4byte	.LVL87
 6513 0678 0100     		.2byte	0x1
 6514 067a 51       		.byte	0x51
 6515 067b 00000000 		.4byte	0
 6516 067f 00000000 		.4byte	0
 6517              	.LLST27:
ARM GAS  C:\Users\ARTEM\AppData\Local\Temp\ccuSJ5wi.s 			page 138


 6518 0683 0E000000 		.4byte	.LVL89
 6519 0687 40000000 		.4byte	.LVL98
 6520 068b 0200     		.2byte	0x2
 6521 068d 30       		.byte	0x30
 6522 068e 9F       		.byte	0x9f
 6523 068f 40000000 		.4byte	.LVL98
 6524 0693 5E000000 		.4byte	.LVL99
 6525 0697 0100     		.2byte	0x1
 6526 0699 50       		.byte	0x50
 6527 069a 70000000 		.4byte	.LVL100
 6528 069e 74000000 		.4byte	.LVL101
 6529 06a2 0100     		.2byte	0x1
 6530 06a4 50       		.byte	0x50
 6531 06a5 76000000 		.4byte	.LVL102
 6532 06a9 78000000 		.4byte	.LVL103
 6533 06ad 0100     		.2byte	0x1
 6534 06af 50       		.byte	0x50
 6535 06b0 7A000000 		.4byte	.LVL104
 6536 06b4 BE000000 		.4byte	.LVL116
 6537 06b8 0100     		.2byte	0x1
 6538 06ba 50       		.byte	0x50
 6539 06bb D2000000 		.4byte	.LVL117
 6540 06bf DA000000 		.4byte	.LVL118
 6541 06c3 0100     		.2byte	0x1
 6542 06c5 50       		.byte	0x50
 6543 06c6 FE000000 		.4byte	.LVL119
 6544 06ca 04010000 		.4byte	.LVL120
 6545 06ce 0100     		.2byte	0x1
 6546 06d0 50       		.byte	0x50
 6547 06d1 04010000 		.4byte	.LVL120
 6548 06d5 2C010000 		.4byte	.LVL123
 6549 06d9 0300     		.2byte	0x3
 6550 06db 91       		.byte	0x91
 6551 06dc A07F     		.sleb128 -96
 6552 06de 2C010000 		.4byte	.LVL123
 6553 06e2 32010000 		.4byte	.LVL124
 6554 06e6 0100     		.2byte	0x1
 6555 06e8 50       		.byte	0x50
 6556 06e9 32010000 		.4byte	.LVL124
 6557 06ed 58010000 		.4byte	.LVL127
 6558 06f1 0300     		.2byte	0x3
 6559 06f3 91       		.byte	0x91
 6560 06f4 A07F     		.sleb128 -96
 6561 06f6 58010000 		.4byte	.LVL127
 6562 06fa 6E010000 		.4byte	.LVL128
 6563 06fe 0100     		.2byte	0x1
 6564 0700 50       		.byte	0x50
 6565 0701 82010000 		.4byte	.LVL129
 6566 0705 C2010000 		.4byte	.LVL138
 6567 0709 0100     		.2byte	0x1
 6568 070b 50       		.byte	0x50
 6569 070c C2010000 		.4byte	.LVL138
 6570 0710 D0010000 		.4byte	.LVL139
 6571 0714 0200     		.2byte	0x2
 6572 0716 30       		.byte	0x30
 6573 0717 9F       		.byte	0x9f
 6574 0718 D0010000 		.4byte	.LVL139
ARM GAS  C:\Users\ARTEM\AppData\Local\Temp\ccuSJ5wi.s 			page 139


 6575 071c E2010000 		.4byte	.LVL140
 6576 0720 0100     		.2byte	0x1
 6577 0722 50       		.byte	0x50
 6578 0723 F8010000 		.4byte	.LVL141
 6579 0727 14020000 		.4byte	.LFE12
 6580 072b 0100     		.2byte	0x1
 6581 072d 50       		.byte	0x50
 6582 072e 00000000 		.4byte	0
 6583 0732 00000000 		.4byte	0
 6584              	.LLST28:
 6585 0736 98010000 		.4byte	.LVL133
 6586 073a A2010000 		.4byte	.LVL134
 6587 073e 0100     		.2byte	0x1
 6588 0740 57       		.byte	0x57
 6589 0741 C0010000 		.4byte	.LVL137
 6590 0745 C2010000 		.4byte	.LVL138
 6591 0749 0100     		.2byte	0x1
 6592 074b 57       		.byte	0x57
 6593 074c D0010000 		.4byte	.LVL139
 6594 0750 F8010000 		.4byte	.LVL141
 6595 0754 0100     		.2byte	0x1
 6596 0756 57       		.byte	0x57
 6597 0757 00000000 		.4byte	0
 6598 075b 00000000 		.4byte	0
 6599              	.LLST29:
 6600 075f 40000000 		.4byte	.LVL98
 6601 0763 9C000000 		.4byte	.LVL110
 6602 0767 0100     		.2byte	0x1
 6603 0769 54       		.byte	0x54
 6604 076a 9E000000 		.4byte	.LVL111
 6605 076e A0000000 		.4byte	.LVL112
 6606 0772 0100     		.2byte	0x1
 6607 0774 54       		.byte	0x54
 6608 0775 A4000000 		.4byte	.LVL113
 6609 0779 BA000000 		.4byte	.LVL115
 6610 077d 0100     		.2byte	0x1
 6611 077f 54       		.byte	0x54
 6612 0780 58010000 		.4byte	.LVL127
 6613 0784 8E010000 		.4byte	.LVL130
 6614 0788 0100     		.2byte	0x1
 6615 078a 54       		.byte	0x54
 6616 078b 00000000 		.4byte	0
 6617 078f 00000000 		.4byte	0
 6618              	.LLST30:
 6619 0793 8A000000 		.4byte	.LVL106
 6620 0797 9A000000 		.4byte	.LVL109
 6621 079b 0100     		.2byte	0x1
 6622 079d 53       		.byte	0x53
 6623 079e 00000000 		.4byte	0
 6624 07a2 00000000 		.4byte	0
 6625              	.LLST31:
 6626 07a6 40000000 		.4byte	.LVL98
 6627 07aa B0000000 		.4byte	.LVL114
 6628 07ae 0100     		.2byte	0x1
 6629 07b0 5A       		.byte	0x5a
 6630 07b1 B0000000 		.4byte	.LVL114
 6631 07b5 98010000 		.4byte	.LVL133
ARM GAS  C:\Users\ARTEM\AppData\Local\Temp\ccuSJ5wi.s 			page 140


 6632 07b9 0200     		.2byte	0x2
 6633 07bb 7D       		.byte	0x7d
 6634 07bc 00       		.sleb128 0
 6635 07bd A2010000 		.4byte	.LVL134
 6636 07c1 C2010000 		.4byte	.LVL138
 6637 07c5 0100     		.2byte	0x1
 6638 07c7 5A       		.byte	0x5a
 6639 07c8 00000000 		.4byte	0
 6640 07cc 00000000 		.4byte	0
 6641              	.LLST32:
 6642 07d0 0E000000 		.4byte	.LVL89
 6643 07d4 40000000 		.4byte	.LVL98
 6644 07d8 0300     		.2byte	0x3
 6645 07da 09       		.byte	0x9
 6646 07db FF       		.byte	0xff
 6647 07dc 9F       		.byte	0x9f
 6648 07dd 40000000 		.4byte	.LVL98
 6649 07e1 96000000 		.4byte	.LVL108
 6650 07e5 0200     		.2byte	0x2
 6651 07e7 7D       		.byte	0x7d
 6652 07e8 00       		.sleb128 0
 6653 07e9 96000000 		.4byte	.LVL108
 6654 07ed 9A000000 		.4byte	.LVL109
 6655 07f1 0100     		.2byte	0x1
 6656 07f3 53       		.byte	0x53
 6657 07f4 9A000000 		.4byte	.LVL109
 6658 07f8 C2010000 		.4byte	.LVL138
 6659 07fc 0200     		.2byte	0x2
 6660 07fe 7D       		.byte	0x7d
 6661 07ff 00       		.sleb128 0
 6662 0800 C2010000 		.4byte	.LVL138
 6663 0804 D0010000 		.4byte	.LVL139
 6664 0808 0300     		.2byte	0x3
 6665 080a 09       		.byte	0x9
 6666 080b FF       		.byte	0xff
 6667 080c 9F       		.byte	0x9f
 6668 080d D0010000 		.4byte	.LVL139
 6669 0811 F8010000 		.4byte	.LVL141
 6670 0815 0200     		.2byte	0x2
 6671 0817 7D       		.byte	0x7d
 6672 0818 00       		.sleb128 0
 6673 0819 00000000 		.4byte	0
 6674 081d 00000000 		.4byte	0
 6675              	.LLST33:
 6676 0821 40000000 		.4byte	.LVL98
 6677 0825 92000000 		.4byte	.LVL107
 6678 0829 0100     		.2byte	0x1
 6679 082b 56       		.byte	0x56
 6680 082c 92000000 		.4byte	.LVL107
 6681 0830 9A000000 		.4byte	.LVL109
 6682 0834 0100     		.2byte	0x1
 6683 0836 53       		.byte	0x53
 6684 0837 9A000000 		.4byte	.LVL109
 6685 083b A0000000 		.4byte	.LVL112
 6686 083f 0100     		.2byte	0x1
 6687 0841 56       		.byte	0x56
 6688 0842 A4000000 		.4byte	.LVL113
ARM GAS  C:\Users\ARTEM\AppData\Local\Temp\ccuSJ5wi.s 			page 141


 6689 0846 04010000 		.4byte	.LVL120
 6690 084a 0100     		.2byte	0x1
 6691 084c 56       		.byte	0x56
 6692 084d 2C010000 		.4byte	.LVL123
 6693 0851 32010000 		.4byte	.LVL124
 6694 0855 0100     		.2byte	0x1
 6695 0857 56       		.byte	0x56
 6696 0858 58010000 		.4byte	.LVL127
 6697 085c 8E010000 		.4byte	.LVL130
 6698 0860 0100     		.2byte	0x1
 6699 0862 56       		.byte	0x56
 6700 0863 00000000 		.4byte	0
 6701 0867 00000000 		.4byte	0
 6702              	.LLST34:
 6703 086b 40000000 		.4byte	.LVL98
 6704 086f 98010000 		.4byte	.LVL133
 6705 0873 0100     		.2byte	0x1
 6706 0875 5B       		.byte	0x5b
 6707 0876 A2010000 		.4byte	.LVL134
 6708 087a C2010000 		.4byte	.LVL138
 6709 087e 0100     		.2byte	0x1
 6710 0880 5B       		.byte	0x5b
 6711 0881 00000000 		.4byte	0
 6712 0885 00000000 		.4byte	0
 6713              	.LLST35:
 6714 0889 40000000 		.4byte	.LVL98
 6715 088d 90010000 		.4byte	.LVL131
 6716 0891 0100     		.2byte	0x1
 6717 0893 57       		.byte	0x57
 6718 0894 92010000 		.4byte	.LVL132
 6719 0898 98010000 		.4byte	.LVL133
 6720 089c 0100     		.2byte	0x1
 6721 089e 57       		.byte	0x57
 6722 089f A2010000 		.4byte	.LVL134
 6723 08a3 B4010000 		.4byte	.LVL135
 6724 08a7 0100     		.2byte	0x1
 6725 08a9 57       		.byte	0x57
 6726 08aa 00000000 		.4byte	0
 6727 08ae 00000000 		.4byte	0
 6728              	.LLST36:
 6729 08b2 0E000000 		.4byte	.LVL89
 6730 08b6 40000000 		.4byte	.LVL98
 6731 08ba 0200     		.2byte	0x2
 6732 08bc 30       		.byte	0x30
 6733 08bd 9F       		.byte	0x9f
 6734 08be 40000000 		.4byte	.LVL98
 6735 08c2 C2010000 		.4byte	.LVL138
 6736 08c6 0100     		.2byte	0x1
 6737 08c8 59       		.byte	0x59
 6738 08c9 C2010000 		.4byte	.LVL138
 6739 08cd D0010000 		.4byte	.LVL139
 6740 08d1 0200     		.2byte	0x2
 6741 08d3 30       		.byte	0x30
 6742 08d4 9F       		.byte	0x9f
 6743 08d5 D0010000 		.4byte	.LVL139
 6744 08d9 F8010000 		.4byte	.LVL141
 6745 08dd 0100     		.2byte	0x1
ARM GAS  C:\Users\ARTEM\AppData\Local\Temp\ccuSJ5wi.s 			page 142


 6746 08df 59       		.byte	0x59
 6747 08e0 00000000 		.4byte	0
 6748 08e4 00000000 		.4byte	0
 6749              	.LLST37:
 6750 08e8 0E000000 		.4byte	.LVL89
 6751 08ec 40000000 		.4byte	.LVL98
 6752 08f0 0200     		.2byte	0x2
 6753 08f2 30       		.byte	0x30
 6754 08f3 9F       		.byte	0x9f
 6755 08f4 40000000 		.4byte	.LVL98
 6756 08f8 C2010000 		.4byte	.LVL138
 6757 08fc 0300     		.2byte	0x3
 6758 08fe 91       		.byte	0x91
 6759 08ff 9C7F     		.sleb128 -100
 6760 0901 C2010000 		.4byte	.LVL138
 6761 0905 D0010000 		.4byte	.LVL139
 6762 0909 0200     		.2byte	0x2
 6763 090b 30       		.byte	0x30
 6764 090c 9F       		.byte	0x9f
 6765 090d D0010000 		.4byte	.LVL139
 6766 0911 F8010000 		.4byte	.LVL141
 6767 0915 0300     		.2byte	0x3
 6768 0917 91       		.byte	0x91
 6769 0918 9C7F     		.sleb128 -100
 6770 091a 00000000 		.4byte	0
 6771 091e 00000000 		.4byte	0
 6772              	.LLST38:
 6773 0922 0E000000 		.4byte	.LVL89
 6774 0926 12000000 		.4byte	.LVL90
 6775 092a 0200     		.2byte	0x2
 6776 092c 30       		.byte	0x30
 6777 092d 9F       		.byte	0x9f
 6778 092e 12000000 		.4byte	.LVL90
 6779 0932 1A000000 		.4byte	.LVL91
 6780 0936 0100     		.2byte	0x1
 6781 0938 53       		.byte	0x53
 6782 0939 1C000000 		.4byte	.LVL92
 6783 093d 22000000 		.4byte	.LVL93
 6784 0941 0100     		.2byte	0x1
 6785 0943 53       		.byte	0x53
 6786 0944 24000000 		.4byte	.LVL94
 6787 0948 2C000000 		.4byte	.LVL95
 6788 094c 0100     		.2byte	0x1
 6789 094e 53       		.byte	0x53
 6790 094f 2E000000 		.4byte	.LVL96
 6791 0953 34000000 		.4byte	.LVL97
 6792 0957 0100     		.2byte	0x1
 6793 0959 53       		.byte	0x53
 6794 095a 04010000 		.4byte	.LVL120
 6795 095e 28010000 		.4byte	.LVL121
 6796 0962 0100     		.2byte	0x1
 6797 0964 51       		.byte	0x51
 6798 0965 2A010000 		.4byte	.LVL122
 6799 0969 2C010000 		.4byte	.LVL123
 6800 096d 0100     		.2byte	0x1
 6801 096f 51       		.byte	0x51
 6802 0970 32010000 		.4byte	.LVL124
ARM GAS  C:\Users\ARTEM\AppData\Local\Temp\ccuSJ5wi.s 			page 143


 6803 0974 58010000 		.4byte	.LVL127
 6804 0978 0100     		.2byte	0x1
 6805 097a 51       		.byte	0x51
 6806 097b 00000000 		.4byte	0
 6807 097f 00000000 		.4byte	0
 6808              	.LLST39:
 6809 0983 00000000 		.4byte	.LVL143
 6810 0987 22000000 		.4byte	.LVL146
 6811 098b 0100     		.2byte	0x1
 6812 098d 50       		.byte	0x50
 6813 098e 22000000 		.4byte	.LVL146
 6814 0992 18020000 		.4byte	.LVL196
 6815 0996 0100     		.2byte	0x1
 6816 0998 5A       		.byte	0x5a
 6817 0999 18020000 		.4byte	.LVL196
 6818 099d 22020000 		.4byte	.LVL197
 6819 09a1 0100     		.2byte	0x1
 6820 09a3 50       		.byte	0x50
 6821 09a4 22020000 		.4byte	.LVL197
 6822 09a8 50020000 		.4byte	.LVL204
 6823 09ac 0100     		.2byte	0x1
 6824 09ae 5A       		.byte	0x5a
 6825 09af 50020000 		.4byte	.LVL204
 6826 09b3 78020000 		.4byte	.LFE4
 6827 09b7 0400     		.2byte	0x4
 6828 09b9 F3       		.byte	0xf3
 6829 09ba 01       		.uleb128 0x1
 6830 09bb 50       		.byte	0x50
 6831 09bc 9F       		.byte	0x9f
 6832 09bd 00000000 		.4byte	0
 6833 09c1 00000000 		.4byte	0
 6834              	.LLST40:
 6835 09c5 22000000 		.4byte	.LVL146
 6836 09c9 18020000 		.4byte	.LVL196
 6837 09cd 0100     		.2byte	0x1
 6838 09cf 59       		.byte	0x59
 6839 09d0 22020000 		.4byte	.LVL197
 6840 09d4 32020000 		.4byte	.LVL198
 6841 09d8 0100     		.2byte	0x1
 6842 09da 59       		.byte	0x59
 6843 09db 00000000 		.4byte	0
 6844 09df 00000000 		.4byte	0
 6845              	.LLST41:
 6846 09e3 36000000 		.4byte	.LVL147
 6847 09e7 FC010000 		.4byte	.LVL190
 6848 09eb 0100     		.2byte	0x1
 6849 09ed 55       		.byte	0x55
 6850 09ee FE010000 		.4byte	.LVL191
 6851 09f2 00020000 		.4byte	.LVL192
 6852 09f6 0100     		.2byte	0x1
 6853 09f8 55       		.byte	0x55
 6854 09f9 02020000 		.4byte	.LVL193
 6855 09fd 0E020000 		.4byte	.LVL194
 6856 0a01 0100     		.2byte	0x1
 6857 0a03 55       		.byte	0x55
 6858 0a04 00000000 		.4byte	0
 6859 0a08 00000000 		.4byte	0
ARM GAS  C:\Users\ARTEM\AppData\Local\Temp\ccuSJ5wi.s 			page 144


 6860              	.LLST42:
 6861 0a0c 10000000 		.4byte	.LVL144
 6862 0a10 22000000 		.4byte	.LVL146
 6863 0a14 0200     		.2byte	0x2
 6864 0a16 30       		.byte	0x30
 6865 0a17 9F       		.byte	0x9f
 6866 0a18 22000000 		.4byte	.LVL146
 6867 0a1c 52010000 		.4byte	.LVL170
 6868 0a20 0100     		.2byte	0x1
 6869 0a22 57       		.byte	0x57
 6870 0a23 54010000 		.4byte	.LVL171
 6871 0a27 56010000 		.4byte	.LVL172
 6872 0a2b 0100     		.2byte	0x1
 6873 0a2d 57       		.byte	0x57
 6874 0a2e 58010000 		.4byte	.LVL173
 6875 0a32 5A010000 		.4byte	.LVL174
 6876 0a36 0100     		.2byte	0x1
 6877 0a38 57       		.byte	0x57
 6878 0a39 5C010000 		.4byte	.LVL175
 6879 0a3d 78010000 		.4byte	.LVL178
 6880 0a41 0100     		.2byte	0x1
 6881 0a43 57       		.byte	0x57
 6882 0a44 78010000 		.4byte	.LVL178
 6883 0a48 A2010000 		.4byte	.LVL179
 6884 0a4c 0100     		.2byte	0x1
 6885 0a4e 50       		.byte	0x50
 6886 0a4f A2010000 		.4byte	.LVL179
 6887 0a53 A8010000 		.4byte	.LVL181
 6888 0a57 0100     		.2byte	0x1
 6889 0a59 57       		.byte	0x57
 6890 0a5a A8010000 		.4byte	.LVL181
 6891 0a5e CA010000 		.4byte	.LVL182
 6892 0a62 0100     		.2byte	0x1
 6893 0a64 50       		.byte	0x50
 6894 0a65 CA010000 		.4byte	.LVL182
 6895 0a69 DE010000 		.4byte	.LVL185
 6896 0a6d 0100     		.2byte	0x1
 6897 0a6f 57       		.byte	0x57
 6898 0a70 DE010000 		.4byte	.LVL185
 6899 0a74 EC010000 		.4byte	.LVL188
 6900 0a78 0100     		.2byte	0x1
 6901 0a7a 50       		.byte	0x50
 6902 0a7b EC010000 		.4byte	.LVL188
 6903 0a7f 18020000 		.4byte	.LVL196
 6904 0a83 0100     		.2byte	0x1
 6905 0a85 57       		.byte	0x57
 6906 0a86 18020000 		.4byte	.LVL196
 6907 0a8a 22020000 		.4byte	.LVL197
 6908 0a8e 0200     		.2byte	0x2
 6909 0a90 30       		.byte	0x30
 6910 0a91 9F       		.byte	0x9f
 6911 0a92 22020000 		.4byte	.LVL197
 6912 0a96 50020000 		.4byte	.LVL203
 6913 0a9a 0100     		.2byte	0x1
 6914 0a9c 57       		.byte	0x57
 6915 0a9d 00000000 		.4byte	0
 6916 0aa1 00000000 		.4byte	0
ARM GAS  C:\Users\ARTEM\AppData\Local\Temp\ccuSJ5wi.s 			page 145


 6917              	.LLST43:
 6918 0aa5 12000000 		.4byte	.LVL145
 6919 0aa9 50020000 		.4byte	.LVL202
 6920 0aad 0100     		.2byte	0x1
 6921 0aaf 56       		.byte	0x56
 6922 0ab0 00000000 		.4byte	0
 6923 0ab4 00000000 		.4byte	0
 6924              	.LLST44:
 6925 0ab8 10000000 		.4byte	.LVL144
 6926 0abc 22000000 		.4byte	.LVL146
 6927 0ac0 0200     		.2byte	0x2
 6928 0ac2 30       		.byte	0x30
 6929 0ac3 9F       		.byte	0x9f
 6930 0ac4 22000000 		.4byte	.LVL146
 6931 0ac8 50000000 		.4byte	.LVL149
 6932 0acc 0100     		.2byte	0x1
 6933 0ace 54       		.byte	0x54
 6934 0acf 50000000 		.4byte	.LVL149
 6935 0ad3 54000000 		.4byte	.LVL150
 6936 0ad7 0200     		.2byte	0x2
 6937 0ad9 31       		.byte	0x31
 6938 0ada 9F       		.byte	0x9f
 6939 0adb 54000000 		.4byte	.LVL150
 6940 0adf 6C000000 		.4byte	.LVL153
 6941 0ae3 0100     		.2byte	0x1
 6942 0ae5 54       		.byte	0x54
 6943 0ae6 6C000000 		.4byte	.LVL153
 6944 0aea 6E000000 		.4byte	.LVL154
 6945 0aee 0200     		.2byte	0x2
 6946 0af0 32       		.byte	0x32
 6947 0af1 9F       		.byte	0x9f
 6948 0af2 6E000000 		.4byte	.LVL154
 6949 0af6 18020000 		.4byte	.LVL196
 6950 0afa 0100     		.2byte	0x1
 6951 0afc 54       		.byte	0x54
 6952 0afd 18020000 		.4byte	.LVL196
 6953 0b01 22020000 		.4byte	.LVL197
 6954 0b05 0200     		.2byte	0x2
 6955 0b07 30       		.byte	0x30
 6956 0b08 9F       		.byte	0x9f
 6957 0b09 22020000 		.4byte	.LVL197
 6958 0b0d 50020000 		.4byte	.LVL201
 6959 0b11 0100     		.2byte	0x1
 6960 0b13 54       		.byte	0x54
 6961 0b14 00000000 		.4byte	0
 6962 0b18 00000000 		.4byte	0
 6963              	.LLST45:
 6964 0b1c 44000000 		.4byte	.LVL148
 6965 0b20 B7000000 		.4byte	.LVL158-1
 6966 0b24 0100     		.2byte	0x1
 6967 0b26 51       		.byte	0x51
 6968 0b27 B7000000 		.4byte	.LVL158-1
 6969 0b2b DE000000 		.4byte	.LVL162
 6970 0b2f 1100     		.2byte	0x11
 6971 0b31 75       		.byte	0x75
 6972 0b32 00       		.sleb128 0
 6973 0b33 34       		.byte	0x34
ARM GAS  C:\Users\ARTEM\AppData\Local\Temp\ccuSJ5wi.s 			page 146


 6974 0b34 24       		.byte	0x24
 6975 0b35 78       		.byte	0x78
 6976 0b36 00       		.sleb128 0
 6977 0b37 32       		.byte	0x32
 6978 0b38 24       		.byte	0x24
 6979 0b39 03       		.byte	0x3
 6980 0b3a 04000000 		.4byte	.LANCHOR2+4
 6981 0b3e 22       		.byte	0x22
 6982 0b3f 06       		.byte	0x6
 6983 0b40 22       		.byte	0x22
 6984 0b41 9F       		.byte	0x9f
 6985 0b42 DE000000 		.4byte	.LVL162
 6986 0b46 E9000000 		.4byte	.LVL163-1
 6987 0b4a 0100     		.2byte	0x1
 6988 0b4c 51       		.byte	0x51
 6989 0b4d E9000000 		.4byte	.LVL163-1
 6990 0b51 10010000 		.4byte	.LVL167
 6991 0b55 1100     		.2byte	0x11
 6992 0b57 75       		.byte	0x75
 6993 0b58 00       		.sleb128 0
 6994 0b59 34       		.byte	0x34
 6995 0b5a 24       		.byte	0x24
 6996 0b5b 78       		.byte	0x78
 6997 0b5c 00       		.sleb128 0
 6998 0b5d 32       		.byte	0x32
 6999 0b5e 24       		.byte	0x24
 7000 0b5f 03       		.byte	0x3
 7001 0b60 04000000 		.4byte	.LANCHOR2+4
 7002 0b64 22       		.byte	0x22
 7003 0b65 06       		.byte	0x6
 7004 0b66 22       		.byte	0x22
 7005 0b67 9F       		.byte	0x9f
 7006 0b68 10010000 		.4byte	.LVL167
 7007 0b6c 16010000 		.4byte	.LVL168
 7008 0b70 0100     		.2byte	0x1
 7009 0b72 51       		.byte	0x51
 7010 0b73 16010000 		.4byte	.LVL168
 7011 0b77 38010000 		.4byte	.LVL169
 7012 0b7b 1100     		.2byte	0x11
 7013 0b7d 75       		.byte	0x75
 7014 0b7e 00       		.sleb128 0
 7015 0b7f 34       		.byte	0x34
 7016 0b80 24       		.byte	0x24
 7017 0b81 78       		.byte	0x78
 7018 0b82 00       		.sleb128 0
 7019 0b83 32       		.byte	0x32
 7020 0b84 24       		.byte	0x24
 7021 0b85 03       		.byte	0x3
 7022 0b86 04000000 		.4byte	.LANCHOR2+4
 7023 0b8a 22       		.byte	0x22
 7024 0b8b 06       		.byte	0x6
 7025 0b8c 22       		.byte	0x22
 7026 0b8d 9F       		.byte	0x9f
 7027 0b8e 38010000 		.4byte	.LVL169
 7028 0b92 54010000 		.4byte	.LVL171
 7029 0b96 0100     		.2byte	0x1
 7030 0b98 51       		.byte	0x51
ARM GAS  C:\Users\ARTEM\AppData\Local\Temp\ccuSJ5wi.s 			page 147


 7031 0b99 54010000 		.4byte	.LVL171
 7032 0b9d 58010000 		.4byte	.LVL173
 7033 0ba1 1100     		.2byte	0x11
 7034 0ba3 75       		.byte	0x75
 7035 0ba4 00       		.sleb128 0
 7036 0ba5 34       		.byte	0x34
 7037 0ba6 24       		.byte	0x24
 7038 0ba7 78       		.byte	0x78
 7039 0ba8 00       		.sleb128 0
 7040 0ba9 32       		.byte	0x32
 7041 0baa 24       		.byte	0x24
 7042 0bab 03       		.byte	0x3
 7043 0bac 04000000 		.4byte	.LANCHOR2+4
 7044 0bb0 22       		.byte	0x22
 7045 0bb1 06       		.byte	0x6
 7046 0bb2 22       		.byte	0x22
 7047 0bb3 9F       		.byte	0x9f
 7048 0bb4 58010000 		.4byte	.LVL173
 7049 0bb8 5E010000 		.4byte	.LVL176
 7050 0bbc 0100     		.2byte	0x1
 7051 0bbe 51       		.byte	0x51
 7052 0bbf 5E010000 		.4byte	.LVL176
 7053 0bc3 FC010000 		.4byte	.LVL190
 7054 0bc7 1100     		.2byte	0x11
 7055 0bc9 75       		.byte	0x75
 7056 0bca 00       		.sleb128 0
 7057 0bcb 34       		.byte	0x34
 7058 0bcc 24       		.byte	0x24
 7059 0bcd 78       		.byte	0x78
 7060 0bce 00       		.sleb128 0
 7061 0bcf 32       		.byte	0x32
 7062 0bd0 24       		.byte	0x24
 7063 0bd1 03       		.byte	0x3
 7064 0bd2 04000000 		.4byte	.LANCHOR2+4
 7065 0bd6 22       		.byte	0x22
 7066 0bd7 06       		.byte	0x6
 7067 0bd8 22       		.byte	0x22
 7068 0bd9 9F       		.byte	0x9f
 7069 0bda FC010000 		.4byte	.LVL190
 7070 0bde FE010000 		.4byte	.LVL191
 7071 0be2 1100     		.2byte	0x11
 7072 0be4 75       		.byte	0x75
 7073 0be5 7F       		.sleb128 -1
 7074 0be6 34       		.byte	0x34
 7075 0be7 24       		.byte	0x24
 7076 0be8 78       		.byte	0x78
 7077 0be9 00       		.sleb128 0
 7078 0bea 32       		.byte	0x32
 7079 0beb 24       		.byte	0x24
 7080 0bec 03       		.byte	0x3
 7081 0bed 04000000 		.4byte	.LANCHOR2+4
 7082 0bf1 22       		.byte	0x22
 7083 0bf2 06       		.byte	0x6
 7084 0bf3 22       		.byte	0x22
 7085 0bf4 9F       		.byte	0x9f
 7086 0bf5 00000000 		.4byte	0
 7087 0bf9 00000000 		.4byte	0
ARM GAS  C:\Users\ARTEM\AppData\Local\Temp\ccuSJ5wi.s 			page 148


 7088              	.LLST46:
 7089 0bfd 10000000 		.4byte	.LVL144
 7090 0c01 22000000 		.4byte	.LVL146
 7091 0c05 0200     		.2byte	0x2
 7092 0c07 30       		.byte	0x30
 7093 0c08 9F       		.byte	0x9f
 7094 0c09 22000000 		.4byte	.LVL146
 7095 0c0d C2000000 		.4byte	.LVL159
 7096 0c11 0100     		.2byte	0x1
 7097 0c13 5B       		.byte	0x5b
 7098 0c14 C4000000 		.4byte	.LVL160
 7099 0c18 F4000000 		.4byte	.LVL164
 7100 0c1c 0100     		.2byte	0x1
 7101 0c1e 5B       		.byte	0x5b
 7102 0c1f F6000000 		.4byte	.LVL165
 7103 0c23 E4010000 		.4byte	.LVL186
 7104 0c27 0100     		.2byte	0x1
 7105 0c29 5B       		.byte	0x5b
 7106 0c2a E4010000 		.4byte	.LVL186
 7107 0c2e E6010000 		.4byte	.LVL187
 7108 0c32 0100     		.2byte	0x1
 7109 0c34 53       		.byte	0x53
 7110 0c35 E6010000 		.4byte	.LVL187
 7111 0c39 18020000 		.4byte	.LVL196
 7112 0c3d 0100     		.2byte	0x1
 7113 0c3f 5B       		.byte	0x5b
 7114 0c40 18020000 		.4byte	.LVL196
 7115 0c44 22020000 		.4byte	.LVL197
 7116 0c48 0200     		.2byte	0x2
 7117 0c4a 30       		.byte	0x30
 7118 0c4b 9F       		.byte	0x9f
 7119 0c4c 22020000 		.4byte	.LVL197
 7120 0c50 32020000 		.4byte	.LVL198
 7121 0c54 0100     		.2byte	0x1
 7122 0c56 5B       		.byte	0x5b
 7123 0c57 00000000 		.4byte	0
 7124 0c5b 00000000 		.4byte	0
 7125              	.LLST47:
 7126 0c5f 5A000000 		.4byte	.LVL151
 7127 0c63 5E000000 		.4byte	.LVL152
 7128 0c67 0200     		.2byte	0x2
 7129 0c69 30       		.byte	0x30
 7130 0c6a 9F       		.byte	0x9f
 7131 0c6b 5E000000 		.4byte	.LVL152
 7132 0c6f 70000000 		.4byte	.LVL155
 7133 0c73 0100     		.2byte	0x1
 7134 0c75 53       		.byte	0x53
 7135 0c76 72000000 		.4byte	.LVL156
 7136 0c7a 7A000000 		.4byte	.LVL157
 7137 0c7e 0100     		.2byte	0x1
 7138 0c80 53       		.byte	0x53
 7139 0c81 00000000 		.4byte	0
 7140 0c85 00000000 		.4byte	0
 7141              	.LLST48:
 7142 0c89 00000000 		.4byte	.LVL205
 7143 0c8d 12000000 		.4byte	.LVL207
 7144 0c91 0100     		.2byte	0x1
ARM GAS  C:\Users\ARTEM\AppData\Local\Temp\ccuSJ5wi.s 			page 149


 7145 0c93 50       		.byte	0x50
 7146 0c94 12000000 		.4byte	.LVL207
 7147 0c98 42000000 		.4byte	.LVL213
 7148 0c9c 0400     		.2byte	0x4
 7149 0c9e F3       		.byte	0xf3
 7150 0c9f 01       		.uleb128 0x1
 7151 0ca0 50       		.byte	0x50
 7152 0ca1 9F       		.byte	0x9f
 7153 0ca2 42000000 		.4byte	.LVL213
 7154 0ca6 4A000000 		.4byte	.LVL214
 7155 0caa 0100     		.2byte	0x1
 7156 0cac 50       		.byte	0x50
 7157 0cad 4A000000 		.4byte	.LVL214
 7158 0cb1 6C000000 		.4byte	.LFE5
 7159 0cb5 0400     		.2byte	0x4
 7160 0cb7 F3       		.byte	0xf3
 7161 0cb8 01       		.uleb128 0x1
 7162 0cb9 50       		.byte	0x50
 7163 0cba 9F       		.byte	0x9f
 7164 0cbb 00000000 		.4byte	0
 7165 0cbf 00000000 		.4byte	0
 7166              	.LLST49:
 7167 0cc3 00000000 		.4byte	.LVL205
 7168 0cc7 1E000000 		.4byte	.LVL208
 7169 0ccb 0100     		.2byte	0x1
 7170 0ccd 51       		.byte	0x51
 7171 0cce 1E000000 		.4byte	.LVL208
 7172 0cd2 42000000 		.4byte	.LVL213
 7173 0cd6 0400     		.2byte	0x4
 7174 0cd8 F3       		.byte	0xf3
 7175 0cd9 01       		.uleb128 0x1
 7176 0cda 51       		.byte	0x51
 7177 0cdb 9F       		.byte	0x9f
 7178 0cdc 42000000 		.4byte	.LVL213
 7179 0ce0 4E000000 		.4byte	.LVL215
 7180 0ce4 0100     		.2byte	0x1
 7181 0ce6 51       		.byte	0x51
 7182 0ce7 4E000000 		.4byte	.LVL215
 7183 0ceb 6C000000 		.4byte	.LFE5
 7184 0cef 0400     		.2byte	0x4
 7185 0cf1 F3       		.byte	0xf3
 7186 0cf2 01       		.uleb128 0x1
 7187 0cf3 51       		.byte	0x51
 7188 0cf4 9F       		.byte	0x9f
 7189 0cf5 00000000 		.4byte	0
 7190 0cf9 00000000 		.4byte	0
 7191              	.LLST50:
 7192 0cfd 00000000 		.4byte	.LVL205
 7193 0d01 30000000 		.4byte	.LVL210
 7194 0d05 0100     		.2byte	0x1
 7195 0d07 52       		.byte	0x52
 7196 0d08 30000000 		.4byte	.LVL210
 7197 0d0c 42000000 		.4byte	.LVL213
 7198 0d10 0400     		.2byte	0x4
 7199 0d12 F3       		.byte	0xf3
 7200 0d13 01       		.uleb128 0x1
 7201 0d14 52       		.byte	0x52
ARM GAS  C:\Users\ARTEM\AppData\Local\Temp\ccuSJ5wi.s 			page 150


 7202 0d15 9F       		.byte	0x9f
 7203 0d16 42000000 		.4byte	.LVL213
 7204 0d1a 50000000 		.4byte	.LVL216
 7205 0d1e 0100     		.2byte	0x1
 7206 0d20 52       		.byte	0x52
 7207 0d21 50000000 		.4byte	.LVL216
 7208 0d25 6C000000 		.4byte	.LFE5
 7209 0d29 0400     		.2byte	0x4
 7210 0d2b F3       		.byte	0xf3
 7211 0d2c 01       		.uleb128 0x1
 7212 0d2d 52       		.byte	0x52
 7213 0d2e 9F       		.byte	0x9f
 7214 0d2f 00000000 		.4byte	0
 7215 0d33 00000000 		.4byte	0
 7216              	.LLST51:
 7217 0d37 00000000 		.4byte	.LVL205
 7218 0d3b 2E000000 		.4byte	.LVL209
 7219 0d3f 0100     		.2byte	0x1
 7220 0d41 53       		.byte	0x53
 7221 0d42 2E000000 		.4byte	.LVL209
 7222 0d46 35000000 		.4byte	.LVL211-1
 7223 0d4a 0200     		.2byte	0x2
 7224 0d4c 70       		.byte	0x70
 7225 0d4d 00       		.sleb128 0
 7226 0d4e 35000000 		.4byte	.LVL211-1
 7227 0d52 42000000 		.4byte	.LVL213
 7228 0d56 0400     		.2byte	0x4
 7229 0d58 F3       		.byte	0xf3
 7230 0d59 01       		.uleb128 0x1
 7231 0d5a 53       		.byte	0x53
 7232 0d5b 9F       		.byte	0x9f
 7233 0d5c 42000000 		.4byte	.LVL213
 7234 0d60 50000000 		.4byte	.LVL216
 7235 0d64 0100     		.2byte	0x1
 7236 0d66 53       		.byte	0x53
 7237 0d67 50000000 		.4byte	.LVL216
 7238 0d6b 6C000000 		.4byte	.LFE5
 7239 0d6f 0400     		.2byte	0x4
 7240 0d71 F3       		.byte	0xf3
 7241 0d72 01       		.uleb128 0x1
 7242 0d73 53       		.byte	0x53
 7243 0d74 9F       		.byte	0x9f
 7244 0d75 00000000 		.4byte	0
 7245 0d79 00000000 		.4byte	0
 7246              	.LLST52:
 7247 0d7d 04000000 		.4byte	.LVL206
 7248 0d81 40000000 		.4byte	.LVL212
 7249 0d85 0200     		.2byte	0x2
 7250 0d87 31       		.byte	0x31
 7251 0d88 9F       		.byte	0x9f
 7252 0d89 40000000 		.4byte	.LVL212
 7253 0d8d 42000000 		.4byte	.LVL213
 7254 0d91 0200     		.2byte	0x2
 7255 0d93 30       		.byte	0x30
 7256 0d94 9F       		.byte	0x9f
 7257 0d95 42000000 		.4byte	.LVL213
 7258 0d99 50000000 		.4byte	.LVL216
ARM GAS  C:\Users\ARTEM\AppData\Local\Temp\ccuSJ5wi.s 			page 151


 7259 0d9d 0200     		.2byte	0x2
 7260 0d9f 31       		.byte	0x31
 7261 0da0 9F       		.byte	0x9f
 7262 0da1 50000000 		.4byte	.LVL216
 7263 0da5 62000000 		.4byte	.LVL219
 7264 0da9 0100     		.2byte	0x1
 7265 0dab 54       		.byte	0x54
 7266 0dac 00000000 		.4byte	0
 7267 0db0 00000000 		.4byte	0
 7268              		.section	.debug_aranges,"",%progbits
 7269 0000 6C000000 		.4byte	0x6c
 7270 0004 0200     		.2byte	0x2
 7271 0006 00000000 		.4byte	.Ldebug_info0
 7272 000a 04       		.byte	0x4
 7273 000b 00       		.byte	0
 7274 000c 0000     		.2byte	0
 7275 000e 0000     		.2byte	0
 7276 0010 00000000 		.4byte	.LFB3
 7277 0014 0C000000 		.4byte	.LFE3-.LFB3
 7278 0018 00000000 		.4byte	.LFB6
 7279 001c 74000000 		.4byte	.LFE6-.LFB6
 7280 0020 00000000 		.4byte	.LFB7
 7281 0024 90000000 		.4byte	.LFE7-.LFB7
 7282 0028 00000000 		.4byte	.LFB8
 7283 002c 78000000 		.4byte	.LFE8-.LFB8
 7284 0030 00000000 		.4byte	.LFB9
 7285 0034 90000000 		.4byte	.LFE9-.LFB9
 7286 0038 00000000 		.4byte	.LFB10
 7287 003c 98000000 		.4byte	.LFE10-.LFB10
 7288 0040 00000000 		.4byte	.LFB11
 7289 0044 98000000 		.4byte	.LFE11-.LFB11
 7290 0048 00000000 		.4byte	.LFB12
 7291 004c 14020000 		.4byte	.LFE12-.LFB12
 7292 0050 00000000 		.4byte	.LFB2
 7293 0054 08000000 		.4byte	.LFE2-.LFB2
 7294 0058 00000000 		.4byte	.LFB4
 7295 005c 78020000 		.4byte	.LFE4-.LFB4
 7296 0060 00000000 		.4byte	.LFB5
 7297 0064 6C000000 		.4byte	.LFE5-.LFB5
 7298 0068 00000000 		.4byte	0
 7299 006c 00000000 		.4byte	0
 7300              		.section	.debug_ranges,"",%progbits
 7301              	.Ldebug_ranges0:
 7302 0000 34000000 		.4byte	.LBB4
 7303 0004 4C000000 		.4byte	.LBE4
 7304 0008 50000000 		.4byte	.LBB5
 7305 000c 52000000 		.4byte	.LBE5
 7306 0010 00000000 		.4byte	0
 7307 0014 00000000 		.4byte	0
 7308 0018 24000000 		.4byte	.LBB8
 7309 001c 3A000000 		.4byte	.LBE8
 7310 0020 3E000000 		.4byte	.LBB9
 7311 0024 40000000 		.4byte	.LBE9
 7312 0028 00000000 		.4byte	0
 7313 002c 00000000 		.4byte	0
 7314 0030 00000000 		.4byte	.LFB3
 7315 0034 0C000000 		.4byte	.LFE3
ARM GAS  C:\Users\ARTEM\AppData\Local\Temp\ccuSJ5wi.s 			page 152


 7316 0038 00000000 		.4byte	.LFB6
 7317 003c 74000000 		.4byte	.LFE6
 7318 0040 00000000 		.4byte	.LFB7
 7319 0044 90000000 		.4byte	.LFE7
 7320 0048 00000000 		.4byte	.LFB8
 7321 004c 78000000 		.4byte	.LFE8
 7322 0050 00000000 		.4byte	.LFB9
 7323 0054 90000000 		.4byte	.LFE9
 7324 0058 00000000 		.4byte	.LFB10
 7325 005c 98000000 		.4byte	.LFE10
 7326 0060 00000000 		.4byte	.LFB11
 7327 0064 98000000 		.4byte	.LFE11
 7328 0068 00000000 		.4byte	.LFB12
 7329 006c 14020000 		.4byte	.LFE12
 7330 0070 00000000 		.4byte	.LFB2
 7331 0074 08000000 		.4byte	.LFE2
 7332 0078 00000000 		.4byte	.LFB4
 7333 007c 78020000 		.4byte	.LFE4
 7334 0080 00000000 		.4byte	.LFB5
 7335 0084 6C000000 		.4byte	.LFE5
 7336 0088 00000000 		.4byte	0
 7337 008c 00000000 		.4byte	0
 7338              		.section	.debug_line,"",%progbits
 7339              	.Ldebug_line0:
 7340 0000 2C040000 		.section	.debug_str,"MS",%progbits,1
 7340      02000601 
 7340      00000201 
 7340      FB0E0D00 
 7340      01010101 
 7341              	.LASF580:
 7342 0000 4379426C 		.ascii	"CyBle_AiosApplCallback\000"
 7342      655F4169 
 7342      6F734170 
 7342      706C4361 
 7342      6C6C6261 
 7343              	.LASF583:
 7344 0017 6379426C 		.ascii	"cyBle_peerBonding\000"
 7344      655F7065 
 7344      6572426F 
 7344      6E64696E 
 7344      6700
 7345              	.LASF504:
 7346 0029 4359424C 		.ascii	"CYBLE_EVT_UDSC_READ_CHAR_RESPONSE\000"
 7346      455F4556 
 7346      545F5544 
 7346      53435F52 
 7346      4541445F 
 7347              	.LASF462:
 7348 004b 4359424C 		.ascii	"CYBLE_EVT_PLXSC_NOTIFICATION\000"
 7348      455F4556 
 7348      545F504C 
 7348      5853435F 
 7348      4E4F5449 
 7349              	.LASF401:
 7350 0068 4359424C 		.ascii	"CYBLE_EVT_HTSS_NOTIFICATION_DISABLED\000"
 7350      455F4556 
 7350      545F4854 
ARM GAS  C:\Users\ARTEM\AppData\Local\Temp\ccuSJ5wi.s 			page 153


 7350      53535F4E 
 7350      4F544946 
 7351              	.LASF152:
 7352 008d 4359424C 		.ascii	"CYBLE_GATT_ERR_INVALID_CRC\000"
 7352      455F4741 
 7352      54545F45 
 7352      52525F49 
 7352      4E56414C 
 7353              	.LASF586:
 7354 00a8 6379426C 		.ascii	"cyBle_aiossCharInstances\000"
 7354      655F6169 
 7354      6F737343 
 7354      68617249 
 7354      6E737461 
 7355              	.LASF459:
 7356 00c1 4359424C 		.ascii	"CYBLE_EVT_PLXSS_INDICATION_ENABLED\000"
 7356      455F4556 
 7356      545F504C 
 7356      5853535F 
 7356      494E4449 
 7357              	.LASF16:
 7358 00e4 73697A65 		.ascii	"sizetype\000"
 7358      74797065 
 7358      00
 7359              	.LASF282:
 7360 00ed 4359424C 		.ascii	"CYBLE_EVT_BCSC_READ_CHAR_RESPONSE\000"
 7360      455F4556 
 7360      545F4243 
 7360      53435F52 
 7360      4541445F 
 7361              	.LASF173:
 7362 010f 4359424C 		.ascii	"CYBLE_GATTS_HANDLE_VALUE_NTF_T\000"
 7362      455F4741 
 7362      5454535F 
 7362      48414E44 
 7362      4C455F56 
 7363              	.LASF305:
 7364 012e 4359424C 		.ascii	"CYBLE_EVT_CGMSC_INDICATION\000"
 7364      455F4556 
 7364      545F4347 
 7364      4D53435F 
 7364      494E4449 
 7365              	.LASF323:
 7366 0149 4359424C 		.ascii	"CYBLE_EVT_CPSC_READ_DESCR_RESPONSE\000"
 7366      455F4556 
 7366      545F4350 
 7366      53435F52 
 7366      4541445F 
 7367              	.LASF466:
 7368 016c 4359424C 		.ascii	"CYBLE_EVT_PLXSC_READ_DESCR_RESPONSE\000"
 7368      455F4556 
 7368      545F504C 
 7368      5853435F 
 7368      52454144 
 7369              	.LASF481:
 7370 0190 4359424C 		.ascii	"CYBLE_EVT_RTUSS_WRITE_CHAR_CMD\000"
 7370      455F4556 
ARM GAS  C:\Users\ARTEM\AppData\Local\Temp\ccuSJ5wi.s 			page 154


 7370      545F5254 
 7370      5553535F 
 7370      57524954 
 7371              	.LASF217:
 7372 01af 63686172 		.ascii	"charIndex\000"
 7372      496E6465 
 7372      7800
 7373              	.LASF515:
 7374 01b9 4359424C 		.ascii	"CYBLE_EVT_WPTSC_NOTIFICATION\000"
 7374      455F4556 
 7374      545F5750 
 7374      5453435F 
 7374      4E4F5449 
 7375              	.LASF371:
 7376 01d6 4359424C 		.ascii	"CYBLE_EVT_GLSC_WRITE_DESCR_RESPONSE\000"
 7376      455F4556 
 7376      545F474C 
 7376      53435F57 
 7376      52495445 
 7377              	.LASF37:
 7378 01fa 4359424C 		.ascii	"CYBLE_EVT_GAP_NUMERIC_COMPARISON_REQUEST\000"
 7378      455F4556 
 7378      545F4741 
 7378      505F4E55 
 7378      4D455249 
 7379              	.LASF249:
 7380 0223 4359424C 		.ascii	"CYBLE_EVT_AIOSC_NOTIFICATION\000"
 7380      455F4556 
 7380      545F4149 
 7380      4F53435F 
 7380      4E4F5449 
 7381              	.LASF521:
 7382 0240 4359424C 		.ascii	"CYBLE_EVT_WSSS_INDICATION_ENABLED\000"
 7382      455F4556 
 7382      545F5753 
 7382      53535F49 
 7382      4E444943 
 7383              	.LASF321:
 7384 0262 4359424C 		.ascii	"CYBLE_EVT_CPSC_READ_CHAR_RESPONSE\000"
 7384      455F4556 
 7384      545F4350 
 7384      53435F52 
 7384      4541445F 
 7385              	.LASF334:
 7386 0284 4359424C 		.ascii	"CYBLE_EVT_CSCSC_READ_CHAR_RESPONSE\000"
 7386      455F4556 
 7386      545F4353 
 7386      4353435F 
 7386      52454144 
 7387              	.LASF310:
 7388 02a7 4359424C 		.ascii	"CYBLE_EVT_CGMSC_WRITE_DESCR_RESPONSE\000"
 7388      455F4556 
 7388      545F4347 
 7388      4D53435F 
 7388      57524954 
 7389              	.LASF364:
 7390 02cc 4359424C 		.ascii	"CYBLE_EVT_GLSS_NOTIFICATION_DISABLED\000"
ARM GAS  C:\Users\ARTEM\AppData\Local\Temp\ccuSJ5wi.s 			page 155


 7390      455F4556 
 7390      545F474C 
 7390      53535F4E 
 7390      4F544946 
 7391              	.LASF549:
 7392 02f1 6576656E 		.ascii	"eventParam\000"
 7392      74506172 
 7392      616D00
 7393              	.LASF292:
 7394 02fc 4359424C 		.ascii	"CYBLE_EVT_BLSC_READ_CHAR_RESPONSE\000"
 7394      455F4556 
 7394      545F424C 
 7394      53435F52 
 7394      4541445F 
 7395              	.LASF31:
 7396 031e 4359424C 		.ascii	"CYBLE_EVT_GAP_DEVICE_CONNECTED\000"
 7396      455F4556 
 7396      545F4741 
 7396      505F4445 
 7396      56494345 
 7397              	.LASF423:
 7398 033d 4359424C 		.ascii	"CYBLE_EVT_LLSC_WRITE_CHAR_RESPONSE\000"
 7398      455F4556 
 7398      545F4C4C 
 7398      53435F57 
 7398      52495445 
 7399              	.LASF49:
 7400 0360 4359424C 		.ascii	"CYBLE_EVT_GATT_CONNECT_IND\000"
 7400      455F4556 
 7400      545F4741 
 7400      54545F43 
 7400      4F4E4E45 
 7401              	.LASF369:
 7402 037b 4359424C 		.ascii	"CYBLE_EVT_GLSC_WRITE_CHAR_RESPONSE\000"
 7402      455F4556 
 7402      545F474C 
 7402      53435F57 
 7402      52495445 
 7403              	.LASF195:
 7404 039e 4359424C 		.ascii	"CYBLE_AIOS_ANALOG\000"
 7404      455F4149 
 7404      4F535F41 
 7404      4E414C4F 
 7404      4700
 7405              	.LASF11:
 7406 03b0 75696E74 		.ascii	"uint32\000"
 7406      333200
 7407              	.LASF443:
 7408 03b7 4359424C 		.ascii	"CYBLE_EVT_OTSC_READ_CHAR_RESPONSE\000"
 7408      455F4556 
 7408      545F4F54 
 7408      53435F52 
 7408      4541445F 
 7409              	.LASF233:
 7410 03d9 4359424C 		.ascii	"CYBLE_EVT_GATTC_DESCR_DISCOVERY_FAILED\000"
 7410      455F4556 
 7410      545F4741 
ARM GAS  C:\Users\ARTEM\AppData\Local\Temp\ccuSJ5wi.s 			page 156


 7410      5454435F 
 7410      44455343 
 7411              	.LASF480:
 7412 0400 4359424C 		.ascii	"CYBLE_EVT_RSCSC_WRITE_DESCR_RESPONSE\000"
 7412      455F4556 
 7412      545F5253 
 7412      4353435F 
 7412      57524954 
 7413              	.LASF280:
 7414 0425 4359424C 		.ascii	"CYBLE_EVT_BCSS_INDICATION_CONFIRMED\000"
 7414      455F4556 
 7414      545F4243 
 7414      53535F49 
 7414      4E444943 
 7415              	.LASF281:
 7416 0449 4359424C 		.ascii	"CYBLE_EVT_BCSC_INDICATION\000"
 7416      455F4556 
 7416      545F4243 
 7416      53435F49 
 7416      4E444943 
 7417              	.LASF425:
 7418 0463 4359424C 		.ascii	"CYBLE_EVT_LNSS_INDICATION_DISABLED\000"
 7418      455F4556 
 7418      545F4C4E 
 7418      53535F49 
 7418      4E444943 
 7419              	.LASF342:
 7420 0486 4359424C 		.ascii	"CYBLE_EVT_CTSC_READ_CHAR_RESPONSE\000"
 7420      455F4556 
 7420      545F4354 
 7420      53435F52 
 7420      4541445F 
 7421              	.LASF237:
 7422 04a8 4359424C 		.ascii	"CYBLE_EVT_GATTC_SRVC_DISCOVERY_COMPLETE\000"
 7422      455F4556 
 7422      545F4741 
 7422      5454435F 
 7422      53525643 
 7423              	.LASF474:
 7424 04d0 4359424C 		.ascii	"CYBLE_EVT_RSCSS_CHAR_WRITE\000"
 7424      455F4556 
 7424      545F5253 
 7424      4353535F 
 7424      43484152 
 7425              	.LASF463:
 7426 04eb 4359424C 		.ascii	"CYBLE_EVT_PLXSC_INDICATION\000"
 7426      455F4556 
 7426      545F504C 
 7426      5853435F 
 7426      494E4449 
 7427              	.LASF507:
 7428 0506 4359424C 		.ascii	"CYBLE_EVT_UDSC_WRITE_DESCR_RESPONSE\000"
 7428      455F4556 
 7428      545F5544 
 7428      53435F57 
 7428      52495445 
 7429              	.LASF383:
ARM GAS  C:\Users\ARTEM\AppData\Local\Temp\ccuSJ5wi.s 			page 157


 7430 052a 4359424C 		.ascii	"CYBLE_EVT_HIDSC_WRITE_DESCR_RESPONSE\000"
 7430      455F4556 
 7430      545F4849 
 7430      4453435F 
 7430      57524954 
 7431              	.LASF489:
 7432 054f 4359424C 		.ascii	"CYBLE_EVT_TPSS_NOTIFICATION_ENABLED\000"
 7432      455F4556 
 7432      545F5450 
 7432      53535F4E 
 7432      4F544946 
 7433              	.LASF270:
 7434 0573 4359424C 		.ascii	"CYBLE_EVT_ANSC_READ_DESCR_RESPONSE\000"
 7434      455F4556 
 7434      545F414E 
 7434      53435F52 
 7434      4541445F 
 7435              	.LASF126:
 7436 0596 4359424C 		.ascii	"CYBLE_GATT_ERR_READ_NOT_PERMITTED\000"
 7436      455F4741 
 7436      54545F45 
 7436      52525F52 
 7436      4541445F 
 7437              	.LASF141:
 7438 05b8 4359424C 		.ascii	"CYBLE_GATT_ERR_INSUFFICIENT_RESOURCE\000"
 7438      455F4741 
 7438      54545F45 
 7438      52525F49 
 7438      4E535546 
 7439              	.LASF140:
 7440 05dd 4359424C 		.ascii	"CYBLE_GATT_ERR_UNSUPPORTED_GROUP_TYPE\000"
 7440      455F4741 
 7440      54545F45 
 7440      52525F55 
 7440      4E535550 
 7441              	.LASF105:
 7442 0603 4359424C 		.ascii	"CYBLE_ERROR_L2CAP_CONNECTION_ENTITY_NOT_FOUND\000"
 7442      455F4552 
 7442      524F525F 
 7442      4C324341 
 7442      505F434F 
 7443              	.LASF111:
 7444 0631 4359424C 		.ascii	"CYBLE_ERROR_MIC_AUTH_FAILED\000"
 7444      455F4552 
 7444      524F525F 
 7444      4D49435F 
 7444      41555448 
 7445              	.LASF232:
 7446 064d 4359424C 		.ascii	"CYBLE_EVT_GATTC_CHAR_DISCOVERY_FAILED\000"
 7446      455F4556 
 7446      545F4741 
 7446      5454435F 
 7446      43484152 
 7447              	.LASF446:
 7448 0673 4359424C 		.ascii	"CYBLE_EVT_OTSC_READ_DESCR_RESPONSE\000"
 7448      455F4556 
 7448      545F4F54 
ARM GAS  C:\Users\ARTEM\AppData\Local\Temp\ccuSJ5wi.s 			page 158


 7448      53435F52 
 7448      4541445F 
 7449              	.LASF69:
 7450 0696 4359424C 		.ascii	"CYBLE_EVT_GATTS_DATA_SIGNED_CMD_REQ\000"
 7450      455F4556 
 7450      545F4741 
 7450      5454535F 
 7450      44415441 
 7451              	.LASF81:
 7452 06ba 4359424C 		.ascii	"CYBLE_EVT_L2CAP_CBFC_RX_CREDIT_IND\000"
 7452      455F4556 
 7452      545F4C32 
 7452      4341505F 
 7452      43424643 
 7453              	.LASF169:
 7454 06dd 4359424C 		.ascii	"CYBLE_GATT_VALUE_T\000"
 7454      455F4741 
 7454      54545F56 
 7454      414C5545 
 7454      5F5400
 7455              	.LASF594:
 7456 06f0 474E5520 		.ascii	"GNU C11 5.4.1 20160609 (release) [ARM/embedded-5-br"
 7456      43313120 
 7456      352E342E 
 7456      31203230 
 7456      31363036 
 7457 0723 616E6368 		.ascii	"anch revision 237715] -mcpu=cortex-m0 -mthumb -g -O"
 7457      20726576 
 7457      6973696F 
 7457      6E203233 
 7457      37373135 
 7458 0756 67202D66 		.ascii	"g -ffunction-sections -ffat-lto-objects\000"
 7458      66756E63 
 7458      74696F6E 
 7458      2D736563 
 7458      74696F6E 
 7459              	.LASF328:
 7460 077e 4359424C 		.ascii	"CYBLE_EVT_CSCSS_INDICATION_ENABLED\000"
 7460      455F4556 
 7460      545F4353 
 7460      4353535F 
 7460      494E4449 
 7461              	.LASF189:
 7462 07a1 7065726D 		.ascii	"permission\000"
 7462      69737369 
 7462      6F6E00
 7463              	.LASF430:
 7464 07ac 4359424C 		.ascii	"CYBLE_EVT_LNSC_INDICATION\000"
 7464      455F4556 
 7464      545F4C4E 
 7464      53435F49 
 7464      4E444943 
 7465              	.LASF142:
 7466 07c6 4359424C 		.ascii	"CYBLE_GATT_ERR_TRIGGER_CODITION_VALUE_NOT_SUPPORTED"
 7466      455F4741 
 7466      54545F45 
 7466      52525F54 
ARM GAS  C:\Users\ARTEM\AppData\Local\Temp\ccuSJ5wi.s 			page 159


 7466      52494747 
 7467 07f9 00       		.ascii	"\000"
 7468              	.LASF453:
 7469 07fa 4359424C 		.ascii	"CYBLE_EVT_PASSC_READ_CHAR_RESPONSE\000"
 7469      455F4556 
 7469      545F5041 
 7469      5353435F 
 7469      52454144 
 7470              	.LASF285:
 7471 081d 4359424C 		.ascii	"CYBLE_EVT_BLSS_INDICATION_ENABLED\000"
 7471      455F4556 
 7471      545F424C 
 7471      53535F49 
 7471      4E444943 
 7472              	.LASF291:
 7473 083f 4359424C 		.ascii	"CYBLE_EVT_BLSC_NOTIFICATION\000"
 7473      455F4556 
 7473      545F424C 
 7473      53435F4E 
 7473      4F544946 
 7474              	.LASF193:
 7475 085b 4359424C 		.ascii	"CYBLE_CALLBACK_T\000"
 7475      455F4341 
 7475      4C4C4241 
 7475      434B5F54 
 7475      00
 7476              	.LASF333:
 7477 086c 4359424C 		.ascii	"CYBLE_EVT_CSCSC_INDICATION\000"
 7477      455F4556 
 7477      545F4353 
 7477      4353435F 
 7477      494E4449 
 7478              	.LASF66:
 7479 0887 4359424C 		.ascii	"CYBLE_EVT_GATTC_HANDLE_VALUE_NTF\000"
 7479      455F4556 
 7479      545F4741 
 7479      5454435F 
 7479      48414E44 
 7480              	.LASF25:
 7481 08a8 4359424C 		.ascii	"CYBLE_EVT_GAP_AUTH_REQ\000"
 7481      455F4556 
 7481      545F4741 
 7481      505F4155 
 7481      54485F52 
 7482              	.LASF239:
 7483 08bf 4359424C 		.ascii	"CYBLE_EVT_GATTC_CHAR_DISCOVERY_COMPLETE\000"
 7483      455F4556 
 7483      545F4741 
 7483      5454435F 
 7483      43484152 
 7484              	.LASF167:
 7485 08e7 4359424C 		.ascii	"CYBLE_CONN_HANDLE_T\000"
 7485      455F434F 
 7485      4E4E5F48 
 7485      414E444C 
 7485      455F5400 
 7486              	.LASF397:
ARM GAS  C:\Users\ARTEM\AppData\Local\Temp\ccuSJ5wi.s 			page 160


 7487 08fb 4359424C 		.ascii	"CYBLE_EVT_HRSC_WRITE_CHAR_RESPONSE\000"
 7487      455F4556 
 7487      545F4852 
 7487      53435F57 
 7487      52495445 
 7488              	.LASF100:
 7489 091e 4359424C 		.ascii	"CYBLE_ERROR_BT_ON_NOT_COMPLETED\000"
 7489      455F4552 
 7489      524F525F 
 7489      42545F4F 
 7489      4E5F4E4F 
 7490              	.LASF332:
 7491 093e 4359424C 		.ascii	"CYBLE_EVT_CSCSC_NOTIFICATION\000"
 7491      455F4556 
 7491      545F4353 
 7491      4353435F 
 7491      4E4F5449 
 7492              	.LASF502:
 7493 095b 4359424C 		.ascii	"CYBLE_EVT_UDSC_INDICATION\000"
 7493      455F4556 
 7493      545F5544 
 7493      53435F49 
 7493      4E444943 
 7494              	.LASF413:
 7495 0975 4359424C 		.ascii	"CYBLE_EVT_IPSS_WRITE_CHAR\000"
 7495      455F4556 
 7495      545F4950 
 7495      53535F57 
 7495      52495445 
 7496              	.LASF46:
 7497 098f 4359424C 		.ascii	"CYBLE_EVT_GAP_AUTH_REQ_REPLY_ERR\000"
 7497      455F4556 
 7497      545F4741 
 7497      505F4155 
 7497      54485F52 
 7498              	.LASF296:
 7499 09b0 4359424C 		.ascii	"CYBLE_EVT_BMSC_READ_CHAR_RESPONSE\000"
 7499      455F4556 
 7499      545F424D 
 7499      53435F52 
 7499      4541445F 
 7500              	.LASF196:
 7501 09d2 4359424C 		.ascii	"CYBLE_AIOS_AGGREGATE\000"
 7501      455F4149 
 7501      4F535F41 
 7501      47475245 
 7501      47415445 
 7502              	.LASF532:
 7503 09e7 4359424C 		.ascii	"CYBLE_STATE_ADVERTISING\000"
 7503      455F5354 
 7503      4154455F 
 7503      41445645 
 7503      52544953 
 7504              	.LASF39:
 7505 09ff 4359424C 		.ascii	"CYBLE_EVT_GAP_OOB_GENERATED_NOTIFICATION\000"
 7505      455F4556 
 7505      545F4741 
ARM GAS  C:\Users\ARTEM\AppData\Local\Temp\ccuSJ5wi.s 			page 161


 7505      505F4F4F 
 7505      425F4745 
 7506              	.LASF210:
 7507 0a28 64657363 		.ascii	"descrHandle\000"
 7507      7248616E 
 7507      646C6500 
 7508              	.LASF165:
 7509 0a34 62644861 		.ascii	"bdHandle\000"
 7509      6E646C65 
 7509      00
 7510              	.LASF213:
 7511 0a3d 4359424C 		.ascii	"CYBLE_AIOSS_CHAR_INFO_PTR_T\000"
 7511      455F4149 
 7511      4F53535F 
 7511      43484152 
 7511      5F494E46 
 7512              	.LASF154:
 7513 0a59 4359424C 		.ascii	"CYBLE_GATTS_ERR_NETWORK_NOT_AVAILABLE\000"
 7513      455F4741 
 7513      5454535F 
 7513      4552525F 
 7513      4E455457 
 7514              	.LASF301:
 7515 0a7f 4359424C 		.ascii	"CYBLE_EVT_CGMSS_INDICATION_CONFIRMED\000"
 7515      455F4556 
 7515      545F4347 
 7515      4D53535F 
 7515      494E4449 
 7516              	.LASF445:
 7517 0aa4 4359424C 		.ascii	"CYBLE_EVT_OTSC_WRITE_CHAR_RESPONSE\000"
 7517      455F4556 
 7517      545F4F54 
 7517      53435F57 
 7517      52495445 
 7518              	.LASF157:
 7519 0ac7 4359424C 		.ascii	"CYBLE_GATT_ERR_ANCS_INVALID_COMMAND\000"
 7519      455F4741 
 7519      54545F45 
 7519      52525F41 
 7519      4E43535F 
 7520              	.LASF293:
 7521 0aeb 4359424C 		.ascii	"CYBLE_EVT_BLSC_READ_DESCR_RESPONSE\000"
 7521      455F4556 
 7521      545F424C 
 7521      53435F52 
 7521      4541445F 
 7522              	.LASF359:
 7523 0b0e 4359424C 		.ascii	"CYBLE_EVT_ESSC_WRITE_DESCR_RESPONSE\000"
 7523      455F4556 
 7523      545F4553 
 7523      53435F57 
 7523      52495445 
 7524              	.LASF314:
 7525 0b32 4359424C 		.ascii	"CYBLE_EVT_CPSS_INDICATION_DISABLED\000"
 7525      455F4556 
 7525      545F4350 
 7525      53535F49 
ARM GAS  C:\Users\ARTEM\AppData\Local\Temp\ccuSJ5wi.s 			page 162


 7525      4E444943 
 7526              	.LASF313:
 7527 0b55 4359424C 		.ascii	"CYBLE_EVT_CPSS_INDICATION_ENABLED\000"
 7527      455F4556 
 7527      545F4350 
 7527      53535F49 
 7527      4E444943 
 7528              	.LASF427:
 7529 0b77 4359424C 		.ascii	"CYBLE_EVT_LNSS_NOTIFICATION_ENABLED\000"
 7529      455F4556 
 7529      545F4C4E 
 7529      53535F4E 
 7529      4F544946 
 7530              	.LASF62:
 7531 0b9b 4359424C 		.ascii	"CYBLE_EVT_GATTS_WRITE_CMD_REQ\000"
 7531      455F4556 
 7531      545F4741 
 7531      5454535F 
 7531      57524954 
 7532              	.LASF324:
 7533 0bb9 4359424C 		.ascii	"CYBLE_EVT_CPSC_WRITE_DESCR_RESPONSE\000"
 7533      455F4556 
 7533      545F4350 
 7533      53435F57 
 7533      52495445 
 7534              	.LASF565:
 7535 0bdd 61676772 		.ascii	"aggregateDigitalBits\000"
 7535      65676174 
 7535      65446967 
 7535      6974616C 
 7535      42697473 
 7536              	.LASF82:
 7537 0bf2 4359424C 		.ascii	"CYBLE_EVT_L2CAP_CBFC_TX_CREDIT_IND\000"
 7537      455F4556 
 7537      545F4C32 
 7537      4341505F 
 7537      43424643 
 7538              	.LASF4:
 7539 0c15 6C6F6E67 		.ascii	"long int\000"
 7539      20696E74 
 7539      00
 7540              	.LASF428:
 7541 0c1e 4359424C 		.ascii	"CYBLE_EVT_LNSS_NOTIFICATION_DISABLED\000"
 7541      455F4556 
 7541      545F4C4E 
 7541      53535F4E 
 7541      4F544946 
 7542              	.LASF329:
 7543 0c43 4359424C 		.ascii	"CYBLE_EVT_CSCSS_INDICATION_DISABLED\000"
 7543      455F4556 
 7543      545F4353 
 7543      4353535F 
 7543      494E4449 
 7544              	.LASF497:
 7545 0c67 4359424C 		.ascii	"CYBLE_EVT_UDSS_INDICATION_CONFIRMED\000"
 7545      455F4556 
 7545      545F5544 
ARM GAS  C:\Users\ARTEM\AppData\Local\Temp\ccuSJ5wi.s 			page 163


 7545      53535F49 
 7545      4E444943 
 7546              	.LASF225:
 7547 0c8b 4359424C 		.ascii	"CYBLE_LONG_TERM_KEY_REQUEST_REPLY\000"
 7547      455F4C4F 
 7547      4E475F54 
 7547      45524D5F 
 7547      4B45595F 
 7548              	.LASF543:
 7549 0cad 4379426C 		.ascii	"CyBle_AiossSendNotification\000"
 7549      655F4169 
 7549      6F737353 
 7549      656E644E 
 7549      6F746966 
 7550              	.LASF211:
 7551 0cc9 4359424C 		.ascii	"CYBLE_AIOSS_CHAR_T\000"
 7551      455F4149 
 7551      4F53535F 
 7551      43484152 
 7551      5F5400
 7552              	.LASF18:
 7553 0cdc 4359424C 		.ascii	"CYBLE_EVT_STACK_ON\000"
 7553      455F4556 
 7553      545F5354 
 7553      41434B5F 
 7553      4F4E00
 7554              	.LASF107:
 7555 0cef 4359424C 		.ascii	"CYBLE_ERROR_L2CAP_PSM_NOT_IN_RANGE\000"
 7555      455F4552 
 7555      524F525F 
 7555      4C324341 
 7555      505F5053 
 7556              	.LASF279:
 7557 0d12 4359424C 		.ascii	"CYBLE_EVT_BCSS_INDICATION_DISABLED\000"
 7557      455F4556 
 7557      545F4243 
 7557      53535F49 
 7557      4E444943 
 7558              	.LASF535:
 7559 0d35 63616C6C 		.ascii	"callbackFunc\000"
 7559      6261636B 
 7559      46756E63 
 7559      00
 7560              	.LASF36:
 7561 0d42 4359424C 		.ascii	"CYBLE_EVT_GAP_KEYINFO_EXCHNGE_CMPLT\000"
 7561      455F4556 
 7561      545F4741 
 7561      505F4B45 
 7561      59494E46 
 7562              	.LASF153:
 7563 0d66 4359424C 		.ascii	"CYBLE_GATTS_ERR_HPS_INVALID_REQUEST\000"
 7563      455F4741 
 7563      5454535F 
 7563      4552525F 
 7563      4850535F 
 7564              	.LASF416:
 7565 0d8a 4359424C 		.ascii	"CYBLE_EVT_IPSC_WRITE_CHAR_RESPONSE\000"
ARM GAS  C:\Users\ARTEM\AppData\Local\Temp\ccuSJ5wi.s 			page 164


 7565      455F4556 
 7565      545F4950 
 7565      53435F57 
 7565      52495445 
 7566              	.LASF214:
 7567 0dad 73657276 		.ascii	"serviceHandle\000"
 7567      69636548 
 7567      616E646C 
 7567      6500
 7568              	.LASF400:
 7569 0dbb 4359424C 		.ascii	"CYBLE_EVT_HTSS_NOTIFICATION_ENABLED\000"
 7569      455F4556 
 7569      545F4854 
 7569      53535F4E 
 7569      4F544946 
 7570              	.LASF128:
 7571 0ddf 4359424C 		.ascii	"CYBLE_GATT_ERR_INVALID_PDU\000"
 7571      455F4741 
 7571      54545F45 
 7571      52525F49 
 7571      4E56414C 
 7572              	.LASF120:
 7573 0dfa 4359424C 		.ascii	"CYBLE_ERROR_CHAR_IS_NOT_DISCOVERED\000"
 7573      455F4552 
 7573      524F525F 
 7573      43484152 
 7573      5F49535F 
 7574              	.LASF570:
 7575 0e1d 666F756E 		.ascii	"foundItem\000"
 7575      64497465 
 7575      6D00
 7576              	.LASF500:
 7577 0e27 4359424C 		.ascii	"CYBLE_EVT_UDSS_READ_CHAR\000"
 7577      455F4556 
 7577      545F5544 
 7577      53535F52 
 7577      4541445F 
 7578              	.LASF245:
 7579 0e40 4359424C 		.ascii	"CYBLE_EVT_AIOSS_INDICATION_DISABLED\000"
 7579      455F4556 
 7579      545F4149 
 7579      4F53535F 
 7579      494E4449 
 7580              	.LASF172:
 7581 0e64 4359424C 		.ascii	"CYBLE_GATT_HANDLE_VALUE_PAIR_T\000"
 7581      455F4741 
 7581      54545F48 
 7581      414E444C 
 7581      455F5641 
 7582              	.LASF188:
 7583 0e83 61747454 		.ascii	"attType\000"
 7583      79706500 
 7584              	.LASF356:
 7585 0e8b 4359424C 		.ascii	"CYBLE_EVT_ESSC_READ_CHAR_RESPONSE\000"
 7585      455F4556 
 7585      545F4553 
 7585      53435F52 
ARM GAS  C:\Users\ARTEM\AppData\Local\Temp\ccuSJ5wi.s 			page 165


 7585      4541445F 
 7586              	.LASF379:
 7587 0ead 4359424C 		.ascii	"CYBLE_EVT_HIDSC_NOTIFICATION\000"
 7587      455F4556 
 7587      545F4849 
 7587      4453435F 
 7587      4E4F5449 
 7588              	.LASF75:
 7589 0eca 4359424C 		.ascii	"CYBLE_EVT_L2CAP_COMMAND_REJ\000"
 7589      455F4556 
 7589      545F4C32 
 7589      4341505F 
 7589      434F4D4D 
 7590              	.LASF242:
 7591 0ee6 4359424C 		.ascii	"CYBLE_EVT_AIOSS_NOTIFICATION_ENABLED\000"
 7591      455F4556 
 7591      545F4149 
 7591      4F53535F 
 7591      4E4F5449 
 7592              	.LASF137:
 7593 0f0b 4359424C 		.ascii	"CYBLE_GATT_ERR_INVALID_ATTRIBUTE_LEN\000"
 7593      455F4741 
 7593      54545F45 
 7593      52525F49 
 7593      4E56414C 
 7594              	.LASF376:
 7595 0f30 4359424C 		.ascii	"CYBLE_EVT_HIDSS_SUSPEND\000"
 7595      455F4556 
 7595      545F4849 
 7595      4453535F 
 7595      53555350 
 7596              	.LASF108:
 7597 0f48 4359424C 		.ascii	"CYBLE_ERROR_GATT_DB_INVALID_ATTR_HANDLE\000"
 7597      455F4552 
 7597      524F525F 
 7597      47415454 
 7597      5F44425F 
 7598              	.LASF0:
 7599 0f70 7369676E 		.ascii	"signed char\000"
 7599      65642063 
 7599      68617200 
 7600              	.LASF283:
 7601 0f7c 4359424C 		.ascii	"CYBLE_EVT_BCSC_READ_DESCR_RESPONSE\000"
 7601      455F4556 
 7601      545F4243 
 7601      53435F52 
 7601      4541445F 
 7602              	.LASF527:
 7603 0f9f 4359424C 		.ascii	"CYBLE_EVT_WSSC_WRITE_DESCR_RESPONSE\000"
 7603      455F4556 
 7603      545F5753 
 7603      53435F57 
 7603      52495445 
 7604              	.LASF276:
 7605 0fc3 4359424C 		.ascii	"CYBLE_EVT_BASC_READ_DESCR_RESPONSE\000"
 7605      455F4556 
 7605      545F4241 
ARM GAS  C:\Users\ARTEM\AppData\Local\Temp\ccuSJ5wi.s 			page 166


 7605      53435F52 
 7605      4541445F 
 7606              	.LASF578:
 7607 0fe6 61696F73 		.ascii	"aiossCharIdx2\000"
 7607      73436861 
 7607      72496478 
 7607      3200
 7608              	.LASF20:
 7609 0ff4 4359424C 		.ascii	"CYBLE_EVT_HARDWARE_ERROR\000"
 7609      455F4556 
 7609      545F4841 
 7609      52445741 
 7609      52455F45 
 7610              	.LASF89:
 7611 100d 4359424C 		.ascii	"CYBLE_ERROR_OK\000"
 7611      455F4552 
 7611      524F525F 
 7611      4F4B00
 7612              	.LASF551:
 7613 101c 6C6F6343 		.ascii	"locCharValue\000"
 7613      68617256 
 7613      616C7565 
 7613      00
 7614              	.LASF53:
 7615 1029 4359424C 		.ascii	"CYBLE_EVT_GATTC_READ_BY_GROUP_TYPE_RSP\000"
 7615      455F4556 
 7615      545F4741 
 7615      5454435F 
 7615      52454144 
 7616              	.LASF529:
 7617 1050 4359424C 		.ascii	"CYBLE_STATE_STOPPED\000"
 7617      455F5354 
 7617      4154455F 
 7617      53544F50 
 7617      50454400 
 7618              	.LASF471:
 7619 1064 4359424C 		.ascii	"CYBLE_EVT_RSCSS_INDICATION_ENABLED\000"
 7619      455F4556 
 7619      545F5253 
 7619      4353535F 
 7619      494E4449 
 7620              	.LASF1:
 7621 1087 756E7369 		.ascii	"unsigned char\000"
 7621      676E6564 
 7621      20636861 
 7621      7200
 7622              	.LASF52:
 7623 1095 4359424C 		.ascii	"CYBLE_EVT_GATTC_XCHNG_MTU_RSP\000"
 7623      455F4556 
 7623      545F4741 
 7623      5454435F 
 7623      5843484E 
 7624              	.LASF315:
 7625 10b3 4359424C 		.ascii	"CYBLE_EVT_CPSS_INDICATION_CONFIRMED\000"
 7625      455F4556 
 7625      545F4350 
 7625      53535F49 
ARM GAS  C:\Users\ARTEM\AppData\Local\Temp\ccuSJ5wi.s 			page 167


 7625      4E444943 
 7626              	.LASF312:
 7627 10d7 4359424C 		.ascii	"CYBLE_EVT_CPSS_NOTIFICATION_DISABLED\000"
 7627      455F4556 
 7627      545F4350 
 7627      53535F4E 
 7627      4F544946 
 7628              	.LASF476:
 7629 10fc 4359424C 		.ascii	"CYBLE_EVT_RSCSC_INDICATION\000"
 7629      455F4556 
 7629      545F5253 
 7629      4353435F 
 7629      494E4449 
 7630              	.LASF526:
 7631 1117 4359424C 		.ascii	"CYBLE_EVT_WSSC_READ_DESCR_RESPONSE\000"
 7631      455F4556 
 7631      545F5753 
 7631      53435F52 
 7631      4541445F 
 7632              	.LASF512:
 7633 113a 4359424C 		.ascii	"CYBLE_EVT_WPTSS_INDICATION_DISABLED\000"
 7633      455F4556 
 7633      545F5750 
 7633      5453535F 
 7633      494E4449 
 7634              	.LASF43:
 7635 115e 4359424C 		.ascii	"CYBLE_EVT_GAP_SMP_NEGOTIATED_AUTH_INFO\000"
 7635      455F4556 
 7635      545F4741 
 7635      505F534D 
 7635      505F4E45 
 7636              	.LASF44:
 7637 1185 4359424C 		.ascii	"CYBLE_EVT_GAP_CONN_ESTB\000"
 7637      455F4556 
 7637      545F4741 
 7637      505F434F 
 7637      4E4E5F45 
 7638              	.LASF187:
 7639 119d 61747448 		.ascii	"attHandle\000"
 7639      616E646C 
 7639      6500
 7640              	.LASF229:
 7641 11a7 4359424C 		.ascii	"CYBLE_EVT_GATTC_INDICATION\000"
 7641      455F4556 
 7641      545F4741 
 7641      5454435F 
 7641      494E4449 
 7642              	.LASF384:
 7643 11c2 4359424C 		.ascii	"CYBLE_EVT_HPSS_NOTIFICATION_ENABLED\000"
 7643      455F4556 
 7643      545F4850 
 7643      53535F4E 
 7643      4F544946 
 7644              	.LASF589:
 7645 11e6 4379426C 		.ascii	"CyBle_GattsWriteAttributeValue\000"
 7645      655F4761 
 7645      74747357 
ARM GAS  C:\Users\ARTEM\AppData\Local\Temp\ccuSJ5wi.s 			page 168


 7645      72697465 
 7645      41747472 
 7646              	.LASF483:
 7647 1205 4359424C 		.ascii	"CYBLE_EVT_SCPSS_NOTIFICATION_ENABLED\000"
 7647      455F4556 
 7647      545F5343 
 7647      5053535F 
 7647      4E4F5449 
 7648              	.LASF414:
 7649 122a 4359424C 		.ascii	"CYBLE_EVT_IPSC_READ_CHAR_RESPONSE\000"
 7649      455F4556 
 7649      545F4950 
 7649      53435F52 
 7649      4541445F 
 7650              	.LASF79:
 7651 124c 4359424C 		.ascii	"CYBLE_EVT_L2CAP_CBFC_DISCONN_CNF\000"
 7651      455F4556 
 7651      545F4C32 
 7651      4341505F 
 7651      43424643 
 7652              	.LASF56:
 7653 126d 4359424C 		.ascii	"CYBLE_EVT_GATTC_FIND_BY_TYPE_VALUE_RSP\000"
 7653      455F4556 
 7653      545F4741 
 7653      5454435F 
 7653      46494E44 
 7654              	.LASF256:
 7655 1294 4359424C 		.ascii	"CYBLE_EVT_ANCSS_NOTIFICATION_ENABLED\000"
 7655      455F4556 
 7655      545F414E 
 7655      4353535F 
 7655      4E4F5449 
 7656              	.LASF40:
 7657 12b9 4359424C 		.ascii	"CYBLE_EVT_GAP_DATA_LENGTH_CHANGE\000"
 7657      455F4556 
 7657      545F4741 
 7657      505F4441 
 7657      54415F4C 
 7658              	.LASF488:
 7659 12da 4359424C 		.ascii	"CYBLE_EVT_SCPSC_WRITE_DESCR_RESPONSE\000"
 7659      455F4556 
 7659      545F5343 
 7659      5053435F 
 7659      57524954 
 7660              	.LASF14:
 7661 12ff 63686172 		.ascii	"char\000"
 7661      00
 7662              	.LASF542:
 7663 1304 4379426C 		.ascii	"CyBle_AiossSetCharacteristicDescriptor\000"
 7663      655F4169 
 7663      6F737353 
 7663      65744368 
 7663      61726163 
 7664              	.LASF181:
 7665 132b 6D617841 		.ascii	"maxAttrLength\000"
 7665      7474724C 
 7665      656E6774 
ARM GAS  C:\Users\ARTEM\AppData\Local\Temp\ccuSJ5wi.s 			page 169


 7665      6800
 7666              	.LASF491:
 7667 1339 4359424C 		.ascii	"CYBLE_EVT_TPSC_NOTIFICATION\000"
 7667      455F4556 
 7667      545F5450 
 7667      53435F4E 
 7667      4F544946 
 7668              	.LASF238:
 7669 1355 4359424C 		.ascii	"CYBLE_EVT_GATTC_INCL_DISCOVERY_COMPLETE\000"
 7669      455F4556 
 7669      545F4741 
 7669      5454435F 
 7669      494E434C 
 7670              	.LASF457:
 7671 137d 4359424C 		.ascii	"CYBLE_EVT_PLXSS_NOTIFICATION_ENABLED\000"
 7671      455F4556 
 7671      545F504C 
 7671      5853535F 
 7671      4E4F5449 
 7672              	.LASF202:
 7673 13a2 4359424C 		.ascii	"CYBLE_AIOS_CHAR_EXTENDED_PROPERTIES\000"
 7673      455F4149 
 7673      4F535F43 
 7673      4841525F 
 7673      45585445 
 7674              	.LASF59:
 7675 13c6 4359424C 		.ascii	"CYBLE_EVT_GATTC_READ_MULTI_RSP\000"
 7675      455F4556 
 7675      545F4741 
 7675      5454435F 
 7675      52454144 
 7676              	.LASF255:
 7677 13e5 4359424C 		.ascii	"CYBLE_EVT_AIOSC_ERROR_RESPONSE\000"
 7677      455F4556 
 7677      545F4149 
 7677      4F53435F 
 7677      4552524F 
 7678              	.LASF250:
 7679 1404 4359424C 		.ascii	"CYBLE_EVT_AIOSC_INDICATION\000"
 7679      455F4556 
 7679      545F4149 
 7679      4F53435F 
 7679      494E4449 
 7680              	.LASF218:
 7681 141f 63686172 		.ascii	"charInstance\000"
 7681      496E7374 
 7681      616E6365 
 7681      00
 7682              	.LASF17:
 7683 142c 4359424C 		.ascii	"CYBLE_EVT_HOST_INVALID\000"
 7683      455F4556 
 7683      545F484F 
 7683      53545F49 
 7683      4E56414C 
 7684              	.LASF138:
 7685 1443 4359424C 		.ascii	"CYBLE_GATT_ERR_UNLIKELY_ERROR\000"
 7685      455F4741 
ARM GAS  C:\Users\ARTEM\AppData\Local\Temp\ccuSJ5wi.s 			page 170


 7685      54545F45 
 7685      52525F55 
 7685      4E4C494B 
 7686              	.LASF42:
 7687 1461 4359424C 		.ascii	"CYBLE_EVT_GAPC_DIRECT_ADV_REPORT\000"
 7687      455F4556 
 7687      545F4741 
 7687      50435F44 
 7687      49524543 
 7688              	.LASF370:
 7689 1482 4359424C 		.ascii	"CYBLE_EVT_GLSC_READ_DESCR_RESPONSE\000"
 7689      455F4556 
 7689      545F474C 
 7689      53435F52 
 7689      4541445F 
 7690              	.LASF96:
 7691 14a5 4359424C 		.ascii	"CYBLE_ERROR_NO_DEVICE_ENTITY\000"
 7691      455F4552 
 7691      524F525F 
 7691      4E4F5F44 
 7691      45564943 
 7692              	.LASF58:
 7693 14c2 4359424C 		.ascii	"CYBLE_EVT_GATTC_READ_BLOB_RSP\000"
 7693      455F4556 
 7693      545F4741 
 7693      5454435F 
 7693      52454144 
 7694              	.LASF403:
 7695 14e0 4359424C 		.ascii	"CYBLE_EVT_HTSS_INDICATION_DISABLED\000"
 7695      455F4556 
 7695      545F4854 
 7695      53535F49 
 7695      4E444943 
 7696              	.LASF482:
 7697 1503 4359424C 		.ascii	"CYBLE_EVT_RTUSC_READ_CHAR_RESPONSE\000"
 7697      455F4556 
 7697      545F5254 
 7697      5553435F 
 7697      52454144 
 7698              	.LASF65:
 7699 1526 4359424C 		.ascii	"CYBLE_EVT_GATTC_EXEC_WRITE_RSP\000"
 7699      455F4556 
 7699      545F4741 
 7699      5454435F 
 7699      45584543 
 7700              	.LASF215:
 7701 1545 63686172 		.ascii	"charInfoAddr\000"
 7701      496E666F 
 7701      41646472 
 7701      00
 7702              	.LASF143:
 7703 1552 4359424C 		.ascii	"CYBLE_GATT_ERR_HEART_RATE_CONTROL_POINT_NOT_SUPPORT"
 7703      455F4741 
 7703      54545F45 
 7703      52525F48 
 7703      45415254 
 7704 1585 454400   		.ascii	"ED\000"
ARM GAS  C:\Users\ARTEM\AppData\Local\Temp\ccuSJ5wi.s 			page 171


 7705              	.LASF523:
 7706 1588 4359424C 		.ascii	"CYBLE_EVT_WSSS_INDICATION_CONFIRMED\000"
 7706      455F4556 
 7706      545F5753 
 7706      53535F49 
 7706      4E444943 
 7707              	.LASF135:
 7708 15ac 4359424C 		.ascii	"CYBLE_GATT_ERR_ATTRIBUTE_NOT_LONG\000"
 7708      455F4741 
 7708      54545F45 
 7708      52525F41 
 7708      54545249 
 7709              	.LASF344:
 7710 15ce 4359424C 		.ascii	"CYBLE_EVT_CTSC_WRITE_DESCR_RESPONSE\000"
 7710      455F4556 
 7710      545F4354 
 7710      53435F57 
 7710      52495445 
 7711              	.LASF564:
 7712 15f2 61676772 		.ascii	"aggregateCharIndex\000"
 7712      65676174 
 7712      65436861 
 7712      72496E64 
 7712      657800
 7713              	.LASF442:
 7714 1605 4359424C 		.ascii	"CYBLE_EVT_OTSC_INDICATION\000"
 7714      455F4556 
 7714      545F4F54 
 7714      53435F49 
 7714      4E444943 
 7715              	.LASF496:
 7716 161f 4359424C 		.ascii	"CYBLE_EVT_UDSS_INDICATION_DISABLED\000"
 7716      455F4556 
 7716      545F5544 
 7716      53535F49 
 7716      4E444943 
 7717              	.LASF588:
 7718 1642 4379426C 		.ascii	"CyBle_GattsReadAttributeValue\000"
 7718      655F4761 
 7718      74747352 
 7718      65616441 
 7718      74747269 
 7719              	.LASF70:
 7720 1660 4359424C 		.ascii	"CYBLE_EVT_GATTC_STOP_CMD_COMPLETE\000"
 7720      455F4556 
 7720      545F4741 
 7720      5454435F 
 7720      53544F50 
 7721              	.LASF318:
 7722 1682 4359424C 		.ascii	"CYBLE_EVT_CPSS_CHAR_WRITE\000"
 7722      455F4556 
 7722      545F4350 
 7722      53535F43 
 7722      4841525F 
 7723              	.LASF392:
 7724 169c 4359424C 		.ascii	"CYBLE_EVT_HRSS_ENERGY_EXPENDED_RESET\000"
 7724      455F4556 
ARM GAS  C:\Users\ARTEM\AppData\Local\Temp\ccuSJ5wi.s 			page 172


 7724      545F4852 
 7724      53535F45 
 7724      4E455247 
 7725              	.LASF159:
 7726 16c1 4359424C 		.ascii	"CYBLE_GATT_ERR_ANCS_ACTION_FAILED\000"
 7726      455F4741 
 7726      54545F45 
 7726      52525F41 
 7726      4E43535F 
 7727              	.LASF536:
 7728 16e3 61747472 		.ascii	"attrSize\000"
 7728      53697A65 
 7728      00
 7729              	.LASF348:
 7730 16ec 4359424C 		.ascii	"CYBLE_EVT_ESSS_NOTIFICATION_DISABLED\000"
 7730      455F4556 
 7730      545F4553 
 7730      53535F4E 
 7730      4F544946 
 7731              	.LASF192:
 7732 1711 4359424C 		.ascii	"CYBLE_GATTS_DB_T\000"
 7732      455F4741 
 7732      5454535F 
 7732      44425F54 
 7732      00
 7733              	.LASF437:
 7734 1722 4359424C 		.ascii	"CYBLE_EVT_OTSS_INDICATION_ENABLED\000"
 7734      455F4556 
 7734      545F4F54 
 7734      53535F49 
 7734      4E444943 
 7735              	.LASF561:
 7736 1744 6D617844 		.ascii	"maxDescriptionValue\000"
 7736      65736372 
 7736      69707469 
 7736      6F6E5661 
 7736      6C756500 
 7737              	.LASF288:
 7738 1758 4359424C 		.ascii	"CYBLE_EVT_BLSS_NOTIFICATION_ENABLED\000"
 7738      455F4556 
 7738      545F424C 
 7738      53535F4E 
 7738      4F544946 
 7739              	.LASF390:
 7740 177c 4359424C 		.ascii	"CYBLE_EVT_HPSC_WRITE_DESCR_RESPONSE\000"
 7740      455F4556 
 7740      545F4850 
 7740      53435F57 
 7740      52495445 
 7741              	.LASF524:
 7742 17a0 4359424C 		.ascii	"CYBLE_EVT_WSSC_INDICATION\000"
 7742      455F4556 
 7742      545F5753 
 7742      53435F49 
 7742      4E444943 
 7743              	.LASF116:
 7744 17ba 4359424C 		.ascii	"CYBLE_ERROR_CONTROLLER_BUSY\000"
ARM GAS  C:\Users\ARTEM\AppData\Local\Temp\ccuSJ5wi.s 			page 173


 7744      455F4552 
 7744      524F525F 
 7744      434F4E54 
 7744      524F4C4C 
 7745              	.LASF90:
 7746 17d6 4359424C 		.ascii	"CYBLE_ERROR_INVALID_PARAMETER\000"
 7746      455F4552 
 7746      524F525F 
 7746      494E5641 
 7746      4C49445F 
 7747              	.LASF355:
 7748 17f4 4359424C 		.ascii	"CYBLE_EVT_ESSC_INDICATION\000"
 7748      455F4556 
 7748      545F4553 
 7748      53435F49 
 7748      4E444943 
 7749              	.LASF262:
 7750 180e 4359424C 		.ascii	"CYBLE_EVT_ANCSC_WRITE_DESCR_RESPONSE\000"
 7750      455F4556 
 7750      545F414E 
 7750      4353435F 
 7750      57524954 
 7751              	.LASF478:
 7752 1833 4359424C 		.ascii	"CYBLE_EVT_RSCSC_WRITE_CHAR_RESPONSE\000"
 7752      455F4556 
 7752      545F5253 
 7752      4353435F 
 7752      57524954 
 7753              	.LASF571:
 7754 1857 61696F73 		.ascii	"aiosCharInfoPtr\000"
 7754      43686172 
 7754      496E666F 
 7754      50747200 
 7755              	.LASF494:
 7756 1867 4359424C 		.ascii	"CYBLE_EVT_TPSC_WRITE_DESCR_RESPONSE\000"
 7756      455F4556 
 7756      545F5450 
 7756      53435F57 
 7756      52495445 
 7757              	.LASF327:
 7758 188b 4359424C 		.ascii	"CYBLE_EVT_CSCSS_NOTIFICATION_DISABLED\000"
 7758      455F4556 
 7758      545F4353 
 7758      4353535F 
 7758      4E4F5449 
 7759              	.LASF338:
 7760 18b1 4359424C 		.ascii	"CYBLE_EVT_CTSS_NOTIFICATION_ENABLED\000"
 7760      455F4556 
 7760      545F4354 
 7760      53535F4E 
 7760      4F544946 
 7761              	.LASF472:
 7762 18d5 4359424C 		.ascii	"CYBLE_EVT_RSCSS_INDICATION_DISABLED\000"
 7762      455F4556 
 7762      545F5253 
 7762      4353535F 
 7762      494E4449 
ARM GAS  C:\Users\ARTEM\AppData\Local\Temp\ccuSJ5wi.s 			page 174


 7763              	.LASF554:
 7764 18f9 4379426C 		.ascii	"CyBle_AiosSetAggregateChar\000"
 7764      655F4169 
 7764      6F735365 
 7764      74416767 
 7764      72656761 
 7765              	.LASF514:
 7766 1914 4359424C 		.ascii	"CYBLE_EVT_WPTSS_WRITE_CHAR\000"
 7766      455F4556 
 7766      545F5750 
 7766      5453535F 
 7766      57524954 
 7767              	.LASF421:
 7768 192f 4359424C 		.ascii	"CYBLE_EVT_LLSS_WRITE_CHAR_REQ\000"
 7768      455F4556 
 7768      545F4C4C 
 7768      53535F57 
 7768      52495445 
 7769              	.LASF92:
 7770 194d 4359424C 		.ascii	"CYBLE_ERROR_MEMORY_ALLOCATION_FAILED\000"
 7770      455F4552 
 7770      524F525F 
 7770      4D454D4F 
 7770      52595F41 
 7771              	.LASF398:
 7772 1972 4359424C 		.ascii	"CYBLE_EVT_HRSC_READ_DESCR_RESPONSE\000"
 7772      455F4556 
 7772      545F4852 
 7772      53435F52 
 7772      4541445F 
 7773              	.LASF326:
 7774 1995 4359424C 		.ascii	"CYBLE_EVT_CSCSS_NOTIFICATION_ENABLED\000"
 7774      455F4556 
 7774      545F4353 
 7774      4353535F 
 7774      4E4F5449 
 7775              	.LASF174:
 7776 19ba 4359424C 		.ascii	"CYBLE_GATTS_HANDLE_VALUE_IND_T\000"
 7776      455F4741 
 7776      5454535F 
 7776      48414E44 
 7776      4C455F56 
 7777              	.LASF537:
 7778 19d9 61747472 		.ascii	"attrValue\000"
 7778      56616C75 
 7778      6500
 7779              	.LASF290:
 7780 19e3 4359424C 		.ascii	"CYBLE_EVT_BLSC_INDICATION\000"
 7780      455F4556 
 7780      545F424C 
 7780      53435F49 
 7780      4E444943 
 7781              	.LASF386:
 7782 19fd 4359424C 		.ascii	"CYBLE_EVT_HPSS_CHAR_WRITE\000"
 7782      455F4556 
 7782      545F4850 
 7782      53535F43 
ARM GAS  C:\Users\ARTEM\AppData\Local\Temp\ccuSJ5wi.s 			page 175


 7782      4841525F 
 7783              	.LASF378:
 7784 1a17 4359424C 		.ascii	"CYBLE_EVT_HIDSS_REPORT_CHAR_WRITE\000"
 7784      455F4556 
 7784      545F4849 
 7784      4453535F 
 7784      5245504F 
 7785              	.LASF278:
 7786 1a39 4359424C 		.ascii	"CYBLE_EVT_BCSS_INDICATION_ENABLED\000"
 7786      455F4556 
 7786      545F4243 
 7786      53535F49 
 7786      4E444943 
 7787              	.LASF150:
 7788 1a5b 4359424C 		.ascii	"CYBLE_GATTS_ERR_CCCD_IMPROPERLY_CONFIGURED\000"
 7788      455F4741 
 7788      5454535F 
 7788      4552525F 
 7788      43434344 
 7789              	.LASF206:
 7790 1a86 4359424C 		.ascii	"CYBLE_AIOS_NUM_OF_DIGITAL_DESCR\000"
 7790      455F4149 
 7790      4F535F4E 
 7790      554D5F4F 
 7790      465F4449 
 7791              	.LASF518:
 7792 1aa6 4359424C 		.ascii	"CYBLE_EVT_WPTSC_READ_CHAR_RESPONSE\000"
 7792      455F4556 
 7792      545F5750 
 7792      5453435F 
 7792      52454144 
 7793              	.LASF117:
 7794 1ac9 4359424C 		.ascii	"CYBLE_ERROR_MAX\000"
 7794      455F4552 
 7794      524F525F 
 7794      4D415800 
 7795              	.LASF433:
 7796 1ad9 4359424C 		.ascii	"CYBLE_EVT_LNSC_WRITE_CHAR_RESPONSE\000"
 7796      455F4556 
 7796      545F4C4E 
 7796      53435F57 
 7796      52495445 
 7797              	.LASF74:
 7798 1afc 4359424C 		.ascii	"CYBLE_EVT_L2CAP_CONN_PARAM_UPDATE_RSP\000"
 7798      455F4556 
 7798      545F4C32 
 7798      4341505F 
 7798      434F4E4E 
 7799              	.LASF86:
 7800 1b22 4359424C 		.ascii	"CYBLE_EVT_HCI_PKT\000"
 7800      455F4556 
 7800      545F4843 
 7800      495F504B 
 7800      5400
 7801              	.LASF499:
 7802 1b34 4359424C 		.ascii	"CYBLE_EVT_UDSS_NOTIFICATION_DISABLED\000"
 7802      455F4556 
ARM GAS  C:\Users\ARTEM\AppData\Local\Temp\ccuSJ5wi.s 			page 176


 7802      545F5544 
 7802      53535F4E 
 7802      4F544946 
 7803              	.LASF337:
 7804 1b59 4359424C 		.ascii	"CYBLE_EVT_CSCSC_WRITE_DESCR_RESPONSE\000"
 7804      455F4556 
 7804      545F4353 
 7804      4353435F 
 7804      57524954 
 7805              	.LASF501:
 7806 1b7e 4359424C 		.ascii	"CYBLE_EVT_UDSS_WRITE_CHAR\000"
 7806      455F4556 
 7806      545F5544 
 7806      53535F57 
 7806      52495445 
 7807              	.LASF464:
 7808 1b98 4359424C 		.ascii	"CYBLE_EVT_PLXSC_READ_CHAR_RESPONSE\000"
 7808      455F4556 
 7808      545F504C 
 7808      5853435F 
 7808      52454144 
 7809              	.LASF253:
 7810 1bbb 4359424C 		.ascii	"CYBLE_EVT_AIOSC_READ_DESCR_RESPONSE\000"
 7810      455F4556 
 7810      545F4149 
 7810      4F53435F 
 7810      52454144 
 7811              	.LASF393:
 7812 1bdf 4359424C 		.ascii	"CYBLE_EVT_HRSS_NOTIFICATION_ENABLED\000"
 7812      455F4556 
 7812      545F4852 
 7812      53535F4E 
 7812      4F544946 
 7813              	.LASF144:
 7814 1c03 4359424C 		.ascii	"CYBLE_GATT_ERR_USER_DATA_ACCESS_NOT_PERMITTED\000"
 7814      455F4741 
 7814      54545F45 
 7814      52525F55 
 7814      5345525F 
 7815              	.LASF448:
 7816 1c31 4359424C 		.ascii	"CYBLE_EVT_OTSC_ERROR_RESPONSE\000"
 7816      455F4556 
 7816      545F4F54 
 7816      53435F45 
 7816      52524F52 
 7817              	.LASF28:
 7818 1c4f 4359424C 		.ascii	"CYBLE_EVT_GAP_AUTH_COMPLETE\000"
 7818      455F4556 
 7818      545F4741 
 7818      505F4155 
 7818      54485F43 
 7819              	.LASF454:
 7820 1c6b 4359424C 		.ascii	"CYBLE_EVT_PASSC_READ_DESCR_RESPONSE\000"
 7820      455F4556 
 7820      545F5041 
 7820      5353435F 
 7820      52454144 
ARM GAS  C:\Users\ARTEM\AppData\Local\Temp\ccuSJ5wi.s 			page 177


 7821              	.LASF358:
 7822 1c8f 4359424C 		.ascii	"CYBLE_EVT_ESSC_READ_DESCR_RESPONSE\000"
 7822      455F4556 
 7822      545F4553 
 7822      53435F52 
 7822      4541445F 
 7823              	.LASF29:
 7824 1cb2 4359424C 		.ascii	"CYBLE_EVT_GAP_AUTH_FAILED\000"
 7824      455F4556 
 7824      545F4741 
 7824      505F4155 
 7824      54485F46 
 7825              	.LASF377:
 7826 1ccc 4359424C 		.ascii	"CYBLE_EVT_HIDSS_EXIT_SUSPEND\000"
 7826      455F4556 
 7826      545F4849 
 7826      4453535F 
 7826      45584954 
 7827              	.LASF122:
 7828 1ce9 4359424C 		.ascii	"CYBLE_ERROR_STACK_BUSY\000"
 7828      455F4552 
 7828      524F525F 
 7828      53544143 
 7828      4B5F4255 
 7829              	.LASF160:
 7830 1d00 4359424C 		.ascii	"CYBLE_GATT_ERR_CCCD_IMPROPERLY_CONFIGURED\000"
 7830      455F4741 
 7830      54545F45 
 7830      52525F43 
 7830      4343445F 
 7831              	.LASF93:
 7832 1d2a 4359424C 		.ascii	"CYBLE_ERROR_INSUFFICIENT_RESOURCES\000"
 7832      455F4552 
 7832      524F525F 
 7832      494E5355 
 7832      46464943 
 7833              	.LASF470:
 7834 1d4d 4359424C 		.ascii	"CYBLE_EVT_RSCSS_NOTIFICATION_DISABLED\000"
 7834      455F4556 
 7834      545F5253 
 7834      4353535F 
 7834      4E4F5449 
 7835              	.LASF200:
 7836 1d73 4359424C 		.ascii	"CYBLE_AIOS_CHAR_PRESENTATION_FORMAT\000"
 7836      455F4149 
 7836      4F535F43 
 7836      4841525F 
 7836      50524553 
 7837              	.LASF148:
 7838 1d97 4359424C 		.ascii	"CYBLE_GATT_ERR_OP_CODE_NOT_SUPPORTED\000"
 7838      455F4741 
 7838      54545F45 
 7838      52525F4F 
 7838      505F434F 
 7839              	.LASF381:
 7840 1dbc 4359424C 		.ascii	"CYBLE_EVT_HIDSC_WRITE_CHAR_RESPONSE\000"
 7840      455F4556 
ARM GAS  C:\Users\ARTEM\AppData\Local\Temp\ccuSJ5wi.s 			page 178


 7840      545F4849 
 7840      4453435F 
 7840      57524954 
 7841              	.LASF5:
 7842 1de0 6C6F6E67 		.ascii	"long unsigned int\000"
 7842      20756E73 
 7842      69676E65 
 7842      6420696E 
 7842      7400
 7843              	.LASF540:
 7844 1df2 4379426C 		.ascii	"CyBle_AiossGetCharacteristicValue\000"
 7844      655F4169 
 7844      6F737347 
 7844      65744368 
 7844      61726163 
 7845              	.LASF417:
 7846 1e14 4359424C 		.ascii	"CYBLE_EVT_IPSC_READ_DESCR_RESPONSE\000"
 7846      455F4556 
 7846      545F4950 
 7846      53435F52 
 7846      4541445F 
 7847              	.LASF557:
 7848 1e37 61676772 		.ascii	"aggregateChar\000"
 7848      65676174 
 7848      65436861 
 7848      7200
 7849              	.LASF412:
 7850 1e45 4359424C 		.ascii	"CYBLE_EVT_IASS_WRITE_CHAR_CMD\000"
 7850      455F4556 
 7850      545F4941 
 7850      53535F57 
 7850      52495445 
 7851              	.LASF447:
 7852 1e63 4359424C 		.ascii	"CYBLE_EVT_OTSC_WRITE_DESCR_RESPONSE\000"
 7852      455F4556 
 7852      545F4F54 
 7852      53435F57 
 7852      52495445 
 7853              	.LASF539:
 7854 1e87 6C6F6348 		.ascii	"locHandleValuePair\000"
 7854      616E646C 
 7854      6556616C 
 7854      75655061 
 7854      697200
 7855              	.LASF449:
 7856 1e9a 4359424C 		.ascii	"CYBLE_EVT_PASSS_NOTIFICATION_ENABLED\000"
 7856      455F4556 
 7856      545F5041 
 7856      5353535F 
 7856      4E4F5449 
 7857              	.LASF452:
 7858 1ebf 4359424C 		.ascii	"CYBLE_EVT_PASSC_NOTIFICATION\000"
 7858      455F4556 
 7858      545F5041 
 7858      5353435F 
 7858      4E4F5449 
 7859              	.LASF113:
ARM GAS  C:\Users\ARTEM\AppData\Local\Temp\ccuSJ5wi.s 			page 179


 7860 1edc 4359424C 		.ascii	"CYBLE_ERROR_UNSUPPORTED_FEATURE_OR_PARAMETER_VALUE\000"
 7860      455F4552 
 7860      524F525F 
 7860      554E5355 
 7860      50504F52 
 7861              	.LASF511:
 7862 1f0f 4359424C 		.ascii	"CYBLE_EVT_WPTSS_INDICATION_ENABLED\000"
 7862      455F4556 
 7862      545F5750 
 7862      5453535F 
 7862      494E4449 
 7863              	.LASF204:
 7864 1f32 4359424C 		.ascii	"CYBLE_AIOS_TIME_TRIGGER_SETTINGS\000"
 7864      455F4149 
 7864      4F535F54 
 7864      494D455F 
 7864      54524947 
 7865              	.LASF458:
 7866 1f53 4359424C 		.ascii	"CYBLE_EVT_PLXSS_NOTIFICATION_DISABLED\000"
 7866      455F4556 
 7866      545F504C 
 7866      5853535F 
 7866      4E4F5449 
 7867              	.LASF268:
 7868 1f79 4359424C 		.ascii	"CYBLE_EVT_ANSC_READ_CHAR_RESPONSE\000"
 7868      455F4556 
 7868      545F414E 
 7868      53435F52 
 7868      4541445F 
 7869              	.LASF563:
 7870 1f9b 6C6F6343 		.ascii	"locCharInstanceNumber\000"
 7870      68617249 
 7870      6E737461 
 7870      6E63654E 
 7870      756D6265 
 7871              	.LASF103:
 7872 1fb1 4359424C 		.ascii	"CYBLE_ERROR_L2CAP_PSM_ALREADY_REGISTERED\000"
 7872      455F4552 
 7872      524F525F 
 7872      4C324341 
 7872      505F5053 
 7873              	.LASF405:
 7874 1fda 4359424C 		.ascii	"CYBLE_EVT_HTSS_CHAR_WRITE\000"
 7874      455F4556 
 7874      545F4854 
 7874      53535F43 
 7874      4841525F 
 7875              	.LASF579:
 7876 1ff4 6379426C 		.ascii	"cyBle_aiossReqHandle\000"
 7876      655F6169 
 7876      6F737352 
 7876      65714861 
 7876      6E646C65 
 7877              	.LASF577:
 7878 2009 61696F73 		.ascii	"aiossCharIdx1\000"
 7878      73436861 
 7878      72496478 
ARM GAS  C:\Users\ARTEM\AppData\Local\Temp\ccuSJ5wi.s 			page 180


 7878      3100
 7879              	.LASF185:
 7880 2017 61747456 		.ascii	"attValueUuid\000"
 7880      616C7565 
 7880      55756964 
 7880      00
 7881              	.LASF156:
 7882 2024 4359424C 		.ascii	"CYBLE_GATT_ERR_ANCS_UNKNOWN_COMMAND\000"
 7882      455F4741 
 7882      54545F45 
 7882      52525F41 
 7882      4E43535F 
 7883              	.LASF272:
 7884 2048 4359424C 		.ascii	"CYBLE_EVT_BASS_NOTIFICATION_ENABLED\000"
 7884      455F4556 
 7884      545F4241 
 7884      53535F4E 
 7884      4F544946 
 7885              	.LASF345:
 7886 206c 4359424C 		.ascii	"CYBLE_EVT_CTSC_WRITE_CHAR_RESPONSE\000"
 7886      455F4556 
 7886      545F4354 
 7886      53435F57 
 7886      52495445 
 7887              	.LASF451:
 7888 208f 4359424C 		.ascii	"CYBLE_EVT_PASSS_WRITE_CHAR\000"
 7888      455F4556 
 7888      545F5041 
 7888      5353535F 
 7888      57524954 
 7889              	.LASF322:
 7890 20aa 4359424C 		.ascii	"CYBLE_EVT_CPSC_WRITE_CHAR_RESPONSE\000"
 7890      455F4556 
 7890      545F4350 
 7890      53435F57 
 7890      52495445 
 7891              	.LASF465:
 7892 20cd 4359424C 		.ascii	"CYBLE_EVT_PLXSC_WRITE_CHAR_RESPONSE\000"
 7892      455F4556 
 7892      545F504C 
 7892      5853435F 
 7892      57524954 
 7893              	.LASF573:
 7894 20f1 6576656E 		.ascii	"event\000"
 7894      7400
 7895              	.LASF34:
 7896 20f7 4359424C 		.ascii	"CYBLE_EVT_GAP_CONNECTION_UPDATE_COMPLETE\000"
 7896      455F4556 
 7896      545F4741 
 7896      505F434F 
 7896      4E4E4543 
 7897              	.LASF307:
 7898 2120 4359424C 		.ascii	"CYBLE_EVT_CGMSC_READ_CHAR_RESPONSE\000"
 7898      455F4556 
 7898      545F4347 
 7898      4D53435F 
 7898      52454144 
ARM GAS  C:\Users\ARTEM\AppData\Local\Temp\ccuSJ5wi.s 			page 181


 7899              	.LASF562:
 7900 2143 6D696E44 		.ascii	"minDescriptionNumber\000"
 7900      65736372 
 7900      69707469 
 7900      6F6E4E75 
 7900      6D626572 
 7901              	.LASF545:
 7902 2158 4379426C 		.ascii	"CyBle_AiossSendIndication\000"
 7902      655F4169 
 7902      6F737353 
 7902      656E6449 
 7902      6E646963 
 7903              	.LASF530:
 7904 2172 4359424C 		.ascii	"CYBLE_STATE_INITIALIZING\000"
 7904      455F5354 
 7904      4154455F 
 7904      494E4954 
 7904      49414C49 
 7905              	.LASF569:
 7906 218b 746D7048 		.ascii	"tmpHandle\000"
 7906      616E646C 
 7906      6500
 7907              	.LASF335:
 7908 2195 4359424C 		.ascii	"CYBLE_EVT_CSCSC_WRITE_CHAR_RESPONSE\000"
 7908      455F4556 
 7908      545F4353 
 7908      4353435F 
 7908      57524954 
 7909              	.LASF78:
 7910 21b9 4359424C 		.ascii	"CYBLE_EVT_L2CAP_CBFC_DISCONN_IND\000"
 7910      455F4556 
 7910      545F4C32 
 7910      4341505F 
 7910      43424643 
 7911              	.LASF331:
 7912 21da 4359424C 		.ascii	"CYBLE_EVT_CSCSS_CHAR_WRITE\000"
 7912      455F4556 
 7912      545F4353 
 7912      4353535F 
 7912      43484152 
 7913              	.LASF441:
 7914 21f5 4359424C 		.ascii	"CYBLE_EVT_OTSS_WRITE_DESCR\000"
 7914      455F4556 
 7914      545F4F54 
 7914      53535F57 
 7914      52495445 
 7915              	.LASF460:
 7916 2210 4359424C 		.ascii	"CYBLE_EVT_PLXSS_INDICATION_DISABLED\000"
 7916      455F4556 
 7916      545F504C 
 7916      5853535F 
 7916      494E4449 
 7917              	.LASF477:
 7918 2234 4359424C 		.ascii	"CYBLE_EVT_RSCSC_READ_CHAR_RESPONSE\000"
 7918      455F4556 
 7918      545F5253 
 7918      4353435F 
ARM GAS  C:\Users\ARTEM\AppData\Local\Temp\ccuSJ5wi.s 			page 182


 7918      52454144 
 7919              	.LASF26:
 7920 2257 4359424C 		.ascii	"CYBLE_EVT_GAP_PASSKEY_ENTRY_REQUEST\000"
 7920      455F4556 
 7920      545F4741 
 7920      505F5041 
 7920      53534B45 
 7921              	.LASF219:
 7922 227b 67617474 		.ascii	"gattErrorCode\000"
 7922      4572726F 
 7922      72436F64 
 7922      6500
 7923              	.LASF585:
 7924 2289 6379426C 		.ascii	"cyBle_aioss\000"
 7924      655F6169 
 7924      6F737300 
 7925              	.LASF387:
 7926 2295 4359424C 		.ascii	"CYBLE_EVT_HPSC_NOTIFICATION\000"
 7926      455F4556 
 7926      545F4850 
 7926      53435F4E 
 7926      4F544946 
 7927              	.LASF316:
 7928 22b1 4359424C 		.ascii	"CYBLE_EVT_CPSS_BROADCAST_ENABLED\000"
 7928      455F4556 
 7928      545F4350 
 7928      53535F42 
 7928      524F4144 
 7929              	.LASF418:
 7930 22d2 4359424C 		.ascii	"CYBLE_EVT_IPSC_WRITE_DESCR_RESPONSE\000"
 7930      455F4556 
 7930      545F4950 
 7930      53435F57 
 7930      52495445 
 7931              	.LASF368:
 7932 22f6 4359424C 		.ascii	"CYBLE_EVT_GLSC_READ_CHAR_RESPONSE\000"
 7932      455F4556 
 7932      545F474C 
 7932      53435F52 
 7932      4541445F 
 7933              	.LASF467:
 7934 2318 4359424C 		.ascii	"CYBLE_EVT_PLXSC_WRITE_DESCR_RESPONSE\000"
 7934      455F4556 
 7934      545F504C 
 7934      5853435F 
 7934      57524954 
 7935              	.LASF574:
 7936 233d 77724368 		.ascii	"wrCharReqParam\000"
 7936      61725265 
 7936      71506172 
 7936      616D00
 7937              	.LASF406:
 7938 234c 4359424C 		.ascii	"CYBLE_EVT_HTSC_NOTIFICATION\000"
 7938      455F4556 
 7938      545F4854 
 7938      53435F4E 
 7938      4F544946 
ARM GAS  C:\Users\ARTEM\AppData\Local\Temp\ccuSJ5wi.s 			page 183


 7939              	.LASF6:
 7940 2368 6C6F6E67 		.ascii	"long long int\000"
 7940      206C6F6E 
 7940      6720696E 
 7940      7400
 7941              	.LASF592:
 7942 2376 4379426C 		.ascii	"CyBle_GattsIndication\000"
 7942      655F4761 
 7942      74747349 
 7942      6E646963 
 7942      6174696F 
 7943              	.LASF492:
 7944 238c 4359424C 		.ascii	"CYBLE_EVT_TPSC_READ_CHAR_RESPONSE\000"
 7944      455F4556 
 7944      545F5450 
 7944      53435F52 
 7944      4541445F 
 7945              	.LASF235:
 7946 23ae 4359424C 		.ascii	"CYBLE_EVT_GATTC_CHAR_DUPLICATION\000"
 7946      455F4556 
 7946      545F4741 
 7946      5454435F 
 7946      43484152 
 7947              	.LASF363:
 7948 23cf 4359424C 		.ascii	"CYBLE_EVT_GLSS_NOTIFICATION_ENABLED\000"
 7948      455F4556 
 7948      545F474C 
 7948      53535F4E 
 7948      4F544946 
 7949              	.LASF439:
 7950 23f3 4359424C 		.ascii	"CYBLE_EVT_OTSS_INDICATION_CONFIRMED\000"
 7950      455F4556 
 7950      545F4F54 
 7950      53535F49 
 7950      4E444943 
 7951              	.LASF133:
 7952 2417 4359424C 		.ascii	"CYBLE_GATT_ERR_PREPARE_WRITE_QUEUE_FULL\000"
 7952      455F4741 
 7952      54545F45 
 7952      52525F50 
 7952      52455041 
 7953              	.LASF388:
 7954 243f 4359424C 		.ascii	"CYBLE_EVT_HPSC_READ_CHAR_RESPONSE\000"
 7954      455F4556 
 7954      545F4850 
 7954      53435F52 
 7954      4541445F 
 7955              	.LASF104:
 7956 2461 4359424C 		.ascii	"CYBLE_ERROR_L2CAP_PSM_NOT_REGISTERED\000"
 7956      455F4552 
 7956      524F525F 
 7956      4C324341 
 7956      505F5053 
 7957              	.LASF94:
 7958 2486 4359424C 		.ascii	"CYBLE_ERROR_OOB_NOT_AVAILABLE\000"
 7958      455F4552 
 7958      524F525F 
ARM GAS  C:\Users\ARTEM\AppData\Local\Temp\ccuSJ5wi.s 			page 184


 7958      4F4F425F 
 7958      4E4F545F 
 7959              	.LASF299:
 7960 24a4 4359424C 		.ascii	"CYBLE_EVT_CGMSS_INDICATION_ENABLED\000"
 7960      455F4556 
 7960      545F4347 
 7960      4D53535F 
 7960      494E4449 
 7961              	.LASF13:
 7962 24c7 646F7562 		.ascii	"double\000"
 7962      6C6500
 7963              	.LASF109:
 7964 24ce 4359424C 		.ascii	"CYBLE_ERROR_DEVICE_ALREADY_EXISTS\000"
 7964      455F4552 
 7964      524F525F 
 7964      44455649 
 7964      43455F41 
 7965              	.LASF350:
 7966 24f0 4359424C 		.ascii	"CYBLE_EVT_ESSS_INDICATION_DISABLED\000"
 7966      455F4556 
 7966      545F4553 
 7966      53535F49 
 7966      4E444943 
 7967              	.LASF593:
 7968 2513 4379426C 		.ascii	"CyBle_GattDbCheckPermission\000"
 7968      655F4761 
 7968      74744462 
 7968      43686563 
 7968      6B506572 
 7969              	.LASF84:
 7970 252f 4359424C 		.ascii	"CYBLE_EVT_PENDING_FLASH_WRITE\000"
 7970      455F4556 
 7970      545F5045 
 7970      4E44494E 
 7970      475F464C 
 7971              	.LASF136:
 7972 254d 4359424C 		.ascii	"CYBLE_GATT_ERR_INSUFFICIENT_ENC_KEY_SIZE\000"
 7972      455F4741 
 7972      54545F45 
 7972      52525F49 
 7972      4E535546 
 7973              	.LASF509:
 7974 2576 4359424C 		.ascii	"CYBLE_EVT_WPTSS_NOTIFICATION_ENABLED\000"
 7974      455F4556 
 7974      545F5750 
 7974      5453535F 
 7974      4E4F5449 
 7975              	.LASF161:
 7976 259b 4359424C 		.ascii	"CYBLE_GATT_ERR_PROCEDURE_ALREADY_IN_PROGRESS\000"
 7976      455F4741 
 7976      54545F45 
 7976      52525F50 
 7976      524F4345 
 7977              	.LASF435:
 7978 25c8 4359424C 		.ascii	"CYBLE_EVT_LNSC_WRITE_DESCR_RESPONSE\000"
 7978      455F4556 
 7978      545F4C4E 
ARM GAS  C:\Users\ARTEM\AppData\Local\Temp\ccuSJ5wi.s 			page 185


 7978      53435F57 
 7978      52495445 
 7979              	.LASF41:
 7980 25ec 4359424C 		.ascii	"CYBLE_EVT_GAP_ENHANCE_CONN_COMPLETE\000"
 7980      455F4556 
 7980      545F4741 
 7980      505F454E 
 7980      48414E43 
 7981              	.LASF422:
 7982 2610 4359424C 		.ascii	"CYBLE_EVT_LLSC_READ_CHAR_RESPONSE\000"
 7982      455F4556 
 7982      545F4C4C 
 7982      53435F52 
 7982      4541445F 
 7983              	.LASF330:
 7984 2632 4359424C 		.ascii	"CYBLE_EVT_CSCSS_INDICATION_CONFIRMATION\000"
 7984      455F4556 
 7984      545F4353 
 7984      4353535F 
 7984      494E4449 
 7985              	.LASF106:
 7986 265a 4359424C 		.ascii	"CYBLE_ERROR_L2CAP_CHANNEL_NOT_FOUND\000"
 7986      455F4552 
 7986      524F525F 
 7986      4C324341 
 7986      505F4348 
 7987              	.LASF584:
 7988 267e 6379426C 		.ascii	"cyBle_gattDB\000"
 7988      655F6761 
 7988      74744442 
 7988      00
 7989              	.LASF97:
 7990 268b 4359424C 		.ascii	"CYBLE_ERROR_REPEATED_ATTEMPTS\000"
 7990      455F4552 
 7990      524F525F 
 7990      52455045 
 7990      41544544 
 7991              	.LASF222:
 7992 26a9 4359424C 		.ascii	"CYBLE_AIOS_DESCR_VALUE_T\000"
 7992      455F4149 
 7992      4F535F44 
 7992      45534352 
 7992      5F56414C 
 7993              	.LASF353:
 7994 26c2 4359424C 		.ascii	"CYBLE_EVT_ESSS_DESCR_WRITE\000"
 7994      455F4556 
 7994      545F4553 
 7994      53535F44 
 7994      45534352 
 7995              	.LASF349:
 7996 26dd 4359424C 		.ascii	"CYBLE_EVT_ESSS_INDICATION_ENABLED\000"
 7996      455F4556 
 7996      545F4553 
 7996      53535F49 
 7996      4E444943 
 7997              	.LASF12:
 7998 26ff 666C6F61 		.ascii	"float\000"
ARM GAS  C:\Users\ARTEM\AppData\Local\Temp\ccuSJ5wi.s 			page 186


 7998      7400
 7999              	.LASF486:
 8000 2705 4359424C 		.ascii	"CYBLE_EVT_SCPSC_NOTIFICATION\000"
 8000      455F4556 
 8000      545F5343 
 8000      5053435F 
 8000      4E4F5449 
 8001              	.LASF375:
 8002 2722 4359424C 		.ascii	"CYBLE_EVT_HIDSS_REPORT_MODE_ENTER\000"
 8002      455F4556 
 8002      545F4849 
 8002      4453535F 
 8002      5245504F 
 8003              	.LASF354:
 8004 2744 4359424C 		.ascii	"CYBLE_EVT_ESSC_NOTIFICATION\000"
 8004      455F4556 
 8004      545F4553 
 8004      53435F4E 
 8004      4F544946 
 8005              	.LASF110:
 8006 2760 4359424C 		.ascii	"CYBLE_ERROR_FLASH_WRITE_NOT_PERMITED\000"
 8006      455F4552 
 8006      524F525F 
 8006      464C4153 
 8006      485F5752 
 8007              	.LASF373:
 8008 2785 4359424C 		.ascii	"CYBLE_EVT_HIDSS_NOTIFICATION_DISABLED\000"
 8008      455F4556 
 8008      545F4849 
 8008      4453535F 
 8008      4E4F5449 
 8009              	.LASF71:
 8010 27ab 4359424C 		.ascii	"CYBLE_EVT_GATTS_READ_CHAR_VAL_ACCESS_REQ\000"
 8010      455F4556 
 8010      545F4741 
 8010      5454535F 
 8010      52454144 
 8011              	.LASF261:
 8012 27d4 4359424C 		.ascii	"CYBLE_EVT_ANCSC_READ_DESCR_RESPONSE\000"
 8012      455F4556 
 8012      545F414E 
 8012      4353435F 
 8012      52454144 
 8013              	.LASF132:
 8014 27f8 4359424C 		.ascii	"CYBLE_GATT_ERR_INSUFFICIENT_AUTHORIZATION\000"
 8014      455F4741 
 8014      54545F45 
 8014      52525F49 
 8014      4E535546 
 8015              	.LASF221:
 8016 2822 64657363 		.ascii	"descrIndex\000"
 8016      72496E64 
 8016      657800
 8017              	.LASF171:
 8018 282d 61747472 		.ascii	"attrHandle\000"
 8018      48616E64 
 8018      6C6500
ARM GAS  C:\Users\ARTEM\AppData\Local\Temp\ccuSJ5wi.s 			page 187


 8019              	.LASF503:
 8020 2838 4359424C 		.ascii	"CYBLE_EVT_UDSC_NOTIFICATION\000"
 8020      455F4556 
 8020      545F5544 
 8020      53435F4E 
 8020      4F544946 
 8021              	.LASF517:
 8022 2854 4359424C 		.ascii	"CYBLE_EVT_WPTSC_WRITE_CHAR_RESPONSE\000"
 8022      455F4556 
 8022      545F5750 
 8022      5453435F 
 8022      57524954 
 8023              	.LASF177:
 8024 2878 4359424C 		.ascii	"CYBLE_GATTS_WRITE_REQ_PARAM_T\000"
 8024      455F4741 
 8024      5454535F 
 8024      57524954 
 8024      455F5245 
 8025              	.LASF8:
 8026 2896 756E7369 		.ascii	"unsigned int\000"
 8026      676E6564 
 8026      20696E74 
 8026      00
 8027              	.LASF63:
 8028 28a3 4359424C 		.ascii	"CYBLE_EVT_GATTS_PREP_WRITE_REQ\000"
 8028      455F4556 
 8028      545F4741 
 8028      5454535F 
 8028      50524550 
 8029              	.LASF190:
 8030 28c2 61747445 		.ascii	"attEndHandle\000"
 8030      6E644861 
 8030      6E646C65 
 8030      00
 8031              	.LASF129:
 8032 28cf 4359424C 		.ascii	"CYBLE_GATT_ERR_INSUFFICIENT_AUTHENTICATION\000"
 8032      455F4741 
 8032      54545F45 
 8032      52525F49 
 8032      4E535546 
 8033              	.LASF194:
 8034 28fa 4359424C 		.ascii	"CYBLE_AIOS_DIGITAL\000"
 8034      455F4149 
 8034      4F535F44 
 8034      49474954 
 8034      414C00
 8035              	.LASF297:
 8036 290d 4359424C 		.ascii	"CYBLE_EVT_BMSC_WRITE_CHAR_RESPONSE\000"
 8036      455F4556 
 8036      545F424D 
 8036      53435F57 
 8036      52495445 
 8037              	.LASF339:
 8038 2930 4359424C 		.ascii	"CYBLE_EVT_CTSS_NOTIFICATION_DISABLED\000"
 8038      455F4556 
 8038      545F4354 
 8038      53535F4E 
ARM GAS  C:\Users\ARTEM\AppData\Local\Temp\ccuSJ5wi.s 			page 188


 8038      4F544946 
 8039              	.LASF197:
 8040 2955 4359424C 		.ascii	"CYBLE_AIOS_CHAR_COUNT\000"
 8040      455F4149 
 8040      4F535F43 
 8040      4841525F 
 8040      434F554E 
 8041              	.LASF286:
 8042 296b 4359424C 		.ascii	"CYBLE_EVT_BLSS_INDICATION_DISABLED\000"
 8042      455F4556 
 8042      545F424C 
 8042      53535F49 
 8042      4E444943 
 8043              	.LASF438:
 8044 298e 4359424C 		.ascii	"CYBLE_EVT_OTSS_INDICATION_DISABLED\000"
 8044      455F4556 
 8044      545F4F54 
 8044      53535F49 
 8044      4E444943 
 8045              	.LASF461:
 8046 29b1 4359424C 		.ascii	"CYBLE_EVT_PLXSS_INDICATION_CONFIRMED\000"
 8046      455F4556 
 8046      545F504C 
 8046      5853535F 
 8046      494E4449 
 8047              	.LASF484:
 8048 29d6 4359424C 		.ascii	"CYBLE_EVT_SCPSS_NOTIFICATION_DISABLED\000"
 8048      455F4556 
 8048      545F5343 
 8048      5053535F 
 8048      4E4F5449 
 8049              	.LASF351:
 8050 29fc 4359424C 		.ascii	"CYBLE_EVT_ESSS_INDICATION_CONFIRMATION\000"
 8050      455F4556 
 8050      545F4553 
 8050      53535F49 
 8050      4E444943 
 8051              	.LASF147:
 8052 2a23 4359424C 		.ascii	"CYBLE_GATTS_ERR_PROCEDURE_ALREADY_IN_PROGRESS\000"
 8052      455F4741 
 8052      5454535F 
 8052      4552525F 
 8052      50524F43 
 8053              	.LASF254:
 8054 2a51 4359424C 		.ascii	"CYBLE_EVT_AIOSC_WRITE_DESCR_RESPONSE\000"
 8054      455F4556 
 8054      545F4149 
 8054      4F53435F 
 8054      57524954 
 8055              	.LASF223:
 8056 2a76 4359424C 		.ascii	"CYBLE_AUTHENTICATION_REQUEST_REPLY\000"
 8056      455F4155 
 8056      5448454E 
 8056      54494341 
 8056      54494F4E 
 8057              	.LASF102:
 8058 2a99 4359424C 		.ascii	"CYBLE_ERROR_L2CAP_PSM_WRONG_ENCODING\000"
ARM GAS  C:\Users\ARTEM\AppData\Local\Temp\ccuSJ5wi.s 			page 189


 8058      455F4552 
 8058      524F525F 
 8058      4C324341 
 8058      505F5053 
 8059              	.LASF289:
 8060 2abe 4359424C 		.ascii	"CYBLE_EVT_BLSS_NOTIFICATION_DISABLED\000"
 8060      455F4556 
 8060      545F424C 
 8060      53535F4E 
 8060      4F544946 
 8061              	.LASF134:
 8062 2ae3 4359424C 		.ascii	"CYBLE_GATT_ERR_ATTRIBUTE_NOT_FOUND\000"
 8062      455F4741 
 8062      54545F45 
 8062      52525F41 
 8062      54545249 
 8063              	.LASF409:
 8064 2b06 4359424C 		.ascii	"CYBLE_EVT_HTSC_WRITE_CHAR_RESPONSE\000"
 8064      455F4556 
 8064      545F4854 
 8064      53435F57 
 8064      52495445 
 8065              	.LASF522:
 8066 2b29 4359424C 		.ascii	"CYBLE_EVT_WSSS_INDICATION_DISABLED\000"
 8066      455F4556 
 8066      545F5753 
 8066      53535F49 
 8066      4E444943 
 8067              	.LASF391:
 8068 2b4c 4359424C 		.ascii	"CYBLE_EVT_HPSC_WRITE_CHAR_RESPONSE\000"
 8068      455F4556 
 8068      545F4850 
 8068      53435F57 
 8068      52495445 
 8069              	.LASF88:
 8070 2b6f 4359424C 		.ascii	"CYBLE_EVT_MAX\000"
 8070      455F4556 
 8070      545F4D41 
 8070      5800
 8071              	.LASF35:
 8072 2b7d 4359424C 		.ascii	"CYBLE_EVT_GAPC_SCAN_START_STOP\000"
 8072      455F4556 
 8072      545F4741 
 8072      50435F53 
 8072      43414E5F 
 8073              	.LASF264:
 8074 2b9c 4359424C 		.ascii	"CYBLE_EVT_ANSS_NOTIFICATION_ENABLED\000"
 8074      455F4556 
 8074      545F414E 
 8074      53535F4E 
 8074      4F544946 
 8075              	.LASF60:
 8076 2bc0 4359424C 		.ascii	"CYBLE_EVT_GATTS_WRITE_REQ\000"
 8076      455F4556 
 8076      545F4741 
 8076      5454535F 
 8076      57524954 
ARM GAS  C:\Users\ARTEM\AppData\Local\Temp\ccuSJ5wi.s 			page 190


 8077              	.LASF505:
 8078 2bda 4359424C 		.ascii	"CYBLE_EVT_UDSC_WRITE_CHAR_RESPONSE\000"
 8078      455F4556 
 8078      545F5544 
 8078      53435F57 
 8078      52495445 
 8079              	.LASF566:
 8080 2bfd 6E756D4F 		.ascii	"numOfDigital\000"
 8080      66446967 
 8080      6974616C 
 8080      00
 8081              	.LASF516:
 8082 2c0a 4359424C 		.ascii	"CYBLE_EVT_WPTSC_INDICATION\000"
 8082      455F4556 
 8082      545F5750 
 8082      5453435F 
 8082      494E4449 
 8083              	.LASF27:
 8084 2c25 4359424C 		.ascii	"CYBLE_EVT_GAP_PASSKEY_DISPLAY_REQUEST\000"
 8084      455F4556 
 8084      545F4741 
 8084      505F5041 
 8084      53534B45 
 8085              	.LASF119:
 8086 2c4b 4359424C 		.ascii	"CYBLE_ERROR_IND_DISABLED\000"
 8086      455F4552 
 8086      524F525F 
 8086      494E445F 
 8086      44495341 
 8087              	.LASF118:
 8088 2c64 4359424C 		.ascii	"CYBLE_ERROR_NTF_DISABLED\000"
 8088      455F4552 
 8088      524F525F 
 8088      4E54465F 
 8088      44495341 
 8089              	.LASF201:
 8090 2c7d 4359424C 		.ascii	"CYBLE_AIOS_CHAR_USER_DESCRIPTION_DESCR\000"
 8090      455F4149 
 8090      4F535F43 
 8090      4841525F 
 8090      55534552 
 8091              	.LASF57:
 8092 2ca4 4359424C 		.ascii	"CYBLE_EVT_GATTC_READ_RSP\000"
 8092      455F4556 
 8092      545F4741 
 8092      5454435F 
 8092      52454144 
 8093              	.LASF320:
 8094 2cbd 4359424C 		.ascii	"CYBLE_EVT_CPSC_INDICATION\000"
 8094      455F4556 
 8094      545F4350 
 8094      53435F49 
 8094      4E444943 
 8095              	.LASF198:
 8096 2cd7 4359424C 		.ascii	"CYBLE_AIOS_CHAR_INDEX_T\000"
 8096      455F4149 
 8096      4F535F43 
ARM GAS  C:\Users\ARTEM\AppData\Local\Temp\ccuSJ5wi.s 			page 191


 8096      4841525F 
 8096      494E4445 
 8097              	.LASF131:
 8098 2cef 4359424C 		.ascii	"CYBLE_GATT_ERR_INVALID_OFFSET\000"
 8098      455F4741 
 8098      54545F45 
 8098      52525F49 
 8098      4E56414C 
 8099              	.LASF346:
 8100 2d0d 4359424C 		.ascii	"CYBLE_EVT_DISC_READ_CHAR_RESPONSE\000"
 8100      455F4556 
 8100      545F4449 
 8100      53435F52 
 8100      4541445F 
 8101              	.LASF77:
 8102 2d2f 4359424C 		.ascii	"CYBLE_EVT_L2CAP_CBFC_CONN_CNF\000"
 8102      455F4556 
 8102      545F4C32 
 8102      4341505F 
 8102      43424643 
 8103              	.LASF180:
 8104 2d4d 4359424C 		.ascii	"CYBLE_GATTS_ATT_GEN_VAL_LEN_T\000"
 8104      455F4741 
 8104      5454535F 
 8104      4154545F 
 8104      47454E5F 
 8105              	.LASF410:
 8106 2d6b 4359424C 		.ascii	"CYBLE_EVT_HTSC_READ_DESCR_RESPONSE\000"
 8106      455F4556 
 8106      545F4854 
 8106      53435F52 
 8106      4541445F 
 8107              	.LASF528:
 8108 2d8e 4359424C 		.ascii	"CYBLE_DEBUG_EVT_BLESS_INT\000"
 8108      455F4445 
 8108      4255475F 
 8108      4556545F 
 8108      424C4553 
 8109              	.LASF162:
 8110 2da8 4359424C 		.ascii	"CYBLE_GATT_ERR_OUT_OF_RANGE\000"
 8110      455F4741 
 8110      54545F45 
 8110      52525F4F 
 8110      55545F4F 
 8111              	.LASF365:
 8112 2dc4 4359424C 		.ascii	"CYBLE_EVT_GLSS_WRITE_CHAR\000"
 8112      455F4556 
 8112      545F474C 
 8112      53535F57 
 8112      52495445 
 8113              	.LASF87:
 8114 2dde 4359424C 		.ascii	"CYBLE_EVT_FLASH_CORRUPT\000"
 8114      455F4556 
 8114      545F464C 
 8114      4153485F 
 8114      434F5252 
 8115              	.LASF15:
ARM GAS  C:\Users\ARTEM\AppData\Local\Temp\ccuSJ5wi.s 			page 192


 8116 2df6 6C6F6E67 		.ascii	"long double\000"
 8116      20646F75 
 8116      626C6500 
 8117              	.LASF302:
 8118 2e02 4359424C 		.ascii	"CYBLE_EVT_CGMSS_NOTIFICATION_ENABLED\000"
 8118      455F4556 
 8118      545F4347 
 8118      4D53535F 
 8118      4E4F5449 
 8119              	.LASF395:
 8120 2e27 4359424C 		.ascii	"CYBLE_EVT_HRSC_NOTIFICATION\000"
 8120      455F4556 
 8120      545F4852 
 8120      53435F4E 
 8120      4F544946 
 8121              	.LASF23:
 8122 2e43 4359424C 		.ascii	"CYBLE_EVT_MEMORY_REQUEST\000"
 8122      455F4556 
 8122      545F4D45 
 8122      4D4F5259 
 8122      5F524551 
 8123              	.LASF251:
 8124 2e5c 4359424C 		.ascii	"CYBLE_EVT_AIOSC_READ_CHAR_RESPONSE\000"
 8124      455F4556 
 8124      545F4149 
 8124      4F53435F 
 8124      52454144 
 8125              	.LASF591:
 8126 2e7f 4379426C 		.ascii	"CyBle_Get16ByPtr\000"
 8126      655F4765 
 8126      74313642 
 8126      79507472 
 8126      00
 8127              	.LASF553:
 8128 2e90 6C6F6352 		.ascii	"locReqHandle\000"
 8128      65714861 
 8128      6E646C65 
 8128      00
 8129              	.LASF473:
 8130 2e9d 4359424C 		.ascii	"CYBLE_EVT_RSCSS_INDICATION_CONFIRMATION\000"
 8130      455F4556 
 8130      545F5253 
 8130      4353535F 
 8130      494E4449 
 8131              	.LASF556:
 8132 2ec5 6C6F6341 		.ascii	"locAttrValue\000"
 8132      74747256 
 8132      616C7565 
 8132      00
 8133              	.LASF382:
 8134 2ed2 4359424C 		.ascii	"CYBLE_EVT_HIDSC_READ_DESCR_RESPONSE\000"
 8134      455F4556 
 8134      545F4849 
 8134      4453435F 
 8134      52454144 
 8135              	.LASF544:
 8136 2ef6 6E746652 		.ascii	"ntfReqParam\000"
ARM GAS  C:\Users\ARTEM\AppData\Local\Temp\ccuSJ5wi.s 			page 193


 8136      65715061 
 8136      72616D00 
 8137              	.LASF396:
 8138 2f02 4359424C 		.ascii	"CYBLE_EVT_HRSC_READ_CHAR_RESPONSE\000"
 8138      455F4556 
 8138      545F4852 
 8138      53435F52 
 8138      4541445F 
 8139              	.LASF274:
 8140 2f24 4359424C 		.ascii	"CYBLE_EVT_BASC_NOTIFICATION\000"
 8140      455F4556 
 8140      545F4241 
 8140      53435F4E 
 8140      4F544946 
 8141              	.LASF547:
 8142 2f40 4379426C 		.ascii	"CyBle_AiosRegisterAttrCallback\000"
 8142      655F4169 
 8142      6F735265 
 8142      67697374 
 8142      65724174 
 8143              	.LASF33:
 8144 2f5f 4359424C 		.ascii	"CYBLE_EVT_GAP_ENCRYPT_CHANGE\000"
 8144      455F4556 
 8144      545F4741 
 8144      505F454E 
 8144      43525950 
 8145              	.LASF576:
 8146 2f7c 4379426C 		.ascii	"CyBle_AiossSetCharacteristicValue\000"
 8146      655F4169 
 8146      6F737353 
 8146      65744368 
 8146      61726163 
 8147              	.LASF436:
 8148 2f9e 4359424C 		.ascii	"CYBLE_EVT_NDCSC_READ_CHAR_RESPONSE\000"
 8148      455F4556 
 8148      545F4E44 
 8148      4353435F 
 8148      52454144 
 8149              	.LASF568:
 8150 2fc1 4379426C 		.ascii	"CyBle_AiossWriteEventHandler\000"
 8150      655F4169 
 8150      6F737357 
 8150      72697465 
 8150      4576656E 
 8151              	.LASF236:
 8152 2fde 4359424C 		.ascii	"CYBLE_EVT_GATTC_DESCR_DUPLICATION\000"
 8152      455F4556 
 8152      545F4741 
 8152      5454435F 
 8152      44455343 
 8153              	.LASF51:
 8154 3000 4359424C 		.ascii	"CYBLE_EVT_GATTS_XCNHG_MTU_REQ\000"
 8154      455F4556 
 8154      545F4741 
 8154      5454535F 
 8154      58434E48 
 8155              	.LASF385:
ARM GAS  C:\Users\ARTEM\AppData\Local\Temp\ccuSJ5wi.s 			page 194


 8156 301e 4359424C 		.ascii	"CYBLE_EVT_HPSS_NOTIFICATION_DISABLED\000"
 8156      455F4556 
 8156      545F4850 
 8156      53535F4E 
 8156      4F544946 
 8157              	.LASF550:
 8158 3043 6C6F6343 		.ascii	"locCharIndex\000"
 8158      68617249 
 8158      6E646578 
 8158      00
 8159              	.LASF498:
 8160 3050 4359424C 		.ascii	"CYBLE_EVT_UDSS_NOTIFICATION_ENABLED\000"
 8160      455F4556 
 8160      545F5544 
 8160      53535F4E 
 8160      4F544946 
 8161              	.LASF246:
 8162 3074 4359424C 		.ascii	"CYBLE_EVT_AIOSS_INDICATION_CONFIRMED\000"
 8162      455F4556 
 8162      545F4149 
 8162      4F53535F 
 8162      494E4449 
 8163              	.LASF426:
 8164 3099 4359424C 		.ascii	"CYBLE_EVT_LNSS_INDICATION_CONFIRMED\000"
 8164      455F4556 
 8164      545F4C4E 
 8164      53535F49 
 8164      4E444943 
 8165              	.LASF47:
 8166 30bd 4359424C 		.ascii	"CYBLE_EVT_GAP_SMP_LOC_P256_KEYS_GEN_AND_SET_COMPLET"
 8166      455F4556 
 8166      545F4741 
 8166      505F534D 
 8166      505F4C4F 
 8167 30f0 4500     		.ascii	"E\000"
 8168              	.LASF271:
 8169 30f2 4359424C 		.ascii	"CYBLE_EVT_ANSC_WRITE_DESCR_RESPONSE\000"
 8169      455F4556 
 8169      545F414E 
 8169      53435F57 
 8169      52495445 
 8170              	.LASF432:
 8171 3116 4359424C 		.ascii	"CYBLE_EVT_LNSC_READ_CHAR_RESPONSE\000"
 8171      455F4556 
 8171      545F4C4E 
 8171      53435F52 
 8171      4541445F 
 8172              	.LASF362:
 8173 3138 4359424C 		.ascii	"CYBLE_EVT_GLSS_INDICATION_CONFIRMED\000"
 8173      455F4556 
 8173      545F474C 
 8173      53535F49 
 8173      4E444943 
 8174              	.LASF534:
 8175 315c 4359424C 		.ascii	"CYBLE_STATE_T\000"
 8175      455F5354 
 8175      4154455F 
ARM GAS  C:\Users\ARTEM\AppData\Local\Temp\ccuSJ5wi.s 			page 195


 8175      5400
 8176              	.LASF227:
 8177 316a 4359424C 		.ascii	"CYBLE_EVT_GATTS_INDICATION_ENABLED\000"
 8177      455F4556 
 8177      545F4741 
 8177      5454535F 
 8177      494E4449 
 8178              	.LASF7:
 8179 318d 6C6F6E67 		.ascii	"long long unsigned int\000"
 8179      206C6F6E 
 8179      6720756E 
 8179      7369676E 
 8179      65642069 
 8180              	.LASF125:
 8181 31a4 4359424C 		.ascii	"CYBLE_GATT_ERR_INVALID_HANDLE\000"
 8181      455F4741 
 8181      54545F45 
 8181      52525F49 
 8181      4E56414C 
 8182              	.LASF19:
 8183 31c2 4359424C 		.ascii	"CYBLE_EVT_TIMEOUT\000"
 8183      455F4556 
 8183      545F5449 
 8183      4D454F55 
 8183      5400
 8184              	.LASF343:
 8185 31d4 4359424C 		.ascii	"CYBLE_EVT_CTSC_READ_DESCR_RESPONSE\000"
 8185      455F4556 
 8185      545F4354 
 8185      53435F52 
 8185      4541445F 
 8186              	.LASF149:
 8187 31f7 4359424C 		.ascii	"CYBLE_GATT_ERR_MISSING_CRC\000"
 8187      455F4741 
 8187      54545F45 
 8187      52525F4D 
 8187      49535349 
 8188              	.LASF121:
 8189 3212 4359424C 		.ascii	"CYBLE_ERROR_INVALID_STATE\000"
 8189      455F4552 
 8189      524F525F 
 8189      494E5641 
 8189      4C49445F 
 8190              	.LASF164:
 8191 322c 4359424C 		.ascii	"CYBLE_GATT_DB_ATTR_HANDLE_T\000"
 8191      455F4741 
 8191      54545F44 
 8191      425F4154 
 8191      54525F48 
 8192              	.LASF244:
 8193 3248 4359424C 		.ascii	"CYBLE_EVT_AIOSS_INDICATION_ENABLED\000"
 8193      455F4556 
 8193      545F4149 
 8193      4F53535F 
 8193      494E4449 
 8194              	.LASF80:
 8195 326b 4359424C 		.ascii	"CYBLE_EVT_L2CAP_CBFC_DATA_READ\000"
ARM GAS  C:\Users\ARTEM\AppData\Local\Temp\ccuSJ5wi.s 			page 196


 8195      455F4556 
 8195      545F4C32 
 8195      4341505F 
 8195      43424643 
 8196              	.LASF124:
 8197 328a 4359424C 		.ascii	"CYBLE_GATT_ERR_NONE\000"
 8197      455F4741 
 8197      54545F45 
 8197      52525F4E 
 8197      4F4E4500 
 8198              	.LASF170:
 8199 329e 76616C75 		.ascii	"value\000"
 8199      6500
 8200              	.LASF319:
 8201 32a4 4359424C 		.ascii	"CYBLE_EVT_CPSC_NOTIFICATION\000"
 8201      455F4556 
 8201      545F4350 
 8201      53435F4E 
 8201      4F544946 
 8202              	.LASF294:
 8203 32c0 4359424C 		.ascii	"CYBLE_EVT_BLSC_WRITE_DESCR_RESPONSE\000"
 8203      455F4556 
 8203      545F424C 
 8203      53435F57 
 8203      52495445 
 8204              	.LASF212:
 8205 32e4 63686172 		.ascii	"charInfoPtr\000"
 8205      496E666F 
 8205      50747200 
 8206              	.LASF191:
 8207 32f0 61747456 		.ascii	"attValue\000"
 8207      616C7565 
 8207      00
 8208              	.LASF431:
 8209 32f9 4359424C 		.ascii	"CYBLE_EVT_LNSC_NOTIFICATION\000"
 8209      455F4556 
 8209      545F4C4E 
 8209      53435F4E 
 8209      4F544946 
 8210              	.LASF341:
 8211 3315 4359424C 		.ascii	"CYBLE_EVT_CTSC_NOTIFICATION\000"
 8211      455F4556 
 8211      545F4354 
 8211      53435F4E 
 8211      4F544946 
 8212              	.LASF114:
 8213 3331 4359424C 		.ascii	"CYBLE_ERROR_FLASH_WRITE\000"
 8213      455F4552 
 8213      524F525F 
 8213      464C4153 
 8213      485F5752 
 8214              	.LASF361:
 8215 3349 4359424C 		.ascii	"CYBLE_EVT_GLSS_INDICATION_DISABLED\000"
 8215      455F4556 
 8215      545F474C 
 8215      53535F49 
 8215      4E444943 
ARM GAS  C:\Users\ARTEM\AppData\Local\Temp\ccuSJ5wi.s 			page 197


 8216              	.LASF146:
 8217 336c 4359424C 		.ascii	"CYBLE_GATT_ERR_HTS_OUT_OF_RANGE\000"
 8217      455F4741 
 8217      54545F45 
 8217      52525F48 
 8217      54535F4F 
 8218              	.LASF444:
 8219 338c 4359424C 		.ascii	"CYBLE_EVT_OTSC_READ_BLOB_RSP\000"
 8219      455F4556 
 8219      545F4F54 
 8219      53435F52 
 8219      4541445F 
 8220              	.LASF247:
 8221 33a9 4359424C 		.ascii	"CYBLE_EVT_AIOSS_CHAR_WRITE\000"
 8221      455F4556 
 8221      545F4149 
 8221      4F53535F 
 8221      43484152 
 8222              	.LASF234:
 8223 33c4 4359424C 		.ascii	"CYBLE_EVT_GATTC_SRVC_DUPLICATION\000"
 8223      455F4556 
 8223      545F4741 
 8223      5454435F 
 8223      53525643 
 8224              	.LASF575:
 8225 33e5 64657363 		.ascii	"descInd\000"
 8225      496E6400 
 8226              	.LASF424:
 8227 33ed 4359424C 		.ascii	"CYBLE_EVT_LNSS_INDICATION_ENABLED\000"
 8227      455F4556 
 8227      545F4C4E 
 8227      53535F49 
 8227      4E444943 
 8228              	.LASF257:
 8229 340f 4359424C 		.ascii	"CYBLE_EVT_ANCSS_NOTIFICATION_DISABLED\000"
 8229      455F4556 
 8229      545F414E 
 8229      4353535F 
 8229      4E4F5449 
 8230              	.LASF175:
 8231 3435 636F6E6E 		.ascii	"connHandle\000"
 8231      48616E64 
 8231      6C6500
 8232              	.LASF178:
 8233 3440 61637475 		.ascii	"actualLength\000"
 8233      616C4C65 
 8233      6E677468 
 8233      00
 8234              	.LASF273:
 8235 344d 4359424C 		.ascii	"CYBLE_EVT_BASS_NOTIFICATION_DISABLED\000"
 8235      455F4556 
 8235      545F4241 
 8235      53535F4E 
 8235      4F544946 
 8236              	.LASF456:
 8237 3472 4359424C 		.ascii	"CYBLE_EVT_PLXSS_WRITE_CHAR\000"
 8237      455F4556 
ARM GAS  C:\Users\ARTEM\AppData\Local\Temp\ccuSJ5wi.s 			page 198


 8237      545F504C 
 8237      5853535F 
 8237      57524954 
 8238              	.LASF311:
 8239 348d 4359424C 		.ascii	"CYBLE_EVT_CPSS_NOTIFICATION_ENABLED\000"
 8239      455F4556 
 8239      545F4350 
 8239      53535F4E 
 8239      4F544946 
 8240              	.LASF493:
 8241 34b1 4359424C 		.ascii	"CYBLE_EVT_TPSC_READ_DESCR_RESPONSE\000"
 8241      455F4556 
 8241      545F5450 
 8241      53435F52 
 8241      4541445F 
 8242              	.LASF582:
 8243 34d4 6379426C 		.ascii	"cyBle_pendingFlashWrite\000"
 8243      655F7065 
 8243      6E64696E 
 8243      67466C61 
 8243      73685772 
 8244              	.LASF508:
 8245 34ec 4359424C 		.ascii	"CYBLE_EVT_UDSC_ERROR_RESPONSE\000"
 8245      455F4556 
 8245      545F5544 
 8245      53435F45 
 8245      52524F52 
 8246              	.LASF55:
 8247 350a 4359424C 		.ascii	"CYBLE_EVT_GATTC_FIND_INFO_RSP\000"
 8247      455F4556 
 8247      545F4741 
 8247      5454435F 
 8247      46494E44 
 8248              	.LASF54:
 8249 3528 4359424C 		.ascii	"CYBLE_EVT_GATTC_READ_BY_TYPE_RSP\000"
 8249      455F4556 
 8249      545F4741 
 8249      5454435F 
 8249      52454144 
 8250              	.LASF450:
 8251 3549 4359424C 		.ascii	"CYBLE_EVT_PASSS_NOTIFICATION_DISABLED\000"
 8251      455F4556 
 8251      545F5041 
 8251      5353535F 
 8251      4E4F5449 
 8252              	.LASF309:
 8253 356f 4359424C 		.ascii	"CYBLE_EVT_CGMSC_READ_DESCR_RESPONSE\000"
 8253      455F4556 
 8253      545F4347 
 8253      4D53435F 
 8253      52454144 
 8254              	.LASF380:
 8255 3593 4359424C 		.ascii	"CYBLE_EVT_HIDSC_READ_CHAR_RESPONSE\000"
 8255      455F4556 
 8255      545F4849 
 8255      4453435F 
 8255      52454144 
ARM GAS  C:\Users\ARTEM\AppData\Local\Temp\ccuSJ5wi.s 			page 199


 8256              	.LASF151:
 8257 35b6 4359424C 		.ascii	"CYBLE_GATTS_ERR_OPERATION_FAILED\000"
 8257      455F4741 
 8257      5454535F 
 8257      4552525F 
 8257      4F504552 
 8258              	.LASF216:
 8259 35d7 4359424C 		.ascii	"CYBLE_AIOSS_T\000"
 8259      455F4149 
 8259      4F53535F 
 8259      5400
 8260              	.LASF538:
 8261 35e5 61706952 		.ascii	"apiResult\000"
 8261      6573756C 
 8261      7400
 8262              	.LASF587:
 8263 35ef 6379426C 		.ascii	"cyBle_state\000"
 8263      655F7374 
 8263      61746500 
 8264              	.LASF490:
 8265 35fb 4359424C 		.ascii	"CYBLE_EVT_TPSS_NOTIFICATION_DISABLED\000"
 8265      455F4556 
 8265      545F5450 
 8265      53535F4E 
 8265      4F544946 
 8266              	.LASF487:
 8267 3620 4359424C 		.ascii	"CYBLE_EVT_SCPSC_READ_DESCR_RESPONSE\000"
 8267      455F4556 
 8267      545F5343 
 8267      5053435F 
 8267      52454144 
 8268              	.LASF399:
 8269 3644 4359424C 		.ascii	"CYBLE_EVT_HRSC_WRITE_DESCR_RESPONSE\000"
 8269      455F4556 
 8269      545F4852 
 8269      53435F57 
 8269      52495445 
 8270              	.LASF115:
 8271 3668 4359424C 		.ascii	"CYBLE_ERROR_LL_SAME_TRANSACTION_COLLISION\000"
 8271      455F4552 
 8271      524F525F 
 8271      4C4C5F53 
 8271      414D455F 
 8272              	.LASF429:
 8273 3692 4359424C 		.ascii	"CYBLE_EVT_LNSS_WRITE_CHAR\000"
 8273      455F4556 
 8273      545F4C4E 
 8273      53535F57 
 8273      52495445 
 8274              	.LASF558:
 8275 36ac 63757272 		.ascii	"currentDescriptionValue\000"
 8275      656E7444 
 8275      65736372 
 8275      69707469 
 8275      6F6E5661 
 8276              	.LASF352:
 8277 36c4 4359424C 		.ascii	"CYBLE_EVT_ESSS_CHAR_WRITE\000"
ARM GAS  C:\Users\ARTEM\AppData\Local\Temp\ccuSJ5wi.s 			page 200


 8277      455F4556 
 8277      545F4553 
 8277      53535F43 
 8277      4841525F 
 8278              	.LASF61:
 8279 36de 4359424C 		.ascii	"CYBLE_EVT_GATTC_WRITE_RSP\000"
 8279      455F4556 
 8279      545F4741 
 8279      5454435F 
 8279      57524954 
 8280              	.LASF347:
 8281 36f8 4359424C 		.ascii	"CYBLE_EVT_ESSS_NOTIFICATION_ENABLED\000"
 8281      455F4556 
 8281      545F4553 
 8281      53535F4E 
 8281      4F544946 
 8282              	.LASF533:
 8283 371c 4359424C 		.ascii	"CYBLE_STATE_DISCONNECTED\000"
 8283      455F5354 
 8283      4154455F 
 8283      44495343 
 8283      4F4E4E45 
 8284              	.LASF186:
 8285 3735 4359424C 		.ascii	"CYBLE_GATTS_ATT_VALUE_T\000"
 8285      455F4741 
 8285      5454535F 
 8285      4154545F 
 8285      56414C55 
 8286              	.LASF567:
 8287 374d 4379426C 		.ascii	"CyBle_AiosInit\000"
 8287      655F4169 
 8287      6F73496E 
 8287      697400
 8288              	.LASF552:
 8289 375c 6C6F6343 		.ascii	"locCharInstance\000"
 8289      68617249 
 8289      6E737461 
 8289      6E636500 
 8290              	.LASF475:
 8291 376c 4359424C 		.ascii	"CYBLE_EVT_RSCSC_NOTIFICATION\000"
 8291      455F4556 
 8291      545F5253 
 8291      4353435F 
 8291      4E4F5449 
 8292              	.LASF183:
 8293 3789 4359424C 		.ascii	"CYBLE_GATTS_ATT_PACK_VAL_LEN_T\000"
 8293      455F4741 
 8293      5454535F 
 8293      4154545F 
 8293      5041434B 
 8294              	.LASF30:
 8295 37a8 4359424C 		.ascii	"CYBLE_EVT_GAPP_ADVERTISEMENT_START_STOP\000"
 8295      455F4556 
 8295      545F4741 
 8295      50505F41 
 8295      44564552 
 8296              	.LASF287:
ARM GAS  C:\Users\ARTEM\AppData\Local\Temp\ccuSJ5wi.s 			page 201


 8297 37d0 4359424C 		.ascii	"CYBLE_EVT_BLSS_INDICATION_CONFIRMED\000"
 8297      455F4556 
 8297      545F424C 
 8297      53535F49 
 8297      4E444943 
 8298              	.LASF519:
 8299 37f4 4359424C 		.ascii	"CYBLE_EVT_WPTSC_READ_DESCR_RESPONSE\000"
 8299      455F4556 
 8299      545F5750 
 8299      5453435F 
 8299      52454144 
 8300              	.LASF259:
 8301 3818 4359424C 		.ascii	"CYBLE_EVT_ANCSC_NOTIFICATION\000"
 8301      455F4556 
 8301      545F414E 
 8301      4353435F 
 8301      4E4F5449 
 8302              	.LASF179:
 8303 3835 61747447 		.ascii	"attGenericVal\000"
 8303      656E6572 
 8303      69635661 
 8303      6C00
 8304              	.LASF209:
 8305 3843 63686172 		.ascii	"charHandle\000"
 8305      48616E64 
 8305      6C6500
 8306              	.LASF468:
 8307 384e 4359424C 		.ascii	"CYBLE_EVT_PLXSC_TIMEOUT\000"
 8307      455F4556 
 8307      545F504C 
 8307      5853435F 
 8307      54494D45 
 8308              	.LASF308:
 8309 3866 4359424C 		.ascii	"CYBLE_EVT_CGMSC_WRITE_CHAR_RESPONSE\000"
 8309      455F4556 
 8309      545F4347 
 8309      4D53435F 
 8309      57524954 
 8310              	.LASF9:
 8311 388a 75696E74 		.ascii	"uint8\000"
 8311      3800
 8312              	.LASF408:
 8313 3890 4359424C 		.ascii	"CYBLE_EVT_HTSC_READ_CHAR_RESPONSE\000"
 8313      455F4556 
 8313      545F4854 
 8313      53435F52 
 8313      4541445F 
 8314              	.LASF38:
 8315 38b2 4359424C 		.ascii	"CYBLE_EVT_GAP_KEYPRESS_NOTIFICATION\000"
 8315      455F4556 
 8315      545F4741 
 8315      505F4B45 
 8315      59505245 
 8316              	.LASF455:
 8317 38d6 4359424C 		.ascii	"CYBLE_EVT_PASSC_WRITE_DESCR_RESPONSE\000"
 8317      455F4556 
 8317      545F5041 
ARM GAS  C:\Users\ARTEM\AppData\Local\Temp\ccuSJ5wi.s 			page 202


 8317      5353435F 
 8317      57524954 
 8318              	.LASF2:
 8319 38fb 73686F72 		.ascii	"short int\000"
 8319      7420696E 
 8319      7400
 8320              	.LASF176:
 8321 3905 68616E64 		.ascii	"handleValPair\000"
 8321      6C655661 
 8321      6C506169 
 8321      7200
 8322              	.LASF295:
 8323 3913 4359424C 		.ascii	"CYBLE_EVT_BMSS_WRITE_CHAR\000"
 8323      455F4556 
 8323      545F424D 
 8323      53535F57 
 8323      52495445 
 8324              	.LASF182:
 8325 392d 61747447 		.ascii	"attGenericValLen\000"
 8325      656E6572 
 8325      69635661 
 8325      6C4C656E 
 8325      00
 8326              	.LASF184:
 8327 393e 61747446 		.ascii	"attFormatValue\000"
 8327      6F726D61 
 8327      7456616C 
 8327      756500
 8328              	.LASF252:
 8329 394d 4359424C 		.ascii	"CYBLE_EVT_AIOSC_WRITE_CHAR_RESPONSE\000"
 8329      455F4556 
 8329      545F4149 
 8329      4F53435F 
 8329      57524954 
 8330              	.LASF112:
 8331 3971 4359424C 		.ascii	"CYBLE_ERROR_HARDWARE_FAILURE\000"
 8331      455F4552 
 8331      524F525F 
 8331      48415244 
 8331      57415245 
 8332              	.LASF145:
 8333 398e 4359424C 		.ascii	"CYBLE_GATT_ERR_CPS_INAPPROPRIATE_CONNECTION_PARAMET"
 8333      455F4741 
 8333      54545F45 
 8333      52525F43 
 8333      50535F49 
 8334 39c1 45525300 		.ascii	"ERS\000"
 8335              	.LASF306:
 8336 39c5 4359424C 		.ascii	"CYBLE_EVT_CGMSC_NOTIFICATION\000"
 8336      455F4556 
 8336      545F4347 
 8336      4D53435F 
 8336      4E4F5449 
 8337              	.LASF130:
 8338 39e2 4359424C 		.ascii	"CYBLE_GATT_ERR_REQUEST_NOT_SUPPORTED\000"
 8338      455F4741 
 8338      54545F45 
ARM GAS  C:\Users\ARTEM\AppData\Local\Temp\ccuSJ5wi.s 			page 203


 8338      52525F52 
 8338      45515545 
 8339              	.LASF48:
 8340 3a07 4359424C 		.ascii	"CYBLE_EVT_GATTC_ERROR_RSP\000"
 8340      455F4556 
 8340      545F4741 
 8340      5454435F 
 8340      4552524F 
 8341              	.LASF357:
 8342 3a21 4359424C 		.ascii	"CYBLE_EVT_ESSC_WRITE_CHAR_RESPONSE\000"
 8342      455F4556 
 8342      545F4553 
 8342      53435F57 
 8342      52495445 
 8343              	.LASF263:
 8344 3a44 4359424C 		.ascii	"CYBLE_EVT_ANCSC_ERROR_RESPONSE\000"
 8344      455F4556 
 8344      545F414E 
 8344      4353435F 
 8344      4552524F 
 8345              	.LASF277:
 8346 3a63 4359424C 		.ascii	"CYBLE_EVT_BASC_WRITE_DESCR_RESPONSE\000"
 8346      455F4556 
 8346      545F4241 
 8346      53435F57 
 8346      52495445 
 8347              	.LASF230:
 8348 3a87 4359424C 		.ascii	"CYBLE_EVT_GATTC_SRVC_DISCOVERY_FAILED\000"
 8348      455F4556 
 8348      545F4741 
 8348      5454435F 
 8348      53525643 
 8349              	.LASF360:
 8350 3aad 4359424C 		.ascii	"CYBLE_EVT_GLSS_INDICATION_ENABLED\000"
 8350      455F4556 
 8350      545F474C 
 8350      53535F49 
 8350      4E444943 
 8351              	.LASF266:
 8352 3acf 4359424C 		.ascii	"CYBLE_EVT_ANSS_CHAR_WRITE\000"
 8352      455F4556 
 8352      545F414E 
 8352      53535F43 
 8352      4841525F 
 8353              	.LASF76:
 8354 3ae9 4359424C 		.ascii	"CYBLE_EVT_L2CAP_CBFC_CONN_IND\000"
 8354      455F4556 
 8354      545F4C32 
 8354      4341505F 
 8354      43424643 
 8355              	.LASF64:
 8356 3b07 4359424C 		.ascii	"CYBLE_EVT_GATTS_EXEC_WRITE_REQ\000"
 8356      455F4556 
 8356      545F4741 
 8356      5454535F 
 8356      45584543 
 8357              	.LASF24:
ARM GAS  C:\Users\ARTEM\AppData\Local\Temp\ccuSJ5wi.s 			page 204


 8358 3b26 4359424C 		.ascii	"CYBLE_EVT_GAPC_SCAN_PROGRESS_RESULT\000"
 8358      455F4556 
 8358      545F4741 
 8358      50435F53 
 8358      43414E5F 
 8359              	.LASF389:
 8360 3b4a 4359424C 		.ascii	"CYBLE_EVT_HPSC_READ_DESCR_RESPONSE\000"
 8360      455F4556 
 8360      545F4850 
 8360      53435F52 
 8360      4541445F 
 8361              	.LASF340:
 8362 3b6d 4359424C 		.ascii	"CYBLE_EVT_CTSS_CHAR_WRITE\000"
 8362      455F4556 
 8362      545F4354 
 8362      53535F43 
 8362      4841525F 
 8363              	.LASF208:
 8364 3b87 4359424C 		.ascii	"CYBLE_AIOS_DESCR_INDEX_T\000"
 8364      455F4149 
 8364      4F535F44 
 8364      45534352 
 8364      5F494E44 
 8365              	.LASF495:
 8366 3ba0 4359424C 		.ascii	"CYBLE_EVT_UDSS_INDICATION_ENABLED\000"
 8366      455F4556 
 8366      545F5544 
 8366      53535F49 
 8366      4E444943 
 8367              	.LASF420:
 8368 3bc2 4359424C 		.ascii	"CYBLE_EVT_IPSC_READ_BLOB_RSP\000"
 8368      455F4556 
 8368      545F4950 
 8368      53435F52 
 8368      4541445F 
 8369              	.LASF163:
 8370 3bdf 4359424C 		.ascii	"CYBLE_GATT_ERR_CODE_T\000"
 8370      455F4741 
 8370      54545F45 
 8370      52525F43 
 8370      4F44455F 
 8371              	.LASF158:
 8372 3bf5 4359424C 		.ascii	"CYBLE_GATT_ERR_ANCS_INVALID_PARAMETER\000"
 8372      455F4741 
 8372      54545F45 
 8372      52525F41 
 8372      4E43535F 
 8373              	.LASF98:
 8374 3c1b 4359424C 		.ascii	"CYBLE_ERROR_GAP_ROLE\000"
 8374      455F4552 
 8374      524F525F 
 8374      4741505F 
 8374      524F4C45 
 8375              	.LASF402:
 8376 3c30 4359424C 		.ascii	"CYBLE_EVT_HTSS_INDICATION_ENABLED\000"
 8376      455F4556 
 8376      545F4854 
ARM GAS  C:\Users\ARTEM\AppData\Local\Temp\ccuSJ5wi.s 			page 205


 8376      53535F49 
 8376      4E444943 
 8377              	.LASF440:
 8378 3c52 4359424C 		.ascii	"CYBLE_EVT_OTSS_WRITE_CHAR\000"
 8378      455F4556 
 8378      545F4F54 
 8378      53535F57 
 8378      52495445 
 8379              	.LASF506:
 8380 3c6c 4359424C 		.ascii	"CYBLE_EVT_UDSC_READ_DESCR_RESPONSE\000"
 8380      455F4556 
 8380      545F5544 
 8380      53435F52 
 8380      4541445F 
 8381              	.LASF248:
 8382 3c8f 4359424C 		.ascii	"CYBLE_EVT_AIOSS_DESCR_WRITE\000"
 8382      455F4556 
 8382      545F4149 
 8382      4F53535F 
 8382      44455343 
 8383              	.LASF45:
 8384 3cab 4359424C 		.ascii	"CYBLE_EVT_GAP_SCAN_REQ_RECVD\000"
 8384      455F4556 
 8384      545F4741 
 8384      505F5343 
 8384      414E5F52 
 8385              	.LASF275:
 8386 3cc8 4359424C 		.ascii	"CYBLE_EVT_BASC_READ_CHAR_RESPONSE\000"
 8386      455F4556 
 8386      545F4241 
 8386      53435F52 
 8386      4541445F 
 8387              	.LASF367:
 8388 3cea 4359424C 		.ascii	"CYBLE_EVT_GLSC_NOTIFICATION\000"
 8388      455F4556 
 8388      545F474C 
 8388      53435F4E 
 8388      4F544946 
 8389              	.LASF155:
 8390 3d06 4359424C 		.ascii	"CYBLE_GATT_ERR_ANS_COMMAND_NOT_SUPPORTED\000"
 8390      455F4741 
 8390      54545F45 
 8390      52525F41 
 8390      4E535F43 
 8391              	.LASF485:
 8392 3d2f 4359424C 		.ascii	"CYBLE_EVT_SCPSS_SCAN_INT_WIN_CHAR_WRITE\000"
 8392      455F4556 
 8392      545F5343 
 8392      5053535F 
 8392      5343414E 
 8393              	.LASF581:
 8394 3d57 6379426C 		.ascii	"cyBle_eventHandlerFlag\000"
 8394      655F6576 
 8394      656E7448 
 8394      616E646C 
 8394      6572466C 
 8395              	.LASF228:
ARM GAS  C:\Users\ARTEM\AppData\Local\Temp\ccuSJ5wi.s 			page 206


 8396 3d6e 4359424C 		.ascii	"CYBLE_EVT_GATTS_INDICATION_DISABLED\000"
 8396      455F4556 
 8396      545F4741 
 8396      5454535F 
 8396      494E4449 
 8397              	.LASF95:
 8398 3d92 4359424C 		.ascii	"CYBLE_ERROR_NO_CONNECTION\000"
 8398      455F4552 
 8398      524F525F 
 8398      4E4F5F43 
 8398      4F4E4E45 
 8399              	.LASF597:
 8400 3dac 6D656D63 		.ascii	"memcpy\000"
 8400      707900
 8401              	.LASF298:
 8402 3db3 4359424C 		.ascii	"CYBLE_EVT_BMSC_READ_DESCR_RESPONSE\000"
 8402      455F4556 
 8402      545F424D 
 8402      53435F52 
 8402      4541445F 
 8403              	.LASF85:
 8404 3dd6 4359424C 		.ascii	"CYBLE_EVT_LE_PING_AUTH_TIMEOUT\000"
 8404      455F4556 
 8404      545F4C45 
 8404      5F50494E 
 8404      475F4155 
 8405              	.LASF123:
 8406 3df5 4359424C 		.ascii	"CYBLE_API_RESULT_T\000"
 8406      455F4150 
 8406      495F5245 
 8406      53554C54 
 8406      5F5400
 8407              	.LASF300:
 8408 3e08 4359424C 		.ascii	"CYBLE_EVT_CGMSS_INDICATION_DISABLED\000"
 8408      455F4556 
 8408      545F4347 
 8408      4D53535F 
 8408      494E4449 
 8409              	.LASF241:
 8410 3e2c 4359424C 		.ascii	"CYBLE_EVT_GATTC_DISCOVERY_COMPLETE\000"
 8410      455F4556 
 8410      545F4741 
 8410      5454435F 
 8410      44495343 
 8411              	.LASF304:
 8412 3e4f 4359424C 		.ascii	"CYBLE_EVT_CGMSS_WRITE_CHAR\000"
 8412      455F4556 
 8412      545F4347 
 8412      4D53535F 
 8412      57524954 
 8413              	.LASF595:
 8414 3e6a 47656E65 		.ascii	"Generated_Source\\PSoC4\\Bluetooth_aios.c\000"
 8414      72617465 
 8414      645F536F 
 8414      75726365 
 8414      5C50536F 
 8415              	.LASF67:
ARM GAS  C:\Users\ARTEM\AppData\Local\Temp\ccuSJ5wi.s 			page 207


 8416 3e92 4359424C 		.ascii	"CYBLE_EVT_GATTC_HANDLE_VALUE_IND\000"
 8416      455F4556 
 8416      545F4741 
 8416      5454435F 
 8416      48414E44 
 8417              	.LASF325:
 8418 3eb3 4359424C 		.ascii	"CYBLE_EVT_CPSC_SCAN_PROGRESS_RESULT\000"
 8418      455F4556 
 8418      545F4350 
 8418      53435F53 
 8418      43414E5F 
 8419              	.LASF479:
 8420 3ed7 4359424C 		.ascii	"CYBLE_EVT_RSCSC_READ_DESCR_RESPONSE\000"
 8420      455F4556 
 8420      545F5253 
 8420      4353435F 
 8420      52454144 
 8421              	.LASF101:
 8422 3efb 4359424C 		.ascii	"CYBLE_ERROR_SEC_FAILED\000"
 8422      455F4552 
 8422      524F525F 
 8422      5345435F 
 8422      4641494C 
 8423              	.LASF22:
 8424 3f12 4359424C 		.ascii	"CYBLE_EVT_STACK_BUSY_STATUS\000"
 8424      455F4556 
 8424      545F5354 
 8424      41434B5F 
 8424      42555359 
 8425              	.LASF419:
 8426 3f2e 4359424C 		.ascii	"CYBLE_EVT_IPSC_ERROR_RESPONSE\000"
 8426      455F4556 
 8426      545F4950 
 8426      53435F45 
 8426      52524F52 
 8427              	.LASF411:
 8428 3f4c 4359424C 		.ascii	"CYBLE_EVT_HTSC_WRITE_DESCR_RESPONSE\000"
 8428      455F4556 
 8428      545F4854 
 8428      53435F57 
 8428      52495445 
 8429              	.LASF596:
 8430 3f70 423A5C55 		.ascii	"B:\\UCU Second year\\Term 1\\POC\\Cyberpong\\CyberP"
 8430      43552053 
 8430      65636F6E 
 8430      64207965 
 8430      61725C54 
 8431 3f9e 6F6E672E 		.ascii	"ong.cydsn\000"
 8431      63796473 
 8431      6E00
 8432              	.LASF520:
 8433 3fa8 4359424C 		.ascii	"CYBLE_EVT_WPTSC_WRITE_DESCR_RESPONSE\000"
 8433      455F4556 
 8433      545F5750 
 8433      5453435F 
 8433      57524954 
 8434              	.LASF572:
ARM GAS  C:\Users\ARTEM\AppData\Local\Temp\ccuSJ5wi.s 			page 208


 8435 3fcd 77724465 		.ascii	"wrDescrReqParam\000"
 8435      73637252 
 8435      65715061 
 8435      72616D00 
 8436              	.LASF73:
 8437 3fdd 4359424C 		.ascii	"CYBLE_EVT_L2CAP_CONN_PARAM_UPDATE_REQ\000"
 8437      455F4556 
 8437      545F4C32 
 8437      4341505F 
 8437      434F4E4E 
 8438              	.LASF303:
 8439 4003 4359424C 		.ascii	"CYBLE_EVT_CGMSS_NOTIFICATION_DISABLED\000"
 8439      455F4556 
 8439      545F4347 
 8439      4D53535F 
 8439      4E4F5449 
 8440              	.LASF203:
 8441 4029 4359424C 		.ascii	"CYBLE_AIOS_VALUE_TRIGGER_SETTINGS\000"
 8441      455F4149 
 8441      4F535F56 
 8441      414C5545 
 8441      5F545249 
 8442              	.LASF559:
 8443 404b 6D696E44 		.ascii	"minDescriptionValue\000"
 8443      65736372 
 8443      69707469 
 8443      6F6E5661 
 8443      6C756500 
 8444              	.LASF548:
 8445 405f 4379426C 		.ascii	"CyBle_AiossConfirmationEventHandler\000"
 8445      655F4169 
 8445      6F737343 
 8445      6F6E6669 
 8445      726D6174 
 8446              	.LASF555:
 8447 4083 67617474 		.ascii	"gattErr\000"
 8447      45727200 
 8448              	.LASF231:
 8449 408b 4359424C 		.ascii	"CYBLE_EVT_GATTC_INCL_DISCOVERY_FAILED\000"
 8449      455F4556 
 8449      545F4741 
 8449      5454435F 
 8449      494E434C 
 8450              	.LASF127:
 8451 40b1 4359424C 		.ascii	"CYBLE_GATT_ERR_WRITE_NOT_PERMITTED\000"
 8451      455F4741 
 8451      54545F45 
 8451      52525F57 
 8451      52495445 
 8452              	.LASF3:
 8453 40d4 73686F72 		.ascii	"short unsigned int\000"
 8453      7420756E 
 8453      7369676E 
 8453      65642069 
 8453      6E7400
 8454              	.LASF139:
 8455 40e7 4359424C 		.ascii	"CYBLE_GATT_ERR_INSUFFICIENT_ENCRYPTION\000"
ARM GAS  C:\Users\ARTEM\AppData\Local\Temp\ccuSJ5wi.s 			page 209


 8455      455F4741 
 8455      54545F45 
 8455      52525F49 
 8455      4E535546 
 8456              	.LASF269:
 8457 410e 4359424C 		.ascii	"CYBLE_EVT_ANSC_WRITE_CHAR_RESPONSE\000"
 8457      455F4556 
 8457      545F414E 
 8457      53435F57 
 8457      52495445 
 8458              	.LASF434:
 8459 4131 4359424C 		.ascii	"CYBLE_EVT_LNSC_READ_DESCR_RESPONSE\000"
 8459      455F4556 
 8459      545F4C4E 
 8459      53435F52 
 8459      4541445F 
 8460              	.LASF531:
 8461 4154 4359424C 		.ascii	"CYBLE_STATE_CONNECTED\000"
 8461      455F5354 
 8461      4154455F 
 8461      434F4E4E 
 8461      45435445 
 8462              	.LASF168:
 8463 416a 61637475 		.ascii	"actualLen\000"
 8463      616C4C65 
 8463      6E00
 8464              	.LASF546:
 8465 4174 696E6452 		.ascii	"indReqParam\000"
 8465      65715061 
 8465      72616D00 
 8466              	.LASF560:
 8467 4180 6D696E44 		.ascii	"minDescriptionValueTmp\000"
 8467      65736372 
 8467      69707469 
 8467      6F6E5661 
 8467      6C756554 
 8468              	.LASF258:
 8469 4197 4359424C 		.ascii	"CYBLE_EVT_ANCSS_WRITE_CHAR\000"
 8469      455F4556 
 8469      545F414E 
 8469      4353535F 
 8469      57524954 
 8470              	.LASF240:
 8471 41b2 4359424C 		.ascii	"CYBLE_EVT_GATTC_DISC_SKIPPED_SERVICE\000"
 8471      455F4556 
 8471      545F4741 
 8471      5454435F 
 8471      44495343 
 8472              	.LASF366:
 8473 41d7 4359424C 		.ascii	"CYBLE_EVT_GLSC_INDICATION\000"
 8473      455F4556 
 8473      545F474C 
 8473      53435F49 
 8473      4E444943 
 8474              	.LASF317:
 8475 41f1 4359424C 		.ascii	"CYBLE_EVT_CPSS_BROADCAST_DISABLED\000"
 8475      455F4556 
ARM GAS  C:\Users\ARTEM\AppData\Local\Temp\ccuSJ5wi.s 			page 210


 8475      545F4350 
 8475      53535F42 
 8475      524F4144 
 8476              	.LASF541:
 8477 4213 4379426C 		.ascii	"CyBle_AiossGetCharacteristicDescriptor\000"
 8477      655F4169 
 8477      6F737347 
 8477      65744368 
 8477      61726163 
 8478              	.LASF199:
 8479 423a 4359424C 		.ascii	"CYBLE_AIOS_CCCD\000"
 8479      455F4149 
 8479      4F535F43 
 8479      43434400 
 8480              	.LASF205:
 8481 424a 4359424C 		.ascii	"CYBLE_AIOS_VRD\000"
 8481      455F4149 
 8481      4F535F56 
 8481      524400
 8482              	.LASF166:
 8483 4259 61747449 		.ascii	"attId\000"
 8483      6400
 8484              	.LASF91:
 8485 425f 4359424C 		.ascii	"CYBLE_ERROR_INVALID_OPERATION\000"
 8485      455F4552 
 8485      524F525F 
 8485      494E5641 
 8485      4C49445F 
 8486              	.LASF21:
 8487 427d 4359424C 		.ascii	"CYBLE_EVT_HCI_STATUS\000"
 8487      455F4556 
 8487      545F4843 
 8487      495F5354 
 8487      41545553 
 8488              	.LASF590:
 8489 4292 4379426C 		.ascii	"CyBle_GattsNotification\000"
 8489      655F4761 
 8489      7474734E 
 8489      6F746966 
 8489      69636174 
 8490              	.LASF510:
 8491 42aa 4359424C 		.ascii	"CYBLE_EVT_WPTSS_NOTIFICATION_DISABLED\000"
 8491      455F4556 
 8491      545F5750 
 8491      5453535F 
 8491      4E4F5449 
 8492              	.LASF50:
 8493 42d0 4359424C 		.ascii	"CYBLE_EVT_GATT_DISCONNECT_IND\000"
 8493      455F4556 
 8493      545F4741 
 8493      54545F44 
 8493      4953434F 
 8494              	.LASF226:
 8495 42ee 4359424C 		.ascii	"CYBLE_KEY_EXCHANGE_INFO_REQUEST_REPLY\000"
 8495      455F4B45 
 8495      595F4558 
 8495      4348414E 
ARM GAS  C:\Users\ARTEM\AppData\Local\Temp\ccuSJ5wi.s 			page 211


 8495      47455F49 
 8496              	.LASF83:
 8497 4314 4359424C 		.ascii	"CYBLE_EVT_L2CAP_CBFC_DATA_WRITE_IND\000"
 8497      455F4556 
 8497      545F4C32 
 8497      4341505F 
 8497      43424643 
 8498              	.LASF224:
 8499 4338 4359424C 		.ascii	"CYBLE_PASSKEY_ENTRY_REQUEST_REPLY\000"
 8499      455F5041 
 8499      53534B45 
 8499      595F454E 
 8499      5452595F 
 8500              	.LASF284:
 8501 435a 4359424C 		.ascii	"CYBLE_EVT_BCSC_WRITE_DESCR_RESPONSE\000"
 8501      455F4556 
 8501      545F4243 
 8501      53435F57 
 8501      52495445 
 8502              	.LASF207:
 8503 437e 4359424C 		.ascii	"CYBLE_AIOS_DESCR_COUNT\000"
 8503      455F4149 
 8503      4F535F44 
 8503      45534352 
 8503      5F434F55 
 8504              	.LASF525:
 8505 4395 4359424C 		.ascii	"CYBLE_EVT_WSSC_READ_CHAR_RESPONSE\000"
 8505      455F4556 
 8505      545F5753 
 8505      53435F52 
 8505      4541445F 
 8506              	.LASF72:
 8507 43b7 4359424C 		.ascii	"CYBLE_EVT_GATTC_LONG_PROCEDURE_END\000"
 8507      455F4556 
 8507      545F4741 
 8507      5454435F 
 8507      4C4F4E47 
 8508              	.LASF267:
 8509 43da 4359424C 		.ascii	"CYBLE_EVT_ANSC_NOTIFICATION\000"
 8509      455F4556 
 8509      545F414E 
 8509      53435F4E 
 8509      4F544946 
 8510              	.LASF32:
 8511 43f6 4359424C 		.ascii	"CYBLE_EVT_GAP_DEVICE_DISCONNECTED\000"
 8511      455F4556 
 8511      545F4741 
 8511      505F4445 
 8511      56494345 
 8512              	.LASF374:
 8513 4418 4359424C 		.ascii	"CYBLE_EVT_HIDSS_BOOT_MODE_ENTER\000"
 8513      455F4556 
 8513      545F4849 
 8513      4453535F 
 8513      424F4F54 
 8514              	.LASF68:
 8515 4438 4359424C 		.ascii	"CYBLE_EVT_GATTS_HANDLE_VALUE_CNF\000"
ARM GAS  C:\Users\ARTEM\AppData\Local\Temp\ccuSJ5wi.s 			page 212


 8515      455F4556 
 8515      545F4741 
 8515      5454535F 
 8515      48414E44 
 8516              	.LASF415:
 8517 4459 4359424C 		.ascii	"CYBLE_EVT_IPSC_READ_MULTIPLE_CHAR_RESPONSE\000"
 8517      455F4556 
 8517      545F4950 
 8517      53435F52 
 8517      4541445F 
 8518              	.LASF336:
 8519 4484 4359424C 		.ascii	"CYBLE_EVT_CSCSC_READ_DESCR_RESPONSE\000"
 8519      455F4556 
 8519      545F4353 
 8519      4353435F 
 8519      52454144 
 8520              	.LASF10:
 8521 44a8 75696E74 		.ascii	"uint16\000"
 8521      313600
 8522              	.LASF260:
 8523 44af 4359424C 		.ascii	"CYBLE_EVT_ANCSC_WRITE_CHAR_RESPONSE\000"
 8523      455F4556 
 8523      545F414E 
 8523      4353435F 
 8523      57524954 
 8524              	.LASF99:
 8525 44d3 4359424C 		.ascii	"CYBLE_ERROR_TX_POWER_READ\000"
 8525      455F4552 
 8525      524F525F 
 8525      54585F50 
 8525      4F574552 
 8526              	.LASF469:
 8527 44ed 4359424C 		.ascii	"CYBLE_EVT_RSCSS_NOTIFICATION_ENABLED\000"
 8527      455F4556 
 8527      545F5253 
 8527      4353535F 
 8527      4E4F5449 
 8528              	.LASF265:
 8529 4512 4359424C 		.ascii	"CYBLE_EVT_ANSS_NOTIFICATION_DISABLED\000"
 8529      455F4556 
 8529      545F414E 
 8529      53535F4E 
 8529      4F544946 
 8530              	.LASF407:
 8531 4537 4359424C 		.ascii	"CYBLE_EVT_HTSC_INDICATION\000"
 8531      455F4556 
 8531      545F4854 
 8531      53435F49 
 8531      4E444943 
 8532              	.LASF372:
 8533 4551 4359424C 		.ascii	"CYBLE_EVT_HIDSS_NOTIFICATION_ENABLED\000"
 8533      455F4556 
 8533      545F4849 
 8533      4453535F 
 8533      4E4F5449 
 8534              	.LASF404:
 8535 4576 4359424C 		.ascii	"CYBLE_EVT_HTSS_INDICATION_CONFIRMED\000"
ARM GAS  C:\Users\ARTEM\AppData\Local\Temp\ccuSJ5wi.s 			page 213


 8535      455F4556 
 8535      545F4854 
 8535      53535F49 
 8535      4E444943 
 8536              	.LASF243:
 8537 459a 4359424C 		.ascii	"CYBLE_EVT_AIOSS_NOTIFICATION_DISABLED\000"
 8537      455F4556 
 8537      545F4149 
 8537      4F53535F 
 8537      4E4F5449 
 8538              	.LASF220:
 8539 45c0 4359424C 		.ascii	"CYBLE_AIOS_CHAR_VALUE_T\000"
 8539      455F4149 
 8539      4F535F43 
 8539      4841525F 
 8539      56414C55 
 8540              	.LASF513:
 8541 45d8 4359424C 		.ascii	"CYBLE_EVT_WPTSS_INDICATION_CONFIRMED\000"
 8541      455F4556 
 8541      545F5750 
 8541      5453535F 
 8541      494E4449 
 8542              	.LASF394:
 8543 45fd 4359424C 		.ascii	"CYBLE_EVT_HRSS_NOTIFICATION_DISABLED\000"
 8543      455F4556 
 8543      545F4852 
 8543      53535F4E 
 8543      4F544946 
 8544              		.ident	"GCC: (GNU Tools for ARM Embedded Processors) 5.4.1 20160609 (release) [ARM/embedded-5-bran
