ARM GAS  C:\Users\ARTEM\AppData\Local\Temp\cclhTYy7.s 			page 1


   1              		.syntax unified
   2              		.cpu cortex-m0
   3              		.fpu softvfp
   4              		.eabi_attribute 20, 1
   5              		.eabi_attribute 21, 1
   6              		.eabi_attribute 23, 3
   7              		.eabi_attribute 24, 1
   8              		.eabi_attribute 25, 1
   9              		.eabi_attribute 26, 1
  10              		.eabi_attribute 30, 1
  11              		.eabi_attribute 34, 0
  12              		.eabi_attribute 18, 4
  13              		.thumb
  14              		.syntax unified
  15              		.file	"Bluetooth_eventHandler.c"
  16              		.text
  17              	.Ltext0:
  18              		.cfi_sections	.debug_frame
  19              		.section	.text.CyBle_GattDisconnectEventHandler,"ax",%progbits
  20              		.align	2
  21              		.code	16
  22              		.thumb_func
  23              		.type	CyBle_GattDisconnectEventHandler, %function
  24              	CyBle_GattDisconnectEventHandler:
  25              	.LFB4:
  26              		.file 1 "Generated_Source\\PSoC4\\Bluetooth_eventHandler.c"
   1:Generated_Source\PSoC4/Bluetooth_eventHandler.c **** /***************************************************************************//**
   2:Generated_Source\PSoC4/Bluetooth_eventHandler.c **** * \file CYBLE_eventHandler.c
   3:Generated_Source\PSoC4/Bluetooth_eventHandler.c **** * \version 3.66
   4:Generated_Source\PSoC4/Bluetooth_eventHandler.c **** * 
   5:Generated_Source\PSoC4/Bluetooth_eventHandler.c **** * \brief
   6:Generated_Source\PSoC4/Bluetooth_eventHandler.c **** *  This file contains the source code for the Event Handler State Machine
   7:Generated_Source\PSoC4/Bluetooth_eventHandler.c **** *  of the BLE Component.
   8:Generated_Source\PSoC4/Bluetooth_eventHandler.c **** * 
   9:Generated_Source\PSoC4/Bluetooth_eventHandler.c **** ********************************************************************************
  10:Generated_Source\PSoC4/Bluetooth_eventHandler.c **** * \copyright
  11:Generated_Source\PSoC4/Bluetooth_eventHandler.c **** * Copyright 2014-2020, Cypress Semiconductor Corporation.  All rights reserved.
  12:Generated_Source\PSoC4/Bluetooth_eventHandler.c **** * You may use this file only in accordance with the license, terms, conditions,
  13:Generated_Source\PSoC4/Bluetooth_eventHandler.c **** * disclaimers, and limitations in the end user license agreement accompanying
  14:Generated_Source\PSoC4/Bluetooth_eventHandler.c **** * the software package with which this file was provided.
  15:Generated_Source\PSoC4/Bluetooth_eventHandler.c **** *******************************************************************************/
  16:Generated_Source\PSoC4/Bluetooth_eventHandler.c **** 
  17:Generated_Source\PSoC4/Bluetooth_eventHandler.c **** #include "Bluetooth_eventHandler.h"
  18:Generated_Source\PSoC4/Bluetooth_eventHandler.c **** 
  19:Generated_Source\PSoC4/Bluetooth_eventHandler.c **** 
  20:Generated_Source\PSoC4/Bluetooth_eventHandler.c **** /***************************************
  21:Generated_Source\PSoC4/Bluetooth_eventHandler.c **** * Private Function Prototypes
  22:Generated_Source\PSoC4/Bluetooth_eventHandler.c **** ***************************************/
  23:Generated_Source\PSoC4/Bluetooth_eventHandler.c **** 
  24:Generated_Source\PSoC4/Bluetooth_eventHandler.c **** static void CyBle_GattDisconnectEventHandler(void);
  25:Generated_Source\PSoC4/Bluetooth_eventHandler.c **** static void CyBle_TimeOutEventHandler(const CYBLE_TO_REASON_CODE_T *eventParam);
  26:Generated_Source\PSoC4/Bluetooth_eventHandler.c **** static void CyBle_GattConnectReqHandler(void);
  27:Generated_Source\PSoC4/Bluetooth_eventHandler.c **** static void CyBle_L2Cap_ConnParamUpdateRspEventHandler(uint16 response);
  28:Generated_Source\PSoC4/Bluetooth_eventHandler.c **** static void CyBle_GapConnUpdateCompleteEventHandler(const CYBLE_GAP_CONN_PARAM_UPDATED_IN_CONTROLLE
  29:Generated_Source\PSoC4/Bluetooth_eventHandler.c **** 
  30:Generated_Source\PSoC4/Bluetooth_eventHandler.c **** 
  31:Generated_Source\PSoC4/Bluetooth_eventHandler.c **** #if (CYBLE_GATT_ROLE_SERVER)
ARM GAS  C:\Users\ARTEM\AppData\Local\Temp\cclhTYy7.s 			page 2


  32:Generated_Source\PSoC4/Bluetooth_eventHandler.c **** 
  33:Generated_Source\PSoC4/Bluetooth_eventHandler.c **** static void CyBle_WriteReqHandler(CYBLE_GATTS_WRITE_REQ_PARAM_T *eventParam);
  34:Generated_Source\PSoC4/Bluetooth_eventHandler.c **** static void CyBle_ValueConfirmation(const CYBLE_CONN_HANDLE_T *eventParam);
  35:Generated_Source\PSoC4/Bluetooth_eventHandler.c **** 
  36:Generated_Source\PSoC4/Bluetooth_eventHandler.c **** #endif /* CYBLE_GATT_ROLE_SERVER */
  37:Generated_Source\PSoC4/Bluetooth_eventHandler.c **** 
  38:Generated_Source\PSoC4/Bluetooth_eventHandler.c **** #if (CYBLE_GATT_ROLE_CLIENT)
  39:Generated_Source\PSoC4/Bluetooth_eventHandler.c **** 
  40:Generated_Source\PSoC4/Bluetooth_eventHandler.c **** static void CyBle_GapcDiscoverCharacteristicsEventHandler(CYBLE_DISC_CHAR_INFO_T *discCharInfo);
  41:Generated_Source\PSoC4/Bluetooth_eventHandler.c **** static CYBLE_GATT_ATTR_HANDLE_RANGE_T CyBle_GetCharRange(void);
  42:Generated_Source\PSoC4/Bluetooth_eventHandler.c **** static void CyBle_GattcWriteResponseEventHandler(const CYBLE_CONN_HANDLE_T *eventParam);
  43:Generated_Source\PSoC4/Bluetooth_eventHandler.c **** static void CyBle_NotificationEventHandler(CYBLE_GATTC_HANDLE_VALUE_NTF_PARAM_T *eventParam);
  44:Generated_Source\PSoC4/Bluetooth_eventHandler.c **** static void CyBle_IndicationEventHandler(CYBLE_GATTC_HANDLE_VALUE_IND_PARAM_T *eventParam);
  45:Generated_Source\PSoC4/Bluetooth_eventHandler.c **** static void CyBle_ReadResponseEventHandler(CYBLE_GATTC_READ_RSP_PARAM_T *eventParam);
  46:Generated_Source\PSoC4/Bluetooth_eventHandler.c **** static void CyBle_ReadMultipleResponseEventHandler(CYBLE_GATTC_READ_RSP_PARAM_T *eventParam);
  47:Generated_Source\PSoC4/Bluetooth_eventHandler.c **** 
  48:Generated_Source\PSoC4/Bluetooth_eventHandler.c **** #endif /* CYBLE_GATT_ROLE_CLIENT */
  49:Generated_Source\PSoC4/Bluetooth_eventHandler.c **** 
  50:Generated_Source\PSoC4/Bluetooth_eventHandler.c **** 
  51:Generated_Source\PSoC4/Bluetooth_eventHandler.c **** /***************************************
  52:Generated_Source\PSoC4/Bluetooth_eventHandler.c **** * Global Variables
  53:Generated_Source\PSoC4/Bluetooth_eventHandler.c **** ***************************************/
  54:Generated_Source\PSoC4/Bluetooth_eventHandler.c **** 
  55:Generated_Source\PSoC4/Bluetooth_eventHandler.c **** /* This global variable is initialized after connection with peer device, 
  56:Generated_Source\PSoC4/Bluetooth_eventHandler.c ****    after CYBLE_EVT_GATT_CONNECT_IND event, and could be used by application code
  57:Generated_Source\PSoC4/Bluetooth_eventHandler.c ****    to send data to peer device. 
  58:Generated_Source\PSoC4/Bluetooth_eventHandler.c **** */
  59:Generated_Source\PSoC4/Bluetooth_eventHandler.c **** CYBLE_CONN_HANDLE_T cyBle_connHandle;
  60:Generated_Source\PSoC4/Bluetooth_eventHandler.c **** 
  61:Generated_Source\PSoC4/Bluetooth_eventHandler.c **** volatile uint8 cyBle_eventHandlerFlag;
  62:Generated_Source\PSoC4/Bluetooth_eventHandler.c **** volatile uint8 cyBle_busyStatus;
  63:Generated_Source\PSoC4/Bluetooth_eventHandler.c **** 
  64:Generated_Source\PSoC4/Bluetooth_eventHandler.c **** const CYBLE_GAPS_T cyBle_gaps =
  65:Generated_Source\PSoC4/Bluetooth_eventHandler.c **** {
  66:Generated_Source\PSoC4/Bluetooth_eventHandler.c ****     0x0001u,    /* Handle of the GAP service */
  67:Generated_Source\PSoC4/Bluetooth_eventHandler.c ****     0x0003u,    /* Handle of the Device Name characteristic */
  68:Generated_Source\PSoC4/Bluetooth_eventHandler.c ****     0x0005u,    /* Handle of the Appearance characteristic */
  69:Generated_Source\PSoC4/Bluetooth_eventHandler.c ****     0x0007u,    /* Handle of the Peripheral Preferred Connection Parameters characteristic */
  70:Generated_Source\PSoC4/Bluetooth_eventHandler.c ****     0x0009u,    /* Handle of the Central Address Resolution characteristic */
  71:Generated_Source\PSoC4/Bluetooth_eventHandler.c ****     0x000Bu,    /* Handle of the Resolvable Private Address Only characteristic */
  72:Generated_Source\PSoC4/Bluetooth_eventHandler.c **** };
  73:Generated_Source\PSoC4/Bluetooth_eventHandler.c **** 
  74:Generated_Source\PSoC4/Bluetooth_eventHandler.c **** 
  75:Generated_Source\PSoC4/Bluetooth_eventHandler.c **** #if(CYBLE_GAP_ROLE_PERIPHERAL || CYBLE_GAP_ROLE_BROADCASTER) 
  76:Generated_Source\PSoC4/Bluetooth_eventHandler.c ****     uint8 cyBle_advertisingIntervalType;
  77:Generated_Source\PSoC4/Bluetooth_eventHandler.c **** #endif /* CYBLE_GAP_ROLE_PERIPHERAL || CYBLE_GAP_ROLE_BROADCASTER) */
  78:Generated_Source\PSoC4/Bluetooth_eventHandler.c **** 
  79:Generated_Source\PSoC4/Bluetooth_eventHandler.c **** #if(CYBLE_GAP_ROLE_CENTRAL || CYBLE_GAP_ROLE_OBSERVER) 
  80:Generated_Source\PSoC4/Bluetooth_eventHandler.c ****     uint8 cyBle_scanningIntervalType;
  81:Generated_Source\PSoC4/Bluetooth_eventHandler.c **** #endif /* CYBLE_GAP_ROLE_CENTRAL || CYBLE_GAP_ROLE_OBSERVER */
  82:Generated_Source\PSoC4/Bluetooth_eventHandler.c **** 
  83:Generated_Source\PSoC4/Bluetooth_eventHandler.c **** #if(CYBLE_GATT_ROLE_SERVER)
  84:Generated_Source\PSoC4/Bluetooth_eventHandler.c **** #if defined CYBLE_CTS_SERVER || defined CYBLE_ESS_SERVER
  85:Generated_Source\PSoC4/Bluetooth_eventHandler.c **** CYBLE_GATT_ERR_CODE_T cyBle_gattError;
  86:Generated_Source\PSoC4/Bluetooth_eventHandler.c **** #endif /* defined CYBLE_CTS_SERVER || defined CYBLE_ESS_SERVER */
  87:Generated_Source\PSoC4/Bluetooth_eventHandler.c **** #endif /* CYBLE_GATT_ROLE_SERVER */
  88:Generated_Source\PSoC4/Bluetooth_eventHandler.c **** 
ARM GAS  C:\Users\ARTEM\AppData\Local\Temp\cclhTYy7.s 			page 3


  89:Generated_Source\PSoC4/Bluetooth_eventHandler.c **** #if(CYBLE_GATT_ROLE_CLIENT)
  90:Generated_Source\PSoC4/Bluetooth_eventHandler.c **** uint8 cyBle_disCount; /* Counter for discovery procedures */
  91:Generated_Source\PSoC4/Bluetooth_eventHandler.c **** 
  92:Generated_Source\PSoC4/Bluetooth_eventHandler.c **** #ifdef CYBLE_CUSTOM_CLIENT
  93:Generated_Source\PSoC4/Bluetooth_eventHandler.c **** /* Discovery included service information, used for 128-bit UUID read response handle 
  94:Generated_Source\PSoC4/Bluetooth_eventHandler.c ****    and for continue discovery. 
  95:Generated_Source\PSoC4/Bluetooth_eventHandler.c **** */
  96:Generated_Source\PSoC4/Bluetooth_eventHandler.c **** static CYBLE_DISC_INCL_INFO_T cyBle_discInclInfo;
  97:Generated_Source\PSoC4/Bluetooth_eventHandler.c **** #endif /* CYBLE_CUSTOM_CLIENT */
  98:Generated_Source\PSoC4/Bluetooth_eventHandler.c **** 
  99:Generated_Source\PSoC4/Bluetooth_eventHandler.c **** #ifdef CYBLE_HIDS_CLIENT
 100:Generated_Source\PSoC4/Bluetooth_eventHandler.c ****     static uint8 disServiceIndex;      /* To discovery descriptors for multiple HID service instanc
 101:Generated_Source\PSoC4/Bluetooth_eventHandler.c **** #endif /* CYBLE_HIDS_CLIENT */
 102:Generated_Source\PSoC4/Bluetooth_eventHandler.c **** 
 103:Generated_Source\PSoC4/Bluetooth_eventHandler.c **** CYBLE_DISC_SRVC_INFO_T cyBle_serverInfo[CYBLE_SRVI_COUNT] = /*3*/
 104:Generated_Source\PSoC4/Bluetooth_eventHandler.c **** {
 105:Generated_Source\PSoC4/Bluetooth_eventHandler.c ****     {{CYBLE_GATT_INVALID_ATTR_HANDLE_VALUE, CYBLE_GATT_INVALID_ATTR_HANDLE_VALUE}, CYBLE_UUID_GAP_S
 106:Generated_Source\PSoC4/Bluetooth_eventHandler.c ****     {{CYBLE_GATT_INVALID_ATTR_HANDLE_VALUE, CYBLE_GATT_INVALID_ATTR_HANDLE_VALUE}, CYBLE_UUID_GATT_
 107:Generated_Source\PSoC4/Bluetooth_eventHandler.c **** #ifdef CYBLE_AIOS_CLIENT
 108:Generated_Source\PSoC4/Bluetooth_eventHandler.c ****     {{CYBLE_GATT_INVALID_ATTR_HANDLE_VALUE, CYBLE_GATT_INVALID_ATTR_HANDLE_VALUE}, CYBLE_UUID_AUTOM
 109:Generated_Source\PSoC4/Bluetooth_eventHandler.c **** #endif /* CYBLE_BCS_CLIENT */
 110:Generated_Source\PSoC4/Bluetooth_eventHandler.c **** #ifdef CYBLE_ANCS_CLIENT
 111:Generated_Source\PSoC4/Bluetooth_eventHandler.c ****     {{CYBLE_GATT_INVALID_ATTR_HANDLE_VALUE, CYBLE_GATT_INVALID_ATTR_HANDLE_VALUE}, 0x0000u},
 112:Generated_Source\PSoC4/Bluetooth_eventHandler.c **** #endif /* CYBLE_ANCS_CLIENT */
 113:Generated_Source\PSoC4/Bluetooth_eventHandler.c **** #ifdef CYBLE_ANS_CLIENT
 114:Generated_Source\PSoC4/Bluetooth_eventHandler.c ****     {{CYBLE_GATT_INVALID_ATTR_HANDLE_VALUE, CYBLE_GATT_INVALID_ATTR_HANDLE_VALUE}, 
 115:Generated_Source\PSoC4/Bluetooth_eventHandler.c ****         CYBLE_UUID_ALERT_NOTIFICATION_SERVICE},
 116:Generated_Source\PSoC4/Bluetooth_eventHandler.c **** #endif /* CYBLE_ANS_CLIENT */
 117:Generated_Source\PSoC4/Bluetooth_eventHandler.c **** #ifdef CYBLE_BAS_CLIENT
 118:Generated_Source\PSoC4/Bluetooth_eventHandler.c ****     {{CYBLE_GATT_INVALID_ATTR_HANDLE_VALUE, CYBLE_GATT_INVALID_ATTR_HANDLE_VALUE}, CYBLE_UUID_BAS_S
 119:Generated_Source\PSoC4/Bluetooth_eventHandler.c ****     #if(CYBLE_BASC_SERVICE_COUNT > 1u) /* Generate it by GUI */
 120:Generated_Source\PSoC4/Bluetooth_eventHandler.c ****         
 121:Generated_Source\PSoC4/Bluetooth_eventHandler.c ****     #endif /* CYBLE_BASC_SERVICE_COUNT > 1u */
 122:Generated_Source\PSoC4/Bluetooth_eventHandler.c **** #endif /* CYBLE_BAS_CLIENT */
 123:Generated_Source\PSoC4/Bluetooth_eventHandler.c **** #ifdef CYBLE_BCS_CLIENT
 124:Generated_Source\PSoC4/Bluetooth_eventHandler.c ****     {{CYBLE_GATT_INVALID_ATTR_HANDLE_VALUE, CYBLE_GATT_INVALID_ATTR_HANDLE_VALUE}, CYBLE_UUID_BODY_
 125:Generated_Source\PSoC4/Bluetooth_eventHandler.c **** #endif /* CYBLE_BCS_CLIENT */
 126:Generated_Source\PSoC4/Bluetooth_eventHandler.c **** #ifdef CYBLE_BLS_CLIENT
 127:Generated_Source\PSoC4/Bluetooth_eventHandler.c ****     {{CYBLE_GATT_INVALID_ATTR_HANDLE_VALUE, CYBLE_GATT_INVALID_ATTR_HANDLE_VALUE}, CYBLE_UUID_BLOOD
 128:Generated_Source\PSoC4/Bluetooth_eventHandler.c **** #endif /* CYBLE_BLS_CLIENT */
 129:Generated_Source\PSoC4/Bluetooth_eventHandler.c **** #ifdef CYBLE_BMS_CLIENT
 130:Generated_Source\PSoC4/Bluetooth_eventHandler.c ****     {{CYBLE_GATT_INVALID_ATTR_HANDLE_VALUE, CYBLE_GATT_INVALID_ATTR_HANDLE_VALUE}, CYBLE_UUID_BOND_
 131:Generated_Source\PSoC4/Bluetooth_eventHandler.c **** #endif /* CYBLE_BMS_CLIENT */
 132:Generated_Source\PSoC4/Bluetooth_eventHandler.c **** #ifdef CYBLE_CGMS_CLIENT
 133:Generated_Source\PSoC4/Bluetooth_eventHandler.c ****     {{CYBLE_GATT_INVALID_ATTR_HANDLE_VALUE, CYBLE_GATT_INVALID_ATTR_HANDLE_VALUE}, CYBLE_UUID_CGM_S
 134:Generated_Source\PSoC4/Bluetooth_eventHandler.c **** #endif /* CYBLE_CGMS_CLIENT */
 135:Generated_Source\PSoC4/Bluetooth_eventHandler.c **** #ifdef CYBLE_CPS_CLIENT
 136:Generated_Source\PSoC4/Bluetooth_eventHandler.c ****     {{CYBLE_GATT_INVALID_ATTR_HANDLE_VALUE, CYBLE_GATT_INVALID_ATTR_HANDLE_VALUE}, CYBLE_UUID_CPS_S
 137:Generated_Source\PSoC4/Bluetooth_eventHandler.c **** #endif /* CYBLE_CPS_CLIENT */
 138:Generated_Source\PSoC4/Bluetooth_eventHandler.c **** #ifdef CYBLE_CSCS_CLIENT
 139:Generated_Source\PSoC4/Bluetooth_eventHandler.c ****     {{CYBLE_GATT_INVALID_ATTR_HANDLE_VALUE, CYBLE_GATT_INVALID_ATTR_HANDLE_VALUE}, 
 140:Generated_Source\PSoC4/Bluetooth_eventHandler.c ****         CYBLE_UUID_CYCLING_SPEED_AND_CADENCE_SERVICE},
 141:Generated_Source\PSoC4/Bluetooth_eventHandler.c **** #endif /* CYBLE_CSCS_CLIENT */
 142:Generated_Source\PSoC4/Bluetooth_eventHandler.c **** #ifdef CYBLE_CTS_CLIENT
 143:Generated_Source\PSoC4/Bluetooth_eventHandler.c ****     {{CYBLE_GATT_INVALID_ATTR_HANDLE_VALUE, CYBLE_GATT_INVALID_ATTR_HANDLE_VALUE}, CYBLE_UUID_CURRE
 144:Generated_Source\PSoC4/Bluetooth_eventHandler.c **** #endif /* CYBLE_CTS_CLIENT */
 145:Generated_Source\PSoC4/Bluetooth_eventHandler.c **** #ifdef CYBLE_CUSTOM_CLIENT
ARM GAS  C:\Users\ARTEM\AppData\Local\Temp\cclhTYy7.s 			page 4


 146:Generated_Source\PSoC4/Bluetooth_eventHandler.c ****     
 147:Generated_Source\PSoC4/Bluetooth_eventHandler.c **** #endif /* CYBLE_CUSTOM_CLIENT */
 148:Generated_Source\PSoC4/Bluetooth_eventHandler.c **** #ifdef CYBLE_DIS_CLIENT
 149:Generated_Source\PSoC4/Bluetooth_eventHandler.c ****     {{CYBLE_GATT_INVALID_ATTR_HANDLE_VALUE, CYBLE_GATT_INVALID_ATTR_HANDLE_VALUE}, CYBLE_UUID_DEVIC
 150:Generated_Source\PSoC4/Bluetooth_eventHandler.c **** #endif /* CYBLE_DIS_CLIENT */
 151:Generated_Source\PSoC4/Bluetooth_eventHandler.c **** #ifdef CYBLE_ESS_CLIENT
 152:Generated_Source\PSoC4/Bluetooth_eventHandler.c ****     {{CYBLE_GATT_INVALID_ATTR_HANDLE_VALUE, CYBLE_GATT_INVALID_ATTR_HANDLE_VALUE}, 
 153:Generated_Source\PSoC4/Bluetooth_eventHandler.c ****         CYBLE_UUID_ENVIRONMENTAL_SENSING_SERVICE},
 154:Generated_Source\PSoC4/Bluetooth_eventHandler.c **** #endif /* CYBLE_ESS_CLIENT */
 155:Generated_Source\PSoC4/Bluetooth_eventHandler.c **** #ifdef CYBLE_GLS_CLIENT
 156:Generated_Source\PSoC4/Bluetooth_eventHandler.c ****     {{CYBLE_GATT_INVALID_ATTR_HANDLE_VALUE, CYBLE_GATT_INVALID_ATTR_HANDLE_VALUE}, CYBLE_UUID_GLUCO
 157:Generated_Source\PSoC4/Bluetooth_eventHandler.c **** #endif /* CYBLE_GLS_CLIENT */
 158:Generated_Source\PSoC4/Bluetooth_eventHandler.c **** #ifdef CYBLE_HIDS_CLIENT
 159:Generated_Source\PSoC4/Bluetooth_eventHandler.c ****     {{CYBLE_GATT_INVALID_ATTR_HANDLE_VALUE, CYBLE_GATT_INVALID_ATTR_HANDLE_VALUE}, CYBLE_UUID_HIDS_
 160:Generated_Source\PSoC4/Bluetooth_eventHandler.c ****     #if(CYBLE_HIDSC_SERVICE_COUNT > 1u) /* Generate it by GUI */
 161:Generated_Source\PSoC4/Bluetooth_eventHandler.c ****         
 162:Generated_Source\PSoC4/Bluetooth_eventHandler.c ****     #endif /* CYBLE_HIDSC_SERVICE_COUNT > 1u */
 163:Generated_Source\PSoC4/Bluetooth_eventHandler.c **** #endif /* CYBLE_HIDS_CLIENT */
 164:Generated_Source\PSoC4/Bluetooth_eventHandler.c **** #ifdef CYBLE_HPS_CLIENT
 165:Generated_Source\PSoC4/Bluetooth_eventHandler.c ****     {{CYBLE_GATT_INVALID_ATTR_HANDLE_VALUE, CYBLE_GATT_INVALID_ATTR_HANDLE_VALUE}, CYBLE_UUID_HTTP_
 166:Generated_Source\PSoC4/Bluetooth_eventHandler.c **** #endif /* CYBLE_HPS_CLIENT */
 167:Generated_Source\PSoC4/Bluetooth_eventHandler.c **** #ifdef CYBLE_HRS_CLIENT
 168:Generated_Source\PSoC4/Bluetooth_eventHandler.c ****     {{CYBLE_GATT_INVALID_ATTR_HANDLE_VALUE, CYBLE_GATT_INVALID_ATTR_HANDLE_VALUE}, CYBLE_UUID_HEART
 169:Generated_Source\PSoC4/Bluetooth_eventHandler.c **** #endif /* CYBLE_HRS_CLIENT */
 170:Generated_Source\PSoC4/Bluetooth_eventHandler.c **** #ifdef CYBLE_HTS_CLIENT
 171:Generated_Source\PSoC4/Bluetooth_eventHandler.c ****     {{CYBLE_GATT_INVALID_ATTR_HANDLE_VALUE, CYBLE_GATT_INVALID_ATTR_HANDLE_VALUE}, CYBLE_UUID_HEALT
 172:Generated_Source\PSoC4/Bluetooth_eventHandler.c **** #endif /* CYBLE_HTS_CLIENT */
 173:Generated_Source\PSoC4/Bluetooth_eventHandler.c **** #ifdef CYBLE_IAS_CLIENT
 174:Generated_Source\PSoC4/Bluetooth_eventHandler.c ****     {{CYBLE_GATT_INVALID_ATTR_HANDLE_VALUE, CYBLE_GATT_INVALID_ATTR_HANDLE_VALUE}, CYBLE_UUID_IMMED
 175:Generated_Source\PSoC4/Bluetooth_eventHandler.c **** #endif /* CYBLE_IAS_CLIENT */
 176:Generated_Source\PSoC4/Bluetooth_eventHandler.c **** #ifdef CYBLE_IPS_CLIENT
 177:Generated_Source\PSoC4/Bluetooth_eventHandler.c ****     {{CYBLE_GATT_INVALID_ATTR_HANDLE_VALUE, CYBLE_GATT_INVALID_ATTR_HANDLE_VALUE}, CYBLE_UUID_IPS_S
 178:Generated_Source\PSoC4/Bluetooth_eventHandler.c **** #endif /* CYBLE_IPS_CLIENT */
 179:Generated_Source\PSoC4/Bluetooth_eventHandler.c **** #ifdef CYBLE_LLS_CLIENT
 180:Generated_Source\PSoC4/Bluetooth_eventHandler.c ****     {{CYBLE_GATT_INVALID_ATTR_HANDLE_VALUE, CYBLE_GATT_INVALID_ATTR_HANDLE_VALUE}, CYBLE_UUID_LINK_
 181:Generated_Source\PSoC4/Bluetooth_eventHandler.c **** #endif /* CYBLE_LLS_CLIENT */
 182:Generated_Source\PSoC4/Bluetooth_eventHandler.c **** #ifdef CYBLE_LNS_CLIENT
 183:Generated_Source\PSoC4/Bluetooth_eventHandler.c ****     {{CYBLE_GATT_INVALID_ATTR_HANDLE_VALUE, CYBLE_GATT_INVALID_ATTR_HANDLE_VALUE}, CYBLE_UUID_LOCAT
 184:Generated_Source\PSoC4/Bluetooth_eventHandler.c **** #endif /* CYBLE_LNS_CLIENT */
 185:Generated_Source\PSoC4/Bluetooth_eventHandler.c **** #ifdef CYBLE_NDCS_CLIENT
 186:Generated_Source\PSoC4/Bluetooth_eventHandler.c ****     {{CYBLE_GATT_INVALID_ATTR_HANDLE_VALUE, CYBLE_GATT_INVALID_ATTR_HANDLE_VALUE}, CYBLE_UUID_NEXT_
 187:Generated_Source\PSoC4/Bluetooth_eventHandler.c **** #endif /* CYBLE_NDCS_CLIENT */
 188:Generated_Source\PSoC4/Bluetooth_eventHandler.c **** #ifdef CYBLE_IPSS_CLIENT
 189:Generated_Source\PSoC4/Bluetooth_eventHandler.c ****     {{CYBLE_GATT_INVALID_ATTR_HANDLE_VALUE, CYBLE_GATT_INVALID_ATTR_HANDLE_VALUE}, CYBLE_UUID_INTER
 190:Generated_Source\PSoC4/Bluetooth_eventHandler.c **** #endif /* CYBLE_IPSS_CLIENT */
 191:Generated_Source\PSoC4/Bluetooth_eventHandler.c **** #ifdef CYBLE_OTS_CLIENT
 192:Generated_Source\PSoC4/Bluetooth_eventHandler.c ****     {{CYBLE_GATT_INVALID_ATTR_HANDLE_VALUE, CYBLE_GATT_INVALID_ATTR_HANDLE_VALUE}, CYBLE_UUID_OTS_S
 193:Generated_Source\PSoC4/Bluetooth_eventHandler.c **** #endif /* CYBLE_OTS_CLIENT */
 194:Generated_Source\PSoC4/Bluetooth_eventHandler.c **** #ifdef CYBLE_PASS_CLIENT
 195:Generated_Source\PSoC4/Bluetooth_eventHandler.c ****     {{CYBLE_GATT_INVALID_ATTR_HANDLE_VALUE, CYBLE_GATT_INVALID_ATTR_HANDLE_VALUE}, CYBLE_UUID_PHONE
 196:Generated_Source\PSoC4/Bluetooth_eventHandler.c **** #endif /* CYBLE_PASS_CLIENT */
 197:Generated_Source\PSoC4/Bluetooth_eventHandler.c **** #ifdef CYBLE_PLXS_CLIENT
 198:Generated_Source\PSoC4/Bluetooth_eventHandler.c ****     {{CYBLE_GATT_INVALID_ATTR_HANDLE_VALUE, CYBLE_GATT_INVALID_ATTR_HANDLE_VALUE}, CYBLE_UUID_PLX_S
 199:Generated_Source\PSoC4/Bluetooth_eventHandler.c **** #endif /* CYBLE_PLXS_CLIENT */
 200:Generated_Source\PSoC4/Bluetooth_eventHandler.c **** #ifdef CYBLE_RSCS_CLIENT
 201:Generated_Source\PSoC4/Bluetooth_eventHandler.c ****     {{CYBLE_GATT_INVALID_ATTR_HANDLE_VALUE, CYBLE_GATT_INVALID_ATTR_HANDLE_VALUE}, CYBLE_UUID_RUNNI
 202:Generated_Source\PSoC4/Bluetooth_eventHandler.c **** #endif /* CYBLE_RSCS_CLIENT */
ARM GAS  C:\Users\ARTEM\AppData\Local\Temp\cclhTYy7.s 			page 5


 203:Generated_Source\PSoC4/Bluetooth_eventHandler.c **** #ifdef CYBLE_RTUS_CLIENT
 204:Generated_Source\PSoC4/Bluetooth_eventHandler.c ****     {{CYBLE_GATT_INVALID_ATTR_HANDLE_VALUE, CYBLE_GATT_INVALID_ATTR_HANDLE_VALUE}, CYBLE_UUID_REF_T
 205:Generated_Source\PSoC4/Bluetooth_eventHandler.c **** #endif /* CYBLE_RTUS_CLIENT */
 206:Generated_Source\PSoC4/Bluetooth_eventHandler.c **** #ifdef CYBLE_SCPS_CLIENT
 207:Generated_Source\PSoC4/Bluetooth_eventHandler.c ****     {{CYBLE_GATT_INVALID_ATTR_HANDLE_VALUE, CYBLE_GATT_INVALID_ATTR_HANDLE_VALUE}, CYBLE_UUID_SCAN_
 208:Generated_Source\PSoC4/Bluetooth_eventHandler.c **** #endif /* CYBLE_SCPS_CLIENT */
 209:Generated_Source\PSoC4/Bluetooth_eventHandler.c **** #ifdef CYBLE_TPS_CLIENT
 210:Generated_Source\PSoC4/Bluetooth_eventHandler.c ****     {{CYBLE_GATT_INVALID_ATTR_HANDLE_VALUE, CYBLE_GATT_INVALID_ATTR_HANDLE_VALUE}, CYBLE_UUID_TX_PO
 211:Generated_Source\PSoC4/Bluetooth_eventHandler.c **** #endif /* CYBLE_TPS_CLIENT */
 212:Generated_Source\PSoC4/Bluetooth_eventHandler.c **** #ifdef CYBLE_UDS_CLIENT
 213:Generated_Source\PSoC4/Bluetooth_eventHandler.c ****     {{CYBLE_GATT_INVALID_ATTR_HANDLE_VALUE, CYBLE_GATT_INVALID_ATTR_HANDLE_VALUE}, CYBLE_UUID_USER_
 214:Generated_Source\PSoC4/Bluetooth_eventHandler.c **** #endif /* CYBLE_UDS_CLIENT */
 215:Generated_Source\PSoC4/Bluetooth_eventHandler.c **** #ifdef CYBLE_WSS_CLIENT
 216:Generated_Source\PSoC4/Bluetooth_eventHandler.c ****     {{CYBLE_GATT_INVALID_ATTR_HANDLE_VALUE, CYBLE_GATT_INVALID_ATTR_HANDLE_VALUE}, CYBLE_UUID_WEIGH
 217:Generated_Source\PSoC4/Bluetooth_eventHandler.c **** #endif /* CYBLE_WSS_CLIENT */
 218:Generated_Source\PSoC4/Bluetooth_eventHandler.c **** #ifdef CYBLE_WPTS_CLIENT
 219:Generated_Source\PSoC4/Bluetooth_eventHandler.c ****     {{CYBLE_GATT_INVALID_ATTR_HANDLE_VALUE, CYBLE_GATT_INVALID_ATTR_HANDLE_VALUE}, CYBLE_UUID_WIREL
 220:Generated_Source\PSoC4/Bluetooth_eventHandler.c **** #endif /* CYBLE_WPTS_CLIENT */
 221:Generated_Source\PSoC4/Bluetooth_eventHandler.c **** };
 222:Generated_Source\PSoC4/Bluetooth_eventHandler.c **** 
 223:Generated_Source\PSoC4/Bluetooth_eventHandler.c **** CYBLE_GAPC_T cyBle_gapc;
 224:Generated_Source\PSoC4/Bluetooth_eventHandler.c **** 
 225:Generated_Source\PSoC4/Bluetooth_eventHandler.c **** #endif /* CYBLE_GATT_ROLE_CLIENT */
 226:Generated_Source\PSoC4/Bluetooth_eventHandler.c **** 
 227:Generated_Source\PSoC4/Bluetooth_eventHandler.c **** /* Default device security */
 228:Generated_Source\PSoC4/Bluetooth_eventHandler.c **** CYBLE_GAP_AUTH_INFO_T cyBle_authInfo =
 229:Generated_Source\PSoC4/Bluetooth_eventHandler.c **** {
 230:Generated_Source\PSoC4/Bluetooth_eventHandler.c ****     (CYBLE_GAP_SEC_MODE_1 | CYBLE_GAP_SEC_LEVEL_1 ), /* uint8 security */
 231:Generated_Source\PSoC4/Bluetooth_eventHandler.c ****     CYBLE_GAP_BONDING, /* uint8 bonding */
 232:Generated_Source\PSoC4/Bluetooth_eventHandler.c ****     0x10u,      /* uint8 ekeySize */
 233:Generated_Source\PSoC4/Bluetooth_eventHandler.c ****     CYBLE_GAP_AUTH_ERROR_NONE, /* CYBLE_AUTH_FAILED_REASON_T authErr */
 234:Generated_Source\PSoC4/Bluetooth_eventHandler.c ****     0x01u,      /* uint8 pairingProperties */
 235:Generated_Source\PSoC4/Bluetooth_eventHandler.c **** };
 236:Generated_Source\PSoC4/Bluetooth_eventHandler.c **** 
 237:Generated_Source\PSoC4/Bluetooth_eventHandler.c **** #if(CYBLE_GATT_ROLE_SERVER)
 238:Generated_Source\PSoC4/Bluetooth_eventHandler.c **** 
 239:Generated_Source\PSoC4/Bluetooth_eventHandler.c **** 
 240:Generated_Source\PSoC4/Bluetooth_eventHandler.c **** /******************************************************************************    
 241:Generated_Source\PSoC4/Bluetooth_eventHandler.c **** * Function Name: CyBle_WriteReqHandler
 242:Generated_Source\PSoC4/Bluetooth_eventHandler.c **** ***************************************************************************//**
 243:Generated_Source\PSoC4/Bluetooth_eventHandler.c **** * 
 244:Generated_Source\PSoC4/Bluetooth_eventHandler.c **** *  Handles the Write Request event from BLE stack.
 245:Generated_Source\PSoC4/Bluetooth_eventHandler.c **** * 
 246:Generated_Source\PSoC4/Bluetooth_eventHandler.c **** *  CYBLE_GATTS_WRITE_REQ_PARAM_T * eventParam - event parameter
 247:Generated_Source\PSoC4/Bluetooth_eventHandler.c **** * 
 248:Generated_Source\PSoC4/Bluetooth_eventHandler.c **** * \return
 249:Generated_Source\PSoC4/Bluetooth_eventHandler.c **** *  None
 250:Generated_Source\PSoC4/Bluetooth_eventHandler.c **** * 
 251:Generated_Source\PSoC4/Bluetooth_eventHandler.c **** ******************************************************************************/
 252:Generated_Source\PSoC4/Bluetooth_eventHandler.c **** static void CyBle_WriteReqHandler(CYBLE_GATTS_WRITE_REQ_PARAM_T *eventParam)
 253:Generated_Source\PSoC4/Bluetooth_eventHandler.c **** {
 254:Generated_Source\PSoC4/Bluetooth_eventHandler.c ****     CYBLE_GATT_ERR_CODE_T gattErr;
 255:Generated_Source\PSoC4/Bluetooth_eventHandler.c **** #if defined CYBLE_CTS_SERVER || defined CYBLE_ESS_SERVER
 256:Generated_Source\PSoC4/Bluetooth_eventHandler.c ****     cyBle_gattError = CYBLE_GATT_ERR_NONE;
 257:Generated_Source\PSoC4/Bluetooth_eventHandler.c **** #endif /* defined CYBLE_CTS_SERVER || defined CYBLE_ESS_SERVER */
 258:Generated_Source\PSoC4/Bluetooth_eventHandler.c ****     
 259:Generated_Source\PSoC4/Bluetooth_eventHandler.c ****     gattErr = CyBle_GattsWriteEventHandler(eventParam);
ARM GAS  C:\Users\ARTEM\AppData\Local\Temp\cclhTYy7.s 			page 6


 260:Generated_Source\PSoC4/Bluetooth_eventHandler.c **** #ifdef CYBLE_AIOS_SERVER
 261:Generated_Source\PSoC4/Bluetooth_eventHandler.c ****     if(((cyBle_eventHandlerFlag & CYBLE_CALLBACK) != 0u) && (gattErr == CYBLE_GATT_ERR_NONE))
 262:Generated_Source\PSoC4/Bluetooth_eventHandler.c ****     {
 263:Generated_Source\PSoC4/Bluetooth_eventHandler.c ****         gattErr = CyBle_AiossWriteEventHandler(eventParam);
 264:Generated_Source\PSoC4/Bluetooth_eventHandler.c ****     }
 265:Generated_Source\PSoC4/Bluetooth_eventHandler.c **** #endif /* CYBLE_AIOS_SERVER */
 266:Generated_Source\PSoC4/Bluetooth_eventHandler.c **** #ifdef CYBLE_ANCS_SERVER
 267:Generated_Source\PSoC4/Bluetooth_eventHandler.c ****     if(((cyBle_eventHandlerFlag & CYBLE_CALLBACK) != 0u) && (gattErr == CYBLE_GATT_ERR_NONE))
 268:Generated_Source\PSoC4/Bluetooth_eventHandler.c ****     {
 269:Generated_Source\PSoC4/Bluetooth_eventHandler.c ****         gattErr = CyBle_AncssWriteEventHandler(eventParam);
 270:Generated_Source\PSoC4/Bluetooth_eventHandler.c ****     }
 271:Generated_Source\PSoC4/Bluetooth_eventHandler.c **** #endif /* CYBLE_ANCS_SERVER */
 272:Generated_Source\PSoC4/Bluetooth_eventHandler.c **** #ifdef CYBLE_ANS_SERVER
 273:Generated_Source\PSoC4/Bluetooth_eventHandler.c ****     if(((cyBle_eventHandlerFlag & CYBLE_CALLBACK) != 0u) && (gattErr == CYBLE_GATT_ERR_NONE))
 274:Generated_Source\PSoC4/Bluetooth_eventHandler.c ****     {
 275:Generated_Source\PSoC4/Bluetooth_eventHandler.c ****         gattErr = CyBle_AnssWriteEventHandler(eventParam);
 276:Generated_Source\PSoC4/Bluetooth_eventHandler.c ****     }
 277:Generated_Source\PSoC4/Bluetooth_eventHandler.c **** #endif /* CYBLE_ANS_SERVER */
 278:Generated_Source\PSoC4/Bluetooth_eventHandler.c **** #ifdef CYBLE_BAS_SERVER
 279:Generated_Source\PSoC4/Bluetooth_eventHandler.c ****     if(((cyBle_eventHandlerFlag & CYBLE_CALLBACK) != 0u) && (gattErr == CYBLE_GATT_ERR_NONE))
 280:Generated_Source\PSoC4/Bluetooth_eventHandler.c ****     {
 281:Generated_Source\PSoC4/Bluetooth_eventHandler.c ****         gattErr = CyBle_BassWriteEventHandler(eventParam);
 282:Generated_Source\PSoC4/Bluetooth_eventHandler.c ****     }
 283:Generated_Source\PSoC4/Bluetooth_eventHandler.c **** #endif /* CYBLE_BAS_SERVER */
 284:Generated_Source\PSoC4/Bluetooth_eventHandler.c **** #ifdef CYBLE_BCS_SERVER
 285:Generated_Source\PSoC4/Bluetooth_eventHandler.c ****     if(((cyBle_eventHandlerFlag & CYBLE_CALLBACK) != 0u) && (gattErr == CYBLE_GATT_ERR_NONE))
 286:Generated_Source\PSoC4/Bluetooth_eventHandler.c ****     {
 287:Generated_Source\PSoC4/Bluetooth_eventHandler.c ****         gattErr = CyBle_BcssWriteEventHandler(eventParam);
 288:Generated_Source\PSoC4/Bluetooth_eventHandler.c ****     }
 289:Generated_Source\PSoC4/Bluetooth_eventHandler.c **** #endif /* CYBLE_BCS_SERVER */
 290:Generated_Source\PSoC4/Bluetooth_eventHandler.c **** #ifdef CYBLE_BLS_SERVER
 291:Generated_Source\PSoC4/Bluetooth_eventHandler.c ****     if(((cyBle_eventHandlerFlag & CYBLE_CALLBACK) != 0u) && (gattErr == CYBLE_GATT_ERR_NONE))
 292:Generated_Source\PSoC4/Bluetooth_eventHandler.c ****     {
 293:Generated_Source\PSoC4/Bluetooth_eventHandler.c ****         gattErr = CyBle_BlssWriteEventHandler(eventParam);
 294:Generated_Source\PSoC4/Bluetooth_eventHandler.c ****     }
 295:Generated_Source\PSoC4/Bluetooth_eventHandler.c **** #endif /* CYBLE_BLS_SERVER */
 296:Generated_Source\PSoC4/Bluetooth_eventHandler.c **** #ifdef CYBLE_BMS_SERVER
 297:Generated_Source\PSoC4/Bluetooth_eventHandler.c ****     if(((cyBle_eventHandlerFlag & CYBLE_CALLBACK) != 0u) && (gattErr == CYBLE_GATT_ERR_NONE))
 298:Generated_Source\PSoC4/Bluetooth_eventHandler.c ****     {
 299:Generated_Source\PSoC4/Bluetooth_eventHandler.c ****         gattErr = CyBle_BmssWriteEventHandler(eventParam);
 300:Generated_Source\PSoC4/Bluetooth_eventHandler.c ****     }
 301:Generated_Source\PSoC4/Bluetooth_eventHandler.c **** #endif /* CYBLE_BMS_SERVER */
 302:Generated_Source\PSoC4/Bluetooth_eventHandler.c **** #ifdef CYBLE_BTS_SERVER
 303:Generated_Source\PSoC4/Bluetooth_eventHandler.c ****     if((cyBle_eventHandlerFlag & CYBLE_CALLBACK) != 0u)
 304:Generated_Source\PSoC4/Bluetooth_eventHandler.c ****     {
 305:Generated_Source\PSoC4/Bluetooth_eventHandler.c ****         gattErr = CyBle_BtsWriteEventHandler(eventParam);
 306:Generated_Source\PSoC4/Bluetooth_eventHandler.c ****     }
 307:Generated_Source\PSoC4/Bluetooth_eventHandler.c **** #endif /* CYBLE_BTS_SERVER */
 308:Generated_Source\PSoC4/Bluetooth_eventHandler.c **** #ifdef CYBLE_CGMS_SERVER
 309:Generated_Source\PSoC4/Bluetooth_eventHandler.c ****     if(((cyBle_eventHandlerFlag & CYBLE_CALLBACK) != 0u) && (gattErr == CYBLE_GATT_ERR_NONE))
 310:Generated_Source\PSoC4/Bluetooth_eventHandler.c ****     {
 311:Generated_Source\PSoC4/Bluetooth_eventHandler.c ****         gattErr = CyBle_CgmssWriteEventHandler(eventParam);
 312:Generated_Source\PSoC4/Bluetooth_eventHandler.c ****     }
 313:Generated_Source\PSoC4/Bluetooth_eventHandler.c **** #endif /* CYBLE_CGMS_SERVER */
 314:Generated_Source\PSoC4/Bluetooth_eventHandler.c **** #ifdef CYBLE_CPS_SERVER
 315:Generated_Source\PSoC4/Bluetooth_eventHandler.c ****     if(((cyBle_eventHandlerFlag & CYBLE_CALLBACK) != 0u) && (gattErr == CYBLE_GATT_ERR_NONE))
 316:Generated_Source\PSoC4/Bluetooth_eventHandler.c ****     {
ARM GAS  C:\Users\ARTEM\AppData\Local\Temp\cclhTYy7.s 			page 7


 317:Generated_Source\PSoC4/Bluetooth_eventHandler.c ****         gattErr = CyBle_CpssWriteEventHandler(eventParam);
 318:Generated_Source\PSoC4/Bluetooth_eventHandler.c ****     }
 319:Generated_Source\PSoC4/Bluetooth_eventHandler.c **** #endif /* CYBLE_CPS_SERVER */
 320:Generated_Source\PSoC4/Bluetooth_eventHandler.c **** #ifdef CYBLE_CSCS_SERVER
 321:Generated_Source\PSoC4/Bluetooth_eventHandler.c ****     if(((cyBle_eventHandlerFlag & CYBLE_CALLBACK) != 0u) && (gattErr == CYBLE_GATT_ERR_NONE))
 322:Generated_Source\PSoC4/Bluetooth_eventHandler.c ****     {
 323:Generated_Source\PSoC4/Bluetooth_eventHandler.c ****         gattErr = CyBle_CscssWriteEventHandler(eventParam);
 324:Generated_Source\PSoC4/Bluetooth_eventHandler.c ****     }
 325:Generated_Source\PSoC4/Bluetooth_eventHandler.c **** #endif /* CYBLE_CSCS_SERVER */
 326:Generated_Source\PSoC4/Bluetooth_eventHandler.c **** #ifdef CYBLE_CTS_SERVER
 327:Generated_Source\PSoC4/Bluetooth_eventHandler.c ****     if(((cyBle_eventHandlerFlag & CYBLE_CALLBACK) != 0u) && (gattErr == CYBLE_GATT_ERR_NONE))
 328:Generated_Source\PSoC4/Bluetooth_eventHandler.c ****     {
 329:Generated_Source\PSoC4/Bluetooth_eventHandler.c ****         gattErr = CyBle_CtssWriteEventHandler(eventParam);
 330:Generated_Source\PSoC4/Bluetooth_eventHandler.c ****     }
 331:Generated_Source\PSoC4/Bluetooth_eventHandler.c **** #endif /* CYBLE_CTS_SERVER */
 332:Generated_Source\PSoC4/Bluetooth_eventHandler.c **** #ifdef CYBLE_ESS_SERVER
 333:Generated_Source\PSoC4/Bluetooth_eventHandler.c ****     if(((cyBle_eventHandlerFlag & CYBLE_CALLBACK) != 0u) && (gattErr == CYBLE_GATT_ERR_NONE))
 334:Generated_Source\PSoC4/Bluetooth_eventHandler.c ****     {
 335:Generated_Source\PSoC4/Bluetooth_eventHandler.c ****         gattErr = CyBle_EsssWriteEventHandler(eventParam);
 336:Generated_Source\PSoC4/Bluetooth_eventHandler.c ****     }
 337:Generated_Source\PSoC4/Bluetooth_eventHandler.c **** #endif /* CYBLE_ESS_SERVER */
 338:Generated_Source\PSoC4/Bluetooth_eventHandler.c **** #ifdef CYBLE_GLS_SERVER
 339:Generated_Source\PSoC4/Bluetooth_eventHandler.c ****     if(((cyBle_eventHandlerFlag & CYBLE_CALLBACK) != 0u) && (gattErr == CYBLE_GATT_ERR_NONE))
 340:Generated_Source\PSoC4/Bluetooth_eventHandler.c ****     {
 341:Generated_Source\PSoC4/Bluetooth_eventHandler.c ****         gattErr = CyBle_GlssWriteEventHandler(eventParam);
 342:Generated_Source\PSoC4/Bluetooth_eventHandler.c ****     }
 343:Generated_Source\PSoC4/Bluetooth_eventHandler.c **** #endif /* CYBLE_GLS_SERVER */
 344:Generated_Source\PSoC4/Bluetooth_eventHandler.c **** #ifdef CYBLE_HIDS_SERVER
 345:Generated_Source\PSoC4/Bluetooth_eventHandler.c ****     if(((cyBle_eventHandlerFlag & CYBLE_CALLBACK) != 0u) && (gattErr == CYBLE_GATT_ERR_NONE))
 346:Generated_Source\PSoC4/Bluetooth_eventHandler.c ****     {
 347:Generated_Source\PSoC4/Bluetooth_eventHandler.c ****         gattErr = CyBle_HidssWriteEventHandler(eventParam);
 348:Generated_Source\PSoC4/Bluetooth_eventHandler.c ****     }
 349:Generated_Source\PSoC4/Bluetooth_eventHandler.c **** #endif /* CYBLE_HIDS_SERVER */
 350:Generated_Source\PSoC4/Bluetooth_eventHandler.c **** #ifdef CYBLE_HPS_SERVER
 351:Generated_Source\PSoC4/Bluetooth_eventHandler.c ****     if(((cyBle_eventHandlerFlag & CYBLE_CALLBACK) != 0u) && (gattErr == CYBLE_GATT_ERR_NONE))
 352:Generated_Source\PSoC4/Bluetooth_eventHandler.c ****     {
 353:Generated_Source\PSoC4/Bluetooth_eventHandler.c ****         gattErr = CyBle_HpssWriteEventHandler(eventParam);
 354:Generated_Source\PSoC4/Bluetooth_eventHandler.c ****     }
 355:Generated_Source\PSoC4/Bluetooth_eventHandler.c **** #endif /* CYBLE_HPS_SERVER */
 356:Generated_Source\PSoC4/Bluetooth_eventHandler.c **** #ifdef CYBLE_HRS_SERVER
 357:Generated_Source\PSoC4/Bluetooth_eventHandler.c ****     if(((cyBle_eventHandlerFlag & CYBLE_CALLBACK) != 0u) && (gattErr == CYBLE_GATT_ERR_NONE))
 358:Generated_Source\PSoC4/Bluetooth_eventHandler.c ****     {
 359:Generated_Source\PSoC4/Bluetooth_eventHandler.c ****         gattErr = CyBle_HrssWriteEventHandler(eventParam);
 360:Generated_Source\PSoC4/Bluetooth_eventHandler.c ****     }
 361:Generated_Source\PSoC4/Bluetooth_eventHandler.c **** #endif /* CYBLE_HRS_SERVER */
 362:Generated_Source\PSoC4/Bluetooth_eventHandler.c **** #ifdef CYBLE_HTS_SERVER
 363:Generated_Source\PSoC4/Bluetooth_eventHandler.c ****     if(((cyBle_eventHandlerFlag & CYBLE_CALLBACK) != 0u) && (gattErr == CYBLE_GATT_ERR_NONE))
 364:Generated_Source\PSoC4/Bluetooth_eventHandler.c ****     {
 365:Generated_Source\PSoC4/Bluetooth_eventHandler.c ****         gattErr = CyBle_HtssWriteEventHandler(eventParam);
 366:Generated_Source\PSoC4/Bluetooth_eventHandler.c ****     }
 367:Generated_Source\PSoC4/Bluetooth_eventHandler.c **** #endif /* CYBLE_HTS_SERVER */
 368:Generated_Source\PSoC4/Bluetooth_eventHandler.c **** #ifdef CYBLE_IPS_SERVER
 369:Generated_Source\PSoC4/Bluetooth_eventHandler.c ****     if(((cyBle_eventHandlerFlag & CYBLE_CALLBACK) != 0u) && (gattErr == CYBLE_GATT_ERR_NONE))
 370:Generated_Source\PSoC4/Bluetooth_eventHandler.c ****     {
 371:Generated_Source\PSoC4/Bluetooth_eventHandler.c ****         gattErr = CyBle_IpssWriteEventHandler(eventParam);
 372:Generated_Source\PSoC4/Bluetooth_eventHandler.c ****     }
 373:Generated_Source\PSoC4/Bluetooth_eventHandler.c **** #endif /* CYBLE_IPS_SERVER */
ARM GAS  C:\Users\ARTEM\AppData\Local\Temp\cclhTYy7.s 			page 8


 374:Generated_Source\PSoC4/Bluetooth_eventHandler.c **** #ifdef CYBLE_LLS_SERVER
 375:Generated_Source\PSoC4/Bluetooth_eventHandler.c ****     if(((cyBle_eventHandlerFlag & CYBLE_CALLBACK) != 0u) && (gattErr == CYBLE_GATT_ERR_NONE))
 376:Generated_Source\PSoC4/Bluetooth_eventHandler.c ****     {
 377:Generated_Source\PSoC4/Bluetooth_eventHandler.c ****         gattErr = CyBle_LlssWriteEventHandler(eventParam);
 378:Generated_Source\PSoC4/Bluetooth_eventHandler.c ****     }
 379:Generated_Source\PSoC4/Bluetooth_eventHandler.c **** #endif /* CYBLE_LLS_SERVER */
 380:Generated_Source\PSoC4/Bluetooth_eventHandler.c **** #ifdef CYBLE_LNS_SERVER
 381:Generated_Source\PSoC4/Bluetooth_eventHandler.c ****     if(((cyBle_eventHandlerFlag & CYBLE_CALLBACK) != 0u) && (gattErr == CYBLE_GATT_ERR_NONE))
 382:Generated_Source\PSoC4/Bluetooth_eventHandler.c ****     {
 383:Generated_Source\PSoC4/Bluetooth_eventHandler.c ****         gattErr = CyBle_LnssWriteEventHandler(eventParam);
 384:Generated_Source\PSoC4/Bluetooth_eventHandler.c ****     }
 385:Generated_Source\PSoC4/Bluetooth_eventHandler.c **** #endif /* CYBLE_LNS_SERVER */
 386:Generated_Source\PSoC4/Bluetooth_eventHandler.c **** #ifdef CYBLE_OTS_SERVER
 387:Generated_Source\PSoC4/Bluetooth_eventHandler.c ****     if(((cyBle_eventHandlerFlag & CYBLE_CALLBACK) != 0u) && (gattErr == CYBLE_GATT_ERR_NONE))
 388:Generated_Source\PSoC4/Bluetooth_eventHandler.c ****     {
 389:Generated_Source\PSoC4/Bluetooth_eventHandler.c ****         gattErr = CyBle_OtssWriteEventHandler(eventParam);
 390:Generated_Source\PSoC4/Bluetooth_eventHandler.c ****     }
 391:Generated_Source\PSoC4/Bluetooth_eventHandler.c **** #endif /* CYBLE_OTS_SERVER */
 392:Generated_Source\PSoC4/Bluetooth_eventHandler.c **** #ifdef CYBLE_PASS_SERVER
 393:Generated_Source\PSoC4/Bluetooth_eventHandler.c ****     if(((cyBle_eventHandlerFlag & CYBLE_CALLBACK) != 0u) && (gattErr == CYBLE_GATT_ERR_NONE))
 394:Generated_Source\PSoC4/Bluetooth_eventHandler.c ****     {
 395:Generated_Source\PSoC4/Bluetooth_eventHandler.c ****         gattErr = CyBle_PasssWriteEventHandler(eventParam);
 396:Generated_Source\PSoC4/Bluetooth_eventHandler.c ****     }
 397:Generated_Source\PSoC4/Bluetooth_eventHandler.c **** #endif /* CYBLE_PASS_SERVER */
 398:Generated_Source\PSoC4/Bluetooth_eventHandler.c **** #ifdef CYBLE_PLXS_SERVER
 399:Generated_Source\PSoC4/Bluetooth_eventHandler.c ****     if(((cyBle_eventHandlerFlag & CYBLE_CALLBACK) != 0u) && (gattErr == CYBLE_GATT_ERR_NONE))
 400:Generated_Source\PSoC4/Bluetooth_eventHandler.c ****     {
 401:Generated_Source\PSoC4/Bluetooth_eventHandler.c ****         gattErr = CyBle_PlxssWriteEventHandler(eventParam);
 402:Generated_Source\PSoC4/Bluetooth_eventHandler.c ****     }
 403:Generated_Source\PSoC4/Bluetooth_eventHandler.c **** #endif /* CYBLE_PLXS_SERVER */    
 404:Generated_Source\PSoC4/Bluetooth_eventHandler.c **** #ifdef CYBLE_RSCS_SERVER
 405:Generated_Source\PSoC4/Bluetooth_eventHandler.c ****     if(((cyBle_eventHandlerFlag & CYBLE_CALLBACK) != 0u) && (gattErr == CYBLE_GATT_ERR_NONE))
 406:Generated_Source\PSoC4/Bluetooth_eventHandler.c ****     {
 407:Generated_Source\PSoC4/Bluetooth_eventHandler.c ****         gattErr = CyBle_RscssWriteEventHandler(eventParam);
 408:Generated_Source\PSoC4/Bluetooth_eventHandler.c ****     }
 409:Generated_Source\PSoC4/Bluetooth_eventHandler.c **** #endif /* CYBLE_RSCS_SERVER */
 410:Generated_Source\PSoC4/Bluetooth_eventHandler.c **** #ifdef CYBLE_SCPS_SERVER
 411:Generated_Source\PSoC4/Bluetooth_eventHandler.c ****     if(((cyBle_eventHandlerFlag & CYBLE_CALLBACK) != 0u) && (gattErr == CYBLE_GATT_ERR_NONE))
 412:Generated_Source\PSoC4/Bluetooth_eventHandler.c ****     {
 413:Generated_Source\PSoC4/Bluetooth_eventHandler.c ****         gattErr = CyBle_ScpssWriteEventHandler(eventParam);
 414:Generated_Source\PSoC4/Bluetooth_eventHandler.c ****     }
 415:Generated_Source\PSoC4/Bluetooth_eventHandler.c **** #endif /* CYBLE_SCPS_SERVER */
 416:Generated_Source\PSoC4/Bluetooth_eventHandler.c **** #ifdef CYBLE_TPS_SERVER
 417:Generated_Source\PSoC4/Bluetooth_eventHandler.c ****     if(((cyBle_eventHandlerFlag & CYBLE_CALLBACK) != 0u) && (gattErr == CYBLE_GATT_ERR_NONE))
 418:Generated_Source\PSoC4/Bluetooth_eventHandler.c ****     {
 419:Generated_Source\PSoC4/Bluetooth_eventHandler.c ****         gattErr = CyBle_TpssWriteEventHandler(eventParam);
 420:Generated_Source\PSoC4/Bluetooth_eventHandler.c ****     }
 421:Generated_Source\PSoC4/Bluetooth_eventHandler.c **** #endif /* CYBLE_TPS_SERVER */
 422:Generated_Source\PSoC4/Bluetooth_eventHandler.c **** #ifdef CYBLE_UDS_SERVER
 423:Generated_Source\PSoC4/Bluetooth_eventHandler.c ****     if(((cyBle_eventHandlerFlag & CYBLE_CALLBACK) != 0u) && (gattErr == CYBLE_GATT_ERR_NONE))
 424:Generated_Source\PSoC4/Bluetooth_eventHandler.c ****     {
 425:Generated_Source\PSoC4/Bluetooth_eventHandler.c ****         gattErr = CyBle_UdssWriteEventHandler(eventParam);
 426:Generated_Source\PSoC4/Bluetooth_eventHandler.c ****     }
 427:Generated_Source\PSoC4/Bluetooth_eventHandler.c **** #endif /* CYBLE_UDS_SERVER */
 428:Generated_Source\PSoC4/Bluetooth_eventHandler.c **** #ifdef CYBLE_WPTS_SERVER
 429:Generated_Source\PSoC4/Bluetooth_eventHandler.c ****     if(((cyBle_eventHandlerFlag & CYBLE_CALLBACK) != 0u) && (gattErr == CYBLE_GATT_ERR_NONE))
 430:Generated_Source\PSoC4/Bluetooth_eventHandler.c ****     {
ARM GAS  C:\Users\ARTEM\AppData\Local\Temp\cclhTYy7.s 			page 9


 431:Generated_Source\PSoC4/Bluetooth_eventHandler.c ****         gattErr = CyBle_WptssWriteEventHandler(eventParam);
 432:Generated_Source\PSoC4/Bluetooth_eventHandler.c ****     }
 433:Generated_Source\PSoC4/Bluetooth_eventHandler.c **** #endif /* CYBLE_WPTS_SERVER */
 434:Generated_Source\PSoC4/Bluetooth_eventHandler.c **** #ifdef CYBLE_WSS_SERVER
 435:Generated_Source\PSoC4/Bluetooth_eventHandler.c ****     if(((cyBle_eventHandlerFlag & CYBLE_CALLBACK) != 0u) && (gattErr == CYBLE_GATT_ERR_NONE))
 436:Generated_Source\PSoC4/Bluetooth_eventHandler.c ****     {
 437:Generated_Source\PSoC4/Bluetooth_eventHandler.c ****         gattErr = CyBle_WsssWriteEventHandler(eventParam);
 438:Generated_Source\PSoC4/Bluetooth_eventHandler.c ****     }
 439:Generated_Source\PSoC4/Bluetooth_eventHandler.c **** #endif /* CYBLE_WSS_SERVER */
 440:Generated_Source\PSoC4/Bluetooth_eventHandler.c **** 
 441:Generated_Source\PSoC4/Bluetooth_eventHandler.c ****     /* Send response when event was handled by service */
 442:Generated_Source\PSoC4/Bluetooth_eventHandler.c ****     if((cyBle_eventHandlerFlag & CYBLE_CALLBACK) == 0u)
 443:Generated_Source\PSoC4/Bluetooth_eventHandler.c ****     {
 444:Generated_Source\PSoC4/Bluetooth_eventHandler.c ****         if(gattErr != CYBLE_GATT_ERR_NONE)
 445:Generated_Source\PSoC4/Bluetooth_eventHandler.c ****         {
 446:Generated_Source\PSoC4/Bluetooth_eventHandler.c ****             CYBLE_GATTS_ERR_PARAM_T err_param;
 447:Generated_Source\PSoC4/Bluetooth_eventHandler.c ****             
 448:Generated_Source\PSoC4/Bluetooth_eventHandler.c ****             err_param.opcode = (uint8) CYBLE_GATT_WRITE_REQ;
 449:Generated_Source\PSoC4/Bluetooth_eventHandler.c ****             err_param.attrHandle = eventParam->handleValPair.attrHandle;
 450:Generated_Source\PSoC4/Bluetooth_eventHandler.c ****             err_param.errorCode = gattErr;
 451:Generated_Source\PSoC4/Bluetooth_eventHandler.c **** 
 452:Generated_Source\PSoC4/Bluetooth_eventHandler.c ****             /* Send Error Response */
 453:Generated_Source\PSoC4/Bluetooth_eventHandler.c ****             (void)CyBle_GattsErrorRsp(eventParam->connHandle, &err_param);
 454:Generated_Source\PSoC4/Bluetooth_eventHandler.c ****         }
 455:Generated_Source\PSoC4/Bluetooth_eventHandler.c ****         else
 456:Generated_Source\PSoC4/Bluetooth_eventHandler.c ****         {
 457:Generated_Source\PSoC4/Bluetooth_eventHandler.c ****             (void)CyBle_GattsWriteRsp(eventParam->connHandle);
 458:Generated_Source\PSoC4/Bluetooth_eventHandler.c ****         }
 459:Generated_Source\PSoC4/Bluetooth_eventHandler.c ****     }
 460:Generated_Source\PSoC4/Bluetooth_eventHandler.c **** }
 461:Generated_Source\PSoC4/Bluetooth_eventHandler.c **** 
 462:Generated_Source\PSoC4/Bluetooth_eventHandler.c **** 
 463:Generated_Source\PSoC4/Bluetooth_eventHandler.c **** /****************************************************************************** 
 464:Generated_Source\PSoC4/Bluetooth_eventHandler.c **** * Function Name: CyBle_ValueConfirmation
 465:Generated_Source\PSoC4/Bluetooth_eventHandler.c **** ***************************************************************************//**
 466:Generated_Source\PSoC4/Bluetooth_eventHandler.c **** * 
 467:Generated_Source\PSoC4/Bluetooth_eventHandler.c **** *  Handles the Value Confirmation request event from the BLE stack.
 468:Generated_Source\PSoC4/Bluetooth_eventHandler.c **** * 
 469:Generated_Source\PSoC4/Bluetooth_eventHandler.c **** *  \param eventParam: Pointer to a structure of type 'CYBLE_CONN_HANDLE_T'
 470:Generated_Source\PSoC4/Bluetooth_eventHandler.c **** * 
 471:Generated_Source\PSoC4/Bluetooth_eventHandler.c **** * \return
 472:Generated_Source\PSoC4/Bluetooth_eventHandler.c **** *  None
 473:Generated_Source\PSoC4/Bluetooth_eventHandler.c **** * 
 474:Generated_Source\PSoC4/Bluetooth_eventHandler.c **** ******************************************************************************/
 475:Generated_Source\PSoC4/Bluetooth_eventHandler.c **** static void CyBle_ValueConfirmation(const CYBLE_CONN_HANDLE_T *eventParam)
 476:Generated_Source\PSoC4/Bluetooth_eventHandler.c **** {
 477:Generated_Source\PSoC4/Bluetooth_eventHandler.c ****     if(eventParam != NULL)
 478:Generated_Source\PSoC4/Bluetooth_eventHandler.c ****     {
 479:Generated_Source\PSoC4/Bluetooth_eventHandler.c ****     #ifdef CYBLE_AIOS_SERVER
 480:Generated_Source\PSoC4/Bluetooth_eventHandler.c ****         if((cyBle_eventHandlerFlag & CYBLE_CALLBACK) != 0u)
 481:Generated_Source\PSoC4/Bluetooth_eventHandler.c ****         {
 482:Generated_Source\PSoC4/Bluetooth_eventHandler.c ****             CyBle_AiossConfirmationEventHandler(eventParam);
 483:Generated_Source\PSoC4/Bluetooth_eventHandler.c ****         }
 484:Generated_Source\PSoC4/Bluetooth_eventHandler.c ****     #endif /* CYBLE_AIOS_SERVER */
 485:Generated_Source\PSoC4/Bluetooth_eventHandler.c ****     #ifdef CYBLE_BCS_SERVER
 486:Generated_Source\PSoC4/Bluetooth_eventHandler.c ****         CyBle_BcssConfirmationEventHandler(eventParam);
 487:Generated_Source\PSoC4/Bluetooth_eventHandler.c ****     #endif /* CYBLE_BCS_SERVER */
ARM GAS  C:\Users\ARTEM\AppData\Local\Temp\cclhTYy7.s 			page 10


 488:Generated_Source\PSoC4/Bluetooth_eventHandler.c ****     #ifdef CYBLE_BLS_SERVER
 489:Generated_Source\PSoC4/Bluetooth_eventHandler.c ****         if((cyBle_eventHandlerFlag & CYBLE_CALLBACK) != 0u)
 490:Generated_Source\PSoC4/Bluetooth_eventHandler.c ****         {
 491:Generated_Source\PSoC4/Bluetooth_eventHandler.c ****             CyBle_BlssConfirmationEventHandler(eventParam);
 492:Generated_Source\PSoC4/Bluetooth_eventHandler.c ****         }
 493:Generated_Source\PSoC4/Bluetooth_eventHandler.c ****     #endif /* CYBLE_BLS_SERVER */
 494:Generated_Source\PSoC4/Bluetooth_eventHandler.c ****     
 495:Generated_Source\PSoC4/Bluetooth_eventHandler.c ****     #ifdef CYBLE_CGMS_SERVER
 496:Generated_Source\PSoC4/Bluetooth_eventHandler.c ****         if((cyBle_eventHandlerFlag & CYBLE_CALLBACK) != 0u)
 497:Generated_Source\PSoC4/Bluetooth_eventHandler.c ****         {
 498:Generated_Source\PSoC4/Bluetooth_eventHandler.c ****             CyBle_CgmssConfirmationEventHandler(eventParam);
 499:Generated_Source\PSoC4/Bluetooth_eventHandler.c ****         }
 500:Generated_Source\PSoC4/Bluetooth_eventHandler.c ****     #endif /* CYBLE_CGMS_SERVER */
 501:Generated_Source\PSoC4/Bluetooth_eventHandler.c ****     
 502:Generated_Source\PSoC4/Bluetooth_eventHandler.c ****     #ifdef CYBLE_CPS_SERVER
 503:Generated_Source\PSoC4/Bluetooth_eventHandler.c ****         if((cyBle_eventHandlerFlag & CYBLE_CALLBACK) != 0u)
 504:Generated_Source\PSoC4/Bluetooth_eventHandler.c ****         {
 505:Generated_Source\PSoC4/Bluetooth_eventHandler.c ****             CyBle_CpssConfirmationEventHandler(eventParam);
 506:Generated_Source\PSoC4/Bluetooth_eventHandler.c ****         }
 507:Generated_Source\PSoC4/Bluetooth_eventHandler.c ****     #endif /* CYBLE_CPS_SERVER */
 508:Generated_Source\PSoC4/Bluetooth_eventHandler.c ****     
 509:Generated_Source\PSoC4/Bluetooth_eventHandler.c ****     #ifdef CYBLE_CSCS_SERVER
 510:Generated_Source\PSoC4/Bluetooth_eventHandler.c ****         if((cyBle_eventHandlerFlag & CYBLE_CALLBACK) != 0u)
 511:Generated_Source\PSoC4/Bluetooth_eventHandler.c ****         {
 512:Generated_Source\PSoC4/Bluetooth_eventHandler.c ****             CyBle_CscssConfirmationEventHandler(eventParam);
 513:Generated_Source\PSoC4/Bluetooth_eventHandler.c ****         }
 514:Generated_Source\PSoC4/Bluetooth_eventHandler.c ****     #endif /* CYBLE_CSCS_SERVER */
 515:Generated_Source\PSoC4/Bluetooth_eventHandler.c ****     
 516:Generated_Source\PSoC4/Bluetooth_eventHandler.c ****     #ifdef CYBLE_ESS_SERVER
 517:Generated_Source\PSoC4/Bluetooth_eventHandler.c ****         if((cyBle_eventHandlerFlag & CYBLE_CALLBACK) != 0u)
 518:Generated_Source\PSoC4/Bluetooth_eventHandler.c ****         {
 519:Generated_Source\PSoC4/Bluetooth_eventHandler.c ****             CyBle_EsssConfirmationEventHandler(eventParam);
 520:Generated_Source\PSoC4/Bluetooth_eventHandler.c ****         }
 521:Generated_Source\PSoC4/Bluetooth_eventHandler.c ****     #endif /* CYBLE_ESS_SERVER */
 522:Generated_Source\PSoC4/Bluetooth_eventHandler.c ****     
 523:Generated_Source\PSoC4/Bluetooth_eventHandler.c ****     #ifdef CYBLE_GLS_SERVER
 524:Generated_Source\PSoC4/Bluetooth_eventHandler.c ****         if((cyBle_eventHandlerFlag & CYBLE_CALLBACK) != 0u)
 525:Generated_Source\PSoC4/Bluetooth_eventHandler.c ****         {
 526:Generated_Source\PSoC4/Bluetooth_eventHandler.c ****             CyBle_GlssConfirmationEventHandler(eventParam);
 527:Generated_Source\PSoC4/Bluetooth_eventHandler.c ****         }
 528:Generated_Source\PSoC4/Bluetooth_eventHandler.c ****     #endif /* CYBLE_GLS_SERVER */
 529:Generated_Source\PSoC4/Bluetooth_eventHandler.c ****     
 530:Generated_Source\PSoC4/Bluetooth_eventHandler.c ****     #ifdef CYBLE_HTS_SERVER
 531:Generated_Source\PSoC4/Bluetooth_eventHandler.c ****         if((cyBle_eventHandlerFlag & CYBLE_CALLBACK) != 0u)
 532:Generated_Source\PSoC4/Bluetooth_eventHandler.c ****         {
 533:Generated_Source\PSoC4/Bluetooth_eventHandler.c ****             CyBle_HtssConfirmationEventHandler(eventParam);
 534:Generated_Source\PSoC4/Bluetooth_eventHandler.c ****         }
 535:Generated_Source\PSoC4/Bluetooth_eventHandler.c ****     #endif /* CYBLE_HTS_SERVER */
 536:Generated_Source\PSoC4/Bluetooth_eventHandler.c **** 
 537:Generated_Source\PSoC4/Bluetooth_eventHandler.c ****     #ifdef CYBLE_LNS_SERVER
 538:Generated_Source\PSoC4/Bluetooth_eventHandler.c ****         if((cyBle_eventHandlerFlag & CYBLE_CALLBACK) != 0u)
 539:Generated_Source\PSoC4/Bluetooth_eventHandler.c ****         {
 540:Generated_Source\PSoC4/Bluetooth_eventHandler.c ****             CyBle_LnssConfirmationEventHandler(eventParam);
 541:Generated_Source\PSoC4/Bluetooth_eventHandler.c ****         }
 542:Generated_Source\PSoC4/Bluetooth_eventHandler.c ****     #endif /* CYBLE_LNS_SERVER */
 543:Generated_Source\PSoC4/Bluetooth_eventHandler.c ****     
 544:Generated_Source\PSoC4/Bluetooth_eventHandler.c ****     #ifdef CYBLE_OTS_SERVER
ARM GAS  C:\Users\ARTEM\AppData\Local\Temp\cclhTYy7.s 			page 11


 545:Generated_Source\PSoC4/Bluetooth_eventHandler.c ****         if((cyBle_eventHandlerFlag & CYBLE_CALLBACK) != 0u)
 546:Generated_Source\PSoC4/Bluetooth_eventHandler.c ****         {
 547:Generated_Source\PSoC4/Bluetooth_eventHandler.c ****             CyBle_OtssConfirmationEventHandler(eventParam);
 548:Generated_Source\PSoC4/Bluetooth_eventHandler.c ****         }
 549:Generated_Source\PSoC4/Bluetooth_eventHandler.c ****     #endif /* CYBLE_OTS_SERVER */
 550:Generated_Source\PSoC4/Bluetooth_eventHandler.c ****     
 551:Generated_Source\PSoC4/Bluetooth_eventHandler.c ****     #ifdef CYBLE_PLXS_SERVER
 552:Generated_Source\PSoC4/Bluetooth_eventHandler.c ****         if((cyBle_eventHandlerFlag & CYBLE_CALLBACK) != 0u)
 553:Generated_Source\PSoC4/Bluetooth_eventHandler.c ****         {
 554:Generated_Source\PSoC4/Bluetooth_eventHandler.c ****             CyBle_PlxssConfirmationEventHandler((CYBLE_CONN_HANDLE_T *)eventParam);
 555:Generated_Source\PSoC4/Bluetooth_eventHandler.c ****         }
 556:Generated_Source\PSoC4/Bluetooth_eventHandler.c ****     #endif /* CYBLE_PLXS_SERVER */
 557:Generated_Source\PSoC4/Bluetooth_eventHandler.c ****     
 558:Generated_Source\PSoC4/Bluetooth_eventHandler.c ****     #ifdef CYBLE_RSCS_SERVER
 559:Generated_Source\PSoC4/Bluetooth_eventHandler.c ****         if((cyBle_eventHandlerFlag & CYBLE_CALLBACK) != 0u)
 560:Generated_Source\PSoC4/Bluetooth_eventHandler.c ****         {
 561:Generated_Source\PSoC4/Bluetooth_eventHandler.c ****             CyBle_RscssConfirmationEventHandler(eventParam);
 562:Generated_Source\PSoC4/Bluetooth_eventHandler.c ****         }
 563:Generated_Source\PSoC4/Bluetooth_eventHandler.c ****     #endif /* CYBLE_RSCS_SERVER */
 564:Generated_Source\PSoC4/Bluetooth_eventHandler.c ****     
 565:Generated_Source\PSoC4/Bluetooth_eventHandler.c ****     #ifdef CYBLE_UDS_SERVER
 566:Generated_Source\PSoC4/Bluetooth_eventHandler.c ****         if((cyBle_eventHandlerFlag & CYBLE_CALLBACK) != 0u)
 567:Generated_Source\PSoC4/Bluetooth_eventHandler.c ****         {
 568:Generated_Source\PSoC4/Bluetooth_eventHandler.c ****             CyBle_UdssConfirmationEventHandler(eventParam);
 569:Generated_Source\PSoC4/Bluetooth_eventHandler.c ****         }
 570:Generated_Source\PSoC4/Bluetooth_eventHandler.c ****     #endif /* CYBLE_UDS_SERVER */
 571:Generated_Source\PSoC4/Bluetooth_eventHandler.c ****     
 572:Generated_Source\PSoC4/Bluetooth_eventHandler.c ****     #ifdef CYBLE_WPTS_SERVER
 573:Generated_Source\PSoC4/Bluetooth_eventHandler.c ****         if((cyBle_eventHandlerFlag & CYBLE_CALLBACK) != 0u)
 574:Generated_Source\PSoC4/Bluetooth_eventHandler.c ****         {
 575:Generated_Source\PSoC4/Bluetooth_eventHandler.c ****             CyBle_WptssConfirmationEventHandler(eventParam);
 576:Generated_Source\PSoC4/Bluetooth_eventHandler.c ****         }
 577:Generated_Source\PSoC4/Bluetooth_eventHandler.c ****     #endif /* CYBLE_WPTS_SERVER */
 578:Generated_Source\PSoC4/Bluetooth_eventHandler.c ****     
 579:Generated_Source\PSoC4/Bluetooth_eventHandler.c ****     #ifdef CYBLE_WSS_SERVER
 580:Generated_Source\PSoC4/Bluetooth_eventHandler.c ****         if((cyBle_eventHandlerFlag & CYBLE_CALLBACK) != 0u)
 581:Generated_Source\PSoC4/Bluetooth_eventHandler.c ****         {
 582:Generated_Source\PSoC4/Bluetooth_eventHandler.c ****             CyBle_WsssConfirmationEventHandler(eventParam);
 583:Generated_Source\PSoC4/Bluetooth_eventHandler.c ****         }
 584:Generated_Source\PSoC4/Bluetooth_eventHandler.c ****     #endif /* CYBLE_WSS_SERVER */
 585:Generated_Source\PSoC4/Bluetooth_eventHandler.c ****     }
 586:Generated_Source\PSoC4/Bluetooth_eventHandler.c **** }
 587:Generated_Source\PSoC4/Bluetooth_eventHandler.c **** 
 588:Generated_Source\PSoC4/Bluetooth_eventHandler.c **** #endif /* CYBLE_GATT_ROLE_SERVER */
 589:Generated_Source\PSoC4/Bluetooth_eventHandler.c **** 
 590:Generated_Source\PSoC4/Bluetooth_eventHandler.c **** 
 591:Generated_Source\PSoC4/Bluetooth_eventHandler.c **** #if (CYBLE_GATT_ROLE_CLIENT)
 592:Generated_Source\PSoC4/Bluetooth_eventHandler.c **** 
 593:Generated_Source\PSoC4/Bluetooth_eventHandler.c **** /****************************************************************************** 
 594:Generated_Source\PSoC4/Bluetooth_eventHandler.c **** * Function Name: CyBle_GattcWriteResponseEventHandler
 595:Generated_Source\PSoC4/Bluetooth_eventHandler.c **** ***************************************************************************//**
 596:Generated_Source\PSoC4/Bluetooth_eventHandler.c **** * 
 597:Generated_Source\PSoC4/Bluetooth_eventHandler.c **** *  Handles the Write response event from the BLE stack.
 598:Generated_Source\PSoC4/Bluetooth_eventHandler.c **** * 
 599:Generated_Source\PSoC4/Bluetooth_eventHandler.c **** *  \param eventParam: Pointer to a structure of type 'CYBLE_CONN_HANDLE_T'
 600:Generated_Source\PSoC4/Bluetooth_eventHandler.c **** * 
 601:Generated_Source\PSoC4/Bluetooth_eventHandler.c **** * \return
ARM GAS  C:\Users\ARTEM\AppData\Local\Temp\cclhTYy7.s 			page 12


 602:Generated_Source\PSoC4/Bluetooth_eventHandler.c **** *  None
 603:Generated_Source\PSoC4/Bluetooth_eventHandler.c **** * 
 604:Generated_Source\PSoC4/Bluetooth_eventHandler.c **** ******************************************************************************/
 605:Generated_Source\PSoC4/Bluetooth_eventHandler.c **** static void CyBle_GattcWriteResponseEventHandler(const CYBLE_CONN_HANDLE_T *eventParam)
 606:Generated_Source\PSoC4/Bluetooth_eventHandler.c **** {
 607:Generated_Source\PSoC4/Bluetooth_eventHandler.c **** 
 608:Generated_Source\PSoC4/Bluetooth_eventHandler.c **** #ifdef CYBLE_AIOS_CLIENT
 609:Generated_Source\PSoC4/Bluetooth_eventHandler.c ****     if((cyBle_eventHandlerFlag & CYBLE_CALLBACK) != 0u)
 610:Generated_Source\PSoC4/Bluetooth_eventHandler.c ****     {
 611:Generated_Source\PSoC4/Bluetooth_eventHandler.c ****         CyBle_AioscWriteResponseEventHandler(eventParam);
 612:Generated_Source\PSoC4/Bluetooth_eventHandler.c ****     }
 613:Generated_Source\PSoC4/Bluetooth_eventHandler.c **** #endif /* CYBLE_AIOS_CLIENT */
 614:Generated_Source\PSoC4/Bluetooth_eventHandler.c **** 
 615:Generated_Source\PSoC4/Bluetooth_eventHandler.c **** #ifdef CYBLE_ANCS_CLIENT
 616:Generated_Source\PSoC4/Bluetooth_eventHandler.c ****     CyBle_AncscWriteResponseEventHandler(eventParam);
 617:Generated_Source\PSoC4/Bluetooth_eventHandler.c **** #endif /* CYBLE_ANCS_CLIENT */
 618:Generated_Source\PSoC4/Bluetooth_eventHandler.c **** 
 619:Generated_Source\PSoC4/Bluetooth_eventHandler.c **** #ifdef CYBLE_ANS_CLIENT
 620:Generated_Source\PSoC4/Bluetooth_eventHandler.c ****     if((cyBle_eventHandlerFlag & CYBLE_CALLBACK) != 0u)
 621:Generated_Source\PSoC4/Bluetooth_eventHandler.c ****     {
 622:Generated_Source\PSoC4/Bluetooth_eventHandler.c ****         CyBle_AnscWriteResponseEventHandler(eventParam);
 623:Generated_Source\PSoC4/Bluetooth_eventHandler.c ****     }
 624:Generated_Source\PSoC4/Bluetooth_eventHandler.c **** #endif /* CYBLE_ANS_CLIENT */
 625:Generated_Source\PSoC4/Bluetooth_eventHandler.c **** 
 626:Generated_Source\PSoC4/Bluetooth_eventHandler.c **** #ifdef CYBLE_BAS_CLIENT
 627:Generated_Source\PSoC4/Bluetooth_eventHandler.c ****     if((cyBle_eventHandlerFlag & CYBLE_CALLBACK) != 0u)
 628:Generated_Source\PSoC4/Bluetooth_eventHandler.c ****     {
 629:Generated_Source\PSoC4/Bluetooth_eventHandler.c ****         CyBle_BascWriteResponseEventHandler(eventParam);
 630:Generated_Source\PSoC4/Bluetooth_eventHandler.c ****     }
 631:Generated_Source\PSoC4/Bluetooth_eventHandler.c **** #endif /* CYBLE_BAS_CLIENT */
 632:Generated_Source\PSoC4/Bluetooth_eventHandler.c **** 
 633:Generated_Source\PSoC4/Bluetooth_eventHandler.c **** #ifdef CYBLE_BCS_CLIENT
 634:Generated_Source\PSoC4/Bluetooth_eventHandler.c ****     if((cyBle_eventHandlerFlag & CYBLE_CALLBACK) != 0u)
 635:Generated_Source\PSoC4/Bluetooth_eventHandler.c ****     {
 636:Generated_Source\PSoC4/Bluetooth_eventHandler.c ****         CyBle_BcscWriteResponseEventHandler(eventParam);
 637:Generated_Source\PSoC4/Bluetooth_eventHandler.c ****     }
 638:Generated_Source\PSoC4/Bluetooth_eventHandler.c **** #endif /* CYBLE_BCS_CLIENT */
 639:Generated_Source\PSoC4/Bluetooth_eventHandler.c **** 
 640:Generated_Source\PSoC4/Bluetooth_eventHandler.c **** #ifdef CYBLE_BLS_CLIENT
 641:Generated_Source\PSoC4/Bluetooth_eventHandler.c ****     if((cyBle_eventHandlerFlag & CYBLE_CALLBACK) != 0u)
 642:Generated_Source\PSoC4/Bluetooth_eventHandler.c ****     {
 643:Generated_Source\PSoC4/Bluetooth_eventHandler.c ****         CyBle_BlscWriteResponseEventHandler(eventParam);
 644:Generated_Source\PSoC4/Bluetooth_eventHandler.c ****     }
 645:Generated_Source\PSoC4/Bluetooth_eventHandler.c **** #endif /* CYBLE_BLS_CLIENT */
 646:Generated_Source\PSoC4/Bluetooth_eventHandler.c **** 
 647:Generated_Source\PSoC4/Bluetooth_eventHandler.c **** #ifdef CYBLE_BMS_CLIENT
 648:Generated_Source\PSoC4/Bluetooth_eventHandler.c ****     if((cyBle_eventHandlerFlag & CYBLE_CALLBACK) != 0u)
 649:Generated_Source\PSoC4/Bluetooth_eventHandler.c ****     {
 650:Generated_Source\PSoC4/Bluetooth_eventHandler.c ****         CyBle_BmscWriteResponseEventHandler(eventParam);
 651:Generated_Source\PSoC4/Bluetooth_eventHandler.c ****     }
 652:Generated_Source\PSoC4/Bluetooth_eventHandler.c **** #endif /* CYBLE_BMS_CLIENT */
 653:Generated_Source\PSoC4/Bluetooth_eventHandler.c **** 
 654:Generated_Source\PSoC4/Bluetooth_eventHandler.c **** #ifdef CYBLE_CGMS_CLIENT
 655:Generated_Source\PSoC4/Bluetooth_eventHandler.c ****     if((cyBle_eventHandlerFlag & CYBLE_CALLBACK) != 0u)
 656:Generated_Source\PSoC4/Bluetooth_eventHandler.c ****     {
 657:Generated_Source\PSoC4/Bluetooth_eventHandler.c ****         CyBle_CgmscWriteResponseEventHandler(eventParam);
 658:Generated_Source\PSoC4/Bluetooth_eventHandler.c ****     }
ARM GAS  C:\Users\ARTEM\AppData\Local\Temp\cclhTYy7.s 			page 13


 659:Generated_Source\PSoC4/Bluetooth_eventHandler.c **** #endif /* CYBLE_CGMS_CLIENT */
 660:Generated_Source\PSoC4/Bluetooth_eventHandler.c **** 
 661:Generated_Source\PSoC4/Bluetooth_eventHandler.c **** #ifdef CYBLE_CPS_CLIENT
 662:Generated_Source\PSoC4/Bluetooth_eventHandler.c ****     if((cyBle_eventHandlerFlag & CYBLE_CALLBACK) != 0u)
 663:Generated_Source\PSoC4/Bluetooth_eventHandler.c ****     {
 664:Generated_Source\PSoC4/Bluetooth_eventHandler.c ****         CyBle_CpscWriteResponseEventHandler(eventParam);
 665:Generated_Source\PSoC4/Bluetooth_eventHandler.c ****     }
 666:Generated_Source\PSoC4/Bluetooth_eventHandler.c **** #endif /* CYBLE_CPS_CLIENT */
 667:Generated_Source\PSoC4/Bluetooth_eventHandler.c **** 
 668:Generated_Source\PSoC4/Bluetooth_eventHandler.c **** #ifdef CYBLE_CSCS_CLIENT
 669:Generated_Source\PSoC4/Bluetooth_eventHandler.c ****     if((cyBle_eventHandlerFlag & CYBLE_CALLBACK) != 0u)
 670:Generated_Source\PSoC4/Bluetooth_eventHandler.c ****     {
 671:Generated_Source\PSoC4/Bluetooth_eventHandler.c ****         CyBle_CscscWriteResponseEventHandler(eventParam);
 672:Generated_Source\PSoC4/Bluetooth_eventHandler.c ****     }
 673:Generated_Source\PSoC4/Bluetooth_eventHandler.c **** #endif /* CYBLE_CSCS_CLIENT */
 674:Generated_Source\PSoC4/Bluetooth_eventHandler.c **** 
 675:Generated_Source\PSoC4/Bluetooth_eventHandler.c **** #ifdef CYBLE_CTS_CLIENT
 676:Generated_Source\PSoC4/Bluetooth_eventHandler.c ****     if((cyBle_eventHandlerFlag & CYBLE_CALLBACK) != 0u)
 677:Generated_Source\PSoC4/Bluetooth_eventHandler.c ****     {
 678:Generated_Source\PSoC4/Bluetooth_eventHandler.c ****         CyBle_CtscWriteResponseEventHandler(eventParam);
 679:Generated_Source\PSoC4/Bluetooth_eventHandler.c ****     }
 680:Generated_Source\PSoC4/Bluetooth_eventHandler.c **** #endif /* CYBLE_CTS_CLIENT */
 681:Generated_Source\PSoC4/Bluetooth_eventHandler.c **** 
 682:Generated_Source\PSoC4/Bluetooth_eventHandler.c **** #ifdef CYBLE_ESS_CLIENT
 683:Generated_Source\PSoC4/Bluetooth_eventHandler.c ****     if((cyBle_eventHandlerFlag & CYBLE_CALLBACK) != 0u)
 684:Generated_Source\PSoC4/Bluetooth_eventHandler.c ****     {
 685:Generated_Source\PSoC4/Bluetooth_eventHandler.c ****         CyBle_EsscWriteResponseEventHandler(eventParam);
 686:Generated_Source\PSoC4/Bluetooth_eventHandler.c ****     }
 687:Generated_Source\PSoC4/Bluetooth_eventHandler.c **** #endif /* CYBLE_ESS_CLIENT */
 688:Generated_Source\PSoC4/Bluetooth_eventHandler.c **** 
 689:Generated_Source\PSoC4/Bluetooth_eventHandler.c **** #ifdef CYBLE_GLS_CLIENT
 690:Generated_Source\PSoC4/Bluetooth_eventHandler.c ****     if((cyBle_eventHandlerFlag & CYBLE_CALLBACK) != 0u)
 691:Generated_Source\PSoC4/Bluetooth_eventHandler.c ****     {
 692:Generated_Source\PSoC4/Bluetooth_eventHandler.c ****         CyBle_GlscWriteResponseEventHandler(eventParam);
 693:Generated_Source\PSoC4/Bluetooth_eventHandler.c ****     }
 694:Generated_Source\PSoC4/Bluetooth_eventHandler.c **** #endif /* CYBLE_GLS_CLIENT */
 695:Generated_Source\PSoC4/Bluetooth_eventHandler.c **** 
 696:Generated_Source\PSoC4/Bluetooth_eventHandler.c **** #ifdef CYBLE_HIDS_CLIENT
 697:Generated_Source\PSoC4/Bluetooth_eventHandler.c ****     if((cyBle_eventHandlerFlag & CYBLE_CALLBACK) != 0u)
 698:Generated_Source\PSoC4/Bluetooth_eventHandler.c ****     {
 699:Generated_Source\PSoC4/Bluetooth_eventHandler.c ****         CyBle_HidscWriteResponseEventHandler(eventParam);
 700:Generated_Source\PSoC4/Bluetooth_eventHandler.c ****     }
 701:Generated_Source\PSoC4/Bluetooth_eventHandler.c **** #endif /* CYBLE_HIDS_CLIENT */
 702:Generated_Source\PSoC4/Bluetooth_eventHandler.c **** 
 703:Generated_Source\PSoC4/Bluetooth_eventHandler.c **** #ifdef CYBLE_HPS_CLIENT
 704:Generated_Source\PSoC4/Bluetooth_eventHandler.c ****     if((cyBle_eventHandlerFlag & CYBLE_CALLBACK) != 0u)
 705:Generated_Source\PSoC4/Bluetooth_eventHandler.c ****     {
 706:Generated_Source\PSoC4/Bluetooth_eventHandler.c ****         CyBle_HpscWriteResponseEventHandler(eventParam);
 707:Generated_Source\PSoC4/Bluetooth_eventHandler.c ****     }
 708:Generated_Source\PSoC4/Bluetooth_eventHandler.c **** #endif /* CYBLE_HPS_CLIENT */
 709:Generated_Source\PSoC4/Bluetooth_eventHandler.c **** 
 710:Generated_Source\PSoC4/Bluetooth_eventHandler.c **** #ifdef CYBLE_HRS_CLIENT
 711:Generated_Source\PSoC4/Bluetooth_eventHandler.c ****     if((cyBle_eventHandlerFlag & CYBLE_CALLBACK) != 0u)
 712:Generated_Source\PSoC4/Bluetooth_eventHandler.c ****     {
 713:Generated_Source\PSoC4/Bluetooth_eventHandler.c ****         CyBle_HrscWriteResponseEventHandler(eventParam);
 714:Generated_Source\PSoC4/Bluetooth_eventHandler.c ****     }
 715:Generated_Source\PSoC4/Bluetooth_eventHandler.c **** #endif /* CYBLE_HRS_CLIENT */
ARM GAS  C:\Users\ARTEM\AppData\Local\Temp\cclhTYy7.s 			page 14


 716:Generated_Source\PSoC4/Bluetooth_eventHandler.c **** 
 717:Generated_Source\PSoC4/Bluetooth_eventHandler.c **** #ifdef CYBLE_HTS_CLIENT
 718:Generated_Source\PSoC4/Bluetooth_eventHandler.c ****     if((cyBle_eventHandlerFlag & CYBLE_CALLBACK) != 0u)
 719:Generated_Source\PSoC4/Bluetooth_eventHandler.c ****     {
 720:Generated_Source\PSoC4/Bluetooth_eventHandler.c ****         CyBle_HtscWriteResponseEventHandler(eventParam);
 721:Generated_Source\PSoC4/Bluetooth_eventHandler.c ****     }
 722:Generated_Source\PSoC4/Bluetooth_eventHandler.c **** #endif /* CYBLE_HTS_CLIENT */
 723:Generated_Source\PSoC4/Bluetooth_eventHandler.c **** 
 724:Generated_Source\PSoC4/Bluetooth_eventHandler.c **** #ifdef CYBLE_IPS_CLIENT
 725:Generated_Source\PSoC4/Bluetooth_eventHandler.c ****     if((cyBle_eventHandlerFlag & CYBLE_CALLBACK) != 0u)
 726:Generated_Source\PSoC4/Bluetooth_eventHandler.c ****     {
 727:Generated_Source\PSoC4/Bluetooth_eventHandler.c ****         CyBle_IpscWriteResponseEventHandler(eventParam);
 728:Generated_Source\PSoC4/Bluetooth_eventHandler.c ****     }
 729:Generated_Source\PSoC4/Bluetooth_eventHandler.c **** #endif /* CYBLE_IPS_CLIENT */
 730:Generated_Source\PSoC4/Bluetooth_eventHandler.c **** 
 731:Generated_Source\PSoC4/Bluetooth_eventHandler.c **** #ifdef CYBLE_LLS_CLIENT
 732:Generated_Source\PSoC4/Bluetooth_eventHandler.c ****     if((cyBle_eventHandlerFlag & CYBLE_CALLBACK) != 0u)
 733:Generated_Source\PSoC4/Bluetooth_eventHandler.c ****     {
 734:Generated_Source\PSoC4/Bluetooth_eventHandler.c ****         CyBle_LlscWriteResponseEventHandler(eventParam);
 735:Generated_Source\PSoC4/Bluetooth_eventHandler.c ****     }
 736:Generated_Source\PSoC4/Bluetooth_eventHandler.c **** #endif /* CYBLE_LLS_CLIENT */
 737:Generated_Source\PSoC4/Bluetooth_eventHandler.c **** 
 738:Generated_Source\PSoC4/Bluetooth_eventHandler.c **** #ifdef CYBLE_LNS_CLIENT
 739:Generated_Source\PSoC4/Bluetooth_eventHandler.c ****     if((cyBle_eventHandlerFlag & CYBLE_CALLBACK) != 0u)
 740:Generated_Source\PSoC4/Bluetooth_eventHandler.c ****     {
 741:Generated_Source\PSoC4/Bluetooth_eventHandler.c ****         CyBle_LnscWriteResponseEventHandler(eventParam);
 742:Generated_Source\PSoC4/Bluetooth_eventHandler.c ****     }
 743:Generated_Source\PSoC4/Bluetooth_eventHandler.c **** #endif /* CYBLE_LNS_CLIENT */
 744:Generated_Source\PSoC4/Bluetooth_eventHandler.c **** 
 745:Generated_Source\PSoC4/Bluetooth_eventHandler.c **** #ifdef CYBLE_OTS_CLIENT
 746:Generated_Source\PSoC4/Bluetooth_eventHandler.c ****     if((cyBle_eventHandlerFlag & CYBLE_CALLBACK) != 0u)
 747:Generated_Source\PSoC4/Bluetooth_eventHandler.c ****     {
 748:Generated_Source\PSoC4/Bluetooth_eventHandler.c ****         CyBle_OtscWriteResponseEventHandler(eventParam);
 749:Generated_Source\PSoC4/Bluetooth_eventHandler.c ****     }
 750:Generated_Source\PSoC4/Bluetooth_eventHandler.c **** #endif /* CYBLE_OTS_CLIENT */
 751:Generated_Source\PSoC4/Bluetooth_eventHandler.c **** 
 752:Generated_Source\PSoC4/Bluetooth_eventHandler.c **** #ifdef CYBLE_PASS_CLIENT
 753:Generated_Source\PSoC4/Bluetooth_eventHandler.c ****     if((cyBle_eventHandlerFlag & CYBLE_CALLBACK) != 0u)
 754:Generated_Source\PSoC4/Bluetooth_eventHandler.c ****     {
 755:Generated_Source\PSoC4/Bluetooth_eventHandler.c ****         CyBle_PasscWriteResponseEventHandler(eventParam);
 756:Generated_Source\PSoC4/Bluetooth_eventHandler.c ****     }
 757:Generated_Source\PSoC4/Bluetooth_eventHandler.c **** #endif /* CYBLE_PASS_CLIENT */
 758:Generated_Source\PSoC4/Bluetooth_eventHandler.c **** 
 759:Generated_Source\PSoC4/Bluetooth_eventHandler.c **** #ifdef CYBLE_PLXS_CLIENT
 760:Generated_Source\PSoC4/Bluetooth_eventHandler.c ****     if((cyBle_eventHandlerFlag & CYBLE_CALLBACK) != 0u)
 761:Generated_Source\PSoC4/Bluetooth_eventHandler.c ****     {
 762:Generated_Source\PSoC4/Bluetooth_eventHandler.c ****         CyBle_PlxscWriteResponseEventHandler(eventParam);
 763:Generated_Source\PSoC4/Bluetooth_eventHandler.c ****     }
 764:Generated_Source\PSoC4/Bluetooth_eventHandler.c **** #endif /* CYBLE_PASS_CLIENT */
 765:Generated_Source\PSoC4/Bluetooth_eventHandler.c **** 
 766:Generated_Source\PSoC4/Bluetooth_eventHandler.c **** #ifdef CYBLE_RSCS_CLIENT
 767:Generated_Source\PSoC4/Bluetooth_eventHandler.c ****     if((cyBle_eventHandlerFlag & CYBLE_CALLBACK) != 0u)
 768:Generated_Source\PSoC4/Bluetooth_eventHandler.c ****     {
 769:Generated_Source\PSoC4/Bluetooth_eventHandler.c ****         CyBle_RscscWriteResponseEventHandler(eventParam);
 770:Generated_Source\PSoC4/Bluetooth_eventHandler.c ****     }
 771:Generated_Source\PSoC4/Bluetooth_eventHandler.c **** #endif /* CYBLE_RSCS_CLIENT */
 772:Generated_Source\PSoC4/Bluetooth_eventHandler.c **** 
ARM GAS  C:\Users\ARTEM\AppData\Local\Temp\cclhTYy7.s 			page 15


 773:Generated_Source\PSoC4/Bluetooth_eventHandler.c **** #ifdef CYBLE_SCPS_CLIENT
 774:Generated_Source\PSoC4/Bluetooth_eventHandler.c ****     if((cyBle_eventHandlerFlag & CYBLE_CALLBACK) != 0u)
 775:Generated_Source\PSoC4/Bluetooth_eventHandler.c ****     {
 776:Generated_Source\PSoC4/Bluetooth_eventHandler.c ****         CyBle_ScpscWriteResponseEventHandler(eventParam);
 777:Generated_Source\PSoC4/Bluetooth_eventHandler.c ****     }
 778:Generated_Source\PSoC4/Bluetooth_eventHandler.c **** #endif /* CYBLE_SCPS_CLIENT */
 779:Generated_Source\PSoC4/Bluetooth_eventHandler.c **** 
 780:Generated_Source\PSoC4/Bluetooth_eventHandler.c **** #ifdef CYBLE_TPS_CLIENT
 781:Generated_Source\PSoC4/Bluetooth_eventHandler.c ****     if((cyBle_eventHandlerFlag & CYBLE_CALLBACK) != 0u)
 782:Generated_Source\PSoC4/Bluetooth_eventHandler.c ****     {
 783:Generated_Source\PSoC4/Bluetooth_eventHandler.c ****         CyBle_TpscWriteResponseEventHandler(eventParam);
 784:Generated_Source\PSoC4/Bluetooth_eventHandler.c ****     }
 785:Generated_Source\PSoC4/Bluetooth_eventHandler.c **** #endif /* CYBLE_TPS_CLIENT */
 786:Generated_Source\PSoC4/Bluetooth_eventHandler.c **** 
 787:Generated_Source\PSoC4/Bluetooth_eventHandler.c **** #ifdef CYBLE_UDS_CLIENT
 788:Generated_Source\PSoC4/Bluetooth_eventHandler.c ****     if((cyBle_eventHandlerFlag & CYBLE_CALLBACK) != 0u)
 789:Generated_Source\PSoC4/Bluetooth_eventHandler.c ****     {
 790:Generated_Source\PSoC4/Bluetooth_eventHandler.c ****         CyBle_UdscWriteResponseEventHandler(eventParam);
 791:Generated_Source\PSoC4/Bluetooth_eventHandler.c ****     }
 792:Generated_Source\PSoC4/Bluetooth_eventHandler.c **** #endif /* CYBLE_UDS_CLIENT */
 793:Generated_Source\PSoC4/Bluetooth_eventHandler.c **** #ifdef CYBLE_WPTS_CLIENT
 794:Generated_Source\PSoC4/Bluetooth_eventHandler.c ****     if((cyBle_eventHandlerFlag & CYBLE_CALLBACK) != 0u)
 795:Generated_Source\PSoC4/Bluetooth_eventHandler.c ****     {
 796:Generated_Source\PSoC4/Bluetooth_eventHandler.c ****         CyBle_WptscWriteResponseEventHandler(eventParam);
 797:Generated_Source\PSoC4/Bluetooth_eventHandler.c ****     }
 798:Generated_Source\PSoC4/Bluetooth_eventHandler.c **** #endif /* CYBLE_WPTS_CLIENT */
 799:Generated_Source\PSoC4/Bluetooth_eventHandler.c **** #ifdef CYBLE_WSS_CLIENT
 800:Generated_Source\PSoC4/Bluetooth_eventHandler.c ****     if((cyBle_eventHandlerFlag & CYBLE_CALLBACK) != 0u)
 801:Generated_Source\PSoC4/Bluetooth_eventHandler.c ****     {
 802:Generated_Source\PSoC4/Bluetooth_eventHandler.c ****         CyBle_WsscWriteResponseEventHandler(eventParam);
 803:Generated_Source\PSoC4/Bluetooth_eventHandler.c ****     }
 804:Generated_Source\PSoC4/Bluetooth_eventHandler.c **** #endif /* CYBLE_WSS_CLIENT */
 805:Generated_Source\PSoC4/Bluetooth_eventHandler.c **** }
 806:Generated_Source\PSoC4/Bluetooth_eventHandler.c **** 
 807:Generated_Source\PSoC4/Bluetooth_eventHandler.c **** 
 808:Generated_Source\PSoC4/Bluetooth_eventHandler.c **** /******************************************************************************    
 809:Generated_Source\PSoC4/Bluetooth_eventHandler.c **** * Function Name: CyBle_NotificationEventHandler
 810:Generated_Source\PSoC4/Bluetooth_eventHandler.c **** ***************************************************************************//**
 811:Generated_Source\PSoC4/Bluetooth_eventHandler.c **** * 
 812:Generated_Source\PSoC4/Bluetooth_eventHandler.c **** *  Handles the Notification event from BLE stack.
 813:Generated_Source\PSoC4/Bluetooth_eventHandler.c **** * 
 814:Generated_Source\PSoC4/Bluetooth_eventHandler.c **** *  \param eventParam: event parameter
 815:Generated_Source\PSoC4/Bluetooth_eventHandler.c **** * 
 816:Generated_Source\PSoC4/Bluetooth_eventHandler.c **** * \return
 817:Generated_Source\PSoC4/Bluetooth_eventHandler.c **** *  None
 818:Generated_Source\PSoC4/Bluetooth_eventHandler.c **** * 
 819:Generated_Source\PSoC4/Bluetooth_eventHandler.c **** ******************************************************************************/
 820:Generated_Source\PSoC4/Bluetooth_eventHandler.c **** static void CyBle_NotificationEventHandler(CYBLE_GATTC_HANDLE_VALUE_NTF_PARAM_T *eventParam)
 821:Generated_Source\PSoC4/Bluetooth_eventHandler.c **** {
 822:Generated_Source\PSoC4/Bluetooth_eventHandler.c **** #ifdef CYBLE_AIOS_CLIENT
 823:Generated_Source\PSoC4/Bluetooth_eventHandler.c ****     if((cyBle_eventHandlerFlag & CYBLE_CALLBACK) != 0u)
 824:Generated_Source\PSoC4/Bluetooth_eventHandler.c ****     {
 825:Generated_Source\PSoC4/Bluetooth_eventHandler.c ****         CyBle_AioscNotificationEventHandler(eventParam);
 826:Generated_Source\PSoC4/Bluetooth_eventHandler.c ****     }
 827:Generated_Source\PSoC4/Bluetooth_eventHandler.c **** #endif /* CYBLE_AIOS_CLIENT */
 828:Generated_Source\PSoC4/Bluetooth_eventHandler.c **** #ifdef CYBLE_ANCS_CLIENT
 829:Generated_Source\PSoC4/Bluetooth_eventHandler.c ****     CyBle_AncscNotificationEventHandler(eventParam);
ARM GAS  C:\Users\ARTEM\AppData\Local\Temp\cclhTYy7.s 			page 16


 830:Generated_Source\PSoC4/Bluetooth_eventHandler.c **** #endif /* CYBLE_ANCS_CLIENT */
 831:Generated_Source\PSoC4/Bluetooth_eventHandler.c **** #ifdef CYBLE_ANS_CLIENT
 832:Generated_Source\PSoC4/Bluetooth_eventHandler.c ****     if((cyBle_eventHandlerFlag & CYBLE_CALLBACK) != 0u)
 833:Generated_Source\PSoC4/Bluetooth_eventHandler.c ****     {
 834:Generated_Source\PSoC4/Bluetooth_eventHandler.c ****         CyBle_AnscNotificationEventHandler(eventParam);
 835:Generated_Source\PSoC4/Bluetooth_eventHandler.c ****     }
 836:Generated_Source\PSoC4/Bluetooth_eventHandler.c **** #endif /* CYBLE_ANS_CLIENT */
 837:Generated_Source\PSoC4/Bluetooth_eventHandler.c **** #ifdef CYBLE_BAS_CLIENT
 838:Generated_Source\PSoC4/Bluetooth_eventHandler.c ****     if((cyBle_eventHandlerFlag & CYBLE_CALLBACK) != 0u)
 839:Generated_Source\PSoC4/Bluetooth_eventHandler.c ****     {
 840:Generated_Source\PSoC4/Bluetooth_eventHandler.c ****         CyBle_BascNotificationEventHandler(eventParam);
 841:Generated_Source\PSoC4/Bluetooth_eventHandler.c ****     }
 842:Generated_Source\PSoC4/Bluetooth_eventHandler.c **** #endif /* CYBLE_BAS_CLIENT */
 843:Generated_Source\PSoC4/Bluetooth_eventHandler.c **** #ifdef CYBLE_BLS_CLIENT
 844:Generated_Source\PSoC4/Bluetooth_eventHandler.c ****     if((cyBle_eventHandlerFlag & CYBLE_CALLBACK) != 0u)
 845:Generated_Source\PSoC4/Bluetooth_eventHandler.c ****     {
 846:Generated_Source\PSoC4/Bluetooth_eventHandler.c ****         CyBle_BlscNotificationEventHandler(eventParam);
 847:Generated_Source\PSoC4/Bluetooth_eventHandler.c ****     }
 848:Generated_Source\PSoC4/Bluetooth_eventHandler.c **** #endif /* CYBLE_BLS_CLIENT */
 849:Generated_Source\PSoC4/Bluetooth_eventHandler.c **** #ifdef CYBLE_CGMS_CLIENT
 850:Generated_Source\PSoC4/Bluetooth_eventHandler.c ****     if((cyBle_eventHandlerFlag & CYBLE_CALLBACK) != 0u)
 851:Generated_Source\PSoC4/Bluetooth_eventHandler.c ****     {
 852:Generated_Source\PSoC4/Bluetooth_eventHandler.c ****         CyBle_CgmscNotificationEventHandler(eventParam);
 853:Generated_Source\PSoC4/Bluetooth_eventHandler.c ****     }
 854:Generated_Source\PSoC4/Bluetooth_eventHandler.c **** #endif /* CYBLE_CGMS_CLIENT */
 855:Generated_Source\PSoC4/Bluetooth_eventHandler.c **** #ifdef CYBLE_CPS_CLIENT
 856:Generated_Source\PSoC4/Bluetooth_eventHandler.c ****     if((cyBle_eventHandlerFlag & CYBLE_CALLBACK) != 0u)
 857:Generated_Source\PSoC4/Bluetooth_eventHandler.c ****     {
 858:Generated_Source\PSoC4/Bluetooth_eventHandler.c ****         CyBle_CpscNotificationEventHandler(eventParam);
 859:Generated_Source\PSoC4/Bluetooth_eventHandler.c ****     }
 860:Generated_Source\PSoC4/Bluetooth_eventHandler.c **** #endif /* CYBLE_CPS_CLIENT */
 861:Generated_Source\PSoC4/Bluetooth_eventHandler.c **** #ifdef CYBLE_CSCS_CLIENT
 862:Generated_Source\PSoC4/Bluetooth_eventHandler.c ****     if((cyBle_eventHandlerFlag & CYBLE_CALLBACK) != 0u)
 863:Generated_Source\PSoC4/Bluetooth_eventHandler.c ****     {
 864:Generated_Source\PSoC4/Bluetooth_eventHandler.c ****         CyBle_CscscNotificationEventHandler(eventParam);
 865:Generated_Source\PSoC4/Bluetooth_eventHandler.c ****     }
 866:Generated_Source\PSoC4/Bluetooth_eventHandler.c **** #endif /* CYBLE_CSCS_CLIENT */
 867:Generated_Source\PSoC4/Bluetooth_eventHandler.c **** #ifdef CYBLE_CTS_CLIENT
 868:Generated_Source\PSoC4/Bluetooth_eventHandler.c ****     if((cyBle_eventHandlerFlag & CYBLE_CALLBACK) != 0u)
 869:Generated_Source\PSoC4/Bluetooth_eventHandler.c ****     {
 870:Generated_Source\PSoC4/Bluetooth_eventHandler.c ****         CyBle_CtscNotificationEventHandler(eventParam);
 871:Generated_Source\PSoC4/Bluetooth_eventHandler.c ****     }
 872:Generated_Source\PSoC4/Bluetooth_eventHandler.c **** #endif /* CYBLE_CTS_CLIENT */
 873:Generated_Source\PSoC4/Bluetooth_eventHandler.c **** #ifdef CYBLE_ESS_CLIENT
 874:Generated_Source\PSoC4/Bluetooth_eventHandler.c ****     if((cyBle_eventHandlerFlag & CYBLE_CALLBACK) != 0u)
 875:Generated_Source\PSoC4/Bluetooth_eventHandler.c ****     {
 876:Generated_Source\PSoC4/Bluetooth_eventHandler.c ****         CyBle_EsscNotificationEventHandler(eventParam);
 877:Generated_Source\PSoC4/Bluetooth_eventHandler.c ****     }
 878:Generated_Source\PSoC4/Bluetooth_eventHandler.c **** #endif /* CYBLE_ESS_CLIENT */
 879:Generated_Source\PSoC4/Bluetooth_eventHandler.c **** #ifdef CYBLE_GLS_CLIENT
 880:Generated_Source\PSoC4/Bluetooth_eventHandler.c ****     if((cyBle_eventHandlerFlag & CYBLE_CALLBACK) != 0u)
 881:Generated_Source\PSoC4/Bluetooth_eventHandler.c ****     {
 882:Generated_Source\PSoC4/Bluetooth_eventHandler.c ****         CyBle_GlscNotificationEventHandler(eventParam);
 883:Generated_Source\PSoC4/Bluetooth_eventHandler.c ****     }
 884:Generated_Source\PSoC4/Bluetooth_eventHandler.c **** #endif /* CYBLE_GLS_CLIENT */
 885:Generated_Source\PSoC4/Bluetooth_eventHandler.c **** #ifdef CYBLE_HIDS_CLIENT
 886:Generated_Source\PSoC4/Bluetooth_eventHandler.c ****     if((cyBle_eventHandlerFlag & CYBLE_CALLBACK) != 0u)
ARM GAS  C:\Users\ARTEM\AppData\Local\Temp\cclhTYy7.s 			page 17


 887:Generated_Source\PSoC4/Bluetooth_eventHandler.c ****     {
 888:Generated_Source\PSoC4/Bluetooth_eventHandler.c ****         CyBle_HidscNotificationEventHandler(eventParam);
 889:Generated_Source\PSoC4/Bluetooth_eventHandler.c ****     }
 890:Generated_Source\PSoC4/Bluetooth_eventHandler.c **** #endif /* CYBLE_HIDS_CLIENT */
 891:Generated_Source\PSoC4/Bluetooth_eventHandler.c **** #ifdef CYBLE_HPS_CLIENT
 892:Generated_Source\PSoC4/Bluetooth_eventHandler.c ****     if((cyBle_eventHandlerFlag & CYBLE_CALLBACK) != 0u)
 893:Generated_Source\PSoC4/Bluetooth_eventHandler.c ****     {
 894:Generated_Source\PSoC4/Bluetooth_eventHandler.c ****         CyBle_HpscNotificationEventHandler(eventParam);
 895:Generated_Source\PSoC4/Bluetooth_eventHandler.c ****     }
 896:Generated_Source\PSoC4/Bluetooth_eventHandler.c **** #endif /* CYBLE_HPS_CLIENT */
 897:Generated_Source\PSoC4/Bluetooth_eventHandler.c **** #ifdef CYBLE_HRS_CLIENT
 898:Generated_Source\PSoC4/Bluetooth_eventHandler.c ****     if((cyBle_eventHandlerFlag & CYBLE_CALLBACK) != 0u)
 899:Generated_Source\PSoC4/Bluetooth_eventHandler.c ****     {
 900:Generated_Source\PSoC4/Bluetooth_eventHandler.c ****         CyBle_HrscNotificationEventHandler(eventParam);
 901:Generated_Source\PSoC4/Bluetooth_eventHandler.c ****     }
 902:Generated_Source\PSoC4/Bluetooth_eventHandler.c **** #endif /* CYBLE_HRS_CLIENT */
 903:Generated_Source\PSoC4/Bluetooth_eventHandler.c **** #ifdef CYBLE_HTS_CLIENT
 904:Generated_Source\PSoC4/Bluetooth_eventHandler.c ****     if((cyBle_eventHandlerFlag & CYBLE_CALLBACK) != 0u)
 905:Generated_Source\PSoC4/Bluetooth_eventHandler.c ****     {
 906:Generated_Source\PSoC4/Bluetooth_eventHandler.c ****         CyBle_HtscNotificationEventHandler(eventParam);
 907:Generated_Source\PSoC4/Bluetooth_eventHandler.c ****     }
 908:Generated_Source\PSoC4/Bluetooth_eventHandler.c **** #endif /* CYBLE_HTS_CLIENT */
 909:Generated_Source\PSoC4/Bluetooth_eventHandler.c **** #ifdef CYBLE_LNS_CLIENT
 910:Generated_Source\PSoC4/Bluetooth_eventHandler.c ****     if((cyBle_eventHandlerFlag & CYBLE_CALLBACK) != 0u)
 911:Generated_Source\PSoC4/Bluetooth_eventHandler.c ****     {
 912:Generated_Source\PSoC4/Bluetooth_eventHandler.c ****         CyBle_LnscNotificationEventHandler(eventParam);
 913:Generated_Source\PSoC4/Bluetooth_eventHandler.c ****     }
 914:Generated_Source\PSoC4/Bluetooth_eventHandler.c **** #endif /* CYBLE_LNS_CLIENT */
 915:Generated_Source\PSoC4/Bluetooth_eventHandler.c **** #ifdef CYBLE_PASS_CLIENT
 916:Generated_Source\PSoC4/Bluetooth_eventHandler.c ****     if((cyBle_eventHandlerFlag & CYBLE_CALLBACK) != 0u)
 917:Generated_Source\PSoC4/Bluetooth_eventHandler.c ****     {
 918:Generated_Source\PSoC4/Bluetooth_eventHandler.c ****         CyBle_PasscNotificationEventHandler(eventParam);
 919:Generated_Source\PSoC4/Bluetooth_eventHandler.c ****     }
 920:Generated_Source\PSoC4/Bluetooth_eventHandler.c **** #endif /* CYBLE_PASS_CLIENT */
 921:Generated_Source\PSoC4/Bluetooth_eventHandler.c **** #ifdef CYBLE_PLXS_CLIENT
 922:Generated_Source\PSoC4/Bluetooth_eventHandler.c ****     if((cyBle_eventHandlerFlag & CYBLE_CALLBACK) != 0u)
 923:Generated_Source\PSoC4/Bluetooth_eventHandler.c ****     {
 924:Generated_Source\PSoC4/Bluetooth_eventHandler.c ****         CyBle_PlxscNotificationEventHandler(eventParam);
 925:Generated_Source\PSoC4/Bluetooth_eventHandler.c ****     }
 926:Generated_Source\PSoC4/Bluetooth_eventHandler.c **** #endif /* CYBLE_PLXS_CLIENT */
 927:Generated_Source\PSoC4/Bluetooth_eventHandler.c **** #ifdef CYBLE_RSCS_CLIENT
 928:Generated_Source\PSoC4/Bluetooth_eventHandler.c ****     if((cyBle_eventHandlerFlag & CYBLE_CALLBACK) != 0u)
 929:Generated_Source\PSoC4/Bluetooth_eventHandler.c ****     {
 930:Generated_Source\PSoC4/Bluetooth_eventHandler.c ****         CyBle_RscscNotificationEventHandler(eventParam);
 931:Generated_Source\PSoC4/Bluetooth_eventHandler.c ****     }
 932:Generated_Source\PSoC4/Bluetooth_eventHandler.c **** #endif /* CYBLE_RSCS_CLIENT */
 933:Generated_Source\PSoC4/Bluetooth_eventHandler.c **** #ifdef CYBLE_SCPS_CLIENT
 934:Generated_Source\PSoC4/Bluetooth_eventHandler.c ****     if((cyBle_eventHandlerFlag & CYBLE_CALLBACK) != 0u)
 935:Generated_Source\PSoC4/Bluetooth_eventHandler.c ****     {
 936:Generated_Source\PSoC4/Bluetooth_eventHandler.c ****         CyBle_ScpscNotificationEventHandler(eventParam);
 937:Generated_Source\PSoC4/Bluetooth_eventHandler.c ****     }
 938:Generated_Source\PSoC4/Bluetooth_eventHandler.c **** #endif /* CYBLE_SCPS_CLIENT */
 939:Generated_Source\PSoC4/Bluetooth_eventHandler.c **** #ifdef CYBLE_TPS_CLIENT
 940:Generated_Source\PSoC4/Bluetooth_eventHandler.c ****     if((cyBle_eventHandlerFlag & CYBLE_CALLBACK) != 0u)
 941:Generated_Source\PSoC4/Bluetooth_eventHandler.c ****     {
 942:Generated_Source\PSoC4/Bluetooth_eventHandler.c ****         CyBle_TpscNotificationEventHandler(eventParam);
 943:Generated_Source\PSoC4/Bluetooth_eventHandler.c ****     }
ARM GAS  C:\Users\ARTEM\AppData\Local\Temp\cclhTYy7.s 			page 18


 944:Generated_Source\PSoC4/Bluetooth_eventHandler.c **** #endif /* CYBLE_TPS_CLIENT */
 945:Generated_Source\PSoC4/Bluetooth_eventHandler.c **** #ifdef CYBLE_UDS_CLIENT
 946:Generated_Source\PSoC4/Bluetooth_eventHandler.c ****     if((cyBle_eventHandlerFlag & CYBLE_CALLBACK) != 0u)
 947:Generated_Source\PSoC4/Bluetooth_eventHandler.c ****     {
 948:Generated_Source\PSoC4/Bluetooth_eventHandler.c ****         CyBle_UdscNotificationEventHandler(eventParam);
 949:Generated_Source\PSoC4/Bluetooth_eventHandler.c ****     }
 950:Generated_Source\PSoC4/Bluetooth_eventHandler.c **** #endif /* CYBLE_UDS_CLIENT */
 951:Generated_Source\PSoC4/Bluetooth_eventHandler.c **** #ifdef CYBLE_WPTS_CLIENT
 952:Generated_Source\PSoC4/Bluetooth_eventHandler.c ****     if((cyBle_eventHandlerFlag & CYBLE_CALLBACK) != 0u)
 953:Generated_Source\PSoC4/Bluetooth_eventHandler.c ****     {
 954:Generated_Source\PSoC4/Bluetooth_eventHandler.c ****         CyBle_WptscNotificationEventHandler(eventParam);
 955:Generated_Source\PSoC4/Bluetooth_eventHandler.c ****     }
 956:Generated_Source\PSoC4/Bluetooth_eventHandler.c **** #endif /* CYBLE_WPTS_CLIENT */
 957:Generated_Source\PSoC4/Bluetooth_eventHandler.c **** }
 958:Generated_Source\PSoC4/Bluetooth_eventHandler.c **** 
 959:Generated_Source\PSoC4/Bluetooth_eventHandler.c **** 
 960:Generated_Source\PSoC4/Bluetooth_eventHandler.c **** /******************************************************************************    
 961:Generated_Source\PSoC4/Bluetooth_eventHandler.c **** * Function Name: CyBle_IndicationEventHandler
 962:Generated_Source\PSoC4/Bluetooth_eventHandler.c **** ***************************************************************************//**
 963:Generated_Source\PSoC4/Bluetooth_eventHandler.c **** * 
 964:Generated_Source\PSoC4/Bluetooth_eventHandler.c **** *  Handles the Indication event from BLE stack.
 965:Generated_Source\PSoC4/Bluetooth_eventHandler.c **** * 
 966:Generated_Source\PSoC4/Bluetooth_eventHandler.c **** *  \param eventParam: event parameter
 967:Generated_Source\PSoC4/Bluetooth_eventHandler.c **** * 
 968:Generated_Source\PSoC4/Bluetooth_eventHandler.c **** * \return
 969:Generated_Source\PSoC4/Bluetooth_eventHandler.c **** *  None
 970:Generated_Source\PSoC4/Bluetooth_eventHandler.c **** * 
 971:Generated_Source\PSoC4/Bluetooth_eventHandler.c **** ******************************************************************************/
 972:Generated_Source\PSoC4/Bluetooth_eventHandler.c **** static void CyBle_IndicationEventHandler(CYBLE_GATTC_HANDLE_VALUE_IND_PARAM_T *eventParam)
 973:Generated_Source\PSoC4/Bluetooth_eventHandler.c **** {
 974:Generated_Source\PSoC4/Bluetooth_eventHandler.c **** #ifdef CYBLE_AIOS_CLIENT
 975:Generated_Source\PSoC4/Bluetooth_eventHandler.c ****     if((cyBle_eventHandlerFlag & CYBLE_CALLBACK) != 0u)
 976:Generated_Source\PSoC4/Bluetooth_eventHandler.c ****     {
 977:Generated_Source\PSoC4/Bluetooth_eventHandler.c ****         CyBle_AioscIndicationEventHandler(eventParam);
 978:Generated_Source\PSoC4/Bluetooth_eventHandler.c ****     }
 979:Generated_Source\PSoC4/Bluetooth_eventHandler.c **** #endif /* CYBLE_AIOS_CLIENT */
 980:Generated_Source\PSoC4/Bluetooth_eventHandler.c **** #ifdef CYBLE_BCS_CLIENT
 981:Generated_Source\PSoC4/Bluetooth_eventHandler.c ****     if((cyBle_eventHandlerFlag & CYBLE_CALLBACK) != 0u)
 982:Generated_Source\PSoC4/Bluetooth_eventHandler.c ****     {
 983:Generated_Source\PSoC4/Bluetooth_eventHandler.c ****         CyBle_BcscIndicationEventHandler(eventParam);
 984:Generated_Source\PSoC4/Bluetooth_eventHandler.c ****     }
 985:Generated_Source\PSoC4/Bluetooth_eventHandler.c **** #endif /* CYBLE_BCS_CLIENT */
 986:Generated_Source\PSoC4/Bluetooth_eventHandler.c **** #ifdef CYBLE_BLS_CLIENT
 987:Generated_Source\PSoC4/Bluetooth_eventHandler.c ****     if((cyBle_eventHandlerFlag & CYBLE_CALLBACK) != 0u)
 988:Generated_Source\PSoC4/Bluetooth_eventHandler.c ****     {
 989:Generated_Source\PSoC4/Bluetooth_eventHandler.c ****         CyBle_BlscIndicationEventHandler(eventParam);
 990:Generated_Source\PSoC4/Bluetooth_eventHandler.c ****     }
 991:Generated_Source\PSoC4/Bluetooth_eventHandler.c **** #endif /* CYBLE_BLS_CLIENT */
 992:Generated_Source\PSoC4/Bluetooth_eventHandler.c **** #ifdef CYBLE_CGMS_CLIENT
 993:Generated_Source\PSoC4/Bluetooth_eventHandler.c ****     if((cyBle_eventHandlerFlag & CYBLE_CALLBACK) != 0u)
 994:Generated_Source\PSoC4/Bluetooth_eventHandler.c ****     {
 995:Generated_Source\PSoC4/Bluetooth_eventHandler.c ****         CyBle_CgmscIndicationEventHandler(eventParam);
 996:Generated_Source\PSoC4/Bluetooth_eventHandler.c ****     }
 997:Generated_Source\PSoC4/Bluetooth_eventHandler.c **** #endif /* CYBLE_CGMS_CLIENT */
 998:Generated_Source\PSoC4/Bluetooth_eventHandler.c **** #ifdef CYBLE_CPS_CLIENT
 999:Generated_Source\PSoC4/Bluetooth_eventHandler.c ****     if((cyBle_eventHandlerFlag & CYBLE_CALLBACK) != 0u)
1000:Generated_Source\PSoC4/Bluetooth_eventHandler.c ****     {
ARM GAS  C:\Users\ARTEM\AppData\Local\Temp\cclhTYy7.s 			page 19


1001:Generated_Source\PSoC4/Bluetooth_eventHandler.c ****         CyBle_CpscIndicationEventHandler(eventParam);
1002:Generated_Source\PSoC4/Bluetooth_eventHandler.c ****     }
1003:Generated_Source\PSoC4/Bluetooth_eventHandler.c **** #endif /* CYBLE_CPS_CLIENT */
1004:Generated_Source\PSoC4/Bluetooth_eventHandler.c **** #ifdef CYBLE_CSCS_CLIENT
1005:Generated_Source\PSoC4/Bluetooth_eventHandler.c ****     if((cyBle_eventHandlerFlag & CYBLE_CALLBACK) != 0u)
1006:Generated_Source\PSoC4/Bluetooth_eventHandler.c ****     {
1007:Generated_Source\PSoC4/Bluetooth_eventHandler.c ****         CyBle_CscscIndicationEventHandler(eventParam);
1008:Generated_Source\PSoC4/Bluetooth_eventHandler.c ****     }
1009:Generated_Source\PSoC4/Bluetooth_eventHandler.c **** #endif /* CYBLE_CSCS_CLIENT */
1010:Generated_Source\PSoC4/Bluetooth_eventHandler.c **** #ifdef CYBLE_ESS_CLIENT
1011:Generated_Source\PSoC4/Bluetooth_eventHandler.c ****     if((cyBle_eventHandlerFlag & CYBLE_CALLBACK) != 0u)
1012:Generated_Source\PSoC4/Bluetooth_eventHandler.c ****     {
1013:Generated_Source\PSoC4/Bluetooth_eventHandler.c ****         CyBle_EsscIndicationEventHandler(eventParam);
1014:Generated_Source\PSoC4/Bluetooth_eventHandler.c ****     }
1015:Generated_Source\PSoC4/Bluetooth_eventHandler.c **** #endif /* CYBLE_ESS_CLIENT */
1016:Generated_Source\PSoC4/Bluetooth_eventHandler.c **** #ifdef CYBLE_GLS_CLIENT
1017:Generated_Source\PSoC4/Bluetooth_eventHandler.c ****     if((cyBle_eventHandlerFlag & CYBLE_CALLBACK) != 0u)
1018:Generated_Source\PSoC4/Bluetooth_eventHandler.c ****     {
1019:Generated_Source\PSoC4/Bluetooth_eventHandler.c ****         CyBle_GlscIndicationEventHandler(eventParam);
1020:Generated_Source\PSoC4/Bluetooth_eventHandler.c ****     }
1021:Generated_Source\PSoC4/Bluetooth_eventHandler.c **** #endif /* CYBLE_GLS_CLIENT */
1022:Generated_Source\PSoC4/Bluetooth_eventHandler.c **** #ifdef CYBLE_HTS_CLIENT
1023:Generated_Source\PSoC4/Bluetooth_eventHandler.c ****     if((cyBle_eventHandlerFlag & CYBLE_CALLBACK) != 0u)
1024:Generated_Source\PSoC4/Bluetooth_eventHandler.c ****     {
1025:Generated_Source\PSoC4/Bluetooth_eventHandler.c ****         CyBle_HtscIndicationEventHandler(eventParam);
1026:Generated_Source\PSoC4/Bluetooth_eventHandler.c ****     }
1027:Generated_Source\PSoC4/Bluetooth_eventHandler.c **** #endif /* CYBLE_HTS_CLIENT */
1028:Generated_Source\PSoC4/Bluetooth_eventHandler.c **** #ifdef CYBLE_LNS_CLIENT
1029:Generated_Source\PSoC4/Bluetooth_eventHandler.c ****     if((cyBle_eventHandlerFlag & CYBLE_CALLBACK) != 0u)
1030:Generated_Source\PSoC4/Bluetooth_eventHandler.c ****     {
1031:Generated_Source\PSoC4/Bluetooth_eventHandler.c ****         CyBle_LnscIndicationEventHandler(eventParam);
1032:Generated_Source\PSoC4/Bluetooth_eventHandler.c ****     }
1033:Generated_Source\PSoC4/Bluetooth_eventHandler.c **** #endif /* CYBLE_LNS_CLIENT */
1034:Generated_Source\PSoC4/Bluetooth_eventHandler.c **** #ifdef CYBLE_OTS_CLIENT
1035:Generated_Source\PSoC4/Bluetooth_eventHandler.c ****     if((cyBle_eventHandlerFlag & CYBLE_CALLBACK) != 0u)
1036:Generated_Source\PSoC4/Bluetooth_eventHandler.c ****     {
1037:Generated_Source\PSoC4/Bluetooth_eventHandler.c ****         CyBle_OtscIndicationEventHandler(eventParam);
1038:Generated_Source\PSoC4/Bluetooth_eventHandler.c ****     }
1039:Generated_Source\PSoC4/Bluetooth_eventHandler.c **** #endif /* CYBLE_OTS_CLIENT */
1040:Generated_Source\PSoC4/Bluetooth_eventHandler.c **** #ifdef CYBLE_PLXS_CLIENT
1041:Generated_Source\PSoC4/Bluetooth_eventHandler.c ****     if((cyBle_eventHandlerFlag & CYBLE_CALLBACK) != 0u)
1042:Generated_Source\PSoC4/Bluetooth_eventHandler.c ****     {
1043:Generated_Source\PSoC4/Bluetooth_eventHandler.c ****         CyBle_PlxscIndicationEventHandler(eventParam);
1044:Generated_Source\PSoC4/Bluetooth_eventHandler.c ****     }
1045:Generated_Source\PSoC4/Bluetooth_eventHandler.c **** #endif /* CYBLE_PLXS_CLIENT */
1046:Generated_Source\PSoC4/Bluetooth_eventHandler.c **** #ifdef CYBLE_RSCS_CLIENT
1047:Generated_Source\PSoC4/Bluetooth_eventHandler.c ****     if((cyBle_eventHandlerFlag & CYBLE_CALLBACK) != 0u)
1048:Generated_Source\PSoC4/Bluetooth_eventHandler.c ****     {
1049:Generated_Source\PSoC4/Bluetooth_eventHandler.c ****         CyBle_RscscIndicationEventHandler(eventParam);
1050:Generated_Source\PSoC4/Bluetooth_eventHandler.c ****     }
1051:Generated_Source\PSoC4/Bluetooth_eventHandler.c **** #endif /* CYBLE_RSCS_CLIENT */
1052:Generated_Source\PSoC4/Bluetooth_eventHandler.c **** #ifdef CYBLE_UDS_CLIENT
1053:Generated_Source\PSoC4/Bluetooth_eventHandler.c ****     if((cyBle_eventHandlerFlag & CYBLE_CALLBACK) != 0u)
1054:Generated_Source\PSoC4/Bluetooth_eventHandler.c ****     {
1055:Generated_Source\PSoC4/Bluetooth_eventHandler.c ****         CyBle_UdscIndicationEventHandler(eventParam);
1056:Generated_Source\PSoC4/Bluetooth_eventHandler.c ****     }
1057:Generated_Source\PSoC4/Bluetooth_eventHandler.c **** #endif /* CYBLE_UDS_CLIENT */
ARM GAS  C:\Users\ARTEM\AppData\Local\Temp\cclhTYy7.s 			page 20


1058:Generated_Source\PSoC4/Bluetooth_eventHandler.c **** #ifdef CYBLE_WPTS_CLIENT
1059:Generated_Source\PSoC4/Bluetooth_eventHandler.c ****     if((cyBle_eventHandlerFlag & CYBLE_CALLBACK) != 0u)
1060:Generated_Source\PSoC4/Bluetooth_eventHandler.c ****     {
1061:Generated_Source\PSoC4/Bluetooth_eventHandler.c ****         CyBle_WptscIndicationEventHandler(eventParam);
1062:Generated_Source\PSoC4/Bluetooth_eventHandler.c ****     }
1063:Generated_Source\PSoC4/Bluetooth_eventHandler.c **** #endif /* CYBLE_WPTS_CLIENT */
1064:Generated_Source\PSoC4/Bluetooth_eventHandler.c **** #ifdef CYBLE_WSS_CLIENT
1065:Generated_Source\PSoC4/Bluetooth_eventHandler.c ****     if((cyBle_eventHandlerFlag & CYBLE_CALLBACK) != 0u)
1066:Generated_Source\PSoC4/Bluetooth_eventHandler.c ****     {
1067:Generated_Source\PSoC4/Bluetooth_eventHandler.c ****         CyBle_WsscIndicationEventHandler(eventParam);
1068:Generated_Source\PSoC4/Bluetooth_eventHandler.c ****     }
1069:Generated_Source\PSoC4/Bluetooth_eventHandler.c **** #endif /* CYBLE_WSS_CLIENT */
1070:Generated_Source\PSoC4/Bluetooth_eventHandler.c **** }
1071:Generated_Source\PSoC4/Bluetooth_eventHandler.c **** 
1072:Generated_Source\PSoC4/Bluetooth_eventHandler.c **** /******************************************************************************    
1073:Generated_Source\PSoC4/Bluetooth_eventHandler.c **** * Function Name: CyBle_ReadResponseEventHandler
1074:Generated_Source\PSoC4/Bluetooth_eventHandler.c **** ***************************************************************************//**
1075:Generated_Source\PSoC4/Bluetooth_eventHandler.c **** * 
1076:Generated_Source\PSoC4/Bluetooth_eventHandler.c **** *  Handles the Read Response event from BLE stack.
1077:Generated_Source\PSoC4/Bluetooth_eventHandler.c **** * 
1078:Generated_Source\PSoC4/Bluetooth_eventHandler.c **** *  \param eventParam: event parameter
1079:Generated_Source\PSoC4/Bluetooth_eventHandler.c **** * 
1080:Generated_Source\PSoC4/Bluetooth_eventHandler.c **** * \return
1081:Generated_Source\PSoC4/Bluetooth_eventHandler.c **** *  None
1082:Generated_Source\PSoC4/Bluetooth_eventHandler.c **** * 
1083:Generated_Source\PSoC4/Bluetooth_eventHandler.c **** ******************************************************************************/
1084:Generated_Source\PSoC4/Bluetooth_eventHandler.c **** static void CyBle_ReadResponseEventHandler(CYBLE_GATTC_READ_RSP_PARAM_T *eventParam)
1085:Generated_Source\PSoC4/Bluetooth_eventHandler.c **** {
1086:Generated_Source\PSoC4/Bluetooth_eventHandler.c **** #ifdef CYBLE_CUSTOM_CLIENT
1087:Generated_Source\PSoC4/Bluetooth_eventHandler.c ****     /* Read response with 128-bit included service uuid */
1088:Generated_Source\PSoC4/Bluetooth_eventHandler.c ****     if((CyBle_GetClientState() == CYBLE_CLIENT_STATE_INCL_DISCOVERING) &&
1089:Generated_Source\PSoC4/Bluetooth_eventHandler.c ****        (cyBle_discInclInfo.inclDefHandle != 0u))
1090:Generated_Source\PSoC4/Bluetooth_eventHandler.c ****     {
1091:Generated_Source\PSoC4/Bluetooth_eventHandler.c ****         CYBLE_DISC_SRVC128_INFO_T discServInfo;
1092:Generated_Source\PSoC4/Bluetooth_eventHandler.c **** 
1093:Generated_Source\PSoC4/Bluetooth_eventHandler.c ****         /* Store service range */
1094:Generated_Source\PSoC4/Bluetooth_eventHandler.c ****         discServInfo.range = cyBle_discInclInfo.inclHandleRange;
1095:Generated_Source\PSoC4/Bluetooth_eventHandler.c ****         (void)memcpy((void *) discServInfo.uuid.uuid128.value, (void *)eventParam->value.val, event
1096:Generated_Source\PSoC4/Bluetooth_eventHandler.c ****         CyBle_CustomcDiscoverServiceEventHandler(&discServInfo);
1097:Generated_Source\PSoC4/Bluetooth_eventHandler.c ****         
1098:Generated_Source\PSoC4/Bluetooth_eventHandler.c ****         /* Re-initiate CyBle_GattcFindIncludedServices function, setting the start
1099:Generated_Source\PSoC4/Bluetooth_eventHandler.c ****            handle to the attribute handle which is placed next to the one used in
1100:Generated_Source\PSoC4/Bluetooth_eventHandler.c ****            the above step.
1101:Generated_Source\PSoC4/Bluetooth_eventHandler.c ****         */
1102:Generated_Source\PSoC4/Bluetooth_eventHandler.c ****         discServInfo.range.startHandle = cyBle_discInclInfo.inclDefHandle + 1u;
1103:Generated_Source\PSoC4/Bluetooth_eventHandler.c ****         discServInfo.range.endHandle = cyBle_serverInfo[cyBle_disCount].range.endHandle;
1104:Generated_Source\PSoC4/Bluetooth_eventHandler.c ****         if(discServInfo.range.startHandle <= discServInfo.range.endHandle)
1105:Generated_Source\PSoC4/Bluetooth_eventHandler.c ****         {
1106:Generated_Source\PSoC4/Bluetooth_eventHandler.c ****             if(CYBLE_ERROR_OK != CyBle_GattcFindIncludedServices(cyBle_connHandle, &discServInfo.ra
1107:Generated_Source\PSoC4/Bluetooth_eventHandler.c ****             {
1108:Generated_Source\PSoC4/Bluetooth_eventHandler.c ****                 CyBle_ApplCallback(CYBLE_EVT_GATTC_INCL_DISCOVERY_FAILED, NULL);
1109:Generated_Source\PSoC4/Bluetooth_eventHandler.c ****                 cyBle_eventHandlerFlag &= (uint8)~CYBLE_AUTO_DISCOVERY;
1110:Generated_Source\PSoC4/Bluetooth_eventHandler.c ****             }
1111:Generated_Source\PSoC4/Bluetooth_eventHandler.c ****         }
1112:Generated_Source\PSoC4/Bluetooth_eventHandler.c ****         else /* Continue discovery of the following service */
1113:Generated_Source\PSoC4/Bluetooth_eventHandler.c ****         {
1114:Generated_Source\PSoC4/Bluetooth_eventHandler.c ****             CyBle_NextInclDiscovery(CYBLE_DISCOVERY_CONTINUE);
ARM GAS  C:\Users\ARTEM\AppData\Local\Temp\cclhTYy7.s 			page 21


1115:Generated_Source\PSoC4/Bluetooth_eventHandler.c ****         }
1116:Generated_Source\PSoC4/Bluetooth_eventHandler.c ****         
1117:Generated_Source\PSoC4/Bluetooth_eventHandler.c ****         cyBle_eventHandlerFlag &= (uint8)~CYBLE_CALLBACK;
1118:Generated_Source\PSoC4/Bluetooth_eventHandler.c ****     #ifdef CYBLE_CUSTOM_CLIENT
1119:Generated_Source\PSoC4/Bluetooth_eventHandler.c ****         cyBle_discInclInfo.inclDefHandle = 0u;
1120:Generated_Source\PSoC4/Bluetooth_eventHandler.c ****     #endif /* CYBLE_CUSTOM_CLIENT */
1121:Generated_Source\PSoC4/Bluetooth_eventHandler.c ****     }
1122:Generated_Source\PSoC4/Bluetooth_eventHandler.c **** #endif /* CYBLE_CUSTOM_CLIENT */
1123:Generated_Source\PSoC4/Bluetooth_eventHandler.c **** #ifdef CYBLE_AIOS_CLIENT
1124:Generated_Source\PSoC4/Bluetooth_eventHandler.c ****     if((cyBle_eventHandlerFlag & CYBLE_CALLBACK) != 0u)
1125:Generated_Source\PSoC4/Bluetooth_eventHandler.c ****     {
1126:Generated_Source\PSoC4/Bluetooth_eventHandler.c ****         CyBle_AioscReadResponseEventHandler(eventParam);
1127:Generated_Source\PSoC4/Bluetooth_eventHandler.c ****     }
1128:Generated_Source\PSoC4/Bluetooth_eventHandler.c **** #endif /* CYBLE_AIOS_CLIENT */
1129:Generated_Source\PSoC4/Bluetooth_eventHandler.c **** #ifdef CYBLE_ANCS_CLIENT
1130:Generated_Source\PSoC4/Bluetooth_eventHandler.c ****     if((cyBle_eventHandlerFlag & CYBLE_CALLBACK) != 0u)
1131:Generated_Source\PSoC4/Bluetooth_eventHandler.c ****     {
1132:Generated_Source\PSoC4/Bluetooth_eventHandler.c ****         CyBle_AncscReadResponseEventHandler(eventParam);
1133:Generated_Source\PSoC4/Bluetooth_eventHandler.c ****     }
1134:Generated_Source\PSoC4/Bluetooth_eventHandler.c **** #endif /* CYBLE_ANCS_CLIENT */
1135:Generated_Source\PSoC4/Bluetooth_eventHandler.c **** #ifdef CYBLE_ANS_CLIENT
1136:Generated_Source\PSoC4/Bluetooth_eventHandler.c ****     if((cyBle_eventHandlerFlag & CYBLE_CALLBACK) != 0u)
1137:Generated_Source\PSoC4/Bluetooth_eventHandler.c ****     {
1138:Generated_Source\PSoC4/Bluetooth_eventHandler.c ****         CyBle_AnscReadResponseEventHandler(eventParam);
1139:Generated_Source\PSoC4/Bluetooth_eventHandler.c ****     }
1140:Generated_Source\PSoC4/Bluetooth_eventHandler.c **** #endif /* CYBLE_ANS_CLIENT */
1141:Generated_Source\PSoC4/Bluetooth_eventHandler.c **** #ifdef CYBLE_BAS_CLIENT
1142:Generated_Source\PSoC4/Bluetooth_eventHandler.c ****     if((cyBle_eventHandlerFlag & CYBLE_CALLBACK) != 0u)
1143:Generated_Source\PSoC4/Bluetooth_eventHandler.c ****     {
1144:Generated_Source\PSoC4/Bluetooth_eventHandler.c ****         CyBle_BascReadResponseEventHandler(eventParam);
1145:Generated_Source\PSoC4/Bluetooth_eventHandler.c ****     }
1146:Generated_Source\PSoC4/Bluetooth_eventHandler.c **** #endif /* CYBLE_BAS_CLIENT */
1147:Generated_Source\PSoC4/Bluetooth_eventHandler.c **** #ifdef CYBLE_BLS_CLIENT
1148:Generated_Source\PSoC4/Bluetooth_eventHandler.c ****     if((cyBle_eventHandlerFlag & CYBLE_CALLBACK) != 0u)
1149:Generated_Source\PSoC4/Bluetooth_eventHandler.c ****     {
1150:Generated_Source\PSoC4/Bluetooth_eventHandler.c ****         CyBle_BlscReadResponseEventHandler(eventParam);
1151:Generated_Source\PSoC4/Bluetooth_eventHandler.c ****     }
1152:Generated_Source\PSoC4/Bluetooth_eventHandler.c **** #endif /* CYBLE_BLS_CLIENT */
1153:Generated_Source\PSoC4/Bluetooth_eventHandler.c **** #ifdef CYBLE_BCS_CLIENT
1154:Generated_Source\PSoC4/Bluetooth_eventHandler.c ****     if((cyBle_eventHandlerFlag & CYBLE_CALLBACK) != 0u)
1155:Generated_Source\PSoC4/Bluetooth_eventHandler.c ****     {
1156:Generated_Source\PSoC4/Bluetooth_eventHandler.c ****         CyBle_BcscReadResponseEventHandler(eventParam);
1157:Generated_Source\PSoC4/Bluetooth_eventHandler.c ****     }
1158:Generated_Source\PSoC4/Bluetooth_eventHandler.c **** #endif /* CYBLE_BCS_CLIENT */
1159:Generated_Source\PSoC4/Bluetooth_eventHandler.c **** #ifdef CYBLE_BMS_CLIENT
1160:Generated_Source\PSoC4/Bluetooth_eventHandler.c ****     if((cyBle_eventHandlerFlag & CYBLE_CALLBACK) != 0u)
1161:Generated_Source\PSoC4/Bluetooth_eventHandler.c ****     {
1162:Generated_Source\PSoC4/Bluetooth_eventHandler.c ****         CyBle_BmscReadResponseEventHandler(eventParam);
1163:Generated_Source\PSoC4/Bluetooth_eventHandler.c ****     }
1164:Generated_Source\PSoC4/Bluetooth_eventHandler.c **** #endif /* CYBLE_BMS_CLIENT */
1165:Generated_Source\PSoC4/Bluetooth_eventHandler.c **** #ifdef CYBLE_CGMS_CLIENT
1166:Generated_Source\PSoC4/Bluetooth_eventHandler.c ****     if((cyBle_eventHandlerFlag & CYBLE_CALLBACK) != 0u)
1167:Generated_Source\PSoC4/Bluetooth_eventHandler.c ****     {
1168:Generated_Source\PSoC4/Bluetooth_eventHandler.c ****         CyBle_CgmscReadResponseEventHandler(eventParam);
1169:Generated_Source\PSoC4/Bluetooth_eventHandler.c ****     }
1170:Generated_Source\PSoC4/Bluetooth_eventHandler.c **** #endif /* CYBLE_CGMS_CLIENT */
1171:Generated_Source\PSoC4/Bluetooth_eventHandler.c **** #ifdef CYBLE_CPS_CLIENT
ARM GAS  C:\Users\ARTEM\AppData\Local\Temp\cclhTYy7.s 			page 22


1172:Generated_Source\PSoC4/Bluetooth_eventHandler.c ****     if((cyBle_eventHandlerFlag & CYBLE_CALLBACK) != 0u)
1173:Generated_Source\PSoC4/Bluetooth_eventHandler.c ****     {
1174:Generated_Source\PSoC4/Bluetooth_eventHandler.c ****         CyBle_CpscReadResponseEventHandler(eventParam);
1175:Generated_Source\PSoC4/Bluetooth_eventHandler.c ****     }
1176:Generated_Source\PSoC4/Bluetooth_eventHandler.c **** #endif /* CYBLE_CPS_CLIENT */
1177:Generated_Source\PSoC4/Bluetooth_eventHandler.c **** #ifdef CYBLE_CSCS_CLIENT
1178:Generated_Source\PSoC4/Bluetooth_eventHandler.c ****     if((cyBle_eventHandlerFlag & CYBLE_CALLBACK) != 0u)
1179:Generated_Source\PSoC4/Bluetooth_eventHandler.c ****     {
1180:Generated_Source\PSoC4/Bluetooth_eventHandler.c ****         CyBle_CscscReadResponseEventHandler(eventParam);
1181:Generated_Source\PSoC4/Bluetooth_eventHandler.c ****     }
1182:Generated_Source\PSoC4/Bluetooth_eventHandler.c **** #endif /* CYBLE_CSCS_CLIENT */
1183:Generated_Source\PSoC4/Bluetooth_eventHandler.c **** #ifdef CYBLE_CTS_CLIENT
1184:Generated_Source\PSoC4/Bluetooth_eventHandler.c ****     if((cyBle_eventHandlerFlag & CYBLE_CALLBACK) != 0u)
1185:Generated_Source\PSoC4/Bluetooth_eventHandler.c ****     {
1186:Generated_Source\PSoC4/Bluetooth_eventHandler.c ****         CyBle_CtscReadResponseEventHandler(eventParam);
1187:Generated_Source\PSoC4/Bluetooth_eventHandler.c ****     }
1188:Generated_Source\PSoC4/Bluetooth_eventHandler.c **** #endif /* CYBLE_BAS_CLIENT */
1189:Generated_Source\PSoC4/Bluetooth_eventHandler.c **** #ifdef CYBLE_DIS_CLIENT
1190:Generated_Source\PSoC4/Bluetooth_eventHandler.c ****     if((cyBle_eventHandlerFlag & CYBLE_CALLBACK) != 0u)
1191:Generated_Source\PSoC4/Bluetooth_eventHandler.c ****     {
1192:Generated_Source\PSoC4/Bluetooth_eventHandler.c ****         CyBle_DiscReadResponseEventHandler(eventParam);
1193:Generated_Source\PSoC4/Bluetooth_eventHandler.c ****     }
1194:Generated_Source\PSoC4/Bluetooth_eventHandler.c **** #endif /* CYBLE_DIS_CLIENT */
1195:Generated_Source\PSoC4/Bluetooth_eventHandler.c **** #ifdef CYBLE_ESS_CLIENT
1196:Generated_Source\PSoC4/Bluetooth_eventHandler.c ****     if((cyBle_eventHandlerFlag & CYBLE_CALLBACK) != 0u)
1197:Generated_Source\PSoC4/Bluetooth_eventHandler.c ****     {
1198:Generated_Source\PSoC4/Bluetooth_eventHandler.c ****         CyBle_EsscReadResponseEventHandler(eventParam);
1199:Generated_Source\PSoC4/Bluetooth_eventHandler.c ****     }
1200:Generated_Source\PSoC4/Bluetooth_eventHandler.c **** #endif /* CYBLE_ESS_CLIENT */
1201:Generated_Source\PSoC4/Bluetooth_eventHandler.c **** #ifdef CYBLE_GLS_CLIENT
1202:Generated_Source\PSoC4/Bluetooth_eventHandler.c ****     if((cyBle_eventHandlerFlag & CYBLE_CALLBACK) != 0u)
1203:Generated_Source\PSoC4/Bluetooth_eventHandler.c ****     {
1204:Generated_Source\PSoC4/Bluetooth_eventHandler.c ****         CyBle_GlscReadResponseEventHandler(eventParam);
1205:Generated_Source\PSoC4/Bluetooth_eventHandler.c ****     }
1206:Generated_Source\PSoC4/Bluetooth_eventHandler.c **** #endif /* CYBLE_GLS_CLIENT */
1207:Generated_Source\PSoC4/Bluetooth_eventHandler.c **** #ifdef CYBLE_HIDS_CLIENT
1208:Generated_Source\PSoC4/Bluetooth_eventHandler.c ****     if((cyBle_eventHandlerFlag & CYBLE_CALLBACK) != 0u)
1209:Generated_Source\PSoC4/Bluetooth_eventHandler.c ****     {
1210:Generated_Source\PSoC4/Bluetooth_eventHandler.c ****         CyBle_HidscReadResponseEventHandler(eventParam);
1211:Generated_Source\PSoC4/Bluetooth_eventHandler.c ****     }
1212:Generated_Source\PSoC4/Bluetooth_eventHandler.c **** #endif /* CYBLE_HIDS_CLIENT */
1213:Generated_Source\PSoC4/Bluetooth_eventHandler.c **** #ifdef CYBLE_HPS_CLIENT
1214:Generated_Source\PSoC4/Bluetooth_eventHandler.c ****     if((cyBle_eventHandlerFlag & CYBLE_CALLBACK) != 0u)
1215:Generated_Source\PSoC4/Bluetooth_eventHandler.c ****     {
1216:Generated_Source\PSoC4/Bluetooth_eventHandler.c ****         CyBle_HpscReadResponseEventHandler(eventParam);
1217:Generated_Source\PSoC4/Bluetooth_eventHandler.c ****     }
1218:Generated_Source\PSoC4/Bluetooth_eventHandler.c **** #endif /* CYBLE_HPS_CLIENT */
1219:Generated_Source\PSoC4/Bluetooth_eventHandler.c **** #ifdef CYBLE_HRS_CLIENT
1220:Generated_Source\PSoC4/Bluetooth_eventHandler.c ****     if((cyBle_eventHandlerFlag & CYBLE_CALLBACK) != 0u)
1221:Generated_Source\PSoC4/Bluetooth_eventHandler.c ****     {
1222:Generated_Source\PSoC4/Bluetooth_eventHandler.c ****         CyBle_HrscReadResponseEventHandler(eventParam);
1223:Generated_Source\PSoC4/Bluetooth_eventHandler.c ****     }
1224:Generated_Source\PSoC4/Bluetooth_eventHandler.c **** #endif /* CYBLE_HRS_CLIENT */
1225:Generated_Source\PSoC4/Bluetooth_eventHandler.c **** #ifdef CYBLE_HTS_CLIENT
1226:Generated_Source\PSoC4/Bluetooth_eventHandler.c ****     if((cyBle_eventHandlerFlag & CYBLE_CALLBACK) != 0u)
1227:Generated_Source\PSoC4/Bluetooth_eventHandler.c ****     {
1228:Generated_Source\PSoC4/Bluetooth_eventHandler.c ****         CyBle_HtscReadResponseEventHandler(eventParam);
ARM GAS  C:\Users\ARTEM\AppData\Local\Temp\cclhTYy7.s 			page 23


1229:Generated_Source\PSoC4/Bluetooth_eventHandler.c ****     }
1230:Generated_Source\PSoC4/Bluetooth_eventHandler.c **** #endif /* CYBLE_HTS_CLIENT */
1231:Generated_Source\PSoC4/Bluetooth_eventHandler.c **** #ifdef CYBLE_IPS_CLIENT
1232:Generated_Source\PSoC4/Bluetooth_eventHandler.c ****     if((cyBle_eventHandlerFlag & CYBLE_CALLBACK) != 0u)
1233:Generated_Source\PSoC4/Bluetooth_eventHandler.c ****     {
1234:Generated_Source\PSoC4/Bluetooth_eventHandler.c ****         CyBle_IpscReadResponseEventHandler(eventParam);
1235:Generated_Source\PSoC4/Bluetooth_eventHandler.c ****     }
1236:Generated_Source\PSoC4/Bluetooth_eventHandler.c **** #endif /* CYBLE_IPS_CLIENT */
1237:Generated_Source\PSoC4/Bluetooth_eventHandler.c **** #ifdef CYBLE_LLS_CLIENT
1238:Generated_Source\PSoC4/Bluetooth_eventHandler.c ****     if((cyBle_eventHandlerFlag & CYBLE_CALLBACK) != 0u)
1239:Generated_Source\PSoC4/Bluetooth_eventHandler.c ****     {
1240:Generated_Source\PSoC4/Bluetooth_eventHandler.c ****         CyBle_LlscReadResponseEventHandler(eventParam);
1241:Generated_Source\PSoC4/Bluetooth_eventHandler.c ****     }
1242:Generated_Source\PSoC4/Bluetooth_eventHandler.c **** #endif /* CYBLE_LLS_CLIENT */
1243:Generated_Source\PSoC4/Bluetooth_eventHandler.c **** #ifdef CYBLE_LNS_CLIENT
1244:Generated_Source\PSoC4/Bluetooth_eventHandler.c ****     if((cyBle_eventHandlerFlag & CYBLE_CALLBACK) != 0u)
1245:Generated_Source\PSoC4/Bluetooth_eventHandler.c ****     {
1246:Generated_Source\PSoC4/Bluetooth_eventHandler.c ****         CyBle_LnscReadResponseEventHandler(eventParam);
1247:Generated_Source\PSoC4/Bluetooth_eventHandler.c ****     }
1248:Generated_Source\PSoC4/Bluetooth_eventHandler.c **** #endif /* CYBLE_LNS_CLIENT */
1249:Generated_Source\PSoC4/Bluetooth_eventHandler.c **** #ifdef CYBLE_NDCS_CLIENT
1250:Generated_Source\PSoC4/Bluetooth_eventHandler.c ****     if((cyBle_eventHandlerFlag & CYBLE_CALLBACK) != 0u)
1251:Generated_Source\PSoC4/Bluetooth_eventHandler.c ****     {
1252:Generated_Source\PSoC4/Bluetooth_eventHandler.c ****         CyBle_NdcscReadResponseEventHandler(eventParam);
1253:Generated_Source\PSoC4/Bluetooth_eventHandler.c ****     }
1254:Generated_Source\PSoC4/Bluetooth_eventHandler.c **** #endif /* CYBLE_NDCS_CLIENT */
1255:Generated_Source\PSoC4/Bluetooth_eventHandler.c **** #ifdef CYBLE_OTS_CLIENT
1256:Generated_Source\PSoC4/Bluetooth_eventHandler.c ****     if((cyBle_eventHandlerFlag & CYBLE_CALLBACK) != 0u)
1257:Generated_Source\PSoC4/Bluetooth_eventHandler.c ****     {
1258:Generated_Source\PSoC4/Bluetooth_eventHandler.c ****         CyBle_OtscReadResponseEventHandler(eventParam);
1259:Generated_Source\PSoC4/Bluetooth_eventHandler.c ****     }
1260:Generated_Source\PSoC4/Bluetooth_eventHandler.c **** #endif /* CYBLE_OTS_CLIENT */
1261:Generated_Source\PSoC4/Bluetooth_eventHandler.c **** #ifdef CYBLE_PASS_CLIENT
1262:Generated_Source\PSoC4/Bluetooth_eventHandler.c ****     if((cyBle_eventHandlerFlag & CYBLE_CALLBACK) != 0u)
1263:Generated_Source\PSoC4/Bluetooth_eventHandler.c ****     {
1264:Generated_Source\PSoC4/Bluetooth_eventHandler.c ****         CyBle_PasscReadResponseEventHandler(eventParam);
1265:Generated_Source\PSoC4/Bluetooth_eventHandler.c ****     }
1266:Generated_Source\PSoC4/Bluetooth_eventHandler.c **** #endif /* CYBLE_PASS_CLIENT */
1267:Generated_Source\PSoC4/Bluetooth_eventHandler.c **** #ifdef CYBLE_PLXS_CLIENT
1268:Generated_Source\PSoC4/Bluetooth_eventHandler.c ****     if((cyBle_eventHandlerFlag & CYBLE_CALLBACK) != 0u)
1269:Generated_Source\PSoC4/Bluetooth_eventHandler.c ****     {
1270:Generated_Source\PSoC4/Bluetooth_eventHandler.c ****         CyBle_PlxscReadResponseEventHandler(eventParam);
1271:Generated_Source\PSoC4/Bluetooth_eventHandler.c ****     }
1272:Generated_Source\PSoC4/Bluetooth_eventHandler.c **** #endif /* CYBLE_PLXS_CLIENT */
1273:Generated_Source\PSoC4/Bluetooth_eventHandler.c **** #ifdef CYBLE_RSCS_CLIENT
1274:Generated_Source\PSoC4/Bluetooth_eventHandler.c ****     if((cyBle_eventHandlerFlag & CYBLE_CALLBACK) != 0u)
1275:Generated_Source\PSoC4/Bluetooth_eventHandler.c ****     {
1276:Generated_Source\PSoC4/Bluetooth_eventHandler.c ****         CyBle_RscscReadResponseEventHandler(eventParam);
1277:Generated_Source\PSoC4/Bluetooth_eventHandler.c ****     }
1278:Generated_Source\PSoC4/Bluetooth_eventHandler.c **** #endif /* CYBLE_RSCS_CLIENT */
1279:Generated_Source\PSoC4/Bluetooth_eventHandler.c **** #ifdef CYBLE_RTUS_CLIENT
1280:Generated_Source\PSoC4/Bluetooth_eventHandler.c ****     if((cyBle_eventHandlerFlag & CYBLE_CALLBACK) != 0u)
1281:Generated_Source\PSoC4/Bluetooth_eventHandler.c ****     {
1282:Generated_Source\PSoC4/Bluetooth_eventHandler.c ****         CyBle_RtuscReadResponseEventHandler(eventParam);
1283:Generated_Source\PSoC4/Bluetooth_eventHandler.c ****     }
1284:Generated_Source\PSoC4/Bluetooth_eventHandler.c **** #endif /* CYBLE_RTUS_CLIENT */
1285:Generated_Source\PSoC4/Bluetooth_eventHandler.c **** #ifdef CYBLE_SCPS_CLIENT
ARM GAS  C:\Users\ARTEM\AppData\Local\Temp\cclhTYy7.s 			page 24


1286:Generated_Source\PSoC4/Bluetooth_eventHandler.c ****     if((cyBle_eventHandlerFlag & CYBLE_CALLBACK) != 0u)
1287:Generated_Source\PSoC4/Bluetooth_eventHandler.c ****     {
1288:Generated_Source\PSoC4/Bluetooth_eventHandler.c ****         CyBle_ScpscReadResponseEventHandler(eventParam);
1289:Generated_Source\PSoC4/Bluetooth_eventHandler.c ****     }
1290:Generated_Source\PSoC4/Bluetooth_eventHandler.c **** #endif /* CYBLE_SCPS_CLIENT */
1291:Generated_Source\PSoC4/Bluetooth_eventHandler.c **** #ifdef CYBLE_TPS_CLIENT
1292:Generated_Source\PSoC4/Bluetooth_eventHandler.c ****     if((cyBle_eventHandlerFlag & CYBLE_CALLBACK) != 0u)
1293:Generated_Source\PSoC4/Bluetooth_eventHandler.c ****     {
1294:Generated_Source\PSoC4/Bluetooth_eventHandler.c ****         CyBle_TpscReadResponseEventHandler(eventParam);
1295:Generated_Source\PSoC4/Bluetooth_eventHandler.c ****     }
1296:Generated_Source\PSoC4/Bluetooth_eventHandler.c **** #endif /* CYBLE_TPS_CLIENT */
1297:Generated_Source\PSoC4/Bluetooth_eventHandler.c **** #ifdef CYBLE_UDS_CLIENT
1298:Generated_Source\PSoC4/Bluetooth_eventHandler.c ****     if((cyBle_eventHandlerFlag & CYBLE_CALLBACK) != 0u)
1299:Generated_Source\PSoC4/Bluetooth_eventHandler.c ****     {
1300:Generated_Source\PSoC4/Bluetooth_eventHandler.c ****         CyBle_UdscReadResponseEventHandler(eventParam);
1301:Generated_Source\PSoC4/Bluetooth_eventHandler.c ****     }
1302:Generated_Source\PSoC4/Bluetooth_eventHandler.c **** #endif /* CYBLE_UDS_CLIENT */
1303:Generated_Source\PSoC4/Bluetooth_eventHandler.c **** #ifdef CYBLE_WPTS_CLIENT
1304:Generated_Source\PSoC4/Bluetooth_eventHandler.c ****     if((cyBle_eventHandlerFlag & CYBLE_CALLBACK) != 0u)
1305:Generated_Source\PSoC4/Bluetooth_eventHandler.c ****     {
1306:Generated_Source\PSoC4/Bluetooth_eventHandler.c ****         CyBle_WptscReadResponseEventHandler(eventParam);
1307:Generated_Source\PSoC4/Bluetooth_eventHandler.c ****     }
1308:Generated_Source\PSoC4/Bluetooth_eventHandler.c **** #endif /* CYBLE_WPTS_CLIENT */
1309:Generated_Source\PSoC4/Bluetooth_eventHandler.c **** #ifdef CYBLE_WSS_CLIENT
1310:Generated_Source\PSoC4/Bluetooth_eventHandler.c ****     if((cyBle_eventHandlerFlag & CYBLE_CALLBACK) != 0u)
1311:Generated_Source\PSoC4/Bluetooth_eventHandler.c ****     {
1312:Generated_Source\PSoC4/Bluetooth_eventHandler.c ****         CyBle_WsscReadResponseEventHandler(eventParam);
1313:Generated_Source\PSoC4/Bluetooth_eventHandler.c ****     }
1314:Generated_Source\PSoC4/Bluetooth_eventHandler.c **** #endif /* CYBLE_WSS_CLIENT */
1315:Generated_Source\PSoC4/Bluetooth_eventHandler.c **** }
1316:Generated_Source\PSoC4/Bluetooth_eventHandler.c **** 
1317:Generated_Source\PSoC4/Bluetooth_eventHandler.c **** /******************************************************************************    
1318:Generated_Source\PSoC4/Bluetooth_eventHandler.c **** * Function Name: CyBle_ReadMultipleResponseEventHandler
1319:Generated_Source\PSoC4/Bluetooth_eventHandler.c **** ***************************************************************************//**
1320:Generated_Source\PSoC4/Bluetooth_eventHandler.c **** * 
1321:Generated_Source\PSoC4/Bluetooth_eventHandler.c **** *  Handles the Read Multiple Response event from BLE stack.
1322:Generated_Source\PSoC4/Bluetooth_eventHandler.c **** * 
1323:Generated_Source\PSoC4/Bluetooth_eventHandler.c **** *  \param eventParam: event parameter
1324:Generated_Source\PSoC4/Bluetooth_eventHandler.c **** * 
1325:Generated_Source\PSoC4/Bluetooth_eventHandler.c **** * \return
1326:Generated_Source\PSoC4/Bluetooth_eventHandler.c **** *  None
1327:Generated_Source\PSoC4/Bluetooth_eventHandler.c **** * 
1328:Generated_Source\PSoC4/Bluetooth_eventHandler.c **** ******************************************************************************/
1329:Generated_Source\PSoC4/Bluetooth_eventHandler.c **** static void CyBle_ReadMultipleResponseEventHandler(CYBLE_GATTC_READ_RSP_PARAM_T *eventParam)
1330:Generated_Source\PSoC4/Bluetooth_eventHandler.c **** {
1331:Generated_Source\PSoC4/Bluetooth_eventHandler.c **** #ifdef CYBLE_CUSTOM_CLIENT
1332:Generated_Source\PSoC4/Bluetooth_eventHandler.c ****     /* Read response with 128-bit included service uuid */
1333:Generated_Source\PSoC4/Bluetooth_eventHandler.c ****     if((CYBLE_CLIENT_STATE_INCL_DISCOVERING == CyBle_GetClientState()) &&
1334:Generated_Source\PSoC4/Bluetooth_eventHandler.c ****        (cyBle_discInclInfo.inclDefHandle != 0u))
1335:Generated_Source\PSoC4/Bluetooth_eventHandler.c ****     {
1336:Generated_Source\PSoC4/Bluetooth_eventHandler.c ****         CYBLE_DISC_SRVC128_INFO_T discServInfo;
1337:Generated_Source\PSoC4/Bluetooth_eventHandler.c **** 
1338:Generated_Source\PSoC4/Bluetooth_eventHandler.c ****         /* Store service range */
1339:Generated_Source\PSoC4/Bluetooth_eventHandler.c ****         discServInfo.range = cyBle_discInclInfo.inclHandleRange;
1340:Generated_Source\PSoC4/Bluetooth_eventHandler.c ****         (void)memcpy((void *) discServInfo.uuid.uuid128.value, (void *)eventParam->value.val, event
1341:Generated_Source\PSoC4/Bluetooth_eventHandler.c ****         CyBle_CustomcDiscoverServiceEventHandler(&discServInfo);
1342:Generated_Source\PSoC4/Bluetooth_eventHandler.c ****         
ARM GAS  C:\Users\ARTEM\AppData\Local\Temp\cclhTYy7.s 			page 25


1343:Generated_Source\PSoC4/Bluetooth_eventHandler.c ****         /* Re-initiate CyBle_GattcFindIncludedServices function, setting the start
1344:Generated_Source\PSoC4/Bluetooth_eventHandler.c ****            handle to the attribute handle which is placed next to the one used in
1345:Generated_Source\PSoC4/Bluetooth_eventHandler.c ****            the above step.
1346:Generated_Source\PSoC4/Bluetooth_eventHandler.c ****         */
1347:Generated_Source\PSoC4/Bluetooth_eventHandler.c ****         discServInfo.range.startHandle = cyBle_discInclInfo.inclDefHandle + 1;
1348:Generated_Source\PSoC4/Bluetooth_eventHandler.c ****         discServInfo.range.endHandle = cyBle_serverInfo[cyBle_disCount].range.endHandle;
1349:Generated_Source\PSoC4/Bluetooth_eventHandler.c ****         if(discServInfo.range.startHandle <= discServInfo.range.endHandle)
1350:Generated_Source\PSoC4/Bluetooth_eventHandler.c ****         {
1351:Generated_Source\PSoC4/Bluetooth_eventHandler.c ****             if(CYBLE_ERROR_OK != CyBle_GattcFindIncludedServices(cyBle_connHandle, &discServInfo.ra
1352:Generated_Source\PSoC4/Bluetooth_eventHandler.c ****             {
1353:Generated_Source\PSoC4/Bluetooth_eventHandler.c ****                 CyBle_ApplCallback(CYBLE_EVT_GATTC_INCL_DISCOVERY_FAILED, NULL);
1354:Generated_Source\PSoC4/Bluetooth_eventHandler.c ****                 cyBle_eventHandlerFlag &= (uint8)~CYBLE_AUTO_DISCOVERY;
1355:Generated_Source\PSoC4/Bluetooth_eventHandler.c ****             }
1356:Generated_Source\PSoC4/Bluetooth_eventHandler.c ****         }
1357:Generated_Source\PSoC4/Bluetooth_eventHandler.c ****         else /* Continue discovery of the following service */
1358:Generated_Source\PSoC4/Bluetooth_eventHandler.c ****         {
1359:Generated_Source\PSoC4/Bluetooth_eventHandler.c ****             CyBle_NextInclDiscovery(CYBLE_DISCOVERY_CONTINUE);
1360:Generated_Source\PSoC4/Bluetooth_eventHandler.c ****         }
1361:Generated_Source\PSoC4/Bluetooth_eventHandler.c ****         
1362:Generated_Source\PSoC4/Bluetooth_eventHandler.c ****         cyBle_eventHandlerFlag &= (uint8)~CYBLE_CALLBACK;
1363:Generated_Source\PSoC4/Bluetooth_eventHandler.c ****     #ifdef CYBLE_CUSTOM_CLIENT
1364:Generated_Source\PSoC4/Bluetooth_eventHandler.c ****         cyBle_discInclInfo.inclDefHandle = 0u;
1365:Generated_Source\PSoC4/Bluetooth_eventHandler.c ****     #endif /* CYBLE_CUSTOM_CLIENT */
1366:Generated_Source\PSoC4/Bluetooth_eventHandler.c ****     }
1367:Generated_Source\PSoC4/Bluetooth_eventHandler.c **** #endif /* CYBLE_CUSTOM_CLIENT */
1368:Generated_Source\PSoC4/Bluetooth_eventHandler.c **** #ifdef CYBLE_IPS_CLIENT
1369:Generated_Source\PSoC4/Bluetooth_eventHandler.c ****     if((cyBle_eventHandlerFlag & CYBLE_CALLBACK) != 0u)
1370:Generated_Source\PSoC4/Bluetooth_eventHandler.c ****     {
1371:Generated_Source\PSoC4/Bluetooth_eventHandler.c ****         CyBle_IpscReadMultipleResponseEventHandler(eventParam);
1372:Generated_Source\PSoC4/Bluetooth_eventHandler.c ****     }
1373:Generated_Source\PSoC4/Bluetooth_eventHandler.c **** #endif /* CYBLE_IPS_CLIENT */
1374:Generated_Source\PSoC4/Bluetooth_eventHandler.c ****     /* MISRA 16.7 violation workaround */
1375:Generated_Source\PSoC4/Bluetooth_eventHandler.c ****     eventParam = eventParam;
1376:Generated_Source\PSoC4/Bluetooth_eventHandler.c **** }
1377:Generated_Source\PSoC4/Bluetooth_eventHandler.c **** #endif /* CYBLE_GATT_ROLE_CLIENT */
1378:Generated_Source\PSoC4/Bluetooth_eventHandler.c **** 
1379:Generated_Source\PSoC4/Bluetooth_eventHandler.c **** 
1380:Generated_Source\PSoC4/Bluetooth_eventHandler.c **** /****************************************************************************** 
1381:Generated_Source\PSoC4/Bluetooth_eventHandler.c **** * Function Name: CyBle_DisconnectEventHandler
1382:Generated_Source\PSoC4/Bluetooth_eventHandler.c **** ***************************************************************************//**
1383:Generated_Source\PSoC4/Bluetooth_eventHandler.c **** * 
1384:Generated_Source\PSoC4/Bluetooth_eventHandler.c **** *  Handles the GATT Disconnection event from the BLE stack.
1385:Generated_Source\PSoC4/Bluetooth_eventHandler.c **** * 
1386:Generated_Source\PSoC4/Bluetooth_eventHandler.c **** * \return
1387:Generated_Source\PSoC4/Bluetooth_eventHandler.c **** *  None
1388:Generated_Source\PSoC4/Bluetooth_eventHandler.c **** * 
1389:Generated_Source\PSoC4/Bluetooth_eventHandler.c **** ******************************************************************************/
1390:Generated_Source\PSoC4/Bluetooth_eventHandler.c **** static void CyBle_GattDisconnectEventHandler(void)
1391:Generated_Source\PSoC4/Bluetooth_eventHandler.c **** {
  27              		.loc 1 1391 0
  28              		.cfi_startproc
  29              		@ args = 0, pretend = 0, frame = 0
  30              		@ frame_needed = 0, uses_anonymous_args = 0
  31              		@ link register save eliminated.
1392:Generated_Source\PSoC4/Bluetooth_eventHandler.c ****     cyBle_connHandle.attId = 0u;
  32              		.loc 1 1392 0
  33 0000 024B     		ldr	r3, .L2
ARM GAS  C:\Users\ARTEM\AppData\Local\Temp\cclhTYy7.s 			page 26


  34 0002 0022     		movs	r2, #0
  35 0004 5A70     		strb	r2, [r3, #1]
1393:Generated_Source\PSoC4/Bluetooth_eventHandler.c ****     cyBle_connHandle.bdHandle = 0u;
  36              		.loc 1 1393 0
  37 0006 1A70     		strb	r2, [r3]
1394:Generated_Source\PSoC4/Bluetooth_eventHandler.c ****     
1395:Generated_Source\PSoC4/Bluetooth_eventHandler.c ****     #if (CYBLE_GATT_ROLE_CLIENT)
1396:Generated_Source\PSoC4/Bluetooth_eventHandler.c ****         if(CyBle_GetClientState() == CYBLE_CLIENT_STATE_DISCOVERED)
1397:Generated_Source\PSoC4/Bluetooth_eventHandler.c ****         {
1398:Generated_Source\PSoC4/Bluetooth_eventHandler.c ****             CyBle_SetClientState(CYBLE_CLIENT_STATE_DISCONNECTED_DISCOVERED);
1399:Generated_Source\PSoC4/Bluetooth_eventHandler.c ****         }
1400:Generated_Source\PSoC4/Bluetooth_eventHandler.c ****         else
1401:Generated_Source\PSoC4/Bluetooth_eventHandler.c ****         {
1402:Generated_Source\PSoC4/Bluetooth_eventHandler.c ****             CyBle_SetClientState(CYBLE_CLIENT_STATE_DISCONNECTED);
1403:Generated_Source\PSoC4/Bluetooth_eventHandler.c ****         }
1404:Generated_Source\PSoC4/Bluetooth_eventHandler.c ****     #endif /* CYBLE_GATT_ROLE_CLIENT */
1405:Generated_Source\PSoC4/Bluetooth_eventHandler.c ****         
1406:Generated_Source\PSoC4/Bluetooth_eventHandler.c ****     #ifdef CYBLE_CPS_SERVER
1407:Generated_Source\PSoC4/Bluetooth_eventHandler.c ****         #if CYBLE_GAP_ROLE_BROADCASTER
1408:Generated_Source\PSoC4/Bluetooth_eventHandler.c ****             CyBle_CpssDisconnectEventHandler();
1409:Generated_Source\PSoC4/Bluetooth_eventHandler.c ****         #endif /* CYBLE_GAP_ROLE_BROADCASTER */
1410:Generated_Source\PSoC4/Bluetooth_eventHandler.c ****     #endif /* CYBLE_CPS_SERVER */
1411:Generated_Source\PSoC4/Bluetooth_eventHandler.c **** 
1412:Generated_Source\PSoC4/Bluetooth_eventHandler.c ****     #ifdef CYBLE_CPS_CLIENT
1413:Generated_Source\PSoC4/Bluetooth_eventHandler.c ****         CyBle_CpscDisconnectEventHandler();
1414:Generated_Source\PSoC4/Bluetooth_eventHandler.c ****     #endif /* CYBLE_CPS_CLIENT */
1415:Generated_Source\PSoC4/Bluetooth_eventHandler.c **** 
1416:Generated_Source\PSoC4/Bluetooth_eventHandler.c ****     #ifdef CYBLE_IAS_SERVER
1417:Generated_Source\PSoC4/Bluetooth_eventHandler.c ****         CyBle_IassDisconnectEventHandler();
1418:Generated_Source\PSoC4/Bluetooth_eventHandler.c ****     #endif /* CYBLE_IAS_SERVER */
1419:Generated_Source\PSoC4/Bluetooth_eventHandler.c ****     
1420:Generated_Source\PSoC4/Bluetooth_eventHandler.c ****     #ifdef CYBLE_GLS_SERVER
1421:Generated_Source\PSoC4/Bluetooth_eventHandler.c ****         CyBle_GlsInit();
1422:Generated_Source\PSoC4/Bluetooth_eventHandler.c ****     #endif /* CYBLE_GLS_SERVER */
1423:Generated_Source\PSoC4/Bluetooth_eventHandler.c ****     
1424:Generated_Source\PSoC4/Bluetooth_eventHandler.c ****     #ifdef CYBLE_LNS_SERVER
1425:Generated_Source\PSoC4/Bluetooth_eventHandler.c ****         CyBle_LnsInit();
1426:Generated_Source\PSoC4/Bluetooth_eventHandler.c ****     #endif /* CYBLE_LNS_SERVER */
1427:Generated_Source\PSoC4/Bluetooth_eventHandler.c ****     
1428:Generated_Source\PSoC4/Bluetooth_eventHandler.c ****     #ifdef CYBLE_UDS_SERVER
1429:Generated_Source\PSoC4/Bluetooth_eventHandler.c ****         CyBle_UdsInit();
1430:Generated_Source\PSoC4/Bluetooth_eventHandler.c ****     #endif /* CYBLE_UDS_SERVER */
1431:Generated_Source\PSoC4/Bluetooth_eventHandler.c **** }
  38              		.loc 1 1431 0
  39              		@ sp needed
  40 0008 7047     		bx	lr
  41              	.L3:
  42 000a C046     		.align	2
  43              	.L2:
  44 000c 00000000 		.word	cyBle_connHandle
  45              		.cfi_endproc
  46              	.LFE4:
  47              		.size	CyBle_GattDisconnectEventHandler, .-CyBle_GattDisconnectEventHandler
  48              		.section	.text.CyBle_WriteReqHandler,"ax",%progbits
  49              		.align	2
  50              		.code	16
  51              		.thumb_func
ARM GAS  C:\Users\ARTEM\AppData\Local\Temp\cclhTYy7.s 			page 27


  52              		.type	CyBle_WriteReqHandler, %function
  53              	CyBle_WriteReqHandler:
  54              	.LFB2:
 253:Generated_Source\PSoC4/Bluetooth_eventHandler.c ****     CYBLE_GATT_ERR_CODE_T gattErr;
  55              		.loc 1 253 0
  56              		.cfi_startproc
  57              		@ args = 0, pretend = 0, frame = 8
  58              		@ frame_needed = 0, uses_anonymous_args = 0
  59              	.LVL0:
  60 0000 10B5     		push	{r4, lr}
  61              		.cfi_def_cfa_offset 8
  62              		.cfi_offset 4, -8
  63              		.cfi_offset 14, -4
  64 0002 82B0     		sub	sp, sp, #8
  65              		.cfi_def_cfa_offset 16
  66 0004 0400     		movs	r4, r0
 259:Generated_Source\PSoC4/Bluetooth_eventHandler.c **** #ifdef CYBLE_AIOS_SERVER
  67              		.loc 1 259 0
  68 0006 FFF7FEFF 		bl	CyBle_GattsWriteEventHandler
  69              	.LVL1:
 261:Generated_Source\PSoC4/Bluetooth_eventHandler.c ****     {
  70              		.loc 1 261 0
  71 000a 0F4B     		ldr	r3, .L8
  72 000c 1B78     		ldrb	r3, [r3]
  73 000e DB07     		lsls	r3, r3, #31
  74 0010 04D5     		bpl	.L5
 261:Generated_Source\PSoC4/Bluetooth_eventHandler.c ****     {
  75              		.loc 1 261 0 is_stmt 0 discriminator 1
  76 0012 0028     		cmp	r0, #0
  77 0014 02D1     		bne	.L5
 263:Generated_Source\PSoC4/Bluetooth_eventHandler.c ****     }
  78              		.loc 1 263 0 is_stmt 1
  79 0016 2000     		movs	r0, r4
  80              	.LVL2:
  81 0018 FFF7FEFF 		bl	CyBle_AiossWriteEventHandler
  82              	.LVL3:
  83              	.L5:
 442:Generated_Source\PSoC4/Bluetooth_eventHandler.c ****     {
  84              		.loc 1 442 0
  85 001c 0A4B     		ldr	r3, .L8
  86 001e 1B78     		ldrb	r3, [r3]
  87 0020 DB07     		lsls	r3, r3, #31
  88 0022 0ED4     		bmi	.L4
 444:Generated_Source\PSoC4/Bluetooth_eventHandler.c ****         {
  89              		.loc 1 444 0
  90 0024 0028     		cmp	r0, #0
  91 0026 09D0     		beq	.L7
  92              	.LBB2:
 448:Generated_Source\PSoC4/Bluetooth_eventHandler.c ****             err_param.attrHandle = eventParam->handleValPair.attrHandle;
  93              		.loc 1 448 0
  94 0028 01A9     		add	r1, sp, #4
  95 002a 1223     		movs	r3, #18
  96 002c 8B70     		strb	r3, [r1, #2]
 449:Generated_Source\PSoC4/Bluetooth_eventHandler.c ****             err_param.errorCode = gattErr;
  97              		.loc 1 449 0
  98 002e A389     		ldrh	r3, [r4, #12]
  99 0030 0B80     		strh	r3, [r1]
ARM GAS  C:\Users\ARTEM\AppData\Local\Temp\cclhTYy7.s 			page 28


 450:Generated_Source\PSoC4/Bluetooth_eventHandler.c **** 
 100              		.loc 1 450 0
 101 0032 C870     		strb	r0, [r1, #3]
 453:Generated_Source\PSoC4/Bluetooth_eventHandler.c ****         }
 102              		.loc 1 453 0
 103 0034 2068     		ldr	r0, [r4]
 104              	.LVL4:
 105 0036 FFF7FEFF 		bl	CyBle_GattsErrorRsp
 106              	.LVL5:
 107              	.LBE2:
 108 003a 02E0     		b	.L4
 109              	.LVL6:
 110              	.L7:
 457:Generated_Source\PSoC4/Bluetooth_eventHandler.c ****         }
 111              		.loc 1 457 0
 112 003c 2068     		ldr	r0, [r4]
 113              	.LVL7:
 114 003e FFF7FEFF 		bl	CyBle_GattsWriteRsp
 115              	.LVL8:
 116              	.L4:
 460:Generated_Source\PSoC4/Bluetooth_eventHandler.c **** 
 117              		.loc 1 460 0
 118 0042 02B0     		add	sp, sp, #8
 119              		@ sp needed
 120              	.LVL9:
 121 0044 10BD     		pop	{r4, pc}
 122              	.L9:
 123 0046 C046     		.align	2
 124              	.L8:
 125 0048 00000000 		.word	cyBle_eventHandlerFlag
 126              		.cfi_endproc
 127              	.LFE2:
 128              		.size	CyBle_WriteReqHandler, .-CyBle_WriteReqHandler
 129              		.section	.text.CyBle_ValueConfirmation,"ax",%progbits
 130              		.align	2
 131              		.code	16
 132              		.thumb_func
 133              		.type	CyBle_ValueConfirmation, %function
 134              	CyBle_ValueConfirmation:
 135              	.LFB3:
 476:Generated_Source\PSoC4/Bluetooth_eventHandler.c ****     if(eventParam != NULL)
 136              		.loc 1 476 0
 137              		.cfi_startproc
 138              		@ args = 0, pretend = 0, frame = 0
 139              		@ frame_needed = 0, uses_anonymous_args = 0
 140              	.LVL10:
 141 0000 10B5     		push	{r4, lr}
 142              		.cfi_def_cfa_offset 8
 143              		.cfi_offset 4, -8
 144              		.cfi_offset 14, -4
 477:Generated_Source\PSoC4/Bluetooth_eventHandler.c ****     {
 145              		.loc 1 477 0
 146 0002 0028     		cmp	r0, #0
 147 0004 05D0     		beq	.L10
 480:Generated_Source\PSoC4/Bluetooth_eventHandler.c ****         {
 148              		.loc 1 480 0
 149 0006 034B     		ldr	r3, .L12
ARM GAS  C:\Users\ARTEM\AppData\Local\Temp\cclhTYy7.s 			page 29


 150 0008 1B78     		ldrb	r3, [r3]
 151 000a DB07     		lsls	r3, r3, #31
 152 000c 01D5     		bpl	.L10
 482:Generated_Source\PSoC4/Bluetooth_eventHandler.c ****         }
 153              		.loc 1 482 0
 154 000e FFF7FEFF 		bl	CyBle_AiossConfirmationEventHandler
 155              	.LVL11:
 156              	.L10:
 586:Generated_Source\PSoC4/Bluetooth_eventHandler.c **** 
 157              		.loc 1 586 0
 158              		@ sp needed
 159 0012 10BD     		pop	{r4, pc}
 160              	.L13:
 161              		.align	2
 162              	.L12:
 163 0014 00000000 		.word	cyBle_eventHandlerFlag
 164              		.cfi_endproc
 165              	.LFE3:
 166              		.size	CyBle_ValueConfirmation, .-CyBle_ValueConfirmation
 167              		.section	.text.CyBle_IsDeviceAddressValid,"ax",%progbits
 168              		.align	2
 169              		.global	CyBle_IsDeviceAddressValid
 170              		.code	16
 171              		.thumb_func
 172              		.type	CyBle_IsDeviceAddressValid, %function
 173              	CyBle_IsDeviceAddressValid:
 174              	.LFB7:
1432:Generated_Source\PSoC4/Bluetooth_eventHandler.c **** 
1433:Generated_Source\PSoC4/Bluetooth_eventHandler.c **** 
1434:Generated_Source\PSoC4/Bluetooth_eventHandler.c **** /****************************************************************************** 
1435:Generated_Source\PSoC4/Bluetooth_eventHandler.c **** * Function Name: CyBle_TimeOutEventHandler
1436:Generated_Source\PSoC4/Bluetooth_eventHandler.c **** ***************************************************************************//**
1437:Generated_Source\PSoC4/Bluetooth_eventHandler.c **** * 
1438:Generated_Source\PSoC4/Bluetooth_eventHandler.c **** *  Handles the CYBLE_EVT_TIMEOUT event from the BLE stack.
1439:Generated_Source\PSoC4/Bluetooth_eventHandler.c **** * 
1440:Generated_Source\PSoC4/Bluetooth_eventHandler.c **** *  \param eventParam: The pointer to a structure of type CYBLE_TO_REASON_CODE_T.
1441:Generated_Source\PSoC4/Bluetooth_eventHandler.c **** * 
1442:Generated_Source\PSoC4/Bluetooth_eventHandler.c **** * \return
1443:Generated_Source\PSoC4/Bluetooth_eventHandler.c **** *  None
1444:Generated_Source\PSoC4/Bluetooth_eventHandler.c **** * 
1445:Generated_Source\PSoC4/Bluetooth_eventHandler.c **** ******************************************************************************/
1446:Generated_Source\PSoC4/Bluetooth_eventHandler.c **** static void CyBle_TimeOutEventHandler(const CYBLE_TO_REASON_CODE_T *eventParam)
1447:Generated_Source\PSoC4/Bluetooth_eventHandler.c **** {
1448:Generated_Source\PSoC4/Bluetooth_eventHandler.c ****     if(*eventParam == CYBLE_GATT_RSP_TO)
1449:Generated_Source\PSoC4/Bluetooth_eventHandler.c ****     {
1450:Generated_Source\PSoC4/Bluetooth_eventHandler.c ****     #if (CYBLE_GATT_ROLE_CLIENT)
1451:Generated_Source\PSoC4/Bluetooth_eventHandler.c ****         if((cyBle_eventHandlerFlag & CYBLE_AUTO_DISCOVERY) != 0u)
1452:Generated_Source\PSoC4/Bluetooth_eventHandler.c ****         {
1453:Generated_Source\PSoC4/Bluetooth_eventHandler.c ****             switch(CyBle_GetClientState())
1454:Generated_Source\PSoC4/Bluetooth_eventHandler.c ****             {
1455:Generated_Source\PSoC4/Bluetooth_eventHandler.c ****                 case CYBLE_CLIENT_STATE_SRVC_DISCOVERING:
1456:Generated_Source\PSoC4/Bluetooth_eventHandler.c ****                     CyBle_ApplCallback(CYBLE_EVT_GATTC_SRVC_DISCOVERY_FAILED, NULL);
1457:Generated_Source\PSoC4/Bluetooth_eventHandler.c ****                     break;
1458:Generated_Source\PSoC4/Bluetooth_eventHandler.c ****                 case CYBLE_CLIENT_STATE_INCL_DISCOVERING:
1459:Generated_Source\PSoC4/Bluetooth_eventHandler.c ****                     CyBle_ApplCallback(CYBLE_EVT_GATTC_INCL_DISCOVERY_FAILED, NULL);
1460:Generated_Source\PSoC4/Bluetooth_eventHandler.c ****                     break;
1461:Generated_Source\PSoC4/Bluetooth_eventHandler.c ****                 case CYBLE_CLIENT_STATE_CHAR_DISCOVERING:
ARM GAS  C:\Users\ARTEM\AppData\Local\Temp\cclhTYy7.s 			page 30


1462:Generated_Source\PSoC4/Bluetooth_eventHandler.c ****                     CyBle_ApplCallback(CYBLE_EVT_GATTC_CHAR_DISCOVERY_FAILED, NULL);
1463:Generated_Source\PSoC4/Bluetooth_eventHandler.c ****                     break;
1464:Generated_Source\PSoC4/Bluetooth_eventHandler.c ****                 case CYBLE_CLIENT_STATE_DESCR_DISCOVERING:
1465:Generated_Source\PSoC4/Bluetooth_eventHandler.c ****                     CyBle_ApplCallback(CYBLE_EVT_GATTC_DESCR_DISCOVERY_FAILED, NULL);
1466:Generated_Source\PSoC4/Bluetooth_eventHandler.c ****                     break;
1467:Generated_Source\PSoC4/Bluetooth_eventHandler.c ****                 default:        /* Other states should not be set in Auto discovery mode */
1468:Generated_Source\PSoC4/Bluetooth_eventHandler.c ****                     break;
1469:Generated_Source\PSoC4/Bluetooth_eventHandler.c ****             }
1470:Generated_Source\PSoC4/Bluetooth_eventHandler.c ****             cyBle_eventHandlerFlag &= (uint8)~CYBLE_AUTO_DISCOVERY;
1471:Generated_Source\PSoC4/Bluetooth_eventHandler.c ****             CyBle_SetClientState(CYBLE_CLIENT_STATE_CONNECTED);
1472:Generated_Source\PSoC4/Bluetooth_eventHandler.c ****         }
1473:Generated_Source\PSoC4/Bluetooth_eventHandler.c ****     #endif /* CYBLE_GATT_ROLE_CLIENT */
1474:Generated_Source\PSoC4/Bluetooth_eventHandler.c ****     #ifdef CYBLE_CPS_SERVER
1475:Generated_Source\PSoC4/Bluetooth_eventHandler.c ****         CyBle_CpssTimeOutEventHandler();
1476:Generated_Source\PSoC4/Bluetooth_eventHandler.c ****     #endif /* CYBLE_CPS_SERVER */
1477:Generated_Source\PSoC4/Bluetooth_eventHandler.c ****     }
1478:Generated_Source\PSoC4/Bluetooth_eventHandler.c ****     
1479:Generated_Source\PSoC4/Bluetooth_eventHandler.c ****     /* Connection procedure timeout */
1480:Generated_Source\PSoC4/Bluetooth_eventHandler.c ****     if(*eventParam == CYBLE_GENERIC_TO)
1481:Generated_Source\PSoC4/Bluetooth_eventHandler.c ****     {
1482:Generated_Source\PSoC4/Bluetooth_eventHandler.c ****     #if(CYBLE_GAP_ROLE_CENTRAL)
1483:Generated_Source\PSoC4/Bluetooth_eventHandler.c ****         if(CyBle_GetState() == CYBLE_STATE_CONNECTING)
1484:Generated_Source\PSoC4/Bluetooth_eventHandler.c ****         {
1485:Generated_Source\PSoC4/Bluetooth_eventHandler.c ****             (void)CyBle_GapcCancelDeviceConnection();
1486:Generated_Source\PSoC4/Bluetooth_eventHandler.c ****         }
1487:Generated_Source\PSoC4/Bluetooth_eventHandler.c ****     #endif /* CYBLE_GAP_ROLE_CENTRAL */
1488:Generated_Source\PSoC4/Bluetooth_eventHandler.c ****     }
1489:Generated_Source\PSoC4/Bluetooth_eventHandler.c **** }
1490:Generated_Source\PSoC4/Bluetooth_eventHandler.c **** 
1491:Generated_Source\PSoC4/Bluetooth_eventHandler.c **** 
1492:Generated_Source\PSoC4/Bluetooth_eventHandler.c **** /****************************************************************************** 
1493:Generated_Source\PSoC4/Bluetooth_eventHandler.c **** * Function Name: CyBle_GattConnectReqHandler
1494:Generated_Source\PSoC4/Bluetooth_eventHandler.c **** ***************************************************************************//**
1495:Generated_Source\PSoC4/Bluetooth_eventHandler.c **** * 
1496:Generated_Source\PSoC4/Bluetooth_eventHandler.c **** *  Handles the GATT connect event from the BLE stack.
1497:Generated_Source\PSoC4/Bluetooth_eventHandler.c **** * 
1498:Generated_Source\PSoC4/Bluetooth_eventHandler.c **** * \return
1499:Generated_Source\PSoC4/Bluetooth_eventHandler.c **** *  None
1500:Generated_Source\PSoC4/Bluetooth_eventHandler.c **** * 
1501:Generated_Source\PSoC4/Bluetooth_eventHandler.c **** ******************************************************************************/
1502:Generated_Source\PSoC4/Bluetooth_eventHandler.c **** static void CyBle_GattConnectReqHandler(void)
1503:Generated_Source\PSoC4/Bluetooth_eventHandler.c **** {
1504:Generated_Source\PSoC4/Bluetooth_eventHandler.c ****     #ifdef CYBLE_CGMS_SERVER
1505:Generated_Source\PSoC4/Bluetooth_eventHandler.c ****         CyBle_CgmsInit();
1506:Generated_Source\PSoC4/Bluetooth_eventHandler.c ****     #endif /* CYBLE_CGMS_SERVER */
1507:Generated_Source\PSoC4/Bluetooth_eventHandler.c ****     
1508:Generated_Source\PSoC4/Bluetooth_eventHandler.c ****     #ifdef CYBLE_CPS_SERVER
1509:Generated_Source\PSoC4/Bluetooth_eventHandler.c ****         CyBle_CpssConnectEventHandler();
1510:Generated_Source\PSoC4/Bluetooth_eventHandler.c ****     #endif /* CYBLE_CPS_SERVER */
1511:Generated_Source\PSoC4/Bluetooth_eventHandler.c ****     
1512:Generated_Source\PSoC4/Bluetooth_eventHandler.c ****     #ifdef CYBLE_CSCS_SERVER
1513:Generated_Source\PSoC4/Bluetooth_eventHandler.c ****             CyBle_CscsInit();
1514:Generated_Source\PSoC4/Bluetooth_eventHandler.c ****     #endif /* CYBLE_CSCS_SERVER */
1515:Generated_Source\PSoC4/Bluetooth_eventHandler.c ****     
1516:Generated_Source\PSoC4/Bluetooth_eventHandler.c ****     #ifdef CYBLE_LLS_SERVER
1517:Generated_Source\PSoC4/Bluetooth_eventHandler.c ****         CyBle_LlssConnectEventHandler();
1518:Generated_Source\PSoC4/Bluetooth_eventHandler.c ****     #endif /* CYBLE_LLS_SERVER */
ARM GAS  C:\Users\ARTEM\AppData\Local\Temp\cclhTYy7.s 			page 31


1519:Generated_Source\PSoC4/Bluetooth_eventHandler.c ****     
1520:Generated_Source\PSoC4/Bluetooth_eventHandler.c ****     #ifdef CYBLE_HIDS_SERVER
1521:Generated_Source\PSoC4/Bluetooth_eventHandler.c ****         CyBle_HidssOnDeviceConnected();
1522:Generated_Source\PSoC4/Bluetooth_eventHandler.c ****     #endif /* CYBLE_HIDS_SERVER */
1523:Generated_Source\PSoC4/Bluetooth_eventHandler.c **** 
1524:Generated_Source\PSoC4/Bluetooth_eventHandler.c ****     #ifdef CYBLE_RSCS_SERVER
1525:Generated_Source\PSoC4/Bluetooth_eventHandler.c ****         CyBle_RscsInit();
1526:Generated_Source\PSoC4/Bluetooth_eventHandler.c ****     #endif /* CYBLE_RSCS_SERVER */
1527:Generated_Source\PSoC4/Bluetooth_eventHandler.c **** }
1528:Generated_Source\PSoC4/Bluetooth_eventHandler.c **** 
1529:Generated_Source\PSoC4/Bluetooth_eventHandler.c **** 
1530:Generated_Source\PSoC4/Bluetooth_eventHandler.c **** #if (CYBLE_GATT_ROLE_SERVER || CYBLE_GATT_ROLE_CLIENT)
1531:Generated_Source\PSoC4/Bluetooth_eventHandler.c **** 
1532:Generated_Source\PSoC4/Bluetooth_eventHandler.c **** /****************************************************************************** 
1533:Generated_Source\PSoC4/Bluetooth_eventHandler.c **** * Function Name: CyBle_IsDeviceAddressValid
1534:Generated_Source\PSoC4/Bluetooth_eventHandler.c **** ***************************************************************************//**
1535:Generated_Source\PSoC4/Bluetooth_eventHandler.c **** * 
1536:Generated_Source\PSoC4/Bluetooth_eventHandler.c **** *  This function verifies that BLE public address has been programmed to SFLASH 
1537:Generated_Source\PSoC4/Bluetooth_eventHandler.c **** *  during manufacture. It could be used to verify if public device address is 
1538:Generated_Source\PSoC4/Bluetooth_eventHandler.c **** *  programmed to flash memory.
1539:Generated_Source\PSoC4/Bluetooth_eventHandler.c **** * 
1540:Generated_Source\PSoC4/Bluetooth_eventHandler.c **** *  \param deviceAddress: the pointer to the BD address of type CYBLE_GAP_BD_ADDR_T. 
1541:Generated_Source\PSoC4/Bluetooth_eventHandler.c **** * 
1542:Generated_Source\PSoC4/Bluetooth_eventHandler.c **** * \return
1543:Generated_Source\PSoC4/Bluetooth_eventHandler.c **** *  Non zero value when a device address differs from the default SFLASH content.
1544:Generated_Source\PSoC4/Bluetooth_eventHandler.c **** * 
1545:Generated_Source\PSoC4/Bluetooth_eventHandler.c **** ******************************************************************************/
1546:Generated_Source\PSoC4/Bluetooth_eventHandler.c **** uint8 CyBle_IsDeviceAddressValid(const CYBLE_GAP_BD_ADDR_T *deviceAddress)
1547:Generated_Source\PSoC4/Bluetooth_eventHandler.c **** {
 175              		.loc 1 1547 0
 176              		.cfi_startproc
 177              		@ args = 0, pretend = 0, frame = 0
 178              		@ frame_needed = 0, uses_anonymous_args = 0
 179              		@ link register save eliminated.
 180              	.LVL12:
1548:Generated_Source\PSoC4/Bluetooth_eventHandler.c ****     uint8 i;
1549:Generated_Source\PSoC4/Bluetooth_eventHandler.c ****     uint8 addressValid = 0u;
1550:Generated_Source\PSoC4/Bluetooth_eventHandler.c ****     
1551:Generated_Source\PSoC4/Bluetooth_eventHandler.c ****     if(deviceAddress -> type == CYBLE_GAP_ADDR_TYPE_PUBLIC)  
 181              		.loc 1 1551 0
 182 0000 8379     		ldrb	r3, [r0, #6]
 183 0002 002B     		cmp	r3, #0
 184 0004 07D0     		beq	.L18
1549:Generated_Source\PSoC4/Bluetooth_eventHandler.c ****     
 185              		.loc 1 1549 0
 186 0006 0020     		movs	r0, #0
 187              	.LVL13:
 188 0008 0BE0     		b	.L16
 189              	.LVL14:
 190              	.L17:
1552:Generated_Source\PSoC4/Bluetooth_eventHandler.c ****     {
1553:Generated_Source\PSoC4/Bluetooth_eventHandler.c ****         for(i = 0u; i < CYBLE_GAP_BD_ADDR_SIZE; i++)
1554:Generated_Source\PSoC4/Bluetooth_eventHandler.c ****         {
1555:Generated_Source\PSoC4/Bluetooth_eventHandler.c ****             if(deviceAddress->bdAddr[i] != 0u)
 191              		.loc 1 1555 0
 192 000a C25C     		ldrb	r2, [r0, r3]
 193 000c 002A     		cmp	r2, #0
ARM GAS  C:\Users\ARTEM\AppData\Local\Temp\cclhTYy7.s 			page 32


 194 000e 07D1     		bne	.L19
1553:Generated_Source\PSoC4/Bluetooth_eventHandler.c ****         {
 195              		.loc 1 1553 0 discriminator 2
 196 0010 0133     		adds	r3, r3, #1
 197              	.LVL15:
 198 0012 DBB2     		uxtb	r3, r3
 199              	.LVL16:
 200 0014 00E0     		b	.L15
 201              	.LVL17:
 202              	.L18:
 203 0016 0023     		movs	r3, #0
 204              	.L15:
 205              	.LVL18:
1553:Generated_Source\PSoC4/Bluetooth_eventHandler.c ****         {
 206              		.loc 1 1553 0 is_stmt 0 discriminator 1
 207 0018 052B     		cmp	r3, #5
 208 001a F6D9     		bls	.L17
1549:Generated_Source\PSoC4/Bluetooth_eventHandler.c ****     
 209              		.loc 1 1549 0 is_stmt 1
 210 001c 0020     		movs	r0, #0
 211              	.LVL19:
 212 001e 00E0     		b	.L16
 213              	.LVL20:
 214              	.L19:
1556:Generated_Source\PSoC4/Bluetooth_eventHandler.c ****             {
1557:Generated_Source\PSoC4/Bluetooth_eventHandler.c ****                 addressValid = 1u;
 215              		.loc 1 1557 0
 216 0020 0120     		movs	r0, #1
 217              	.LVL21:
 218              	.L16:
1558:Generated_Source\PSoC4/Bluetooth_eventHandler.c ****                 break;
1559:Generated_Source\PSoC4/Bluetooth_eventHandler.c ****             }
1560:Generated_Source\PSoC4/Bluetooth_eventHandler.c ****         }
1561:Generated_Source\PSoC4/Bluetooth_eventHandler.c ****     }
1562:Generated_Source\PSoC4/Bluetooth_eventHandler.c ****     return (addressValid);
1563:Generated_Source\PSoC4/Bluetooth_eventHandler.c **** }
 219              		.loc 1 1563 0
 220              		@ sp needed
 221 0022 7047     		bx	lr
 222              		.cfi_endproc
 223              	.LFE7:
 224              		.size	CyBle_IsDeviceAddressValid, .-CyBle_IsDeviceAddressValid
 225              		.section	.text.CyBle_EventHandler,"ax",%progbits
 226              		.align	2
 227              		.global	CyBle_EventHandler
 228              		.code	16
 229              		.thumb_func
 230              		.type	CyBle_EventHandler, %function
 231              	CyBle_EventHandler:
 232              	.LFB10:
1564:Generated_Source\PSoC4/Bluetooth_eventHandler.c **** #endif /* CYBLE_GATT_ROLE_SERVER || CYBLE_GATT_ROLE_CLIENT */
1565:Generated_Source\PSoC4/Bluetooth_eventHandler.c **** 
1566:Generated_Source\PSoC4/Bluetooth_eventHandler.c **** 
1567:Generated_Source\PSoC4/Bluetooth_eventHandler.c **** /****************************************************************************** 
1568:Generated_Source\PSoC4/Bluetooth_eventHandler.c **** * Function Name: CyBle_L2Cap_ConnParamUpdateRspHandler
1569:Generated_Source\PSoC4/Bluetooth_eventHandler.c **** ***************************************************************************//**
1570:Generated_Source\PSoC4/Bluetooth_eventHandler.c **** * 
ARM GAS  C:\Users\ARTEM\AppData\Local\Temp\cclhTYy7.s 			page 33


1571:Generated_Source\PSoC4/Bluetooth_eventHandler.c **** *  Handles the L2CAP connection parameter response event from
1572:Generated_Source\PSoC4/Bluetooth_eventHandler.c **** *  the BLE stack.
1573:Generated_Source\PSoC4/Bluetooth_eventHandler.c **** * 
1574:Generated_Source\PSoC4/Bluetooth_eventHandler.c **** *  \param response:
1575:Generated_Source\PSoC4/Bluetooth_eventHandler.c **** *      * Accepted = 0x0000
1576:Generated_Source\PSoC4/Bluetooth_eventHandler.c **** *      * Rejected = 0x0001
1577:Generated_Source\PSoC4/Bluetooth_eventHandler.c **** * 
1578:Generated_Source\PSoC4/Bluetooth_eventHandler.c **** * \return
1579:Generated_Source\PSoC4/Bluetooth_eventHandler.c **** *  None
1580:Generated_Source\PSoC4/Bluetooth_eventHandler.c **** * 
1581:Generated_Source\PSoC4/Bluetooth_eventHandler.c **** ******************************************************************************/
1582:Generated_Source\PSoC4/Bluetooth_eventHandler.c **** static void CyBle_L2Cap_ConnParamUpdateRspEventHandler(uint16 response)
1583:Generated_Source\PSoC4/Bluetooth_eventHandler.c **** {
1584:Generated_Source\PSoC4/Bluetooth_eventHandler.c ****     #ifdef CYBLE_CPS_SERVER
1585:Generated_Source\PSoC4/Bluetooth_eventHandler.c ****         CyBle_CpssConnParamUpdateRspEventHandler(response);
1586:Generated_Source\PSoC4/Bluetooth_eventHandler.c ****     #endif /* CYBLE_CPS_SERVER */
1587:Generated_Source\PSoC4/Bluetooth_eventHandler.c ****     
1588:Generated_Source\PSoC4/Bluetooth_eventHandler.c ****     /* Unreferenced variable warning workaround */
1589:Generated_Source\PSoC4/Bluetooth_eventHandler.c ****     if(response != 0u)
1590:Generated_Source\PSoC4/Bluetooth_eventHandler.c ****     {
1591:Generated_Source\PSoC4/Bluetooth_eventHandler.c ****     }
1592:Generated_Source\PSoC4/Bluetooth_eventHandler.c **** }
1593:Generated_Source\PSoC4/Bluetooth_eventHandler.c **** 
1594:Generated_Source\PSoC4/Bluetooth_eventHandler.c **** 
1595:Generated_Source\PSoC4/Bluetooth_eventHandler.c **** /****************************************************************************** 
1596:Generated_Source\PSoC4/Bluetooth_eventHandler.c **** * Function Name: CyBle_GapConnUpdateCompleteEventHandler
1597:Generated_Source\PSoC4/Bluetooth_eventHandler.c **** ***************************************************************************//**
1598:Generated_Source\PSoC4/Bluetooth_eventHandler.c **** * 
1599:Generated_Source\PSoC4/Bluetooth_eventHandler.c **** *  Handles the CYBLE_EVT_GAP_CONNECTION_UPDATE_COMPLETE event from
1600:Generated_Source\PSoC4/Bluetooth_eventHandler.c **** *  the BLE stack.
1601:Generated_Source\PSoC4/Bluetooth_eventHandler.c **** * 
1602:Generated_Source\PSoC4/Bluetooth_eventHandler.c **** *  \param eventParam: The pointer to the data structure specified by the event.
1603:Generated_Source\PSoC4/Bluetooth_eventHandler.c **** * 
1604:Generated_Source\PSoC4/Bluetooth_eventHandler.c **** * \return
1605:Generated_Source\PSoC4/Bluetooth_eventHandler.c **** *  None
1606:Generated_Source\PSoC4/Bluetooth_eventHandler.c **** * 
1607:Generated_Source\PSoC4/Bluetooth_eventHandler.c **** ******************************************************************************/
1608:Generated_Source\PSoC4/Bluetooth_eventHandler.c **** static void CyBle_GapConnUpdateCompleteEventHandler(const CYBLE_GAP_CONN_PARAM_UPDATED_IN_CONTROLLE
1609:Generated_Source\PSoC4/Bluetooth_eventHandler.c **** {
1610:Generated_Source\PSoC4/Bluetooth_eventHandler.c ****     #ifdef CYBLE_CPS_SERVER
1611:Generated_Source\PSoC4/Bluetooth_eventHandler.c ****         CyBle_CpssConnUpdateCompleteEventHandler(eventParam);
1612:Generated_Source\PSoC4/Bluetooth_eventHandler.c ****     #endif /* CYBLE_CPS_SERVER */
1613:Generated_Source\PSoC4/Bluetooth_eventHandler.c ****     
1614:Generated_Source\PSoC4/Bluetooth_eventHandler.c ****     /* Unreferenced variable warning workaround */
1615:Generated_Source\PSoC4/Bluetooth_eventHandler.c ****     if(eventParam != 0u)
1616:Generated_Source\PSoC4/Bluetooth_eventHandler.c ****     {
1617:Generated_Source\PSoC4/Bluetooth_eventHandler.c ****     }
1618:Generated_Source\PSoC4/Bluetooth_eventHandler.c **** }
1619:Generated_Source\PSoC4/Bluetooth_eventHandler.c **** 
1620:Generated_Source\PSoC4/Bluetooth_eventHandler.c **** 
1621:Generated_Source\PSoC4/Bluetooth_eventHandler.c **** /****************************************************************************** 
1622:Generated_Source\PSoC4/Bluetooth_eventHandler.c **** * Function Name: CyBle_EventHandler
1623:Generated_Source\PSoC4/Bluetooth_eventHandler.c **** ***************************************************************************//**
1624:Generated_Source\PSoC4/Bluetooth_eventHandler.c **** * 
1625:Generated_Source\PSoC4/Bluetooth_eventHandler.c **** *  Handles the events from the BLE stack
1626:Generated_Source\PSoC4/Bluetooth_eventHandler.c **** * 
1627:Generated_Source\PSoC4/Bluetooth_eventHandler.c **** *  \param eventCode:    the event code
ARM GAS  C:\Users\ARTEM\AppData\Local\Temp\cclhTYy7.s 			page 34


1628:Generated_Source\PSoC4/Bluetooth_eventHandler.c **** *  \param eventParam:  the event parameters
1629:Generated_Source\PSoC4/Bluetooth_eventHandler.c **** * 
1630:Generated_Source\PSoC4/Bluetooth_eventHandler.c **** * \return
1631:Generated_Source\PSoC4/Bluetooth_eventHandler.c **** *  None.
1632:Generated_Source\PSoC4/Bluetooth_eventHandler.c **** * 
1633:Generated_Source\PSoC4/Bluetooth_eventHandler.c **** ******************************************************************************/
1634:Generated_Source\PSoC4/Bluetooth_eventHandler.c **** void CyBle_EventHandler(uint8 eventCode, void *eventParam)
1635:Generated_Source\PSoC4/Bluetooth_eventHandler.c **** {
 233              		.loc 1 1635 0
 234              		.cfi_startproc
 235              		@ args = 0, pretend = 0, frame = 8
 236              		@ frame_needed = 0, uses_anonymous_args = 0
 237              	.LVL22:
 238 0000 F0B5     		push	{r4, r5, r6, r7, lr}
 239              		.cfi_def_cfa_offset 20
 240              		.cfi_offset 4, -20
 241              		.cfi_offset 5, -16
 242              		.cfi_offset 6, -12
 243              		.cfi_offset 7, -8
 244              		.cfi_offset 14, -4
 245 0002 83B0     		sub	sp, sp, #12
 246              		.cfi_def_cfa_offset 32
 247 0004 0400     		movs	r4, r0
 248 0006 0D00     		movs	r5, r1
1636:Generated_Source\PSoC4/Bluetooth_eventHandler.c ****     cyBle_eventHandlerFlag |= CYBLE_CALLBACK;
 249              		.loc 1 1636 0
 250 0008 984A     		ldr	r2, .L51
 251 000a 1178     		ldrb	r1, [r2]
 252              	.LVL23:
 253 000c 0123     		movs	r3, #1
 254 000e 0B43     		orrs	r3, r1
 255 0010 DBB2     		uxtb	r3, r3
 256 0012 1370     		strb	r3, [r2]
1637:Generated_Source\PSoC4/Bluetooth_eventHandler.c **** 
1638:Generated_Source\PSoC4/Bluetooth_eventHandler.c ****     /* Common Profile event handling */
1639:Generated_Source\PSoC4/Bluetooth_eventHandler.c ****     switch(eventCode)
 257              		.loc 1 1639 0
 258 0014 2828     		cmp	r0, #40
 259 0016 00D1     		bne	.LCB224
 260 0018 B5E0     		b	.L22	@long jump
 261              	.LCB224:
 262 001a 14D8     		bhi	.L23
 263 001c 2128     		cmp	r0, #33
 264 001e 00D1     		bne	.LCB228
 265 0020 84E0     		b	.L24	@long jump
 266              	.LCB228:
 267 0022 07D8     		bhi	.L25
 268 0024 0528     		cmp	r0, #5
 269 0026 69D0     		beq	.L26
 270 0028 0628     		cmp	r0, #6
 271 002a 6BD0     		beq	.L27
 272 002c 0128     		cmp	r0, #1
 273 002e 00D0     		beq	.LCB236
 274 0030 0AE1     		b	.L21	@long jump
 275              	.LCB236:
 276 0032 24E0     		b	.L28
 277              	.L25:
ARM GAS  C:\Users\ARTEM\AppData\Local\Temp\cclhTYy7.s 			page 35


 278 0034 2628     		cmp	r0, #38
 279 0036 00D1     		bne	.LCB242
 280 0038 A9E0     		b	.L29	@long jump
 281              	.LCB242:
 282 003a 00D9     		bls	.LCB244
 283 003c 9FE0     		b	.L30	@long jump
 284              	.LCB244:
 285 003e 2428     		cmp	r0, #36
 286 0040 00D1     		bne	.LCB246
 287 0042 94E0     		b	.L31	@long jump
 288              	.LCB246:
 289 0044 00E1     		b	.L21
 290              	.L23:
 291 0046 4328     		cmp	r0, #67
 292 0048 00D1     		bne	.LCB252
 293 004a E0E0     		b	.L32	@long jump
 294              	.LCB252:
 295 004c 08D8     		bhi	.L33
 296 004e 4128     		cmp	r0, #65
 297 0050 00D1     		bne	.LCB256
 298 0052 C4E0     		b	.L34	@long jump
 299              	.LCB256:
 300 0054 00D9     		bls	.LCB258
 301 0056 D7E0     		b	.L35	@long jump
 302              	.LCB258:
 303 0058 3128     		cmp	r0, #49
 304 005a 00D1     		bne	.LCB260
 305 005c 8BE0     		b	.L36	@long jump
 306              	.LCB260:
 307 005e F3E0     		b	.L21
 308              	.L33:
 309 0060 4E28     		cmp	r0, #78
 310 0062 00D1     		bne	.LCB266
 311 0064 DFE0     		b	.L37	@long jump
 312              	.LCB266:
 313 0066 03D8     		bhi	.L38
 314 0068 4C28     		cmp	r0, #76
 315 006a 00D1     		bne	.LCB270
 316 006c D7E0     		b	.L39	@long jump
 317              	.LCB270:
 318 006e EBE0     		b	.L21
 319              	.L38:
 320 0070 5428     		cmp	r0, #84
 321 0072 00D1     		bne	.LCB276
 322 0074 DFE0     		b	.L40	@long jump
 323              	.LCB276:
 324 0076 FA28     		cmp	r0, #250
 325 0078 00D1     		bne	.LCB278
 326 007a E0E0     		b	.L41	@long jump
 327              	.LCB278:
 328 007c E4E0     		b	.L21
 329              	.L28:
 330              	.LBB3:
1640:Generated_Source\PSoC4/Bluetooth_eventHandler.c ****     {
1641:Generated_Source\PSoC4/Bluetooth_eventHandler.c ****         /**********************************************************
1642:Generated_Source\PSoC4/Bluetooth_eventHandler.c ****         * General events
1643:Generated_Source\PSoC4/Bluetooth_eventHandler.c ****         ************************************************************/
ARM GAS  C:\Users\ARTEM\AppData\Local\Temp\cclhTYy7.s 			page 36


1644:Generated_Source\PSoC4/Bluetooth_eventHandler.c ****         case CYBLE_EVT_STACK_ON:
1645:Generated_Source\PSoC4/Bluetooth_eventHandler.c ****         #if(CYBLE_MODE_PROFILE)
1646:Generated_Source\PSoC4/Bluetooth_eventHandler.c ****         {
1647:Generated_Source\PSoC4/Bluetooth_eventHandler.c ****             CYBLE_BLESS_PWR_IN_DB_T bleSsPowerLevel;
1648:Generated_Source\PSoC4/Bluetooth_eventHandler.c ****             
1649:Generated_Source\PSoC4/Bluetooth_eventHandler.c ****             /* Set Tx Power Level for advertising and connection channels */
1650:Generated_Source\PSoC4/Bluetooth_eventHandler.c ****             bleSsPowerLevel.blePwrLevelInDbm = CYBLE_TX_POWER_LEVEL_ADV;
 331              		.loc 1 1650 0
 332 007e 01AE     		add	r6, sp, #4
 333 0080 0727     		movs	r7, #7
 334 0082 3770     		strb	r7, [r6]
1651:Generated_Source\PSoC4/Bluetooth_eventHandler.c ****             bleSsPowerLevel.bleSsChId = CYBLE_LL_ADV_CH_TYPE;
 335              		.loc 1 1651 0
 336 0084 0023     		movs	r3, #0
 337 0086 7370     		strb	r3, [r6, #1]
1652:Generated_Source\PSoC4/Bluetooth_eventHandler.c ****             (void) CyBle_SetTxPowerLevel (&bleSsPowerLevel);
 338              		.loc 1 1652 0
 339 0088 3000     		movs	r0, r6
 340              	.LVL24:
 341 008a FFF7FEFF 		bl	CyBle_SetTxPowerLevel
 342              	.LVL25:
1653:Generated_Source\PSoC4/Bluetooth_eventHandler.c ****             bleSsPowerLevel.blePwrLevelInDbm = CYBLE_TX_POWER_LEVEL_CONN;
 343              		.loc 1 1653 0
 344 008e 3770     		strb	r7, [r6]
1654:Generated_Source\PSoC4/Bluetooth_eventHandler.c ****             bleSsPowerLevel.bleSsChId = CYBLE_LL_CONN_CH_TYPE;
 345              		.loc 1 1654 0
 346 0090 0123     		movs	r3, #1
 347 0092 7370     		strb	r3, [r6, #1]
1655:Generated_Source\PSoC4/Bluetooth_eventHandler.c ****             (void) CyBle_SetTxPowerLevel (&bleSsPowerLevel);
 348              		.loc 1 1655 0
 349 0094 3000     		movs	r0, r6
 350 0096 FFF7FEFF 		bl	CyBle_SetTxPowerLevel
 351              	.LVL26:
1656:Generated_Source\PSoC4/Bluetooth_eventHandler.c ****             
1657:Generated_Source\PSoC4/Bluetooth_eventHandler.c ****             #if (CYBLE_GATT_ROLE_SERVER)
1658:Generated_Source\PSoC4/Bluetooth_eventHandler.c ****                 /* As per Privacy Errata a call to CyBle_EnableDefaultDevicePrivacy() is
1659:Generated_Source\PSoC4/Bluetooth_eventHandler.c ****                   required to set a device to use device privacy instead of network privacy
1660:Generated_Source\PSoC4/Bluetooth_eventHandler.c ****                   that is enabled by default starting from BLE Stack 3.3.
1661:Generated_Source\PSoC4/Bluetooth_eventHandler.c ****                 */
1662:Generated_Source\PSoC4/Bluetooth_eventHandler.c ****                 if(cyBle_gaps.rpaOnlyCharHandle != CYBLE_GATT_INVALID_ATTR_HANDLE_VALUE)
1663:Generated_Source\PSoC4/Bluetooth_eventHandler.c ****                 {
1664:Generated_Source\PSoC4/Bluetooth_eventHandler.c ****                     CyBle_EnableDefaultDevicePrivacy();
 352              		.loc 1 1664 0
 353 009a FFF7FEFF 		bl	CyBle_EnableDefaultDevicePrivacy
 354              	.LVL27:
 355              	.LBE3:
1665:Generated_Source\PSoC4/Bluetooth_eventHandler.c ****                 }
1666:Generated_Source\PSoC4/Bluetooth_eventHandler.c ****             #endif /* (CYBLE_GATT_ROLE_SERVER) */
1667:Generated_Source\PSoC4/Bluetooth_eventHandler.c ****             
1668:Generated_Source\PSoC4/Bluetooth_eventHandler.c ****             #if (CYBLE_STRICT_PAIRING_ENABLED)
1669:Generated_Source\PSoC4/Bluetooth_eventHandler.c ****                 (void) CyBle_GapSetSecurityRequirements(CYBLE_STRICT_PAIRING_REQ_VALUE, CYBLE_SECUR
1670:Generated_Source\PSoC4/Bluetooth_eventHandler.c ****             #endif /* (CYBLE_STRICT_PAIRING_ENABLED) */
1671:Generated_Source\PSoC4/Bluetooth_eventHandler.c ****             
1672:Generated_Source\PSoC4/Bluetooth_eventHandler.c ****         }
1673:Generated_Source\PSoC4/Bluetooth_eventHandler.c ****         #endif /* CYBLE_MODE_PROFILE */
1674:Generated_Source\PSoC4/Bluetooth_eventHandler.c ****         #if (CYBLE_GATT_ROLE_SERVER || CYBLE_GATT_ROLE_CLIENT)
1675:Generated_Source\PSoC4/Bluetooth_eventHandler.c ****             /* Set device Address  */
ARM GAS  C:\Users\ARTEM\AppData\Local\Temp\cclhTYy7.s 			page 37


1676:Generated_Source\PSoC4/Bluetooth_eventHandler.c ****             if(CyBle_IsDeviceAddressValid(cyBle_sflashDeviceAddress) != 0u)
 356              		.loc 1 1676 0
 357 009e 744B     		ldr	r3, .L51+4
 358 00a0 1E68     		ldr	r6, [r3]
 359 00a2 3000     		movs	r0, r6
 360 00a4 FFF7FEFF 		bl	CyBle_IsDeviceAddressValid
 361              	.LVL28:
 362 00a8 0028     		cmp	r0, #0
 363 00aa 0CD0     		beq	.L42
1677:Generated_Source\PSoC4/Bluetooth_eventHandler.c ****             {
1678:Generated_Source\PSoC4/Bluetooth_eventHandler.c ****                 (void) CyBle_SetDeviceAddress(cyBle_sflashDeviceAddress);
 364              		.loc 1 1678 0
 365 00ac 3000     		movs	r0, r6
 366 00ae FFF7FEFF 		bl	CyBle_SetDeviceAddress
 367              	.LVL29:
1679:Generated_Source\PSoC4/Bluetooth_eventHandler.c ****                 #if(CYBLE_GAP_ROLE_PERIPHERAL || CYBLE_GAP_ROLE_BROADCASTER)
1680:Generated_Source\PSoC4/Bluetooth_eventHandler.c ****                     CyBle_ChangeAdDeviceAddress(cyBle_sflashDeviceAddress, 0u);
 368              		.loc 1 1680 0
 369 00b2 6F4E     		ldr	r6, .L51+4
 370 00b4 0021     		movs	r1, #0
 371 00b6 3068     		ldr	r0, [r6]
 372 00b8 FFF7FEFF 		bl	CyBle_ChangeAdDeviceAddress
 373              	.LVL30:
1681:Generated_Source\PSoC4/Bluetooth_eventHandler.c ****                     CyBle_ChangeAdDeviceAddress(cyBle_sflashDeviceAddress, 1u);
 374              		.loc 1 1681 0
 375 00bc 3068     		ldr	r0, [r6]
 376 00be 0121     		movs	r1, #1
 377 00c0 FFF7FEFF 		bl	CyBle_ChangeAdDeviceAddress
 378              	.LVL31:
 379 00c4 0BE0     		b	.L43
 380              	.L42:
1682:Generated_Source\PSoC4/Bluetooth_eventHandler.c ****                 #endif /* CYBLE_GAP_ROLE_PERIPHERAL || CYBLE_GAP_ROLE_BROADCASTER */    
1683:Generated_Source\PSoC4/Bluetooth_eventHandler.c ****             }
1684:Generated_Source\PSoC4/Bluetooth_eventHandler.c ****             else
1685:Generated_Source\PSoC4/Bluetooth_eventHandler.c ****             {
1686:Generated_Source\PSoC4/Bluetooth_eventHandler.c ****             #if (SILICON_GENERATED_DEVICE_ADDRESS != 0u)
1687:Generated_Source\PSoC4/Bluetooth_eventHandler.c ****             {
1688:Generated_Source\PSoC4/Bluetooth_eventHandler.c ****                 uint32 bdAddrLoc;
1689:Generated_Source\PSoC4/Bluetooth_eventHandler.c ****                 bdAddrLoc = (CYBLE_SFLASH_DIE_X_REG & CYBLE_SFLASH_DIE_X_MASK) |
1690:Generated_Source\PSoC4/Bluetooth_eventHandler.c ****                     ((uint32)(((uint32)CYBLE_SFLASH_DIE_Y_REG) & ((uint32)CYBLE_SFLASH_DIE_Y_MASK))
1691:Generated_Source\PSoC4/Bluetooth_eventHandler.c ****                         CYBLE_SFLASH_DIE_X_BITS) |
1692:Generated_Source\PSoC4/Bluetooth_eventHandler.c ****                     ((uint32)(((uint32)CYBLE_SFLASH_DIE_WAFER_REG) & ((uint32)CYBLE_SFLASH_DIE_WAFE
1693:Generated_Source\PSoC4/Bluetooth_eventHandler.c ****                         CYBLE_SFLASH_DIE_XY_BITS) |
1694:Generated_Source\PSoC4/Bluetooth_eventHandler.c ****                     ((uint32)(((uint32)CYBLE_SFLASH_DIE_LOT_REG) & ((uint32)CYBLE_SFLASH_DIE_LOT_MA
1695:Generated_Source\PSoC4/Bluetooth_eventHandler.c ****                         CYBLE_SFLASH_DIE_XYWAFER_BITS);
1696:Generated_Source\PSoC4/Bluetooth_eventHandler.c ****                             
1697:Generated_Source\PSoC4/Bluetooth_eventHandler.c ****                 cyBle_deviceAddress.bdAddr[0] = (uint8)bdAddrLoc;
1698:Generated_Source\PSoC4/Bluetooth_eventHandler.c ****                 cyBle_deviceAddress.bdAddr[1] = (uint8)(bdAddrLoc >> 8u);
1699:Generated_Source\PSoC4/Bluetooth_eventHandler.c ****                 cyBle_deviceAddress.bdAddr[2] = (uint8)(bdAddrLoc >> 16u);
1700:Generated_Source\PSoC4/Bluetooth_eventHandler.c ****             }
1701:Generated_Source\PSoC4/Bluetooth_eventHandler.c ****             #endif /* SILICON_GENERATED_DEVICE_ADDRESS != 0u */
1702:Generated_Source\PSoC4/Bluetooth_eventHandler.c ****                 (void) CyBle_SetDeviceAddress(&cyBle_deviceAddress);
 381              		.loc 1 1702 0
 382 00c6 6B4E     		ldr	r6, .L51+8
 383 00c8 3000     		movs	r0, r6
 384 00ca FFF7FEFF 		bl	CyBle_SetDeviceAddress
 385              	.LVL32:
ARM GAS  C:\Users\ARTEM\AppData\Local\Temp\cclhTYy7.s 			page 38


1703:Generated_Source\PSoC4/Bluetooth_eventHandler.c ****                 #if(CYBLE_GAP_ROLE_PERIPHERAL || CYBLE_GAP_ROLE_BROADCASTER)
1704:Generated_Source\PSoC4/Bluetooth_eventHandler.c ****                     CyBle_ChangeAdDeviceAddress(&cyBle_deviceAddress, 0u);
 386              		.loc 1 1704 0
 387 00ce 0021     		movs	r1, #0
 388 00d0 3000     		movs	r0, r6
 389 00d2 FFF7FEFF 		bl	CyBle_ChangeAdDeviceAddress
 390              	.LVL33:
1705:Generated_Source\PSoC4/Bluetooth_eventHandler.c ****                     CyBle_ChangeAdDeviceAddress(&cyBle_deviceAddress, 1u);
 391              		.loc 1 1705 0
 392 00d6 0121     		movs	r1, #1
 393 00d8 3000     		movs	r0, r6
 394 00da FFF7FEFF 		bl	CyBle_ChangeAdDeviceAddress
 395              	.LVL34:
 396              	.L43:
1706:Generated_Source\PSoC4/Bluetooth_eventHandler.c ****                 #endif /* CYBLE_GAP_ROLE_PERIPHERAL || CYBLE_GAP_ROLE_BROADCASTER */    
1707:Generated_Source\PSoC4/Bluetooth_eventHandler.c ****             }
1708:Generated_Source\PSoC4/Bluetooth_eventHandler.c ****             /* Set device IO Capability  */
1709:Generated_Source\PSoC4/Bluetooth_eventHandler.c ****             (void) CyBle_GapSetIoCap(CYBLE_IO_CAPABILITY);    
 397              		.loc 1 1709 0
 398 00de 0020     		movs	r0, #0
 399 00e0 FFF7FEFF 		bl	CyBle_GapSetIoCap
 400              	.LVL35:
 401              	.LBB4:
1710:Generated_Source\PSoC4/Bluetooth_eventHandler.c ****             {
1711:Generated_Source\PSoC4/Bluetooth_eventHandler.c ****                 /* Enable all 4.1 events and configured 4.2 events */
1712:Generated_Source\PSoC4/Bluetooth_eventHandler.c ****                 uint8 leMask[CYBLE_LE_MASK_LENGTH] = {LO8(CYBLE_LE_MASK), HI8(CYBLE_LE_MASK)};
 402              		.loc 1 1712 0
 403 00e4 0222     		movs	r2, #2
 404 00e6 6449     		ldr	r1, .L51+12
 405 00e8 01A8     		add	r0, sp, #4
 406 00ea FFF7FEFF 		bl	memcpy
 407              	.LVL36:
1713:Generated_Source\PSoC4/Bluetooth_eventHandler.c ****                 (void) CyBle_GapSetLeEventMask(leMask);
 408              		.loc 1 1713 0
 409 00ee 01A8     		add	r0, sp, #4
 410 00f0 FFF7FEFF 		bl	CyBle_GapSetLeEventMask
 411              	.LVL37:
 412              	.LBE4:
1714:Generated_Source\PSoC4/Bluetooth_eventHandler.c ****             }
1715:Generated_Source\PSoC4/Bluetooth_eventHandler.c ****         #if(CYBLE_DLE_FEATURE_ENABLED)
1716:Generated_Source\PSoC4/Bluetooth_eventHandler.c ****         {
1717:Generated_Source\PSoC4/Bluetooth_eventHandler.c ****             /* Set maximum suggested TX payload size */
1718:Generated_Source\PSoC4/Bluetooth_eventHandler.c ****             uint16 payloadTime = CYBLE_LL_MAX_TX_TIME;
1719:Generated_Source\PSoC4/Bluetooth_eventHandler.c ****             (void) CyBle_GapConvertOctetToTime(CYBLE_GAP_PHY_1MBPS, CYBLE_LL_MAX_TX_PAYLOAD_SIZE, &
1720:Generated_Source\PSoC4/Bluetooth_eventHandler.c ****             (void) CyBle_GapSetSuggestedDataLength(CYBLE_LL_MAX_TX_PAYLOAD_SIZE, payloadTime); 
1721:Generated_Source\PSoC4/Bluetooth_eventHandler.c ****         }
1722:Generated_Source\PSoC4/Bluetooth_eventHandler.c ****         #endif /* CYBLE_DLE_FEATURE != 0u */
1723:Generated_Source\PSoC4/Bluetooth_eventHandler.c ****         
1724:Generated_Source\PSoC4/Bluetooth_eventHandler.c ****         #endif /* CYBLE_GATT_ROLE_SERVER || CYBLE_GATT_ROLE_CLIENT */
1725:Generated_Source\PSoC4/Bluetooth_eventHandler.c ****             CyBle_SetState(CYBLE_STATE_DISCONNECTED);
 413              		.loc 1 1725 0
 414 00f4 0422     		movs	r2, #4
 415 00f6 614B     		ldr	r3, .L51+16
 416 00f8 1A70     		strb	r2, [r3]
1726:Generated_Source\PSoC4/Bluetooth_eventHandler.c ****             break;
 417              		.loc 1 1726 0
 418 00fa A5E0     		b	.L21
ARM GAS  C:\Users\ARTEM\AppData\Local\Temp\cclhTYy7.s 			page 39


 419              	.LVL38:
 420              	.L26:
1727:Generated_Source\PSoC4/Bluetooth_eventHandler.c ****         case CYBLE_EVT_TIMEOUT:
1728:Generated_Source\PSoC4/Bluetooth_eventHandler.c ****             CyBle_TimeOutEventHandler((CYBLE_TO_REASON_CODE_T *)eventParam);
1729:Generated_Source\PSoC4/Bluetooth_eventHandler.c ****             break;
1730:Generated_Source\PSoC4/Bluetooth_eventHandler.c ****     	case CYBLE_EVT_STACK_BUSY_STATUS:
1731:Generated_Source\PSoC4/Bluetooth_eventHandler.c ****             cyBle_busyStatus = *(uint8 *)eventParam;
 421              		.loc 1 1731 0
 422 00fc 2A78     		ldrb	r2, [r5]
 423 00fe 604B     		ldr	r3, .L51+20
 424 0100 1A70     		strb	r2, [r3]
1732:Generated_Source\PSoC4/Bluetooth_eventHandler.c ****             break;
 425              		.loc 1 1732 0
 426 0102 A1E0     		b	.L21
 427              	.L27:
 428              	.LVL39:
 429              	.LBB5:
1733:Generated_Source\PSoC4/Bluetooth_eventHandler.c ****     	case CYBLE_EVT_MEMORY_REQUEST:
1734:Generated_Source\PSoC4/Bluetooth_eventHandler.c ****         #if(CYBLE_MODE_PROFILE)
1735:Generated_Source\PSoC4/Bluetooth_eventHandler.c ****         {
1736:Generated_Source\PSoC4/Bluetooth_eventHandler.c ****             CYBLE_MEMORY_REQUEST_T *memReq = (CYBLE_MEMORY_REQUEST_T *)eventParam;
1737:Generated_Source\PSoC4/Bluetooth_eventHandler.c ****             if(memReq->request == CYBLE_PREPARED_WRITE_REQUEST)
 430              		.loc 1 1737 0
 431 0104 2B78     		ldrb	r3, [r5]
 432 0106 002B     		cmp	r3, #0
 433 0108 00D0     		beq	.LCB374
 434 010a 9DE0     		b	.L21	@long jump
 435              	.LCB374:
1738:Generated_Source\PSoC4/Bluetooth_eventHandler.c ****             {  
1739:Generated_Source\PSoC4/Bluetooth_eventHandler.c ****             #if(CYBLE_GATT_ENABLE_EXTERNAL_PREP_WRITE_BUFF == 0u)
1740:Generated_Source\PSoC4/Bluetooth_eventHandler.c ****                 /* Stack requests to provide memory to process remote request */
1741:Generated_Source\PSoC4/Bluetooth_eventHandler.c ****                 if(memReq->allocFree == CYBLE_ALLOC_MEMORY)
 436              		.loc 1 1741 0
 437 010c 6B78     		ldrb	r3, [r5, #1]
 438 010e 002B     		cmp	r3, #0
 439 0110 06D1     		bne	.L44
 440              	.LBB6:
1742:Generated_Source\PSoC4/Bluetooth_eventHandler.c ****                 {
1743:Generated_Source\PSoC4/Bluetooth_eventHandler.c ****                     static CYBLE_PREPARE_WRITE_REQUEST_MEMORY_T gPrepWriteReqMem;
1744:Generated_Source\PSoC4/Bluetooth_eventHandler.c ****                     
1745:Generated_Source\PSoC4/Bluetooth_eventHandler.c ****                     /* Configure and return statically allocated buffer at the end of cyBle_stackMe
1746:Generated_Source\PSoC4/Bluetooth_eventHandler.c ****                     gPrepWriteReqMem.prepareWriteQueueSize = CYBLE_GATT_MAX_PREPARE_BUFF_COUNT;
 441              		.loc 1 1746 0
 442 0112 5C4B     		ldr	r3, .L51+24
 443 0114 0022     		movs	r2, #0
 444 0116 DA80     		strh	r2, [r3, #6]
1747:Generated_Source\PSoC4/Bluetooth_eventHandler.c ****                     gPrepWriteReqMem.totalAttrValueLength = CYBLE_GATT_PREPARE_LENGTH_ALIGN;
 445              		.loc 1 1747 0
 446 0118 9A80     		strh	r2, [r3, #4]
1748:Generated_Source\PSoC4/Bluetooth_eventHandler.c ****                     gPrepWriteReqMem.queueBuffer = &cyBle_stackMemoryRam[CYBLE_STACK_RAM_SIZE - 
 447              		.loc 1 1748 0
 448 011a 5B4A     		ldr	r2, .L51+28
 449 011c 1A60     		str	r2, [r3]
1749:Generated_Source\PSoC4/Bluetooth_eventHandler.c ****                                                                          CYBLE_GATT_PREPARE_WRITE_B
1750:Generated_Source\PSoC4/Bluetooth_eventHandler.c ****                     memReq->configMemory = &gPrepWriteReqMem;  
 450              		.loc 1 1750 0
 451 011e 6B60     		str	r3, [r5, #4]
ARM GAS  C:\Users\ARTEM\AppData\Local\Temp\cclhTYy7.s 			page 40


 452              	.L44:
 453              	.LBE6:
1751:Generated_Source\PSoC4/Bluetooth_eventHandler.c ****                 }                
1752:Generated_Source\PSoC4/Bluetooth_eventHandler.c ****                 /* Clear CYBLE_CALLBACK flag not to provide handled event to application */
1753:Generated_Source\PSoC4/Bluetooth_eventHandler.c ****                 cyBle_eventHandlerFlag &= (uint8)~CYBLE_CALLBACK;
 454              		.loc 1 1753 0
 455 0120 524A     		ldr	r2, .L51
 456 0122 1378     		ldrb	r3, [r2]
 457 0124 0121     		movs	r1, #1
 458 0126 8B43     		bics	r3, r1
 459 0128 1370     		strb	r3, [r2]
 460 012a 8DE0     		b	.L21
 461              	.LVL40:
 462              	.L24:
 463              	.LBE5:
1754:Generated_Source\PSoC4/Bluetooth_eventHandler.c ****             #endif  /* CYBLE_GATT_ENABLE_EXTERNAL_PREP_WRITE_BUFF == 0u */
1755:Generated_Source\PSoC4/Bluetooth_eventHandler.c ****             }
1756:Generated_Source\PSoC4/Bluetooth_eventHandler.c ****         }
1757:Generated_Source\PSoC4/Bluetooth_eventHandler.c ****         #endif /* CYBLE_MODE_PROFILE */
1758:Generated_Source\PSoC4/Bluetooth_eventHandler.c ****             break;
1759:Generated_Source\PSoC4/Bluetooth_eventHandler.c ****         /**********************************************************
1760:Generated_Source\PSoC4/Bluetooth_eventHandler.c ****         * GAP events
1761:Generated_Source\PSoC4/Bluetooth_eventHandler.c ****         ************************************************************/
1762:Generated_Source\PSoC4/Bluetooth_eventHandler.c ****         case CYBLE_EVT_GAP_AUTH_REQ:
1763:Generated_Source\PSoC4/Bluetooth_eventHandler.c ****         #if(CYBLE_MODE_PROFILE)
1764:Generated_Source\PSoC4/Bluetooth_eventHandler.c ****             if((cyBle_eventHandlerFlag & CYBLE_DISABLE_AUTOMATIC_AUTH) == 0u)
 464              		.loc 1 1764 0
 465 012c 4F4B     		ldr	r3, .L51
 466 012e 1B78     		ldrb	r3, [r3]
 467 0130 9B06     		lsls	r3, r3, #26
 468 0132 00D5     		bpl	.LCB411
 469 0134 88E0     		b	.L21	@long jump
 470              	.LCB411:
1765:Generated_Source\PSoC4/Bluetooth_eventHandler.c ****             {
1766:Generated_Source\PSoC4/Bluetooth_eventHandler.c ****                 /* If the responding device does not support pairing then the responding 
1767:Generated_Source\PSoC4/Bluetooth_eventHandler.c ****                    device shall respond using the Pairing Failed message with the error 
1768:Generated_Source\PSoC4/Bluetooth_eventHandler.c ****                    code "Pairing Not Supported" otherwise it responds with a Pairing 
1769:Generated_Source\PSoC4/Bluetooth_eventHandler.c ****                    Response message.
1770:Generated_Source\PSoC4/Bluetooth_eventHandler.c ****                 */
1771:Generated_Source\PSoC4/Bluetooth_eventHandler.c ****                 if(cyBle_authInfo.security == (CYBLE_GAP_SEC_MODE_1 | CYBLE_GAP_SEC_LEVEL_1))
 471              		.loc 1 1771 0
 472 0136 554B     		ldr	r3, .L51+32
 473 0138 1B78     		ldrb	r3, [r3]
 474 013a 102B     		cmp	r3, #16
 475 013c 02D1     		bne	.L45
1772:Generated_Source\PSoC4/Bluetooth_eventHandler.c ****                 {
1773:Generated_Source\PSoC4/Bluetooth_eventHandler.c ****                     cyBle_authInfo.authErr = CYBLE_GAP_AUTH_ERROR_PAIRING_NOT_SUPPORTED;
 476              		.loc 1 1773 0
 477 013e 0522     		movs	r2, #5
 478 0140 524B     		ldr	r3, .L51+32
 479 0142 DA70     		strb	r2, [r3, #3]
 480              	.L45:
 481              	.LBB7:
1774:Generated_Source\PSoC4/Bluetooth_eventHandler.c ****                 }    
1775:Generated_Source\PSoC4/Bluetooth_eventHandler.c ****             #if(CYBLE_GAP_ROLE_PERIPHERAL)
1776:Generated_Source\PSoC4/Bluetooth_eventHandler.c ****                 {
1777:Generated_Source\PSoC4/Bluetooth_eventHandler.c ****                     CYBLE_API_RESULT_T apiResult;
ARM GAS  C:\Users\ARTEM\AppData\Local\Temp\cclhTYy7.s 			page 41


1778:Generated_Source\PSoC4/Bluetooth_eventHandler.c ****                     
1779:Generated_Source\PSoC4/Bluetooth_eventHandler.c ****                     apiResult = CyBle_GappAuthReqReply(cyBle_connHandle.bdHandle, &cyBle_authInfo);
 482              		.loc 1 1779 0
 483 0144 524B     		ldr	r3, .L51+36
 484 0146 1878     		ldrb	r0, [r3]
 485              	.LVL41:
 486 0148 5049     		ldr	r1, .L51+32
 487 014a FFF7FEFF 		bl	CyBle_GappAuthReqReply
 488              	.LVL42:
 489 014e 01AB     		add	r3, sp, #4
 490 0150 1880     		strh	r0, [r3]
1780:Generated_Source\PSoC4/Bluetooth_eventHandler.c ****                     /* Setting callback flag again as CyBle_GappAuthReqReply() will generate
1781:Generated_Source\PSoC4/Bluetooth_eventHandler.c ****                     * CYBLE_EVT_GAP_SMP_NEGOTIATED_AUTH_INFO event which will clear the callback
1782:Generated_Source\PSoC4/Bluetooth_eventHandler.c ****                     * flag.
1783:Generated_Source\PSoC4/Bluetooth_eventHandler.c ****                     */
1784:Generated_Source\PSoC4/Bluetooth_eventHandler.c ****                     if (apiResult != CYBLE_ERROR_OK)
 491              		.loc 1 1784 0
 492 0152 0028     		cmp	r0, #0
 493 0154 04D0     		beq	.L46
1785:Generated_Source\PSoC4/Bluetooth_eventHandler.c ****                     {   
1786:Generated_Source\PSoC4/Bluetooth_eventHandler.c ****                         CyBle_ApplCallback(CYBLE_EVT_GAP_AUTH_REQ_REPLY_ERR , &apiResult);
 494              		.loc 1 1786 0
 495 0156 4F4B     		ldr	r3, .L51+40
 496 0158 1B68     		ldr	r3, [r3]
 497 015a 01A9     		add	r1, sp, #4
 498 015c 3620     		movs	r0, #54
 499 015e 9847     		blx	r3
 500              	.LVL43:
 501              	.L46:
1787:Generated_Source\PSoC4/Bluetooth_eventHandler.c ****                     }
1788:Generated_Source\PSoC4/Bluetooth_eventHandler.c ****                     cyBle_eventHandlerFlag |= CYBLE_CALLBACK;
 502              		.loc 1 1788 0
 503 0160 424A     		ldr	r2, .L51
 504 0162 1178     		ldrb	r1, [r2]
 505 0164 0123     		movs	r3, #1
 506 0166 0B43     		orrs	r3, r1
 507 0168 DBB2     		uxtb	r3, r3
 508 016a 1370     		strb	r3, [r2]
 509 016c 6CE0     		b	.L21
 510              	.LVL44:
 511              	.L31:
 512              	.LBE7:
1789:Generated_Source\PSoC4/Bluetooth_eventHandler.c ****                 }
1790:Generated_Source\PSoC4/Bluetooth_eventHandler.c ****             #endif /* CYBLE_GAP_ROLE_PERIPHERAL */
1791:Generated_Source\PSoC4/Bluetooth_eventHandler.c ****             #if (CYBLE_GAP_ROLE_CENTRAL)
1792:Generated_Source\PSoC4/Bluetooth_eventHandler.c ****                 (void)CyBle_GapAuthReq(cyBle_connHandle.bdHandle, &cyBle_authInfo);
1793:Generated_Source\PSoC4/Bluetooth_eventHandler.c ****             #endif /* CYBLE_GAP_ROLE_CENTRAL */
1794:Generated_Source\PSoC4/Bluetooth_eventHandler.c ****             }
1795:Generated_Source\PSoC4/Bluetooth_eventHandler.c ****         #endif /* CYBLE_MODE_PROFILE */
1796:Generated_Source\PSoC4/Bluetooth_eventHandler.c ****             break;
1797:Generated_Source\PSoC4/Bluetooth_eventHandler.c ****         
1798:Generated_Source\PSoC4/Bluetooth_eventHandler.c ****         case CYBLE_EVT_GAP_AUTH_COMPLETE:
1799:Generated_Source\PSoC4/Bluetooth_eventHandler.c ****         #if((CYBLE_GAP_ROLE_PERIPHERAL || CYBLE_GAP_ROLE_CENTRAL) && (CYBLE_BONDING_REQUIREMENT == 
1800:Generated_Source\PSoC4/Bluetooth_eventHandler.c ****             cyBle_peerBonding = ((CYBLE_GAP_AUTH_INFO_T *)eventParam)->bonding;
 513              		.loc 1 1800 0
 514 016e 6A78     		ldrb	r2, [r5, #1]
 515 0170 494B     		ldr	r3, .L51+44
ARM GAS  C:\Users\ARTEM\AppData\Local\Temp\cclhTYy7.s 			page 42


 516 0172 1A70     		strb	r2, [r3]
1801:Generated_Source\PSoC4/Bluetooth_eventHandler.c ****         #endif  /* CYBLE_BONDING_REQUIREMENT == CYBLE_BONDING_YES */
1802:Generated_Source\PSoC4/Bluetooth_eventHandler.c ****             break;
 517              		.loc 1 1802 0
 518 0174 68E0     		b	.L21
 519              	.L36:
 520              	.LVL45:
 521              	.LBB8:
1803:Generated_Source\PSoC4/Bluetooth_eventHandler.c ****         
1804:Generated_Source\PSoC4/Bluetooth_eventHandler.c ****         case CYBLE_EVT_GAP_CONNECTION_UPDATE_COMPLETE:
1805:Generated_Source\PSoC4/Bluetooth_eventHandler.c ****             CyBle_GapConnUpdateCompleteEventHandler((const CYBLE_GAP_CONN_PARAM_UPDATED_IN_CONTROLL
1806:Generated_Source\PSoC4/Bluetooth_eventHandler.c ****             break;
1807:Generated_Source\PSoC4/Bluetooth_eventHandler.c ****             
1808:Generated_Source\PSoC4/Bluetooth_eventHandler.c ****     #if(CYBLE_LL_PRIVACY_FEATURE != 0u)        
1809:Generated_Source\PSoC4/Bluetooth_eventHandler.c ****         case CYBLE_EVT_GAP_ENHANCE_CONN_COMPLETE:
1810:Generated_Source\PSoC4/Bluetooth_eventHandler.c ****         {
1811:Generated_Source\PSoC4/Bluetooth_eventHandler.c ****             CYBLE_GAP_CONN_PARAM_UPDATED_IN_CONTROLLER_T  connCParam;
1812:Generated_Source\PSoC4/Bluetooth_eventHandler.c ****             CYBLE_GAP_ENHANCE_CONN_COMPLETE_T *connEnhanceParam;
1813:Generated_Source\PSoC4/Bluetooth_eventHandler.c ****             
1814:Generated_Source\PSoC4/Bluetooth_eventHandler.c ****             connEnhanceParam = (CYBLE_GAP_ENHANCE_CONN_COMPLETE_T *)eventParam;
1815:Generated_Source\PSoC4/Bluetooth_eventHandler.c ****             connCParam.status = connEnhanceParam->status;
1816:Generated_Source\PSoC4/Bluetooth_eventHandler.c ****             connCParam.connIntv = connEnhanceParam->connIntv;
1817:Generated_Source\PSoC4/Bluetooth_eventHandler.c ****             connCParam.connLatency = connEnhanceParam->connLatency;
1818:Generated_Source\PSoC4/Bluetooth_eventHandler.c ****             connCParam.supervisionTO = connEnhanceParam->supervisionTo;
1819:Generated_Source\PSoC4/Bluetooth_eventHandler.c ****             CyBle_GapConnUpdateCompleteEventHandler((const CYBLE_GAP_CONN_PARAM_UPDATED_IN_CONTROLL
1820:Generated_Source\PSoC4/Bluetooth_eventHandler.c ****             
1821:Generated_Source\PSoC4/Bluetooth_eventHandler.c ****             #if(CYBLE_GAP_ROLE_CENTRAL)
1822:Generated_Source\PSoC4/Bluetooth_eventHandler.c ****                 if(cyBle_connectingTimeout != 0u)
1823:Generated_Source\PSoC4/Bluetooth_eventHandler.c ****                 {
1824:Generated_Source\PSoC4/Bluetooth_eventHandler.c ****                    (void)CyBle_StopTimer();
1825:Generated_Source\PSoC4/Bluetooth_eventHandler.c ****                 }
1826:Generated_Source\PSoC4/Bluetooth_eventHandler.c ****             #endif /* CYBLE_GAP_ROLE_CENTRAL */
1827:Generated_Source\PSoC4/Bluetooth_eventHandler.c ****             CyBle_SetState(CYBLE_STATE_CONNECTED);
 522              		.loc 1 1827 0
 523 0176 0222     		movs	r2, #2
 524 0178 404B     		ldr	r3, .L51+16
 525 017a 1A70     		strb	r2, [r3]
 526              	.LBE8:
1828:Generated_Source\PSoC4/Bluetooth_eventHandler.c ****         }
1829:Generated_Source\PSoC4/Bluetooth_eventHandler.c ****             break;
 527              		.loc 1 1829 0
 528 017c 64E0     		b	.L21
 529              	.LVL46:
 530              	.L30:
1830:Generated_Source\PSoC4/Bluetooth_eventHandler.c ****     #endif /* CYBLE_LL_PRIVACY_FEATURE != 0u */      
1831:Generated_Source\PSoC4/Bluetooth_eventHandler.c ****             
1832:Generated_Source\PSoC4/Bluetooth_eventHandler.c ****         case CYBLE_EVT_GAP_DEVICE_CONNECTED:
1833:Generated_Source\PSoC4/Bluetooth_eventHandler.c ****             CyBle_GapConnUpdateCompleteEventHandler((const CYBLE_GAP_CONN_PARAM_UPDATED_IN_CONTROLL
1834:Generated_Source\PSoC4/Bluetooth_eventHandler.c ****             #if(CYBLE_GAP_ROLE_CENTRAL)
1835:Generated_Source\PSoC4/Bluetooth_eventHandler.c ****                 if(cyBle_connectingTimeout != 0u)
1836:Generated_Source\PSoC4/Bluetooth_eventHandler.c ****                 {
1837:Generated_Source\PSoC4/Bluetooth_eventHandler.c ****                    (void)CyBle_StopTimer();
1838:Generated_Source\PSoC4/Bluetooth_eventHandler.c ****                 }
1839:Generated_Source\PSoC4/Bluetooth_eventHandler.c ****             #endif /* CYBLE_GAP_ROLE_CENTRAL */
1840:Generated_Source\PSoC4/Bluetooth_eventHandler.c ****             CyBle_SetState(CYBLE_STATE_CONNECTED);
 531              		.loc 1 1840 0
 532 017e 0222     		movs	r2, #2
ARM GAS  C:\Users\ARTEM\AppData\Local\Temp\cclhTYy7.s 			page 43


 533 0180 3E4B     		ldr	r3, .L51+16
 534 0182 1A70     		strb	r2, [r3]
1841:Generated_Source\PSoC4/Bluetooth_eventHandler.c ****             break;
 535              		.loc 1 1841 0
 536 0184 60E0     		b	.L21
 537              	.L22:
1842:Generated_Source\PSoC4/Bluetooth_eventHandler.c **** 
1843:Generated_Source\PSoC4/Bluetooth_eventHandler.c ****         case CYBLE_EVT_GAP_DEVICE_DISCONNECTED:
1844:Generated_Source\PSoC4/Bluetooth_eventHandler.c ****             CyBle_SetState(CYBLE_STATE_DISCONNECTED);
 538              		.loc 1 1844 0
 539 0186 0422     		movs	r2, #4
 540 0188 3C4B     		ldr	r3, .L51+16
 541 018a 1A70     		strb	r2, [r3]
1845:Generated_Source\PSoC4/Bluetooth_eventHandler.c ****             break;
 542              		.loc 1 1845 0
 543 018c 5CE0     		b	.L21
 544              	.L29:
1846:Generated_Source\PSoC4/Bluetooth_eventHandler.c ****         #if(CYBLE_GAP_ROLE_PERIPHERAL || CYBLE_GAP_ROLE_BROADCASTER)
1847:Generated_Source\PSoC4/Bluetooth_eventHandler.c ****             
1848:Generated_Source\PSoC4/Bluetooth_eventHandler.c ****         case CYBLE_EVT_GAPP_ADVERTISEMENT_START_STOP:
1849:Generated_Source\PSoC4/Bluetooth_eventHandler.c ****             #ifdef CYBLE_CPS_SERVER
1850:Generated_Source\PSoC4/Bluetooth_eventHandler.c ****                 #if(CYBLE_GAP_ROLE_BROADCASTER)
1851:Generated_Source\PSoC4/Bluetooth_eventHandler.c ****                     CyBle_CpssAdvertisementStartStopEventHandler();
1852:Generated_Source\PSoC4/Bluetooth_eventHandler.c ****                 #endif /* CYBLE_GAP_ROLE_BROADCASTER */
1853:Generated_Source\PSoC4/Bluetooth_eventHandler.c ****             #endif /* CYBLE_CPS_SERVER */
1854:Generated_Source\PSoC4/Bluetooth_eventHandler.c ****             
1855:Generated_Source\PSoC4/Bluetooth_eventHandler.c ****             if((CYBLE_STATE_CONNECTED != CyBle_GetState()) && ((cyBle_eventHandlerFlag & CYBLE_CALL
 545              		.loc 1 1855 0
 546 018e 3B4B     		ldr	r3, .L51+16
 547 0190 1B78     		ldrb	r3, [r3]
 548 0192 022B     		cmp	r3, #2
 549 0194 58D0     		beq	.L21
 550              		.loc 1 1855 0 is_stmt 0 discriminator 1
 551 0196 354A     		ldr	r2, .L51
 552 0198 1278     		ldrb	r2, [r2]
 553 019a D207     		lsls	r2, r2, #31
 554 019c 54D5     		bpl	.L21
1856:Generated_Source\PSoC4/Bluetooth_eventHandler.c ****             {
1857:Generated_Source\PSoC4/Bluetooth_eventHandler.c ****                 /* After CyBle_GappStartAdvertisement first event indicates that advertising has be
1858:Generated_Source\PSoC4/Bluetooth_eventHandler.c ****                 if(0u != (cyBle_eventHandlerFlag & CYBLE_START_FLAG))
 555              		.loc 1 1858 0 is_stmt 1
 556 019e 334A     		ldr	r2, .L51
 557 01a0 1278     		ldrb	r2, [r2]
 558 01a2 5207     		lsls	r2, r2, #29
 559 01a4 08D5     		bpl	.L47
1859:Generated_Source\PSoC4/Bluetooth_eventHandler.c ****                 {
1860:Generated_Source\PSoC4/Bluetooth_eventHandler.c ****                     CyBle_SetState(CYBLE_STATE_ADVERTISING);
 560              		.loc 1 1860 0
 561 01a6 0322     		movs	r2, #3
 562 01a8 344B     		ldr	r3, .L51+16
 563 01aa 1A70     		strb	r2, [r3]
1861:Generated_Source\PSoC4/Bluetooth_eventHandler.c ****                     cyBle_eventHandlerFlag &= (uint8)~CYBLE_START_FLAG;
 564              		.loc 1 1861 0
 565 01ac 2F4A     		ldr	r2, .L51
 566 01ae 1378     		ldrb	r3, [r2]
 567 01b0 0421     		movs	r1, #4
 568 01b2 8B43     		bics	r3, r1
ARM GAS  C:\Users\ARTEM\AppData\Local\Temp\cclhTYy7.s 			page 44


 569 01b4 1370     		strb	r3, [r2]
 570 01b6 47E0     		b	.L21
 571              	.L47:
1862:Generated_Source\PSoC4/Bluetooth_eventHandler.c ****                 }
1863:Generated_Source\PSoC4/Bluetooth_eventHandler.c ****                 /* When application initiated stop advertisement */
1864:Generated_Source\PSoC4/Bluetooth_eventHandler.c ****                 else if(0u != (cyBle_eventHandlerFlag & CYBLE_STOP_FLAG))
 572              		.loc 1 1864 0
 573 01b8 2C4A     		ldr	r2, .L51
 574 01ba 1278     		ldrb	r2, [r2]
 575 01bc 1207     		lsls	r2, r2, #28
 576 01be 08D5     		bpl	.L48
1865:Generated_Source\PSoC4/Bluetooth_eventHandler.c ****                 {
1866:Generated_Source\PSoC4/Bluetooth_eventHandler.c ****                     CyBle_SetState(CYBLE_STATE_DISCONNECTED);  
 577              		.loc 1 1866 0
 578 01c0 0422     		movs	r2, #4
 579 01c2 2E4B     		ldr	r3, .L51+16
 580 01c4 1A70     		strb	r2, [r3]
1867:Generated_Source\PSoC4/Bluetooth_eventHandler.c ****                     cyBle_eventHandlerFlag &= (uint8)~CYBLE_STOP_FLAG;
 581              		.loc 1 1867 0
 582 01c6 294A     		ldr	r2, .L51
 583 01c8 1378     		ldrb	r3, [r2]
 584 01ca 0821     		movs	r1, #8
 585 01cc 8B43     		bics	r3, r1
 586 01ce 1370     		strb	r3, [r2]
 587 01d0 3AE0     		b	.L21
 588              	.L48:
1868:Generated_Source\PSoC4/Bluetooth_eventHandler.c ****                 }
1869:Generated_Source\PSoC4/Bluetooth_eventHandler.c ****                 else /* Following event indicates that advertising has been stopped */
1870:Generated_Source\PSoC4/Bluetooth_eventHandler.c ****                 {
1871:Generated_Source\PSoC4/Bluetooth_eventHandler.c ****                     if(CyBle_GetState() == CYBLE_STATE_ADVERTISING)
 589              		.loc 1 1871 0
 590 01d2 032B     		cmp	r3, #3
 591 01d4 38D1     		bne	.L21
1872:Generated_Source\PSoC4/Bluetooth_eventHandler.c ****                     {
1873:Generated_Source\PSoC4/Bluetooth_eventHandler.c ****                         CyBle_SetState(CYBLE_STATE_DISCONNECTED);
 592              		.loc 1 1873 0
 593 01d6 0422     		movs	r2, #4
 594 01d8 284B     		ldr	r3, .L51+16
 595 01da 1A70     		strb	r2, [r3]
 596 01dc 34E0     		b	.L21
 597              	.L34:
1874:Generated_Source\PSoC4/Bluetooth_eventHandler.c ****                     #if ((CYBLE_SLOW_ADV_ENABLED != 0u) && (CYBLE_FAST_ADV_TIMEOUT != 0u))
1875:Generated_Source\PSoC4/Bluetooth_eventHandler.c ****                         if(cyBle_advertisingIntervalType == CYBLE_ADVERTISING_FAST)
1876:Generated_Source\PSoC4/Bluetooth_eventHandler.c ****                         {
1877:Generated_Source\PSoC4/Bluetooth_eventHandler.c ****                             /* When fast advertising time out occur: Start slow advertising */
1878:Generated_Source\PSoC4/Bluetooth_eventHandler.c ****                             if(CyBle_GappStartAdvertisement(CYBLE_ADVERTISING_SLOW) == CYBLE_ERROR_
1879:Generated_Source\PSoC4/Bluetooth_eventHandler.c ****                             {
1880:Generated_Source\PSoC4/Bluetooth_eventHandler.c ****                                 CyBle_SetState(CYBLE_STATE_ADVERTISING);
1881:Generated_Source\PSoC4/Bluetooth_eventHandler.c ****                             }
1882:Generated_Source\PSoC4/Bluetooth_eventHandler.c ****                         }
1883:Generated_Source\PSoC4/Bluetooth_eventHandler.c ****                     #endif /* CYBLE_SLOW_ADV_ENABLED */
1884:Generated_Source\PSoC4/Bluetooth_eventHandler.c ****                     }
1885:Generated_Source\PSoC4/Bluetooth_eventHandler.c ****                 }
1886:Generated_Source\PSoC4/Bluetooth_eventHandler.c ****             }
1887:Generated_Source\PSoC4/Bluetooth_eventHandler.c ****             break;
1888:Generated_Source\PSoC4/Bluetooth_eventHandler.c ****         #endif /* CYBLE_GAP_ROLE_PERIPHERAL || CYBLE_GAP_ROLE_BROADCASTER */
1889:Generated_Source\PSoC4/Bluetooth_eventHandler.c ****         
ARM GAS  C:\Users\ARTEM\AppData\Local\Temp\cclhTYy7.s 			page 45


1890:Generated_Source\PSoC4/Bluetooth_eventHandler.c ****         #if(CYBLE_GAP_ROLE_CENTRAL || CYBLE_GAP_ROLE_OBSERVER)    
1891:Generated_Source\PSoC4/Bluetooth_eventHandler.c ****         case CYBLE_EVT_GAPC_SCAN_START_STOP:
1892:Generated_Source\PSoC4/Bluetooth_eventHandler.c ****             #ifdef CYBLE_CPS_CLIENT
1893:Generated_Source\PSoC4/Bluetooth_eventHandler.c ****                 CyBle_CpscScanStartStopEventHandler();
1894:Generated_Source\PSoC4/Bluetooth_eventHandler.c ****             #endif /* CYBLE_CPS_CLIENT */
1895:Generated_Source\PSoC4/Bluetooth_eventHandler.c ****             
1896:Generated_Source\PSoC4/Bluetooth_eventHandler.c ****             if((CYBLE_STATE_CONNECTED != CyBle_GetState()) && ((cyBle_eventHandlerFlag & CYBLE_CALL
1897:Generated_Source\PSoC4/Bluetooth_eventHandler.c ****             {
1898:Generated_Source\PSoC4/Bluetooth_eventHandler.c ****                 /* After CyBle_GapcStartScan first event indicates that scanning has been started *
1899:Generated_Source\PSoC4/Bluetooth_eventHandler.c ****                 if(0u != (cyBle_eventHandlerFlag & CYBLE_START_FLAG))
1900:Generated_Source\PSoC4/Bluetooth_eventHandler.c ****                 {
1901:Generated_Source\PSoC4/Bluetooth_eventHandler.c ****                     CyBle_SetState(CYBLE_STATE_SCANNING);
1902:Generated_Source\PSoC4/Bluetooth_eventHandler.c ****                     cyBle_eventHandlerFlag &= (uint8)~CYBLE_START_FLAG;
1903:Generated_Source\PSoC4/Bluetooth_eventHandler.c ****                 }
1904:Generated_Source\PSoC4/Bluetooth_eventHandler.c ****                 /* When application initiated stop scanning */
1905:Generated_Source\PSoC4/Bluetooth_eventHandler.c ****                 else if(0u != (cyBle_eventHandlerFlag & CYBLE_STOP_FLAG))
1906:Generated_Source\PSoC4/Bluetooth_eventHandler.c ****                 {
1907:Generated_Source\PSoC4/Bluetooth_eventHandler.c ****                     CyBle_SetState(CYBLE_STATE_DISCONNECTED);  
1908:Generated_Source\PSoC4/Bluetooth_eventHandler.c ****                     cyBle_eventHandlerFlag &= (uint8)~CYBLE_STOP_FLAG;
1909:Generated_Source\PSoC4/Bluetooth_eventHandler.c ****                 }
1910:Generated_Source\PSoC4/Bluetooth_eventHandler.c ****                 else /* Following event indicates that scanning has been stopped by stack */
1911:Generated_Source\PSoC4/Bluetooth_eventHandler.c ****                 {
1912:Generated_Source\PSoC4/Bluetooth_eventHandler.c ****                     if(CyBle_GetState() == CYBLE_STATE_SCANNING)
1913:Generated_Source\PSoC4/Bluetooth_eventHandler.c ****                     {
1914:Generated_Source\PSoC4/Bluetooth_eventHandler.c ****                         CyBle_SetState(CYBLE_STATE_DISCONNECTED);  
1915:Generated_Source\PSoC4/Bluetooth_eventHandler.c ****                     #if ((CYBLE_SLOW_SCAN_ENABLED != 0u) && (CYBLE_FAST_SCAN_TIMEOUT != 0u))
1916:Generated_Source\PSoC4/Bluetooth_eventHandler.c ****                         if(cyBle_scanningIntervalType == CYBLE_SCANNING_FAST)
1917:Generated_Source\PSoC4/Bluetooth_eventHandler.c ****                         {
1918:Generated_Source\PSoC4/Bluetooth_eventHandler.c ****                             /* When fast scanning time out occur: Start slow scanning */
1919:Generated_Source\PSoC4/Bluetooth_eventHandler.c ****                             if(CyBle_GapcStartScan(CYBLE_SCANNING_SLOW) == CYBLE_ERROR_OK)
1920:Generated_Source\PSoC4/Bluetooth_eventHandler.c ****                             {
1921:Generated_Source\PSoC4/Bluetooth_eventHandler.c ****                                 CyBle_SetState(CYBLE_STATE_SCANNING);
1922:Generated_Source\PSoC4/Bluetooth_eventHandler.c ****                             }
1923:Generated_Source\PSoC4/Bluetooth_eventHandler.c ****                         }
1924:Generated_Source\PSoC4/Bluetooth_eventHandler.c ****                     #endif /* CYBLE_SLOW_SCAN_ENABLED */
1925:Generated_Source\PSoC4/Bluetooth_eventHandler.c ****                     }
1926:Generated_Source\PSoC4/Bluetooth_eventHandler.c ****                 }
1927:Generated_Source\PSoC4/Bluetooth_eventHandler.c ****             }
1928:Generated_Source\PSoC4/Bluetooth_eventHandler.c ****             break;
1929:Generated_Source\PSoC4/Bluetooth_eventHandler.c ****         #endif /* CYBLE_GAP_ROLE_CENTRAL || CYBLE_GAP_ROLE_OBSERVER */
1930:Generated_Source\PSoC4/Bluetooth_eventHandler.c **** 
1931:Generated_Source\PSoC4/Bluetooth_eventHandler.c ****         /**********************************************************
1932:Generated_Source\PSoC4/Bluetooth_eventHandler.c ****         * L2AP events 
1933:Generated_Source\PSoC4/Bluetooth_eventHandler.c ****         ************************************************************/
1934:Generated_Source\PSoC4/Bluetooth_eventHandler.c ****         case CYBLE_EVT_L2CAP_CONN_PARAM_UPDATE_RSP:
1935:Generated_Source\PSoC4/Bluetooth_eventHandler.c ****             CyBle_L2Cap_ConnParamUpdateRspEventHandler(*(uint16 *)eventParam);
1936:Generated_Source\PSoC4/Bluetooth_eventHandler.c ****             break;
1937:Generated_Source\PSoC4/Bluetooth_eventHandler.c ****         
1938:Generated_Source\PSoC4/Bluetooth_eventHandler.c ****         /**********************************************************
1939:Generated_Source\PSoC4/Bluetooth_eventHandler.c ****         * GATT events
1940:Generated_Source\PSoC4/Bluetooth_eventHandler.c ****         ************************************************************/        
1941:Generated_Source\PSoC4/Bluetooth_eventHandler.c ****         case CYBLE_EVT_GATT_CONNECT_IND:
1942:Generated_Source\PSoC4/Bluetooth_eventHandler.c ****             cyBle_connHandle = *(CYBLE_CONN_HANDLE_T *)eventParam;
 598              		.loc 1 1942 0
 599 01de 2C4E     		ldr	r6, .L51+36
 600 01e0 0222     		movs	r2, #2
 601 01e2 2900     		movs	r1, r5
ARM GAS  C:\Users\ARTEM\AppData\Local\Temp\cclhTYy7.s 			page 46


 602 01e4 3000     		movs	r0, r6
 603              	.LVL47:
 604 01e6 FFF7FEFF 		bl	memcpy
 605              	.LVL48:
1943:Generated_Source\PSoC4/Bluetooth_eventHandler.c ****             cyBle_busyStatus = CYBLE_STACK_STATE_FREE;
 606              		.loc 1 1943 0
 607 01ea 0022     		movs	r2, #0
 608 01ec 244B     		ldr	r3, .L51+20
 609 01ee 1A70     		strb	r2, [r3]
1944:Generated_Source\PSoC4/Bluetooth_eventHandler.c ****             
1945:Generated_Source\PSoC4/Bluetooth_eventHandler.c ****         #if((CYBLE_GATT_ROLE_SERVER) && (CYBLE_GATT_DB_CCCD_COUNT != 0u) && \
1946:Generated_Source\PSoC4/Bluetooth_eventHandler.c ****             (CYBLE_BONDING_REQUIREMENT == CYBLE_BONDING_YES))
1947:Generated_Source\PSoC4/Bluetooth_eventHandler.c ****             /* Init CCCD values in RAM when bonding is enabled */
1948:Generated_Source\PSoC4/Bluetooth_eventHandler.c ****         	(void) memcpy (cyBle_attValuesCCCD, cyBle_flashStorage.attValuesCCCDFlashMemory[cyBle_conn
 610              		.loc 1 1948 0
 611 01f0 3178     		ldrb	r1, [r6]
 612 01f2 0901     		lsls	r1, r1, #4
 613 01f4 294B     		ldr	r3, .L51+48
 614 01f6 5918     		adds	r1, r3, r1
 615 01f8 294B     		ldr	r3, .L51+52
 616 01fa 9C46     		mov	ip, r3
 617 01fc 6144     		add	r1, r1, ip
 618 01fe 1032     		adds	r2, r2, #16
 619 0200 2848     		ldr	r0, .L51+56
 620 0202 FFF7FEFF 		bl	memcpy
 621              	.LVL49:
1949:Generated_Source\PSoC4/Bluetooth_eventHandler.c ****                             CYBLE_GATT_DB_CCCD_COUNT);
1950:Generated_Source\PSoC4/Bluetooth_eventHandler.c ****         #endif /* CYBLE_GATT_ROLE_SERVER && (CYBLE_BONDING_REQUIREMENT == CYBLE_BONDING_YES) */
1951:Generated_Source\PSoC4/Bluetooth_eventHandler.c ****         
1952:Generated_Source\PSoC4/Bluetooth_eventHandler.c ****         #if (CYBLE_GATT_ROLE_CLIENT)
1953:Generated_Source\PSoC4/Bluetooth_eventHandler.c ****             CyBle_SetClientState(CYBLE_CLIENT_STATE_CONNECTED);
1954:Generated_Source\PSoC4/Bluetooth_eventHandler.c ****         #endif /* CYBLE_GATT_ROLE_CLIENT */
1955:Generated_Source\PSoC4/Bluetooth_eventHandler.c ****         
1956:Generated_Source\PSoC4/Bluetooth_eventHandler.c ****             CyBle_GattConnectReqHandler();
1957:Generated_Source\PSoC4/Bluetooth_eventHandler.c ****             break;
 622              		.loc 1 1957 0
 623 0206 1FE0     		b	.L21
 624              	.LVL50:
 625              	.L35:
1958:Generated_Source\PSoC4/Bluetooth_eventHandler.c **** 
1959:Generated_Source\PSoC4/Bluetooth_eventHandler.c ****         case CYBLE_EVT_GATT_DISCONNECT_IND:
1960:Generated_Source\PSoC4/Bluetooth_eventHandler.c ****             CyBle_GattDisconnectEventHandler();
 626              		.loc 1 1960 0
 627 0208 FFF7FEFF 		bl	CyBle_GattDisconnectEventHandler
 628              	.LVL51:
1961:Generated_Source\PSoC4/Bluetooth_eventHandler.c ****             break;
 629              		.loc 1 1961 0
 630 020c 1CE0     		b	.L21
 631              	.LVL52:
 632              	.L32:
 633              	.LBB9:
1962:Generated_Source\PSoC4/Bluetooth_eventHandler.c **** 
1963:Generated_Source\PSoC4/Bluetooth_eventHandler.c ****     #if((CYBLE_GATT_ROLE_SERVER) || (CYBLE_GATT_ROLE_CLIENT))
1964:Generated_Source\PSoC4/Bluetooth_eventHandler.c ****         case CYBLE_EVT_GATTS_XCNHG_MTU_REQ:
1965:Generated_Source\PSoC4/Bluetooth_eventHandler.c ****             {
1966:Generated_Source\PSoC4/Bluetooth_eventHandler.c ****                 uint16 cyBle_mtuSize;
1967:Generated_Source\PSoC4/Bluetooth_eventHandler.c ****                 if(CYBLE_GATT_MTU > ((CYBLE_GATT_XCHG_MTU_PARAM_T *)eventParam)->mtu)
ARM GAS  C:\Users\ARTEM\AppData\Local\Temp\cclhTYy7.s 			page 47


 634              		.loc 1 1967 0
 635 020e 6988     		ldrh	r1, [r5, #2]
 636 0210 1629     		cmp	r1, #22
 637 0212 00D9     		bls	.L49
1968:Generated_Source\PSoC4/Bluetooth_eventHandler.c ****                 {
1969:Generated_Source\PSoC4/Bluetooth_eventHandler.c ****                     cyBle_mtuSize = ((CYBLE_GATT_XCHG_MTU_PARAM_T *)eventParam)->mtu;
1970:Generated_Source\PSoC4/Bluetooth_eventHandler.c ****                 }
1971:Generated_Source\PSoC4/Bluetooth_eventHandler.c ****                 else
1972:Generated_Source\PSoC4/Bluetooth_eventHandler.c ****                 {
1973:Generated_Source\PSoC4/Bluetooth_eventHandler.c ****                     cyBle_mtuSize = CYBLE_GATT_MTU;
 638              		.loc 1 1973 0
 639 0214 1721     		movs	r1, #23
 640              	.L49:
 641              	.LVL53:
1974:Generated_Source\PSoC4/Bluetooth_eventHandler.c ****                 }
1975:Generated_Source\PSoC4/Bluetooth_eventHandler.c ****                 (void)CyBle_GattsExchangeMtuRsp(((CYBLE_GATT_XCHG_MTU_PARAM_T *)eventParam)->connHa
 642              		.loc 1 1975 0
 643 0216 2888     		ldrh	r0, [r5]
 644              	.LVL54:
 645 0218 FFF7FEFF 		bl	CyBle_GattsExchangeMtuRsp
 646              	.LVL55:
 647              	.LBE9:
1976:Generated_Source\PSoC4/Bluetooth_eventHandler.c ****             }
1977:Generated_Source\PSoC4/Bluetooth_eventHandler.c ****             break;
 648              		.loc 1 1977 0
 649 021c 14E0     		b	.L21
 650              	.LVL56:
 651              	.L39:
1978:Generated_Source\PSoC4/Bluetooth_eventHandler.c ****     #endif /* CYBLE_GATT_ROLE_SERVER || CYBLE_GATT_ROLE_CLIENT */
1979:Generated_Source\PSoC4/Bluetooth_eventHandler.c ****     
1980:Generated_Source\PSoC4/Bluetooth_eventHandler.c ****     #if (CYBLE_GATT_ROLE_CLIENT)
1981:Generated_Source\PSoC4/Bluetooth_eventHandler.c ****         case CYBLE_EVT_GAPC_SCAN_PROGRESS_RESULT:
1982:Generated_Source\PSoC4/Bluetooth_eventHandler.c ****         #ifdef CYBLE_CPS_CLIENT
1983:Generated_Source\PSoC4/Bluetooth_eventHandler.c ****             CyBle_CpscScanProcessEventHandler((CYBLE_GAPC_ADV_REPORT_T *)eventParam);
1984:Generated_Source\PSoC4/Bluetooth_eventHandler.c ****         #endif /* CYBLE_CPS_CLIENT */
1985:Generated_Source\PSoC4/Bluetooth_eventHandler.c ****             break;
1986:Generated_Source\PSoC4/Bluetooth_eventHandler.c ****     #endif /* CYBLE_GATT_ROLE_CLIENT */
1987:Generated_Source\PSoC4/Bluetooth_eventHandler.c **** 
1988:Generated_Source\PSoC4/Bluetooth_eventHandler.c ****     #if(CYBLE_GATT_ROLE_SERVER)
1989:Generated_Source\PSoC4/Bluetooth_eventHandler.c ****         case CYBLE_EVT_GATTS_WRITE_REQ:
1990:Generated_Source\PSoC4/Bluetooth_eventHandler.c ****             CyBle_WriteReqHandler((CYBLE_GATTS_WRITE_REQ_PARAM_T *)eventParam);
 652              		.loc 1 1990 0
 653 021e 2800     		movs	r0, r5
 654              	.LVL57:
 655 0220 FFF7FEFF 		bl	CyBle_WriteReqHandler
 656              	.LVL58:
1991:Generated_Source\PSoC4/Bluetooth_eventHandler.c ****             break;
 657              		.loc 1 1991 0
 658 0224 10E0     		b	.L21
 659              	.LVL59:
 660              	.L37:
1992:Generated_Source\PSoC4/Bluetooth_eventHandler.c **** 
1993:Generated_Source\PSoC4/Bluetooth_eventHandler.c ****         case CYBLE_EVT_GATTS_WRITE_CMD_REQ:
1994:Generated_Source\PSoC4/Bluetooth_eventHandler.c ****         #ifdef CYBLE_AIOS_SERVER
1995:Generated_Source\PSoC4/Bluetooth_eventHandler.c ****             if((cyBle_eventHandlerFlag & CYBLE_CALLBACK) != 0u)
 661              		.loc 1 1995 0
 662 0226 114B     		ldr	r3, .L51
ARM GAS  C:\Users\ARTEM\AppData\Local\Temp\cclhTYy7.s 			page 48


 663 0228 1B78     		ldrb	r3, [r3]
 664 022a DB07     		lsls	r3, r3, #31
 665 022c 0CD5     		bpl	.L21
1996:Generated_Source\PSoC4/Bluetooth_eventHandler.c ****             {
1997:Generated_Source\PSoC4/Bluetooth_eventHandler.c ****                 (void)CyBle_AiossWriteEventHandler((CYBLE_GATTS_WRITE_REQ_PARAM_T *)eventParam);
 666              		.loc 1 1997 0
 667 022e 2800     		movs	r0, r5
 668              	.LVL60:
 669 0230 FFF7FEFF 		bl	CyBle_AiossWriteEventHandler
 670              	.LVL61:
 671 0234 08E0     		b	.L21
 672              	.LVL62:
 673              	.L40:
1998:Generated_Source\PSoC4/Bluetooth_eventHandler.c ****             }
1999:Generated_Source\PSoC4/Bluetooth_eventHandler.c ****         #endif /* CYBLE_AIOS_SERVER */
2000:Generated_Source\PSoC4/Bluetooth_eventHandler.c ****         #ifdef CYBLE_IAS_SERVER
2001:Generated_Source\PSoC4/Bluetooth_eventHandler.c ****             if((cyBle_eventHandlerFlag & CYBLE_CALLBACK) != 0u)
2002:Generated_Source\PSoC4/Bluetooth_eventHandler.c ****             {
2003:Generated_Source\PSoC4/Bluetooth_eventHandler.c ****                 (void)CyBle_IassWriteCmdEventHandler((CYBLE_GATTS_WRITE_REQ_PARAM_T *)eventParam);
2004:Generated_Source\PSoC4/Bluetooth_eventHandler.c ****             }
2005:Generated_Source\PSoC4/Bluetooth_eventHandler.c ****         #endif /* CYBLE_IAS_SERVER */
2006:Generated_Source\PSoC4/Bluetooth_eventHandler.c ****         #ifdef CYBLE_IPS_SERVER
2007:Generated_Source\PSoC4/Bluetooth_eventHandler.c ****             if((cyBle_eventHandlerFlag & CYBLE_CALLBACK) != 0u)
2008:Generated_Source\PSoC4/Bluetooth_eventHandler.c ****             {
2009:Generated_Source\PSoC4/Bluetooth_eventHandler.c ****                 (void)CyBle_IpssWriteCmdEventHandler((CYBLE_GATTS_WRITE_REQ_PARAM_T *)eventParam);
2010:Generated_Source\PSoC4/Bluetooth_eventHandler.c ****             }
2011:Generated_Source\PSoC4/Bluetooth_eventHandler.c ****         #endif /* CYBLE_IPS_SERVER */
2012:Generated_Source\PSoC4/Bluetooth_eventHandler.c ****         #ifdef CYBLE_HIDS_SERVER
2013:Generated_Source\PSoC4/Bluetooth_eventHandler.c ****             if((cyBle_eventHandlerFlag & CYBLE_CALLBACK) != 0u)
2014:Generated_Source\PSoC4/Bluetooth_eventHandler.c ****             {
2015:Generated_Source\PSoC4/Bluetooth_eventHandler.c ****                 (void)CyBle_HidssWriteEventHandler((CYBLE_GATTS_WRITE_REQ_PARAM_T *)eventParam);
2016:Generated_Source\PSoC4/Bluetooth_eventHandler.c ****             }
2017:Generated_Source\PSoC4/Bluetooth_eventHandler.c ****         #endif /* CYBLE_HIDS_SERVER */
2018:Generated_Source\PSoC4/Bluetooth_eventHandler.c ****         #ifdef CYBLE_PASS_SERVER
2019:Generated_Source\PSoC4/Bluetooth_eventHandler.c ****             if((cyBle_eventHandlerFlag & CYBLE_CALLBACK) != 0u)
2020:Generated_Source\PSoC4/Bluetooth_eventHandler.c ****             {
2021:Generated_Source\PSoC4/Bluetooth_eventHandler.c ****                 (void)CyBle_PasssWriteCmdEventHandler((CYBLE_GATTS_WRITE_REQ_PARAM_T *)eventParam);
2022:Generated_Source\PSoC4/Bluetooth_eventHandler.c ****             }
2023:Generated_Source\PSoC4/Bluetooth_eventHandler.c ****         #endif /* CYBLE_PASS_SERVER */
2024:Generated_Source\PSoC4/Bluetooth_eventHandler.c ****         #ifdef CYBLE_RTUS_SERVER
2025:Generated_Source\PSoC4/Bluetooth_eventHandler.c ****             if((cyBle_eventHandlerFlag & CYBLE_CALLBACK) != 0u)
2026:Generated_Source\PSoC4/Bluetooth_eventHandler.c ****             {
2027:Generated_Source\PSoC4/Bluetooth_eventHandler.c ****                 (void)CyBle_RtussWriteCmdEventHandler((CYBLE_GATTS_WRITE_REQ_PARAM_T *)eventParam);
2028:Generated_Source\PSoC4/Bluetooth_eventHandler.c ****             }
2029:Generated_Source\PSoC4/Bluetooth_eventHandler.c ****         #endif /* CYBLE_RTUS_SERVER */
2030:Generated_Source\PSoC4/Bluetooth_eventHandler.c ****         #ifdef CYBLE_SCPS_SERVER
2031:Generated_Source\PSoC4/Bluetooth_eventHandler.c ****             if((cyBle_eventHandlerFlag & CYBLE_CALLBACK) != 0u)
2032:Generated_Source\PSoC4/Bluetooth_eventHandler.c ****             {
2033:Generated_Source\PSoC4/Bluetooth_eventHandler.c ****                 (void)CyBle_ScpssWriteEventHandler((CYBLE_GATTS_WRITE_REQ_PARAM_T *)eventParam);
2034:Generated_Source\PSoC4/Bluetooth_eventHandler.c ****             }
2035:Generated_Source\PSoC4/Bluetooth_eventHandler.c ****         #endif /* CYBLE_SCPS_SERVER */
2036:Generated_Source\PSoC4/Bluetooth_eventHandler.c ****             break;
2037:Generated_Source\PSoC4/Bluetooth_eventHandler.c ****         
2038:Generated_Source\PSoC4/Bluetooth_eventHandler.c ****         case CYBLE_EVT_GATTS_PREP_WRITE_REQ:
2039:Generated_Source\PSoC4/Bluetooth_eventHandler.c ****         #ifdef CYBLE_BMS_SERVER
2040:Generated_Source\PSoC4/Bluetooth_eventHandler.c ****             CyBle_BmssPrepareWriteRequestEventHandler((CYBLE_GATTS_PREP_WRITE_REQ_PARAM_T *)eventPa
2041:Generated_Source\PSoC4/Bluetooth_eventHandler.c ****         #endif /* CYBLE_BMS_SERVER */
ARM GAS  C:\Users\ARTEM\AppData\Local\Temp\cclhTYy7.s 			page 49


2042:Generated_Source\PSoC4/Bluetooth_eventHandler.c ****         #ifdef CYBLE_BTS_SERVER
2043:Generated_Source\PSoC4/Bluetooth_eventHandler.c ****             if((cyBle_eventHandlerFlag & CYBLE_CALLBACK) != 0u)
2044:Generated_Source\PSoC4/Bluetooth_eventHandler.c ****             {
2045:Generated_Source\PSoC4/Bluetooth_eventHandler.c ****                 CyBle_BtssPrepareWriteRequestEventHandler((CYBLE_GATTS_PREP_WRITE_REQ_PARAM_T *)eve
2046:Generated_Source\PSoC4/Bluetooth_eventHandler.c ****             }
2047:Generated_Source\PSoC4/Bluetooth_eventHandler.c ****         #endif /* CYBLE_BTS_SERVER */
2048:Generated_Source\PSoC4/Bluetooth_eventHandler.c ****         #ifdef CYBLE_ESS_SERVER
2049:Generated_Source\PSoC4/Bluetooth_eventHandler.c ****             if((cyBle_eventHandlerFlag & CYBLE_CALLBACK) != 0u)
2050:Generated_Source\PSoC4/Bluetooth_eventHandler.c ****             {
2051:Generated_Source\PSoC4/Bluetooth_eventHandler.c ****                 CyBle_EsssPrepareWriteRequestEventHandler((CYBLE_GATTS_PREP_WRITE_REQ_PARAM_T *)eve
2052:Generated_Source\PSoC4/Bluetooth_eventHandler.c ****             }
2053:Generated_Source\PSoC4/Bluetooth_eventHandler.c ****         #endif /* CYBLE_ESS_SERVER */
2054:Generated_Source\PSoC4/Bluetooth_eventHandler.c ****         #ifdef CYBLE_HPS_SERVER
2055:Generated_Source\PSoC4/Bluetooth_eventHandler.c ****             if((cyBle_eventHandlerFlag & CYBLE_CALLBACK) != 0u)
2056:Generated_Source\PSoC4/Bluetooth_eventHandler.c ****             {
2057:Generated_Source\PSoC4/Bluetooth_eventHandler.c ****                 CyBle_HpssPrepareWriteRequestEventHandler((CYBLE_GATTS_PREP_WRITE_REQ_PARAM_T *)eve
2058:Generated_Source\PSoC4/Bluetooth_eventHandler.c ****             }
2059:Generated_Source\PSoC4/Bluetooth_eventHandler.c ****         #endif /* CYBLE_HPS_SERVER */
2060:Generated_Source\PSoC4/Bluetooth_eventHandler.c ****         #ifdef CYBLE_IPS_SERVER
2061:Generated_Source\PSoC4/Bluetooth_eventHandler.c ****             if((cyBle_eventHandlerFlag & CYBLE_CALLBACK) != 0u)
2062:Generated_Source\PSoC4/Bluetooth_eventHandler.c ****             {
2063:Generated_Source\PSoC4/Bluetooth_eventHandler.c ****                 CyBle_IpssPrepareWriteRequestEventHandler((CYBLE_GATTS_PREP_WRITE_REQ_PARAM_T *)eve
2064:Generated_Source\PSoC4/Bluetooth_eventHandler.c ****             }
2065:Generated_Source\PSoC4/Bluetooth_eventHandler.c ****         #endif /* CYBLE_IPS_SERVER */
2066:Generated_Source\PSoC4/Bluetooth_eventHandler.c ****         #ifdef CYBLE_OTS_SERVER
2067:Generated_Source\PSoC4/Bluetooth_eventHandler.c ****             if((cyBle_eventHandlerFlag & CYBLE_CALLBACK) != 0u)
2068:Generated_Source\PSoC4/Bluetooth_eventHandler.c ****             {
2069:Generated_Source\PSoC4/Bluetooth_eventHandler.c ****                 CyBle_OtssPrepareWriteRequestEventHandler((CYBLE_GATTS_PREP_WRITE_REQ_PARAM_T *)eve
2070:Generated_Source\PSoC4/Bluetooth_eventHandler.c ****             }
2071:Generated_Source\PSoC4/Bluetooth_eventHandler.c ****         #endif /* CYBLE_OTS_SERVER */
2072:Generated_Source\PSoC4/Bluetooth_eventHandler.c ****         #ifdef CYBLE_UDS_SERVER
2073:Generated_Source\PSoC4/Bluetooth_eventHandler.c ****             if((cyBle_eventHandlerFlag & CYBLE_CALLBACK) != 0u)
2074:Generated_Source\PSoC4/Bluetooth_eventHandler.c ****             {
2075:Generated_Source\PSoC4/Bluetooth_eventHandler.c ****                 CyBle_UdssPrepareWriteRequestEventHandler((CYBLE_GATTS_PREP_WRITE_REQ_PARAM_T *)eve
2076:Generated_Source\PSoC4/Bluetooth_eventHandler.c ****             }
2077:Generated_Source\PSoC4/Bluetooth_eventHandler.c ****         #endif /* CYBLE_UDS_SERVER */
2078:Generated_Source\PSoC4/Bluetooth_eventHandler.c ****             break;
2079:Generated_Source\PSoC4/Bluetooth_eventHandler.c **** 
2080:Generated_Source\PSoC4/Bluetooth_eventHandler.c ****         case CYBLE_EVT_GATTS_EXEC_WRITE_REQ:
2081:Generated_Source\PSoC4/Bluetooth_eventHandler.c ****         #ifdef CYBLE_BMS_SERVER
2082:Generated_Source\PSoC4/Bluetooth_eventHandler.c ****             CyBle_BmssExecuteWriteRequestEventHandler((CYBLE_GATTS_EXEC_WRITE_REQ_T *)eventParam);
2083:Generated_Source\PSoC4/Bluetooth_eventHandler.c ****         #endif /* CYBLE_BMS_SERVER */
2084:Generated_Source\PSoC4/Bluetooth_eventHandler.c ****         #ifdef CYBLE_BTS_SERVER
2085:Generated_Source\PSoC4/Bluetooth_eventHandler.c ****             CyBle_BtssExecuteWriteRequestEventHandler((CYBLE_GATTS_EXEC_WRITE_REQ_T *)eventParam);
2086:Generated_Source\PSoC4/Bluetooth_eventHandler.c ****         #endif /* CYBLE_BTS_SERVER */
2087:Generated_Source\PSoC4/Bluetooth_eventHandler.c ****         #ifdef CYBLE_ESS_SERVER
2088:Generated_Source\PSoC4/Bluetooth_eventHandler.c ****             CyBle_EsssExecuteWriteRequestEventHandler((CYBLE_GATTS_EXEC_WRITE_REQ_T *)eventParam);
2089:Generated_Source\PSoC4/Bluetooth_eventHandler.c ****         #endif /* CYBLE_ESS_SERVER */
2090:Generated_Source\PSoC4/Bluetooth_eventHandler.c ****         #ifdef CYBLE_HPS_SERVER
2091:Generated_Source\PSoC4/Bluetooth_eventHandler.c ****             CyBle_HpssExecuteWriteRequestEventHandler((CYBLE_GATTS_EXEC_WRITE_REQ_T *)eventParam);
2092:Generated_Source\PSoC4/Bluetooth_eventHandler.c ****         #endif /* CYBLE_HPS_SERVER */
2093:Generated_Source\PSoC4/Bluetooth_eventHandler.c ****         #ifdef CYBLE_IPS_SERVER
2094:Generated_Source\PSoC4/Bluetooth_eventHandler.c ****             CyBle_IpssExecuteWriteRequestEventHandler((CYBLE_GATTS_EXEC_WRITE_REQ_T *)eventParam);
2095:Generated_Source\PSoC4/Bluetooth_eventHandler.c ****         #endif /* CYBLE_IPS_SERVER */
2096:Generated_Source\PSoC4/Bluetooth_eventHandler.c ****         #ifdef CYBLE_OTS_SERVER
2097:Generated_Source\PSoC4/Bluetooth_eventHandler.c ****             CyBle_OtssExecuteWriteRequestEventHandler((CYBLE_GATTS_EXEC_WRITE_REQ_T *)eventParam);
2098:Generated_Source\PSoC4/Bluetooth_eventHandler.c ****         #endif /* CYBLE_OTS_SERVER */
ARM GAS  C:\Users\ARTEM\AppData\Local\Temp\cclhTYy7.s 			page 50


2099:Generated_Source\PSoC4/Bluetooth_eventHandler.c **** 		#ifdef CYBLE_UDS_SERVER
2100:Generated_Source\PSoC4/Bluetooth_eventHandler.c ****             CyBle_UdssExecuteWriteRequestEventHandler((CYBLE_GATTS_EXEC_WRITE_REQ_T *)eventParam);
2101:Generated_Source\PSoC4/Bluetooth_eventHandler.c ****         #endif /* CYBLE_UDS_SERVER */
2102:Generated_Source\PSoC4/Bluetooth_eventHandler.c ****             break;
2103:Generated_Source\PSoC4/Bluetooth_eventHandler.c ****         
2104:Generated_Source\PSoC4/Bluetooth_eventHandler.c ****         case CYBLE_EVT_GATTS_HANDLE_VALUE_CNF:
2105:Generated_Source\PSoC4/Bluetooth_eventHandler.c ****             CyBle_ValueConfirmation((CYBLE_CONN_HANDLE_T *)eventParam);
 674              		.loc 1 2105 0
 675 0236 2800     		movs	r0, r5
 676              	.LVL63:
 677 0238 FFF7FEFF 		bl	CyBle_ValueConfirmation
 678              	.LVL64:
2106:Generated_Source\PSoC4/Bluetooth_eventHandler.c ****             break;
 679              		.loc 1 2106 0
 680 023c 04E0     		b	.L21
 681              	.LVL65:
 682              	.L41:
2107:Generated_Source\PSoC4/Bluetooth_eventHandler.c ****             
2108:Generated_Source\PSoC4/Bluetooth_eventHandler.c ****         case CYBLE_EVT_GATTS_READ_CHAR_VAL_ACCESS_REQ:
2109:Generated_Source\PSoC4/Bluetooth_eventHandler.c ****         #ifdef CYBLE_UDS_SERVER
2110:Generated_Source\PSoC4/Bluetooth_eventHandler.c ****             CyBle_UdssReadRequestEventHandler((CYBLE_GATTS_CHAR_VAL_READ_REQ_T *)eventParam);
2111:Generated_Source\PSoC4/Bluetooth_eventHandler.c ****         #endif /* CYBLE_UDS_SERVER */
2112:Generated_Source\PSoC4/Bluetooth_eventHandler.c ****             break;
2113:Generated_Source\PSoC4/Bluetooth_eventHandler.c ****             
2114:Generated_Source\PSoC4/Bluetooth_eventHandler.c ****     #endif /* CYBLE_GATT_ROLE_SERVER */
2115:Generated_Source\PSoC4/Bluetooth_eventHandler.c **** 
2116:Generated_Source\PSoC4/Bluetooth_eventHandler.c ****     #if (CYBLE_GATT_ROLE_CLIENT)
2117:Generated_Source\PSoC4/Bluetooth_eventHandler.c ****         
2118:Generated_Source\PSoC4/Bluetooth_eventHandler.c ****         case CYBLE_EVT_GATTC_READ_BY_GROUP_TYPE_RSP:
2119:Generated_Source\PSoC4/Bluetooth_eventHandler.c ****             CyBle_ReadByGroupEventHandler((CYBLE_GATTC_READ_BY_GRP_RSP_PARAM_T *)eventParam);
2120:Generated_Source\PSoC4/Bluetooth_eventHandler.c ****             break;
2121:Generated_Source\PSoC4/Bluetooth_eventHandler.c **** 
2122:Generated_Source\PSoC4/Bluetooth_eventHandler.c ****         case CYBLE_EVT_GATTC_READ_BY_TYPE_RSP:
2123:Generated_Source\PSoC4/Bluetooth_eventHandler.c ****             CyBle_ReadByTypeEventHandler((CYBLE_GATTC_READ_BY_TYPE_RSP_PARAM_T *)eventParam);
2124:Generated_Source\PSoC4/Bluetooth_eventHandler.c ****             break;
2125:Generated_Source\PSoC4/Bluetooth_eventHandler.c **** 
2126:Generated_Source\PSoC4/Bluetooth_eventHandler.c ****         case CYBLE_EVT_GATTC_READ_BLOB_RSP:
2127:Generated_Source\PSoC4/Bluetooth_eventHandler.c ****         #ifdef CYBLE_ESS_CLIENT
2128:Generated_Source\PSoC4/Bluetooth_eventHandler.c ****             CyBle_EsscReadLongRespEventHandler((CYBLE_GATTC_READ_RSP_PARAM_T *)eventParam);
2129:Generated_Source\PSoC4/Bluetooth_eventHandler.c ****         #endif /* CYBLE_ESS_CLIENT */
2130:Generated_Source\PSoC4/Bluetooth_eventHandler.c ****         #ifdef CYBLE_HPS_CLIENT
2131:Generated_Source\PSoC4/Bluetooth_eventHandler.c ****             CyBle_HpscReadLongRespEventHandler((CYBLE_GATTC_READ_RSP_PARAM_T *)eventParam);
2132:Generated_Source\PSoC4/Bluetooth_eventHandler.c ****         #endif /* CYBLE_HPS_CLIENT */
2133:Generated_Source\PSoC4/Bluetooth_eventHandler.c **** 		#ifdef CYBLE_IPS_CLIENT
2134:Generated_Source\PSoC4/Bluetooth_eventHandler.c ****             CyBle_IpscReadLongRespEventHandler((CYBLE_GATTC_READ_RSP_PARAM_T *)eventParam);
2135:Generated_Source\PSoC4/Bluetooth_eventHandler.c ****         #endif /* CYBLE_IPS_CLIENT */
2136:Generated_Source\PSoC4/Bluetooth_eventHandler.c ****         #ifdef CYBLE_OTS_CLIENT
2137:Generated_Source\PSoC4/Bluetooth_eventHandler.c ****             CyBle_OtscReadLongRespEventHandler((CYBLE_GATTC_READ_RSP_PARAM_T *)eventParam);
2138:Generated_Source\PSoC4/Bluetooth_eventHandler.c ****         #endif /* CYBLE_OTS_CLIENT */
2139:Generated_Source\PSoC4/Bluetooth_eventHandler.c ****         #ifdef CYBLE_UDS_CLIENT
2140:Generated_Source\PSoC4/Bluetooth_eventHandler.c ****             if((cyBle_eventHandlerFlag & CYBLE_CALLBACK) != 0u)
2141:Generated_Source\PSoC4/Bluetooth_eventHandler.c ****             {
2142:Generated_Source\PSoC4/Bluetooth_eventHandler.c ****                 CyBle_UdscReadLongRespEventHandler((CYBLE_GATTC_READ_RSP_PARAM_T *)eventParam);
2143:Generated_Source\PSoC4/Bluetooth_eventHandler.c ****             }
2144:Generated_Source\PSoC4/Bluetooth_eventHandler.c ****         #endif /* CYBLE_UDS_CLIENT */
2145:Generated_Source\PSoC4/Bluetooth_eventHandler.c ****             break;
2146:Generated_Source\PSoC4/Bluetooth_eventHandler.c ****         
ARM GAS  C:\Users\ARTEM\AppData\Local\Temp\cclhTYy7.s 			page 51


2147:Generated_Source\PSoC4/Bluetooth_eventHandler.c ****         case CYBLE_EVT_GATTC_LONG_PROCEDURE_END:
2148:Generated_Source\PSoC4/Bluetooth_eventHandler.c ****             CyBle_LongProcedureEndEventHandler();
2149:Generated_Source\PSoC4/Bluetooth_eventHandler.c ****             break;
2150:Generated_Source\PSoC4/Bluetooth_eventHandler.c ****         
2151:Generated_Source\PSoC4/Bluetooth_eventHandler.c ****         case CYBLE_EVT_GATTC_FIND_INFO_RSP:
2152:Generated_Source\PSoC4/Bluetooth_eventHandler.c ****             CyBle_FindInfoEventHandler((CYBLE_GATTC_FIND_INFO_RSP_PARAM_T *)eventParam);
2153:Generated_Source\PSoC4/Bluetooth_eventHandler.c ****             break;
2154:Generated_Source\PSoC4/Bluetooth_eventHandler.c **** 
2155:Generated_Source\PSoC4/Bluetooth_eventHandler.c ****         case CYBLE_EVT_GATTC_ERROR_RSP:
2156:Generated_Source\PSoC4/Bluetooth_eventHandler.c ****             CyBle_ErrorResponseEventHandler((CYBLE_GATTC_ERR_RSP_PARAM_T *)eventParam);
2157:Generated_Source\PSoC4/Bluetooth_eventHandler.c ****             break;
2158:Generated_Source\PSoC4/Bluetooth_eventHandler.c **** 
2159:Generated_Source\PSoC4/Bluetooth_eventHandler.c ****         case CYBLE_EVT_GATTC_HANDLE_VALUE_NTF:
2160:Generated_Source\PSoC4/Bluetooth_eventHandler.c ****             CyBle_NotificationEventHandler((CYBLE_GATTC_HANDLE_VALUE_NTF_PARAM_T *)eventParam);
2161:Generated_Source\PSoC4/Bluetooth_eventHandler.c ****             break;
2162:Generated_Source\PSoC4/Bluetooth_eventHandler.c **** 
2163:Generated_Source\PSoC4/Bluetooth_eventHandler.c ****         case CYBLE_EVT_GATTC_HANDLE_VALUE_IND:
2164:Generated_Source\PSoC4/Bluetooth_eventHandler.c ****             CyBle_GattcIndicationEventHandler((CYBLE_GATTC_HANDLE_VALUE_IND_PARAM_T *)eventParam);
2165:Generated_Source\PSoC4/Bluetooth_eventHandler.c ****             CyBle_IndicationEventHandler((CYBLE_GATTC_HANDLE_VALUE_IND_PARAM_T *)eventParam);
2166:Generated_Source\PSoC4/Bluetooth_eventHandler.c ****         
2167:Generated_Source\PSoC4/Bluetooth_eventHandler.c ****             /* Respond with a Handle Value Confirmation when request handled */
2168:Generated_Source\PSoC4/Bluetooth_eventHandler.c ****             if((cyBle_eventHandlerFlag & CYBLE_CALLBACK) == 0u)
2169:Generated_Source\PSoC4/Bluetooth_eventHandler.c ****             {
2170:Generated_Source\PSoC4/Bluetooth_eventHandler.c ****                 (void)CyBle_GattcConfirmation(((CYBLE_GATTC_HANDLE_VALUE_IND_PARAM_T *)eventParam)-
2171:Generated_Source\PSoC4/Bluetooth_eventHandler.c ****             }
2172:Generated_Source\PSoC4/Bluetooth_eventHandler.c ****             break;
2173:Generated_Source\PSoC4/Bluetooth_eventHandler.c ****         
2174:Generated_Source\PSoC4/Bluetooth_eventHandler.c ****         case CYBLE_EVT_GATTC_READ_RSP:
2175:Generated_Source\PSoC4/Bluetooth_eventHandler.c ****             CyBle_ReadResponseEventHandler((CYBLE_GATTC_READ_RSP_PARAM_T *)eventParam);
2176:Generated_Source\PSoC4/Bluetooth_eventHandler.c ****             break;
2177:Generated_Source\PSoC4/Bluetooth_eventHandler.c ****         
2178:Generated_Source\PSoC4/Bluetooth_eventHandler.c ****         case CYBLE_EVT_GATTC_READ_MULTI_RSP:
2179:Generated_Source\PSoC4/Bluetooth_eventHandler.c ****             CyBle_ReadMultipleResponseEventHandler((CYBLE_GATTC_READ_RSP_PARAM_T *)eventParam);
2180:Generated_Source\PSoC4/Bluetooth_eventHandler.c ****             break;
2181:Generated_Source\PSoC4/Bluetooth_eventHandler.c ****             
2182:Generated_Source\PSoC4/Bluetooth_eventHandler.c ****         case CYBLE_EVT_GATTC_WRITE_RSP:
2183:Generated_Source\PSoC4/Bluetooth_eventHandler.c ****             CyBle_GattcWriteResponseEventHandler((CYBLE_CONN_HANDLE_T *)eventParam);
2184:Generated_Source\PSoC4/Bluetooth_eventHandler.c ****             break;
2185:Generated_Source\PSoC4/Bluetooth_eventHandler.c ****             
2186:Generated_Source\PSoC4/Bluetooth_eventHandler.c ****         case CYBLE_EVT_GATTC_EXEC_WRITE_RSP:
2187:Generated_Source\PSoC4/Bluetooth_eventHandler.c ****         #ifdef CYBLE_BMS_CLIENT
2188:Generated_Source\PSoC4/Bluetooth_eventHandler.c ****             CyBle_BmscExecuteWriteResponseEventHandler((CYBLE_GATTC_EXEC_WRITE_RSP_T *)eventParam);
2189:Generated_Source\PSoC4/Bluetooth_eventHandler.c ****         #endif /* CYBLE_BMS_CLIENT */
2190:Generated_Source\PSoC4/Bluetooth_eventHandler.c ****         #ifdef CYBLE_ESS_CLIENT
2191:Generated_Source\PSoC4/Bluetooth_eventHandler.c ****             if((cyBle_eventHandlerFlag & CYBLE_CALLBACK) != 0u)
2192:Generated_Source\PSoC4/Bluetooth_eventHandler.c ****             {
2193:Generated_Source\PSoC4/Bluetooth_eventHandler.c ****                 CyBle_EsscExecuteWriteResponseEventHandler((CYBLE_GATTC_EXEC_WRITE_RSP_T *)eventPar
2194:Generated_Source\PSoC4/Bluetooth_eventHandler.c ****             }
2195:Generated_Source\PSoC4/Bluetooth_eventHandler.c ****         #endif /* CYBLE_ESS_CLIENT */
2196:Generated_Source\PSoC4/Bluetooth_eventHandler.c ****         #ifdef CYBLE_HPS_CLIENT
2197:Generated_Source\PSoC4/Bluetooth_eventHandler.c ****             if((cyBle_eventHandlerFlag & CYBLE_CALLBACK) != 0u)
2198:Generated_Source\PSoC4/Bluetooth_eventHandler.c ****             {
2199:Generated_Source\PSoC4/Bluetooth_eventHandler.c ****                 CyBle_HpscExecuteWriteResponseEventHandler((CYBLE_GATTC_EXEC_WRITE_RSP_T *)eventPar
2200:Generated_Source\PSoC4/Bluetooth_eventHandler.c ****             }
2201:Generated_Source\PSoC4/Bluetooth_eventHandler.c ****         #endif /* CYBLE_HPS_CLIENT */
2202:Generated_Source\PSoC4/Bluetooth_eventHandler.c ****         #ifdef CYBLE_IPS_CLIENT
2203:Generated_Source\PSoC4/Bluetooth_eventHandler.c ****             if((cyBle_eventHandlerFlag & CYBLE_CALLBACK) != 0u)
ARM GAS  C:\Users\ARTEM\AppData\Local\Temp\cclhTYy7.s 			page 52


2204:Generated_Source\PSoC4/Bluetooth_eventHandler.c ****             {
2205:Generated_Source\PSoC4/Bluetooth_eventHandler.c ****                 CyBle_IpscExecuteWriteResponseEventHandler((CYBLE_GATTC_EXEC_WRITE_RSP_T *)eventPar
2206:Generated_Source\PSoC4/Bluetooth_eventHandler.c ****             }
2207:Generated_Source\PSoC4/Bluetooth_eventHandler.c ****         #endif /* CYBLE_IPS_CLIENT */
2208:Generated_Source\PSoC4/Bluetooth_eventHandler.c ****         #ifdef CYBLE_OTS_CLIENT
2209:Generated_Source\PSoC4/Bluetooth_eventHandler.c ****             if((cyBle_eventHandlerFlag & CYBLE_CALLBACK) != 0u)
2210:Generated_Source\PSoC4/Bluetooth_eventHandler.c ****             {
2211:Generated_Source\PSoC4/Bluetooth_eventHandler.c ****                 CyBle_OtscExecuteWriteResponseEventHandler((CYBLE_GATTC_EXEC_WRITE_RSP_T *)eventPar
2212:Generated_Source\PSoC4/Bluetooth_eventHandler.c ****             }
2213:Generated_Source\PSoC4/Bluetooth_eventHandler.c ****         #endif /* CYBLE_OTS_CLIENT */
2214:Generated_Source\PSoC4/Bluetooth_eventHandler.c ****         #ifdef CYBLE_UDS_CLIENT
2215:Generated_Source\PSoC4/Bluetooth_eventHandler.c ****             if((cyBle_eventHandlerFlag & CYBLE_CALLBACK) != 0u)
2216:Generated_Source\PSoC4/Bluetooth_eventHandler.c ****             {
2217:Generated_Source\PSoC4/Bluetooth_eventHandler.c ****                 CyBle_UdscExecuteWriteResponseEventHandler((CYBLE_GATTC_EXEC_WRITE_RSP_T *)eventPar
2218:Generated_Source\PSoC4/Bluetooth_eventHandler.c ****             }
2219:Generated_Source\PSoC4/Bluetooth_eventHandler.c ****         #endif /* CYBLE_UDS_CLIENT */
2220:Generated_Source\PSoC4/Bluetooth_eventHandler.c ****             break;
2221:Generated_Source\PSoC4/Bluetooth_eventHandler.c ****             
2222:Generated_Source\PSoC4/Bluetooth_eventHandler.c ****     #endif /* CYBLE_GATT_ROLE_CLIENT */
2223:Generated_Source\PSoC4/Bluetooth_eventHandler.c **** 
2224:Generated_Source\PSoC4/Bluetooth_eventHandler.c ****     #if((CYBLE_GAP_ROLE_PERIPHERAL || CYBLE_GAP_ROLE_CENTRAL) && (CYBLE_BONDING_REQUIREMENT == CYBL
2225:Generated_Source\PSoC4/Bluetooth_eventHandler.c **** 
2226:Generated_Source\PSoC4/Bluetooth_eventHandler.c ****         case CYBLE_EVT_PENDING_FLASH_WRITE:
2227:Generated_Source\PSoC4/Bluetooth_eventHandler.c ****             cyBle_pendingFlashWrite |= CYBLE_PENDING_STACK_FLASH_WRITE_BIT;
 683              		.loc 1 2227 0
 684 023e 1A4A     		ldr	r2, .L51+60
 685 0240 1178     		ldrb	r1, [r2]
 686 0242 0123     		movs	r3, #1
 687 0244 0B43     		orrs	r3, r1
 688 0246 1370     		strb	r3, [r2]
 689              	.LVL66:
 690              	.L21:
2228:Generated_Source\PSoC4/Bluetooth_eventHandler.c ****             break;
2229:Generated_Source\PSoC4/Bluetooth_eventHandler.c ****         
2230:Generated_Source\PSoC4/Bluetooth_eventHandler.c ****     #endif  /* (CYBLE_BONDING_REQUIREMENT == CYBLE_BONDING_YES) */
2231:Generated_Source\PSoC4/Bluetooth_eventHandler.c ****     
2232:Generated_Source\PSoC4/Bluetooth_eventHandler.c ****         default:
2233:Generated_Source\PSoC4/Bluetooth_eventHandler.c ****             break;
2234:Generated_Source\PSoC4/Bluetooth_eventHandler.c ****     }
2235:Generated_Source\PSoC4/Bluetooth_eventHandler.c **** 
2236:Generated_Source\PSoC4/Bluetooth_eventHandler.c ****     if(0u != (cyBle_eventHandlerFlag & (CYBLE_CALLBACK | CYBLE_ENABLE_ALL_EVENTS))) 
 691              		.loc 1 2236 0
 692 0248 084B     		ldr	r3, .L51
 693 024a 1A78     		ldrb	r2, [r3]
 694 024c 1123     		movs	r3, #17
 695 024e 1A42     		tst	r2, r3
 696 0250 09D0     		beq	.L20
2237:Generated_Source\PSoC4/Bluetooth_eventHandler.c ****     {
2238:Generated_Source\PSoC4/Bluetooth_eventHandler.c ****         cyBle_eventHandlerFlag &= (uint8)~CYBLE_CALLBACK;
 697              		.loc 1 2238 0
 698 0252 064A     		ldr	r2, .L51
 699 0254 1378     		ldrb	r3, [r2]
 700 0256 0121     		movs	r1, #1
 701 0258 8B43     		bics	r3, r1
 702 025a 1370     		strb	r3, [r2]
2239:Generated_Source\PSoC4/Bluetooth_eventHandler.c ****         CyBle_ApplCallback((uint32)eventCode, eventParam);
 703              		.loc 1 2239 0
ARM GAS  C:\Users\ARTEM\AppData\Local\Temp\cclhTYy7.s 			page 53


 704 025c 0D4B     		ldr	r3, .L51+40
 705 025e 1B68     		ldr	r3, [r3]
 706 0260 2900     		movs	r1, r5
 707 0262 2000     		movs	r0, r4
 708 0264 9847     		blx	r3
 709              	.LVL67:
 710              	.L20:
2240:Generated_Source\PSoC4/Bluetooth_eventHandler.c ****     }
2241:Generated_Source\PSoC4/Bluetooth_eventHandler.c **** }
 711              		.loc 1 2241 0
 712 0266 03B0     		add	sp, sp, #12
 713              		@ sp needed
 714              	.LVL68:
 715 0268 F0BD     		pop	{r4, r5, r6, r7, pc}
 716              	.L52:
 717 026a C046     		.align	2
 718              	.L51:
 719 026c 00000000 		.word	cyBle_eventHandlerFlag
 720 0270 00000000 		.word	cyBle_sflashDeviceAddress
 721 0274 00000000 		.word	cyBle_deviceAddress
 722 0278 00000000 		.word	.LANCHOR0
 723 027c 00000000 		.word	cyBle_state
 724 0280 00000000 		.word	cyBle_busyStatus
 725 0284 00000000 		.word	.LANCHOR1
 726 0288 800D0000 		.word	cyBle_stackMemoryRam+3456
 727 028c 00000000 		.word	.LANCHOR2
 728 0290 00000000 		.word	cyBle_connHandle
 729 0294 00000000 		.word	CyBle_ApplCallback
 730 0298 00000000 		.word	cyBle_peerBonding
 731 029c 00000000 		.word	cyBle_flashStorage
 732 02a0 79020000 		.word	633
 733 02a4 00000000 		.word	cyBle_attValuesCCCD
 734 02a8 00000000 		.word	cyBle_pendingFlashWrite
 735              		.cfi_endproc
 736              	.LFE10:
 737              		.size	CyBle_EventHandler, .-CyBle_EventHandler
 738              		.global	cyBle_authInfo
 739              		.comm	cyBle_advertisingIntervalType,1,1
 740              		.global	cyBle_gaps
 741              		.comm	cyBle_busyStatus,1,1
 742              		.comm	cyBle_eventHandlerFlag,1,1
 743              		.comm	cyBle_connHandle,2,4
 744              		.section	.rodata
 745              		.align	2
 746              		.set	.LANCHOR0,. + 0
 747              	.LC0:
 748 0000 3F       		.byte	63
 749 0001 06       		.byte	6
 750 0002 0000     		.space	2
 751              		.type	cyBle_gaps, %object
 752              		.size	cyBle_gaps, 12
 753              	cyBle_gaps:
 754 0004 0100     		.short	1
 755 0006 0300     		.short	3
 756 0008 0500     		.short	5
 757 000a 0700     		.short	7
 758 000c 0900     		.short	9
ARM GAS  C:\Users\ARTEM\AppData\Local\Temp\cclhTYy7.s 			page 54


 759 000e 0B00     		.short	11
 760              		.data
 761              		.align	2
 762              		.set	.LANCHOR2,. + 0
 763              		.type	cyBle_authInfo, %object
 764              		.size	cyBle_authInfo, 5
 765              	cyBle_authInfo:
 766 0000 10       		.byte	16
 767 0001 01       		.byte	1
 768 0002 10       		.byte	16
 769 0003 00       		.byte	0
 770 0004 01       		.byte	1
 771              		.bss
 772              		.align	2
 773              		.set	.LANCHOR1,. + 0
 774              		.type	gPrepWriteReqMem.6765, %object
 775              		.size	gPrepWriteReqMem.6765, 8
 776              	gPrepWriteReqMem.6765:
 777 0000 00000000 		.space	8
 777      00000000 
 778              		.text
 779              	.Letext0:
 780              		.file 2 "Generated_Source\\PSoC4\\cytypes.h"
 781              		.file 3 "Generated_Source\\PSoC4\\Bluetooth_Stack.h"
 782              		.file 4 "Generated_Source\\PSoC4\\Bluetooth_StackHostMain.h"
 783              		.file 5 "Generated_Source\\PSoC4\\Bluetooth_StackGap.h"
 784              		.file 6 "Generated_Source\\PSoC4\\Bluetooth_StackGatt.h"
 785              		.file 7 "Generated_Source\\PSoC4\\Bluetooth_StackGattServer.h"
 786              		.file 8 "Generated_Source\\PSoC4\\Bluetooth.h"
 787              		.file 9 "Generated_Source\\PSoC4\\Bluetooth_gatt.h"
 788              		.file 10 "Generated_Source\\PSoC4\\Bluetooth_aios.h"
 789              		.file 11 "Generated_Source\\PSoC4\\Bluetooth_eventHandler.h"
 790              		.section	.debug_info,"",%progbits
 791              	.Ldebug_info0:
 792 0000 CF110000 		.4byte	0x11cf
 793 0004 0400     		.2byte	0x4
 794 0006 00000000 		.4byte	.Ldebug_abbrev0
 795 000a 04       		.byte	0x4
 796 000b 01       		.uleb128 0x1
 797 000c 1D030000 		.4byte	.LASF373
 798 0010 0C       		.byte	0xc
 799 0011 D20F0000 		.4byte	.LASF374
 800 0015 AF240000 		.4byte	.LASF375
 801 0019 00000000 		.4byte	.Ldebug_ranges0+0
 802 001d 00000000 		.4byte	0
 803 0021 00000000 		.4byte	.Ldebug_line0
 804 0025 02       		.uleb128 0x2
 805 0026 01       		.byte	0x1
 806 0027 06       		.byte	0x6
 807 0028 3C090000 		.4byte	.LASF0
 808 002c 02       		.uleb128 0x2
 809 002d 01       		.byte	0x1
 810 002e 08       		.byte	0x8
 811 002f 910A0000 		.4byte	.LASF1
 812 0033 02       		.uleb128 0x2
 813 0034 02       		.byte	0x2
 814 0035 05       		.byte	0x5
ARM GAS  C:\Users\ARTEM\AppData\Local\Temp\cclhTYy7.s 			page 55


 815 0036 EB200000 		.4byte	.LASF2
 816 003a 02       		.uleb128 0x2
 817 003b 02       		.byte	0x2
 818 003c 07       		.byte	0x7
 819 003d E6250000 		.4byte	.LASF3
 820 0041 02       		.uleb128 0x2
 821 0042 04       		.byte	0x4
 822 0043 05       		.byte	0x5
 823 0044 D9060000 		.4byte	.LASF4
 824 0048 02       		.uleb128 0x2
 825 0049 04       		.byte	0x4
 826 004a 07       		.byte	0x7
 827 004b F5110000 		.4byte	.LASF5
 828 004f 02       		.uleb128 0x2
 829 0050 08       		.byte	0x8
 830 0051 05       		.byte	0x5
 831 0052 48150000 		.4byte	.LASF6
 832 0056 02       		.uleb128 0x2
 833 0057 08       		.byte	0x8
 834 0058 07       		.byte	0x7
 835 0059 4C1D0000 		.4byte	.LASF7
 836 005d 03       		.uleb128 0x3
 837 005e 04       		.byte	0x4
 838 005f 05       		.byte	0x5
 839 0060 696E7400 		.ascii	"int\000"
 840 0064 02       		.uleb128 0x2
 841 0065 04       		.byte	0x4
 842 0066 07       		.byte	0x7
 843 0067 13180000 		.4byte	.LASF8
 844 006b 04       		.uleb128 0x4
 845 006c 9D200000 		.4byte	.LASF9
 846 0070 02       		.byte	0x2
 847 0071 FB01     		.2byte	0x1fb
 848 0073 2C000000 		.4byte	0x2c
 849 0077 04       		.uleb128 0x4
 850 0078 D2270000 		.4byte	.LASF10
 851 007c 02       		.byte	0x2
 852 007d FC01     		.2byte	0x1fc
 853 007f 3A000000 		.4byte	0x3a
 854 0083 04       		.uleb128 0x4
 855 0084 B5010000 		.4byte	.LASF11
 856 0088 02       		.byte	0x2
 857 0089 FD01     		.2byte	0x1fd
 858 008b 48000000 		.4byte	0x48
 859 008f 02       		.uleb128 0x2
 860 0090 04       		.byte	0x4
 861 0091 04       		.byte	0x4
 862 0092 5D170000 		.4byte	.LASF12
 863 0096 02       		.uleb128 0x2
 864 0097 08       		.byte	0x8
 865 0098 04       		.byte	0x4
 866 0099 18160000 		.4byte	.LASF13
 867 009d 02       		.uleb128 0x2
 868 009e 01       		.byte	0x1
 869 009f 08       		.byte	0x8
 870 00a0 E40B0000 		.4byte	.LASF14
 871 00a4 05       		.uleb128 0x5
ARM GAS  C:\Users\ARTEM\AppData\Local\Temp\cclhTYy7.s 			page 56


 872 00a5 6B000000 		.4byte	0x6b
 873 00a9 02       		.uleb128 0x2
 874 00aa 08       		.byte	0x8
 875 00ab 04       		.byte	0x4
 876 00ac 791B0000 		.4byte	.LASF15
 877 00b0 02       		.uleb128 0x2
 878 00b1 04       		.byte	0x4
 879 00b2 07       		.byte	0x7
 880 00b3 2D000000 		.4byte	.LASF16
 881 00b7 06       		.uleb128 0x6
 882 00b8 04       		.byte	0x4
 883 00b9 07       		.uleb128 0x7
 884 00ba 04       		.byte	0x4
 885 00bb BF000000 		.4byte	0xbf
 886 00bf 08       		.uleb128 0x8
 887 00c0 CF000000 		.4byte	0xcf
 888 00c4 09       		.uleb128 0x9
 889 00c5 83000000 		.4byte	0x83
 890 00c9 09       		.uleb128 0x9
 891 00ca B7000000 		.4byte	0xb7
 892 00ce 00       		.byte	0
 893 00cf 0A       		.uleb128 0xa
 894 00d0 01       		.byte	0x1
 895 00d1 2C000000 		.4byte	0x2c
 896 00d5 03       		.byte	0x3
 897 00d6 3501     		.2byte	0x135
 898 00d8 8D020000 		.4byte	0x28d
 899 00dc 0B       		.uleb128 0xb
 900 00dd 900C0000 		.4byte	.LASF17
 901 00e1 00       		.byte	0
 902 00e2 0B       		.uleb128 0xb
 903 00e3 82070000 		.4byte	.LASF18
 904 00e7 01       		.byte	0x1
 905 00e8 0B       		.uleb128 0xb
 906 00e9 811D0000 		.4byte	.LASF19
 907 00ed 02       		.byte	0x2
 908 00ee 0B       		.uleb128 0xb
 909 00ef 7D090000 		.4byte	.LASF20
 910 00f3 03       		.byte	0x3
 911 00f4 0B       		.uleb128 0xb
 912 00f5 D0260000 		.4byte	.LASF21
 913 00f9 04       		.byte	0x4
 914 00fa 0B       		.uleb128 0xb
 915 00fb 3A240000 		.4byte	.LASF22
 916 00ff 05       		.byte	0x5
 917 0100 0B       		.uleb128 0xb
 918 0101 C21B0000 		.4byte	.LASF23
 919 0105 06       		.byte	0x6
 920 0106 0B       		.uleb128 0xb
 921 0107 FC210000 		.4byte	.LASF24
 922 010b 20       		.byte	0x20
 923 010c 0B       		.uleb128 0xb
 924 010d C1040000 		.4byte	.LASF25
 925 0111 21       		.byte	0x21
 926 0112 0B       		.uleb128 0xb
 927 0113 55140000 		.4byte	.LASF26
 928 0117 22       		.byte	0x22
ARM GAS  C:\Users\ARTEM\AppData\Local\Temp\cclhTYy7.s 			page 57


 929 0118 0B       		.uleb128 0xb
 930 0119 381A0000 		.4byte	.LASF27
 931 011d 23       		.byte	0x23
 932 011e 0B       		.uleb128 0xb
 933 011f FE100000 		.4byte	.LASF28
 934 0123 24       		.byte	0x24
 935 0124 0B       		.uleb128 0xb
 936 0125 1A110000 		.4byte	.LASF29
 937 0129 25       		.byte	0x25
 938 012a 0B       		.uleb128 0xb
 939 012b 75200000 		.4byte	.LASF30
 940 012f 26       		.byte	0x26
 941 0130 0B       		.uleb128 0xb
 942 0131 33010000 		.4byte	.LASF31
 943 0135 27       		.byte	0x27
 944 0136 0B       		.uleb128 0xb
 945 0137 8F270000 		.4byte	.LASF32
 946 013b 28       		.byte	0x28
 947 013c 0B       		.uleb128 0xb
 948 013d 241C0000 		.4byte	.LASF33
 949 0141 29       		.byte	0x29
 950 0142 0B       		.uleb128 0xb
 951 0143 90130000 		.4byte	.LASF34
 952 0147 2A       		.byte	0x2a
 953 0148 0B       		.uleb128 0xb
 954 0149 AD190000 		.4byte	.LASF35
 955 014d 2B       		.byte	0x2b
 956 014e 0B       		.uleb128 0xb
 957 014f CC070000 		.4byte	.LASF36
 958 0153 2C       		.byte	0x2c
 959 0154 0B       		.uleb128 0xb
 960 0155 72000000 		.4byte	.LASF37
 961 0159 2D       		.byte	0x2d
 962 015a 0B       		.uleb128 0xb
 963 015b B2200000 		.4byte	.LASF38
 964 015f 2E       		.byte	0x2e
 965 0160 0B       		.uleb128 0xb
 966 0161 92050000 		.4byte	.LASF39
 967 0165 2F       		.byte	0x2f
 968 0166 0B       		.uleb128 0xb
 969 0167 C30B0000 		.4byte	.LASF40
 970 016b 30       		.byte	0x30
 971 016c 0B       		.uleb128 0xb
 972 016d DF160000 		.4byte	.LASF41
 973 0171 31       		.byte	0x31
 974 0172 0B       		.uleb128 0xb
 975 0173 E00C0000 		.4byte	.LASF42
 976 0177 32       		.byte	0x32
 977 0178 0B       		.uleb128 0xb
 978 0179 D90A0000 		.4byte	.LASF43
 979 017d 33       		.byte	0x33
 980 017e 0B       		.uleb128 0xb
 981 017f 000B0000 		.4byte	.LASF44
 982 0183 34       		.byte	0x34
 983 0184 0B       		.uleb128 0xb
 984 0185 AE220000 		.4byte	.LASF45
 985 0189 35       		.byte	0x35
ARM GAS  C:\Users\ARTEM\AppData\Local\Temp\cclhTYy7.s 			page 58


 986 018a 0B       		.uleb128 0xb
 987 018b 29050000 		.4byte	.LASF46
 988 018f 36       		.byte	0x36
 989 0190 0B       		.uleb128 0xb
 990 0191 CD1C0000 		.4byte	.LASF47
 991 0195 37       		.byte	0x37
 992 0196 0B       		.uleb128 0xb
 993 0197 76210000 		.4byte	.LASF48
 994 019b 40       		.byte	0x40
 995 019c 0B       		.uleb128 0xb
 996 019d 73010000 		.4byte	.LASF49
 997 01a1 41       		.byte	0x41
 998 01a2 0B       		.uleb128 0xb
 999 01a3 E5260000 		.4byte	.LASF50
 1000 01a7 42       		.byte	0x42
 1001 01a8 0B       		.uleb128 0xb
 1002 01a9 6A1C0000 		.4byte	.LASF51
 1003 01ad 43       		.byte	0x43
 1004 01ae 0B       		.uleb128 0xb
 1005 01af 9F0A0000 		.4byte	.LASF52
 1006 01b3 44       		.byte	0x44
 1007 01b4 0B       		.uleb128 0xb
 1008 01b5 010A0000 		.4byte	.LASF53
 1009 01b9 45       		.byte	0x45
 1010 01ba 0B       		.uleb128 0xb
 1011 01bb 901F0000 		.4byte	.LASF54
 1012 01bf 46       		.byte	0x46
 1013 01c0 0B       		.uleb128 0xb
 1014 01c1 721F0000 		.4byte	.LASF55
 1015 01c5 47       		.byte	0x47
 1016 01c6 0B       		.uleb128 0xb
 1017 01c7 780B0000 		.4byte	.LASF56
 1018 01cb 48       		.byte	0x48
 1019 01cc 0B       		.uleb128 0xb
 1020 01cd D41A0000 		.4byte	.LASF57
 1021 01d1 49       		.byte	0x49
 1022 01d2 0B       		.uleb128 0xb
 1023 01d3 370D0000 		.4byte	.LASF58
 1024 01d7 4A       		.byte	0x4a
 1025 01d8 0B       		.uleb128 0xb
 1026 01d9 3D0C0000 		.4byte	.LASF59
 1027 01dd 4B       		.byte	0x4b
 1028 01de 0B       		.uleb128 0xb
 1029 01df 061A0000 		.4byte	.LASF60
 1030 01e3 4C       		.byte	0x4c
 1031 01e4 0B       		.uleb128 0xb
 1032 01e5 3B200000 		.4byte	.LASF61
 1033 01e9 4D       		.byte	0x4d
 1034 01ea 0B       		.uleb128 0xb
 1035 01eb 98060000 		.4byte	.LASF62
 1036 01ef 4E       		.byte	0x4e
 1037 01f0 0B       		.uleb128 0xb
 1038 01f1 20180000 		.4byte	.LASF63
 1039 01f5 4F       		.byte	0x4f
 1040 01f6 0B       		.uleb128 0xb
 1041 01f7 DD210000 		.4byte	.LASF64
 1042 01fb 50       		.byte	0x50
ARM GAS  C:\Users\ARTEM\AppData\Local\Temp\cclhTYy7.s 			page 59


 1043 01fc 0B       		.uleb128 0xb
 1044 01fd 7A0D0000 		.4byte	.LASF65
 1045 0201 51       		.byte	0x51
 1046 0202 0B       		.uleb128 0xb
 1047 0203 A0040000 		.4byte	.LASF66
 1048 0207 52       		.byte	0x52
 1049 0208 0B       		.uleb128 0xb
 1050 0209 F8230000 		.4byte	.LASF67
 1051 020d 53       		.byte	0x53
 1052 020e 0B       		.uleb128 0xb
 1053 020f B1270000 		.4byte	.LASF68
 1054 0213 54       		.byte	0x54
 1055 0214 0B       		.uleb128 0xb
 1056 0215 C3020000 		.4byte	.LASF69
 1057 0219 55       		.byte	0x55
 1058 021a 0B       		.uleb128 0xb
 1059 021b 0A0E0000 		.4byte	.LASF70
 1060 021f 56       		.byte	0x56
 1061 0220 0B       		.uleb128 0xb
 1062 0221 88170000 		.4byte	.LASF71
 1063 0225 57       		.byte	0x57
 1064 0226 0B       		.uleb128 0xb
 1065 0227 5E270000 		.4byte	.LASF72
 1066 022b 58       		.byte	0x58
 1067 022c 0B       		.uleb128 0xb
 1068 022d 31250000 		.4byte	.LASF73
 1069 0231 70       		.byte	0x70
 1070 0232 0B       		.uleb128 0xb
 1071 0233 4F100000 		.4byte	.LASF74
 1072 0237 71       		.byte	0x71
 1073 0238 0B       		.uleb128 0xb
 1074 0239 A8080000 		.4byte	.LASF75
 1075 023d 72       		.byte	0x72
 1076 023e 0B       		.uleb128 0xb
 1077 023f BF210000 		.4byte	.LASF76
 1078 0243 73       		.byte	0x73
 1079 0244 0B       		.uleb128 0xb
 1080 0245 271B0000 		.4byte	.LASF77
 1081 0249 74       		.byte	0x74
 1082 024a 0B       		.uleb128 0xb
 1083 024b 34140000 		.4byte	.LASF78
 1084 024f 75       		.byte	0x75
 1085 0250 0B       		.uleb128 0xb
 1086 0251 570B0000 		.4byte	.LASF79
 1087 0255 76       		.byte	0x76
 1088 0256 0B       		.uleb128 0xb
 1089 0257 0A1E0000 		.4byte	.LASF80
 1090 025b 77       		.byte	0x77
 1091 025c 0B       		.uleb128 0xb
 1092 025d E7020000 		.4byte	.LASF81
 1093 0261 78       		.byte	0x78
 1094 0262 0B       		.uleb128 0xb
 1095 0263 B6060000 		.4byte	.LASF82
 1096 0267 79       		.byte	0x79
 1097 0268 0B       		.uleb128 0xb
 1098 0269 23270000 		.4byte	.LASF83
 1099 026d 7A       		.byte	0x7a
ARM GAS  C:\Users\ARTEM\AppData\Local\Temp\cclhTYy7.s 			page 60


 1100 026e 0B       		.uleb128 0xb
 1101 026f 41160000 		.4byte	.LASF84
 1102 0273 FA       		.byte	0xfa
 1103 0274 0B       		.uleb128 0xb
 1104 0275 9B230000 		.4byte	.LASF85
 1105 0279 FB       		.byte	0xfb
 1106 027a 0B       		.uleb128 0xb
 1107 027b 9C100000 		.4byte	.LASF86
 1108 027f FC       		.byte	0xfc
 1109 0280 0B       		.uleb128 0xb
 1110 0281 611B0000 		.4byte	.LASF87
 1111 0285 FD       		.byte	0xfd
 1112 0286 0B       		.uleb128 0xb
 1113 0287 9F190000 		.4byte	.LASF88
 1114 028b FF       		.byte	0xff
 1115 028c 00       		.byte	0
 1116 028d 0A       		.uleb128 0xa
 1117 028e 02       		.byte	0x2
 1118 028f 3A000000 		.4byte	0x3a
 1119 0293 03       		.byte	0x3
 1120 0294 EA03     		.2byte	0x3ea
 1121 0296 6C030000 		.4byte	0x36c
 1122 029a 0B       		.uleb128 0xb
 1123 029b A9090000 		.4byte	.LASF89
 1124 029f 00       		.byte	0
 1125 02a0 0B       		.uleb128 0xb
 1126 02a1 BF0E0000 		.4byte	.LASF90
 1127 02a5 01       		.byte	0x1
 1128 02a6 0B       		.uleb128 0xb
 1129 02a7 B2260000 		.4byte	.LASF91
 1130 02ab 02       		.byte	0x2
 1131 02ac 0B       		.uleb128 0xb
 1132 02ad 1D0F0000 		.4byte	.LASF92
 1133 02b1 03       		.byte	0x3
 1134 02b2 0B       		.uleb128 0xb
 1135 02b3 72110000 		.4byte	.LASF93
 1136 02b7 04       		.byte	0x4
 1137 02b8 0B       		.uleb128 0xb
 1138 02b9 FA150000 		.4byte	.LASF94
 1139 02bd 05       		.byte	0x5
 1140 02be 0B       		.uleb128 0xb
 1141 02bf 4E230000 		.4byte	.LASF95
 1142 02c3 06       		.byte	0x6
 1143 02c4 0B       		.uleb128 0xb
 1144 02c5 1A0D0000 		.4byte	.LASF96
 1145 02c9 07       		.byte	0x7
 1146 02ca 0B       		.uleb128 0xb
 1147 02cb 27170000 		.4byte	.LASF97
 1148 02cf 08       		.byte	0x8
 1149 02d0 0B       		.uleb128 0xb
 1150 02d1 66220000 		.4byte	.LASF98
 1151 02d5 09       		.byte	0x9
 1152 02d6 0B       		.uleb128 0xb
 1153 02d7 D9270000 		.4byte	.LASF99
 1154 02db 0A       		.byte	0xa
 1155 02dc 0B       		.uleb128 0xb
 1156 02dd EC040000 		.4byte	.LASF100
ARM GAS  C:\Users\ARTEM\AppData\Local\Temp\cclhTYy7.s 			page 61


 1157 02e1 0B       		.byte	0xb
 1158 02e2 0B       		.uleb128 0xb
 1159 02e3 23240000 		.4byte	.LASF101
 1160 02e7 0C       		.byte	0xc
 1161 02e8 0B       		.uleb128 0xb
 1162 02e9 29190000 		.4byte	.LASF102
 1163 02ed 0D       		.byte	0xd
 1164 02ee 0B       		.uleb128 0xb
 1165 02ef 1E130000 		.4byte	.LASF103
 1166 02f3 0E       		.byte	0xe
 1167 02f4 0B       		.uleb128 0xb
 1168 02f5 D5150000 		.4byte	.LASF104
 1169 02f9 0F       		.byte	0xf
 1170 02fa 0B       		.uleb128 0xb
 1171 02fb 79020000 		.4byte	.LASF105
 1172 02ff 10       		.byte	0x10
 1173 0300 0B       		.uleb128 0xb
 1174 0301 03170000 		.4byte	.LASF106
 1175 0305 11       		.byte	0x11
 1176 0306 0B       		.uleb128 0xb
 1177 0307 95070000 		.4byte	.LASF107
 1178 030b 12       		.byte	0x12
 1179 030c 0B       		.uleb128 0xb
 1180 030d 14090000 		.4byte	.LASF108
 1181 0311 13       		.byte	0x13
 1182 0312 0B       		.uleb128 0xb
 1183 0313 1F160000 		.4byte	.LASF109
 1184 0317 27       		.byte	0x27
 1185 0318 0B       		.uleb128 0xb
 1186 0319 63170000 		.4byte	.LASF110
 1187 031d 28       		.byte	0x28
 1188 031e 0B       		.uleb128 0xb
 1189 031f A7020000 		.4byte	.LASF111
 1190 0323 29       		.byte	0x29
 1191 0324 0B       		.uleb128 0xb
 1192 0325 FD200000 		.4byte	.LASF112
 1193 0329 2A       		.byte	0x2a
 1194 032a 0B       		.uleb128 0xb
 1195 032b 3D120000 		.4byte	.LASF113
 1196 032f 2B       		.byte	0x2b
 1197 0330 0B       		.uleb128 0xb
 1198 0331 6B1E0000 		.4byte	.LASF114
 1199 0335 2C       		.byte	0x2c
 1200 0336 0B       		.uleb128 0xb
 1201 0337 FF1F0000 		.4byte	.LASF115
 1202 033b 2D       		.byte	0x2d
 1203 033c 0B       		.uleb128 0xb
 1204 033d A30E0000 		.4byte	.LASF116
 1205 0341 FE       		.byte	0xfe
 1206 0342 0B       		.uleb128 0xb
 1207 0343 3F100000 		.4byte	.LASF117
 1208 0347 FF       		.byte	0xff
 1209 0348 0C       		.uleb128 0xc
 1210 0349 771A0000 		.4byte	.LASF118
 1211 034d 0001     		.2byte	0x100
 1212 034f 0C       		.uleb128 0xc
 1213 0350 5E1A0000 		.4byte	.LASF119
ARM GAS  C:\Users\ARTEM\AppData\Local\Temp\cclhTYy7.s 			page 62


 1214 0354 0101     		.2byte	0x101
 1215 0356 0C       		.uleb128 0xc
 1216 0357 5C080000 		.4byte	.LASF120
 1217 035b 0201     		.2byte	0x102
 1218 035d 0C       		.uleb128 0xc
 1219 035e C41D0000 		.4byte	.LASF121
 1220 0362 0301     		.2byte	0x103
 1221 0364 0C       		.uleb128 0xc
 1222 0365 3E110000 		.4byte	.LASF122
 1223 0369 0401     		.2byte	0x104
 1224 036b 00       		.byte	0
 1225 036c 04       		.uleb128 0x4
 1226 036d BA230000 		.4byte	.LASF123
 1227 0371 03       		.byte	0x3
 1228 0372 5C04     		.2byte	0x45c
 1229 0374 8D020000 		.4byte	0x28d
 1230 0378 0A       		.uleb128 0xa
 1231 0379 01       		.byte	0x1
 1232 037a 2C000000 		.4byte	0x2c
 1233 037e 03       		.byte	0x3
 1234 037f 9504     		.2byte	0x495
 1235 0381 BC030000 		.4byte	0x3bc
 1236 0385 0B       		.uleb128 0xb
 1237 0386 48090000 		.4byte	.LASF124
 1238 038a 01       		.byte	0x1
 1239 038b 0B       		.uleb128 0xb
 1240 038c 63060000 		.4byte	.LASF125
 1241 0390 02       		.byte	0x2
 1242 0391 0B       		.uleb128 0xb
 1243 0392 A71B0000 		.4byte	.LASF126
 1244 0396 03       		.byte	0x3
 1245 0397 0B       		.uleb128 0xb
 1246 0398 4A050000 		.4byte	.LASF127
 1247 039c 04       		.byte	0x4
 1248 039d 0B       		.uleb128 0xb
 1249 039e E90B0000 		.4byte	.LASF128
 1250 03a2 05       		.byte	0x5
 1251 03a3 0B       		.uleb128 0xb
 1252 03a4 22120000 		.4byte	.LASF129
 1253 03a8 06       		.byte	0x6
 1254 03a9 0B       		.uleb128 0xb
 1255 03aa 68230000 		.4byte	.LASF130
 1256 03ae 07       		.byte	0x7
 1257 03af 0B       		.uleb128 0xb
 1258 03b0 DE110000 		.4byte	.LASF131
 1259 03b4 08       		.byte	0x8
 1260 03b5 0B       		.uleb128 0xb
 1261 03b6 88160000 		.4byte	.LASF132
 1262 03ba 09       		.byte	0x9
 1263 03bb 00       		.byte	0
 1264 03bc 04       		.uleb128 0x4
 1265 03bd A1140000 		.4byte	.LASF133
 1266 03c1 03       		.byte	0x3
 1267 03c2 AC04     		.2byte	0x4ac
 1268 03c4 78030000 		.4byte	0x378
 1269 03c8 0A       		.uleb128 0xa
 1270 03c9 01       		.byte	0x1
ARM GAS  C:\Users\ARTEM\AppData\Local\Temp\cclhTYy7.s 			page 63


 1271 03ca 2C000000 		.4byte	0x2c
 1272 03ce 03       		.byte	0x3
 1273 03cf B004     		.2byte	0x4b0
 1274 03d1 E8030000 		.4byte	0x3e8
 1275 03d5 0B       		.uleb128 0xb
 1276 03d6 86230000 		.4byte	.LASF134
 1277 03da 00       		.byte	0
 1278 03db 0B       		.uleb128 0xb
 1279 03dc AF180000 		.4byte	.LASF135
 1280 03e0 01       		.byte	0x1
 1281 03e1 0B       		.uleb128 0xb
 1282 03e2 1C250000 		.4byte	.LASF136
 1283 03e6 02       		.byte	0x2
 1284 03e7 00       		.byte	0
 1285 03e8 04       		.uleb128 0x4
 1286 03e9 B8090000 		.4byte	.LASF137
 1287 03ed 03       		.byte	0x3
 1288 03ee B704     		.2byte	0x4b7
 1289 03f0 C8030000 		.4byte	0x3c8
 1290 03f4 0D       		.uleb128 0xd
 1291 03f5 02       		.byte	0x2
 1292 03f6 03       		.byte	0x3
 1293 03f7 BA04     		.2byte	0x4ba
 1294 03f9 18040000 		.4byte	0x418
 1295 03fd 0E       		.uleb128 0xe
 1296 03fe D1010000 		.4byte	.LASF138
 1297 0402 03       		.byte	0x3
 1298 0403 BD04     		.2byte	0x4bd
 1299 0405 BC030000 		.4byte	0x3bc
 1300 0409 00       		.byte	0
 1301 040a 0E       		.uleb128 0xe
 1302 040b 9E080000 		.4byte	.LASF139
 1303 040f 03       		.byte	0x3
 1304 0410 BF04     		.2byte	0x4bf
 1305 0412 E8030000 		.4byte	0x3e8
 1306 0416 01       		.byte	0x1
 1307 0417 00       		.byte	0
 1308 0418 04       		.uleb128 0x4
 1309 0419 04250000 		.4byte	.LASF140
 1310 041d 03       		.byte	0x3
 1311 041e C004     		.2byte	0x4c0
 1312 0420 F4030000 		.4byte	0x3f4
 1313 0424 0A       		.uleb128 0xa
 1314 0425 01       		.byte	0x1
 1315 0426 2C000000 		.4byte	0x2c
 1316 042a 03       		.byte	0x3
 1317 042b EA04     		.2byte	0x4ea
 1318 042d 3E040000 		.4byte	0x43e
 1319 0431 0B       		.uleb128 0xb
 1320 0432 021D0000 		.4byte	.LASF141
 1321 0436 00       		.byte	0
 1322 0437 0B       		.uleb128 0xb
 1323 0438 70120000 		.4byte	.LASF142
 1324 043c 01       		.byte	0x1
 1325 043d 00       		.byte	0
 1326 043e 04       		.uleb128 0x4
 1327 043f 9D250000 		.4byte	.LASF143
ARM GAS  C:\Users\ARTEM\AppData\Local\Temp\cclhTYy7.s 			page 64


 1328 0443 03       		.byte	0x3
 1329 0444 F104     		.2byte	0x4f1
 1330 0446 24040000 		.4byte	0x424
 1331 044a 0D       		.uleb128 0xd
 1332 044b 08       		.byte	0x8
 1333 044c 03       		.byte	0x3
 1334 044d F404     		.2byte	0x4f4
 1335 044f 7B040000 		.4byte	0x47b
 1336 0453 0E       		.uleb128 0xe
 1337 0454 CD000000 		.4byte	.LASF144
 1338 0458 03       		.byte	0x3
 1339 0459 F704     		.2byte	0x4f7
 1340 045b 3E040000 		.4byte	0x43e
 1341 045f 00       		.byte	0
 1342 0460 0E       		.uleb128 0xe
 1343 0461 34110000 		.4byte	.LASF145
 1344 0465 03       		.byte	0x3
 1345 0466 FC04     		.2byte	0x4fc
 1346 0468 6B000000 		.4byte	0x6b
 1347 046c 01       		.byte	0x1
 1348 046d 0E       		.uleb128 0xe
 1349 046e 4A0B0000 		.4byte	.LASF146
 1350 0472 03       		.byte	0x3
 1351 0473 0405     		.2byte	0x504
 1352 0475 B7000000 		.4byte	0xb7
 1353 0479 04       		.byte	0x4
 1354 047a 00       		.byte	0
 1355 047b 04       		.uleb128 0x4
 1356 047c 8D150000 		.4byte	.LASF147
 1357 0480 03       		.byte	0x3
 1358 0481 0605     		.2byte	0x506
 1359 0483 4A040000 		.4byte	0x44a
 1360 0487 0D       		.uleb128 0xd
 1361 0488 07       		.byte	0x7
 1362 0489 03       		.byte	0x3
 1363 048a 2A05     		.2byte	0x52a
 1364 048c AB040000 		.4byte	0x4ab
 1365 0490 0E       		.uleb128 0xe
 1366 0491 EB220000 		.4byte	.LASF148
 1367 0495 03       		.byte	0x3
 1368 0496 2D05     		.2byte	0x52d
 1369 0498 AB040000 		.4byte	0x4ab
 1370 049c 00       		.byte	0
 1371 049d 0E       		.uleb128 0xe
 1372 049e CF030000 		.4byte	.LASF149
 1373 04a2 03       		.byte	0x3
 1374 04a3 2F05     		.2byte	0x52f
 1375 04a5 6B000000 		.4byte	0x6b
 1376 04a9 06       		.byte	0x6
 1377 04aa 00       		.byte	0
 1378 04ab 0F       		.uleb128 0xf
 1379 04ac 6B000000 		.4byte	0x6b
 1380 04b0 BB040000 		.4byte	0x4bb
 1381 04b4 10       		.uleb128 0x10
 1382 04b5 B0000000 		.4byte	0xb0
 1383 04b9 05       		.byte	0x5
 1384 04ba 00       		.byte	0
ARM GAS  C:\Users\ARTEM\AppData\Local\Temp\cclhTYy7.s 			page 65


 1385 04bb 04       		.uleb128 0x4
 1386 04bc C21E0000 		.4byte	.LASF150
 1387 04c0 03       		.byte	0x3
 1388 04c1 3005     		.2byte	0x530
 1389 04c3 87040000 		.4byte	0x487
 1390 04c7 07       		.uleb128 0x7
 1391 04c8 04       		.byte	0x4
 1392 04c9 6B000000 		.4byte	0x6b
 1393 04cd 11       		.uleb128 0x11
 1394 04ce 01       		.byte	0x1
 1395 04cf 2C000000 		.4byte	0x2c
 1396 04d3 04       		.byte	0x4
 1397 04d4 2F       		.byte	0x2f
 1398 04d5 F2040000 		.4byte	0x4f2
 1399 04d9 0B       		.uleb128 0xb
 1400 04da EF1E0000 		.4byte	.LASF151
 1401 04de 01       		.byte	0x1
 1402 04df 0B       		.uleb128 0xb
 1403 04e0 831E0000 		.4byte	.LASF152
 1404 04e4 02       		.byte	0x2
 1405 04e5 0B       		.uleb128 0xb
 1406 04e6 11270000 		.4byte	.LASF153
 1407 04ea 03       		.byte	0x3
 1408 04eb 0B       		.uleb128 0xb
 1409 04ec 491F0000 		.4byte	.LASF154
 1410 04f0 04       		.byte	0x4
 1411 04f1 00       		.byte	0
 1412 04f2 12       		.uleb128 0x12
 1413 04f3 D4030000 		.4byte	.LASF155
 1414 04f7 04       		.byte	0x4
 1415 04f8 3C       		.byte	0x3c
 1416 04f9 CD040000 		.4byte	0x4cd
 1417 04fd 0A       		.uleb128 0xa
 1418 04fe 01       		.byte	0x1
 1419 04ff 2C000000 		.4byte	0x2c
 1420 0503 05       		.byte	0x5
 1421 0504 0801     		.2byte	0x108
 1422 0506 29050000 		.4byte	0x529
 1423 050a 0B       		.uleb128 0xb
 1424 050b 08070000 		.4byte	.LASF156
 1425 050f 00       		.byte	0
 1426 0510 0B       		.uleb128 0xb
 1427 0511 1E070000 		.4byte	.LASF157
 1428 0515 01       		.byte	0x1
 1429 0516 0B       		.uleb128 0xb
 1430 0517 34070000 		.4byte	.LASF158
 1431 051b 02       		.byte	0x2
 1432 051c 0B       		.uleb128 0xb
 1433 051d 4A070000 		.4byte	.LASF159
 1434 0521 03       		.byte	0x3
 1435 0522 0B       		.uleb128 0xb
 1436 0523 F10D0000 		.4byte	.LASF160
 1437 0527 0F       		.byte	0xf
 1438 0528 00       		.byte	0
 1439 0529 0A       		.uleb128 0xa
 1440 052a 01       		.byte	0x1
 1441 052b 2C000000 		.4byte	0x2c
ARM GAS  C:\Users\ARTEM\AppData\Local\Temp\cclhTYy7.s 			page 66


 1442 052f 05       		.byte	0x5
 1443 0530 2701     		.2byte	0x127
 1444 0532 55050000 		.4byte	0x555
 1445 0536 0B       		.uleb128 0xb
 1446 0537 0C050000 		.4byte	.LASF161
 1447 053b 00       		.byte	0
 1448 053c 0B       		.uleb128 0xb
 1449 053d 91240000 		.4byte	.LASF162
 1450 0541 01       		.byte	0x1
 1451 0542 0B       		.uleb128 0xb
 1452 0543 720C0000 		.4byte	.LASF163
 1453 0547 02       		.byte	0x2
 1454 0548 0B       		.uleb128 0xb
 1455 0549 52010000 		.4byte	.LASF164
 1456 054d 03       		.byte	0x3
 1457 054e 0B       		.uleb128 0xb
 1458 054f 90210000 		.4byte	.LASF165
 1459 0553 04       		.byte	0x4
 1460 0554 00       		.byte	0
 1461 0555 0A       		.uleb128 0xa
 1462 0556 01       		.byte	0x1
 1463 0557 2C000000 		.4byte	0x2c
 1464 055b 05       		.byte	0x5
 1465 055c 3D01     		.2byte	0x13d
 1466 055e CF050000 		.4byte	0x5cf
 1467 0562 0B       		.uleb128 0xb
 1468 0563 0A1C0000 		.4byte	.LASF166
 1469 0567 00       		.byte	0
 1470 0568 0B       		.uleb128 0xb
 1471 0569 FE050000 		.4byte	.LASF167
 1472 056d 01       		.byte	0x1
 1473 056e 0B       		.uleb128 0xb
 1474 056f A11C0000 		.4byte	.LASF168
 1475 0573 02       		.byte	0x2
 1476 0574 0B       		.uleb128 0xb
 1477 0575 B1120000 		.4byte	.LASF169
 1478 0579 03       		.byte	0x3
 1479 057a 0B       		.uleb128 0xb
 1480 057b 2F080000 		.4byte	.LASF170
 1481 057f 04       		.byte	0x4
 1482 0580 0B       		.uleb128 0xb
 1483 0581 1E1F0000 		.4byte	.LASF171
 1484 0585 05       		.byte	0x5
 1485 0586 0B       		.uleb128 0xb
 1486 0587 FA140000 		.4byte	.LASF172
 1487 058b 06       		.byte	0x6
 1488 058c 0B       		.uleb128 0xb
 1489 058d 86120000 		.4byte	.LASF173
 1490 0591 07       		.byte	0x7
 1491 0592 0B       		.uleb128 0xb
 1492 0593 4B040000 		.4byte	.LASF174
 1493 0597 08       		.byte	0x8
 1494 0598 0B       		.uleb128 0xb
 1495 0599 0D140000 		.4byte	.LASF175
 1496 059d 09       		.byte	0x9
 1497 059e 0B       		.uleb128 0xb
 1498 059f 220B0000 		.4byte	.LASF176
ARM GAS  C:\Users\ARTEM\AppData\Local\Temp\cclhTYy7.s 			page 67


 1499 05a3 0A       		.byte	0xa
 1500 05a4 0B       		.uleb128 0xb
 1501 05a5 79140000 		.4byte	.LASF177
 1502 05a9 0B       		.byte	0xb
 1503 05aa 0B       		.uleb128 0xb
 1504 05ab 62240000 		.4byte	.LASF178
 1505 05af 0C       		.byte	0xc
 1506 05b0 0B       		.uleb128 0xb
 1507 05b1 ED0E0000 		.4byte	.LASF179
 1508 05b5 0D       		.byte	0xd
 1509 05b6 0B       		.uleb128 0xb
 1510 05b7 280A0000 		.4byte	.LASF180
 1511 05bb 0E       		.byte	0xe
 1512 05bc 0B       		.uleb128 0xb
 1513 05bd D5000000 		.4byte	.LASF181
 1514 05c1 0F       		.byte	0xf
 1515 05c2 0B       		.uleb128 0xb
 1516 05c3 1F040000 		.4byte	.LASF182
 1517 05c7 15       		.byte	0x15
 1518 05c8 0B       		.uleb128 0xb
 1519 05c9 75100000 		.4byte	.LASF183
 1520 05cd 18       		.byte	0x18
 1521 05ce 00       		.byte	0
 1522 05cf 04       		.uleb128 0x4
 1523 05d0 E7190000 		.4byte	.LASF184
 1524 05d4 05       		.byte	0x5
 1525 05d5 7D01     		.2byte	0x17d
 1526 05d7 55050000 		.4byte	0x555
 1527 05db 0A       		.uleb128 0xa
 1528 05dc 01       		.byte	0x1
 1529 05dd 2C000000 		.4byte	0x2c
 1530 05e1 05       		.byte	0x5
 1531 05e2 A801     		.2byte	0x1a8
 1532 05e4 01060000 		.4byte	0x601
 1533 05e8 0B       		.uleb128 0xb
 1534 05e9 DF140000 		.4byte	.LASF185
 1535 05ed 00       		.byte	0
 1536 05ee 0B       		.uleb128 0xb
 1537 05ef E2060000 		.4byte	.LASF186
 1538 05f3 01       		.byte	0x1
 1539 05f4 0B       		.uleb128 0xb
 1540 05f5 9F0B0000 		.4byte	.LASF187
 1541 05f9 02       		.byte	0x2
 1542 05fa 0B       		.uleb128 0xb
 1543 05fb 2C0E0000 		.4byte	.LASF188
 1544 05ff 03       		.byte	0x3
 1545 0600 00       		.byte	0
 1546 0601 04       		.uleb128 0x4
 1547 0602 25260000 		.4byte	.LASF189
 1548 0606 05       		.byte	0x5
 1549 0607 B501     		.2byte	0x1b5
 1550 0609 DB050000 		.4byte	0x5db
 1551 060d 0D       		.uleb128 0xd
 1552 060e 05       		.byte	0x5
 1553 060f 05       		.byte	0x5
 1554 0610 C601     		.2byte	0x1c6
 1555 0612 58060000 		.4byte	0x658
ARM GAS  C:\Users\ARTEM\AppData\Local\Temp\cclhTYy7.s 			page 68


 1556 0616 0E       		.uleb128 0xe
 1557 0617 A4150000 		.4byte	.LASF190
 1558 061b 05       		.byte	0x5
 1559 061c D001     		.2byte	0x1d0
 1560 061e 6B000000 		.4byte	0x6b
 1561 0622 00       		.byte	0
 1562 0623 0E       		.uleb128 0xe
 1563 0624 ED170000 		.4byte	.LASF191
 1564 0628 05       		.byte	0x5
 1565 0629 D601     		.2byte	0x1d6
 1566 062b 6B000000 		.4byte	0x6b
 1567 062f 01       		.byte	0x1
 1568 0630 0E       		.uleb128 0xe
 1569 0631 36000000 		.4byte	.LASF192
 1570 0635 05       		.byte	0x5
 1571 0636 DD01     		.2byte	0x1dd
 1572 0638 6B000000 		.4byte	0x6b
 1573 063c 02       		.byte	0x2
 1574 063d 0E       		.uleb128 0xe
 1575 063e F5200000 		.4byte	.LASF193
 1576 0642 05       		.byte	0x5
 1577 0643 E101     		.2byte	0x1e1
 1578 0645 CF050000 		.4byte	0x5cf
 1579 0649 03       		.byte	0x3
 1580 064a 0E       		.uleb128 0xe
 1581 064b 29200000 		.4byte	.LASF194
 1582 064f 05       		.byte	0x5
 1583 0650 EB01     		.2byte	0x1eb
 1584 0652 6B000000 		.4byte	0x6b
 1585 0656 04       		.byte	0x4
 1586 0657 00       		.byte	0
 1587 0658 04       		.uleb128 0x4
 1588 0659 5C0C0000 		.4byte	.LASF195
 1589 065d 05       		.byte	0x5
 1590 065e ED01     		.2byte	0x1ed
 1591 0660 0D060000 		.4byte	0x60d
 1592 0664 0F       		.uleb128 0xf
 1593 0665 6B000000 		.4byte	0x6b
 1594 0669 74060000 		.4byte	0x674
 1595 066d 10       		.uleb128 0x10
 1596 066e B0000000 		.4byte	0xb0
 1597 0672 0F       		.byte	0xf
 1598 0673 00       		.byte	0
 1599 0674 0D       		.uleb128 0xd
 1600 0675 08       		.byte	0x8
 1601 0676 05       		.byte	0x5
 1602 0677 7203     		.2byte	0x372
 1603 0679 B2060000 		.4byte	0x6b2
 1604 067d 0E       		.uleb128 0xe
 1605 067e 1B120000 		.4byte	.LASF196
 1606 0682 05       		.byte	0x5
 1607 0683 7803     		.2byte	0x378
 1608 0685 6B000000 		.4byte	0x6b
 1609 0689 00       		.byte	0
 1610 068a 0E       		.uleb128 0xe
 1611 068b DD250000 		.4byte	.LASF197
 1612 068f 05       		.byte	0x5
ARM GAS  C:\Users\ARTEM\AppData\Local\Temp\cclhTYy7.s 			page 69


 1613 0690 7E03     		.2byte	0x37e
 1614 0692 77000000 		.4byte	0x77
 1615 0696 02       		.byte	0x2
 1616 0697 0E       		.uleb128 0xe
 1617 0698 56240000 		.4byte	.LASF198
 1618 069c 05       		.byte	0x5
 1619 069d 8303     		.2byte	0x383
 1620 069f 77000000 		.4byte	0x77
 1621 06a3 04       		.byte	0x4
 1622 06a4 0E       		.uleb128 0xe
 1623 06a5 03270000 		.4byte	.LASF199
 1624 06a9 05       		.byte	0x5
 1625 06aa 8903     		.2byte	0x389
 1626 06ac 77000000 		.4byte	0x77
 1627 06b0 06       		.byte	0x6
 1628 06b1 00       		.byte	0
 1629 06b2 04       		.uleb128 0x4
 1630 06b3 1F1D0000 		.4byte	.LASF200
 1631 06b7 05       		.byte	0x5
 1632 06b8 8B03     		.2byte	0x38b
 1633 06ba 74060000 		.4byte	0x674
 1634 06be 0D       		.uleb128 0xd
 1635 06bf 1C       		.byte	0x1c
 1636 06c0 05       		.byte	0x5
 1637 06c1 2304     		.2byte	0x423
 1638 06c3 4A070000 		.4byte	0x74a
 1639 06c7 0E       		.uleb128 0xe
 1640 06c8 DD250000 		.4byte	.LASF197
 1641 06cc 05       		.byte	0x5
 1642 06cd 2904     		.2byte	0x429
 1643 06cf 77000000 		.4byte	0x77
 1644 06d3 00       		.byte	0
 1645 06d4 0E       		.uleb128 0xe
 1646 06d5 56240000 		.4byte	.LASF198
 1647 06d9 05       		.byte	0x5
 1648 06da 2E04     		.2byte	0x42e
 1649 06dc 77000000 		.4byte	0x77
 1650 06e0 02       		.byte	0x2
 1651 06e1 0E       		.uleb128 0xe
 1652 06e2 81270000 		.4byte	.LASF201
 1653 06e6 05       		.byte	0x5
 1654 06e7 3404     		.2byte	0x434
 1655 06e9 77000000 		.4byte	0x77
 1656 06ed 04       		.byte	0x4
 1657 06ee 0E       		.uleb128 0xe
 1658 06ef D4090000 		.4byte	.LASF202
 1659 06f3 05       		.byte	0x5
 1660 06f4 3704     		.2byte	0x437
 1661 06f6 C7040000 		.4byte	0x4c7
 1662 06fa 08       		.byte	0x8
 1663 06fb 0E       		.uleb128 0xe
 1664 06fc 10190000 		.4byte	.LASF203
 1665 0700 05       		.byte	0x5
 1666 0701 3A04     		.2byte	0x43a
 1667 0703 01060000 		.4byte	0x601
 1668 0707 0C       		.byte	0xc
 1669 0708 0E       		.uleb128 0xe
ARM GAS  C:\Users\ARTEM\AppData\Local\Temp\cclhTYy7.s 			page 70


 1670 0709 4C060000 		.4byte	.LASF204
 1671 070d 05       		.byte	0x5
 1672 070e 4404     		.2byte	0x444
 1673 0710 C7040000 		.4byte	0x4c7
 1674 0714 10       		.byte	0x10
 1675 0715 0E       		.uleb128 0xe
 1676 0716 931D0000 		.4byte	.LASF205
 1677 071a 05       		.byte	0x5
 1678 071b 4D04     		.2byte	0x44d
 1679 071d C7040000 		.4byte	0x4c7
 1680 0721 14       		.byte	0x14
 1681 0722 0E       		.uleb128 0xe
 1682 0723 20260000 		.4byte	.LASF206
 1683 0727 05       		.byte	0x5
 1684 0728 5304     		.2byte	0x453
 1685 072a 6B000000 		.4byte	0x6b
 1686 072e 18       		.byte	0x18
 1687 072f 0E       		.uleb128 0xe
 1688 0730 AE100000 		.4byte	.LASF207
 1689 0734 05       		.byte	0x5
 1690 0735 5F04     		.2byte	0x45f
 1691 0737 6B000000 		.4byte	0x6b
 1692 073b 19       		.byte	0x19
 1693 073c 0E       		.uleb128 0xe
 1694 073d 1B120000 		.4byte	.LASF196
 1695 0741 05       		.byte	0x5
 1696 0742 6604     		.2byte	0x466
 1697 0744 6B000000 		.4byte	0x6b
 1698 0748 1A       		.byte	0x1a
 1699 0749 00       		.byte	0
 1700 074a 04       		.uleb128 0x4
 1701 074b DF090000 		.4byte	.LASF208
 1702 074f 05       		.byte	0x5
 1703 0750 6804     		.2byte	0x468
 1704 0752 BE060000 		.4byte	0x6be
 1705 0756 11       		.uleb128 0x11
 1706 0757 01       		.byte	0x1
 1707 0758 2C000000 		.4byte	0x2c
 1708 075c 06       		.byte	0x6
 1709 075d 49       		.byte	0x49
 1710 075e 11080000 		.4byte	0x811
 1711 0762 0B       		.uleb128 0xb
 1712 0763 8E0E0000 		.4byte	.LASF209
 1713 0767 01       		.byte	0x1
 1714 0768 0B       		.uleb128 0xb
 1715 0769 010D0000 		.4byte	.LASF210
 1716 076d 02       		.byte	0x2
 1717 076e 0B       		.uleb128 0xb
 1718 076f 7F060000 		.4byte	.LASF211
 1719 0773 03       		.byte	0x3
 1720 0774 0B       		.uleb128 0xb
 1721 0775 64090000 		.4byte	.LASF212
 1722 0779 04       		.byte	0x4
 1723 077a 0B       		.uleb128 0xb
 1724 077b 881C0000 		.4byte	.LASF213
 1725 077f 05       		.byte	0x5
 1726 0780 0B       		.uleb128 0xb
ARM GAS  C:\Users\ARTEM\AppData\Local\Temp\cclhTYy7.s 			page 71


 1727 0781 851B0000 		.4byte	.LASF214
 1728 0785 06       		.byte	0x6
 1729 0786 0B       		.uleb128 0xb
 1730 0787 60070000 		.4byte	.LASF215
 1731 078b 07       		.byte	0x7
 1732 078c 0B       		.uleb128 0xb
 1733 078d 0B1B0000 		.4byte	.LASF216
 1734 0791 08       		.byte	0x8
 1735 0792 0B       		.uleb128 0xb
 1736 0793 73040000 		.4byte	.LASF217
 1737 0797 09       		.byte	0x9
 1738 0798 0B       		.uleb128 0xb
 1739 0799 07120000 		.4byte	.LASF218
 1740 079d 0A       		.byte	0xa
 1741 079e 0B       		.uleb128 0xb
 1742 079f 3A230000 		.4byte	.LASF219
 1743 07a3 0B       		.byte	0xb
 1744 07a4 0B       		.uleb128 0xb
 1745 07a5 D61E0000 		.4byte	.LASF220
 1746 07a9 0C       		.byte	0xc
 1747 07aa 0B       		.uleb128 0xb
 1748 07ab D6080000 		.4byte	.LASF221
 1749 07af 0D       		.byte	0xd
 1750 07b0 0B       		.uleb128 0xb
 1751 07b1 901A0000 		.4byte	.LASF222
 1752 07b5 0E       		.byte	0xe
 1753 07b6 0B       		.uleb128 0xb
 1754 07b7 B2030000 		.4byte	.LASF223
 1755 07bb 0F       		.byte	0xf
 1756 07bc 0B       		.uleb128 0xb
 1757 07bd 70260000 		.4byte	.LASF224
 1758 07c1 10       		.byte	0x10
 1759 07c2 0B       		.uleb128 0xb
 1760 07c3 55110000 		.4byte	.LASF225
 1761 07c7 11       		.byte	0x11
 1762 07c8 0B       		.uleb128 0xb
 1763 07c9 D6200000 		.4byte	.LASF226
 1764 07cd 12       		.byte	0x12
 1765 07ce 0B       		.uleb128 0xb
 1766 07cf 040C0000 		.4byte	.LASF227
 1767 07d3 13       		.byte	0x13
 1768 07d4 0B       		.uleb128 0xb
 1769 07d5 A0010000 		.4byte	.LASF228
 1770 07d9 52       		.byte	0x52
 1771 07da 0B       		.uleb128 0xb
 1772 07db 36020000 		.4byte	.LASF229
 1773 07df 16       		.byte	0x16
 1774 07e0 0B       		.uleb128 0xb
 1775 07e1 4E190000 		.4byte	.LASF230
 1776 07e5 17       		.byte	0x17
 1777 07e6 0B       		.uleb128 0xb
 1778 07e7 E7240000 		.4byte	.LASF231
 1779 07eb 18       		.byte	0x18
 1780 07ec 0B       		.uleb128 0xb
 1781 07ed 22100000 		.4byte	.LASF232
 1782 07f1 19       		.byte	0x19
 1783 07f2 0B       		.uleb128 0xb
ARM GAS  C:\Users\ARTEM\AppData\Local\Temp\cclhTYy7.s 			page 72


 1784 07f3 02130000 		.4byte	.LASF233
 1785 07f7 1B       		.byte	0x1b
 1786 07f8 0B       		.uleb128 0xb
 1787 07f9 BD0A0000 		.4byte	.LASF234
 1788 07fd 1D       		.byte	0x1d
 1789 07fe 0B       		.uleb128 0xb
 1790 07ff 3F000000 		.4byte	.LASF235
 1791 0803 1E       		.byte	0x1e
 1792 0804 0B       		.uleb128 0xb
 1793 0805 8B0F0000 		.4byte	.LASF236
 1794 0809 D2       		.byte	0xd2
 1795 080a 0B       		.uleb128 0xb
 1796 080b A91D0000 		.4byte	.LASF237
 1797 080f FF       		.byte	0xff
 1798 0810 00       		.byte	0
 1799 0811 11       		.uleb128 0x11
 1800 0812 01       		.byte	0x1
 1801 0813 2C000000 		.4byte	0x2c
 1802 0817 06       		.byte	0x6
 1803 0818 A5       		.byte	0xa5
 1804 0819 08090000 		.4byte	0x908
 1805 081d 0B       		.uleb128 0xb
 1806 081e 291E0000 		.4byte	.LASF238
 1807 0822 00       		.byte	0
 1808 0823 0B       		.uleb128 0xb
 1809 0824 631D0000 		.4byte	.LASF239
 1810 0828 01       		.byte	0x1
 1811 0829 0B       		.uleb128 0xb
 1812 082a E2010000 		.4byte	.LASF240
 1813 082e 02       		.byte	0x2
 1814 082f 0B       		.uleb128 0xb
 1815 0830 BA250000 		.4byte	.LASF241
 1816 0834 03       		.byte	0x3
 1817 0835 0B       		.uleb128 0xb
 1818 0836 14080000 		.4byte	.LASF242
 1819 083a 04       		.byte	0x4
 1820 083b 0B       		.uleb128 0xb
 1821 083c 3F180000 		.4byte	.LASF243
 1822 0840 05       		.byte	0x5
 1823 0841 0B       		.uleb128 0xb
 1824 0842 51210000 		.4byte	.LASF244
 1825 0846 06       		.byte	0x6
 1826 0847 0B       		.uleb128 0xb
 1827 0848 ED1A0000 		.4byte	.LASF245
 1828 084c 07       		.byte	0x7
 1829 084d 0B       		.uleb128 0xb
 1830 084e B8170000 		.4byte	.LASF246
 1831 0852 08       		.byte	0x8
 1832 0853 0B       		.uleb128 0xb
 1833 0854 AD150000 		.4byte	.LASF247
 1834 0858 09       		.byte	0x9
 1835 0859 0B       		.uleb128 0xb
 1836 085a 7C190000 		.4byte	.LASF248
 1837 085e 0A       		.byte	0xa
 1838 085f 0B       		.uleb128 0xb
 1839 0860 CF0D0000 		.4byte	.LASF249
 1840 0864 0B       		.byte	0xb
ARM GAS  C:\Users\ARTEM\AppData\Local\Temp\cclhTYy7.s 			page 73


 1841 0865 0B       		.uleb128 0xb
 1842 0866 5F160000 		.4byte	.LASF250
 1843 086a 0C       		.byte	0xc
 1844 086b 0B       		.uleb128 0xb
 1845 086c EF080000 		.4byte	.LASF251
 1846 0870 0D       		.byte	0xd
 1847 0871 0B       		.uleb128 0xb
 1848 0872 C20C0000 		.4byte	.LASF252
 1849 0876 0E       		.byte	0xe
 1850 0877 0B       		.uleb128 0xb
 1851 0878 F9250000 		.4byte	.LASF253
 1852 087c 0F       		.byte	0xf
 1853 087d 0B       		.uleb128 0xb
 1854 087e 53020000 		.4byte	.LASF254
 1855 0882 10       		.byte	0x10
 1856 0883 0B       		.uleb128 0xb
 1857 0884 04020000 		.4byte	.LASF255
 1858 0888 11       		.byte	0x11
 1859 0889 0B       		.uleb128 0xb
 1860 088a EB030000 		.4byte	.LASF256
 1861 088e 80       		.byte	0x80
 1862 088f 0B       		.uleb128 0xb
 1863 0890 990D0000 		.4byte	.LASF257
 1864 0894 80       		.byte	0x80
 1865 0895 0B       		.uleb128 0xb
 1866 0896 D0100000 		.4byte	.LASF258
 1867 089a 80       		.byte	0x80
 1868 089b 0B       		.uleb128 0xb
 1869 089c 1A210000 		.4byte	.LASF259
 1870 08a0 80       		.byte	0x80
 1871 08a1 0B       		.uleb128 0xb
 1872 08a2 951E0000 		.4byte	.LASF260
 1873 08a6 80       		.byte	0x80
 1874 08a7 0B       		.uleb128 0xb
 1875 08a8 E2180000 		.4byte	.LASF261
 1876 08ac 80       		.byte	0x80
 1877 08ad 0B       		.uleb128 0xb
 1878 08ae B9110000 		.4byte	.LASF262
 1879 08b2 80       		.byte	0x80
 1880 08b3 0B       		.uleb128 0xb
 1881 08b4 A70C0000 		.4byte	.LASF263
 1882 08b8 80       		.byte	0x80
 1883 08b9 0B       		.uleb128 0xb
 1884 08ba A70F0000 		.4byte	.LASF264
 1885 08be 81       		.byte	0x81
 1886 08bf 0B       		.uleb128 0xb
 1887 08c0 B11F0000 		.4byte	.LASF265
 1888 08c4 81       		.byte	0x81
 1889 08c5 0B       		.uleb128 0xb
 1890 08c6 12000000 		.4byte	.LASF266
 1891 08ca 81       		.byte	0x81
 1892 08cb 0B       		.uleb128 0xb
 1893 08cc F0070000 		.4byte	.LASF267
 1894 08d0 81       		.byte	0x81
 1895 08d1 0B       		.uleb128 0xb
 1896 08d2 D8050000 		.4byte	.LASF268
 1897 08d6 82       		.byte	0x82
ARM GAS  C:\Users\ARTEM\AppData\Local\Temp\cclhTYy7.s 			page 74


 1898 08d7 0B       		.uleb128 0xb
 1899 08d8 F2220000 		.4byte	.LASF269
 1900 08dc A0       		.byte	0xa0
 1901 08dd 0B       		.uleb128 0xb
 1902 08de 47130000 		.4byte	.LASF270
 1903 08e2 A0       		.byte	0xa0
 1904 08e3 0B       		.uleb128 0xb
 1905 08e4 28060000 		.4byte	.LASF271
 1906 08e8 A1       		.byte	0xa1
 1907 08e9 0B       		.uleb128 0xb
 1908 08ea 40220000 		.4byte	.LASF272
 1909 08ee A2       		.byte	0xa2
 1910 08ef 0B       		.uleb128 0xb
 1911 08f0 500E0000 		.4byte	.LASF273
 1912 08f4 A3       		.byte	0xa3
 1913 08f5 0B       		.uleb128 0xb
 1914 08f6 FE000000 		.4byte	.LASF274
 1915 08fa FD       		.byte	0xfd
 1916 08fb 0B       		.uleb128 0xb
 1917 08fc B2160000 		.4byte	.LASF275
 1918 0900 FE       		.byte	0xfe
 1919 0901 0B       		.uleb128 0xb
 1920 0902 451B0000 		.4byte	.LASF276
 1921 0906 FF       		.byte	0xff
 1922 0907 00       		.byte	0
 1923 0908 04       		.uleb128 0x4
 1924 0909 20220000 		.4byte	.LASF277
 1925 090d 06       		.byte	0x6
 1926 090e 5F01     		.2byte	0x15f
 1927 0910 11080000 		.4byte	0x811
 1928 0914 04       		.uleb128 0x4
 1929 0915 DE1D0000 		.4byte	.LASF278
 1930 0919 06       		.byte	0x6
 1931 091a 8901     		.2byte	0x189
 1932 091c 77000000 		.4byte	0x77
 1933 0920 0D       		.uleb128 0xd
 1934 0921 02       		.byte	0x2
 1935 0922 06       		.byte	0x6
 1936 0923 9301     		.2byte	0x193
 1937 0925 44090000 		.4byte	0x944
 1938 0929 0E       		.uleb128 0xe
 1939 092a CF050000 		.4byte	.LASF279
 1940 092e 06       		.byte	0x6
 1941 092f 9A01     		.2byte	0x19a
 1942 0931 6B000000 		.4byte	0x6b
 1943 0935 00       		.byte	0
 1944 0936 0E       		.uleb128 0xe
 1945 0937 AC260000 		.4byte	.LASF280
 1946 093b 06       		.byte	0x6
 1947 093c A001     		.2byte	0x1a0
 1948 093e 6B000000 		.4byte	0x6b
 1949 0942 01       		.byte	0x1
 1950 0943 00       		.byte	0
 1951 0944 04       		.uleb128 0x4
 1952 0945 D8040000 		.4byte	.LASF281
 1953 0949 06       		.byte	0x6
 1954 094a A201     		.2byte	0x1a2
ARM GAS  C:\Users\ARTEM\AppData\Local\Temp\cclhTYy7.s 			page 75


 1955 094c 20090000 		.4byte	0x920
 1956 0950 0D       		.uleb128 0xd
 1957 0951 08       		.byte	0x8
 1958 0952 06       		.byte	0x6
 1959 0953 BE01     		.2byte	0x1be
 1960 0955 81090000 		.4byte	0x981
 1961 0959 13       		.uleb128 0x13
 1962 095a 76616C00 		.ascii	"val\000"
 1963 095e 06       		.byte	0x6
 1964 095f C101     		.2byte	0x1c1
 1965 0961 C7040000 		.4byte	0x4c7
 1966 0965 00       		.byte	0
 1967 0966 13       		.uleb128 0x13
 1968 0967 6C656E00 		.ascii	"len\000"
 1969 096b 06       		.byte	0x6
 1970 096c C401     		.2byte	0x1c4
 1971 096e 77000000 		.4byte	0x77
 1972 0972 04       		.byte	0x4
 1973 0973 0E       		.uleb128 0xe
 1974 0974 55260000 		.4byte	.LASF282
 1975 0978 06       		.byte	0x6
 1976 0979 CB01     		.2byte	0x1cb
 1977 097b 77000000 		.4byte	0x77
 1978 097f 06       		.byte	0x6
 1979 0980 00       		.byte	0
 1980 0981 04       		.uleb128 0x4
 1981 0982 0A030000 		.4byte	.LASF283
 1982 0986 06       		.byte	0x6
 1983 0987 CD01     		.2byte	0x1cd
 1984 0989 50090000 		.4byte	0x950
 1985 098d 0D       		.uleb128 0xd
 1986 098e 0C       		.byte	0xc
 1987 098f 06       		.byte	0x6
 1988 0990 D001     		.2byte	0x1d0
 1989 0992 B1090000 		.4byte	0x9b1
 1990 0996 0E       		.uleb128 0xe
 1991 0997 3D1E0000 		.4byte	.LASF284
 1992 099b 06       		.byte	0x6
 1993 099c D301     		.2byte	0x1d3
 1994 099e 81090000 		.4byte	0x981
 1995 09a2 00       		.byte	0
 1996 09a3 0E       		.uleb128 0xe
 1997 09a4 E2170000 		.4byte	.LASF285
 1998 09a8 06       		.byte	0x6
 1999 09a9 D601     		.2byte	0x1d6
 2000 09ab 14090000 		.4byte	0x914
 2001 09af 08       		.byte	0x8
 2002 09b0 00       		.byte	0
 2003 09b1 04       		.uleb128 0x4
 2004 09b2 7F080000 		.4byte	.LASF286
 2005 09b6 06       		.byte	0x6
 2006 09b7 D801     		.2byte	0x1d8
 2007 09b9 8D090000 		.4byte	0x98d
 2008 09bd 0D       		.uleb128 0xd
 2009 09be 04       		.byte	0x4
 2010 09bf 06       		.byte	0x6
 2011 09c0 E601     		.2byte	0x1e6
ARM GAS  C:\Users\ARTEM\AppData\Local\Temp\cclhTYy7.s 			page 76


 2012 09c2 E1090000 		.4byte	0x9e1
 2013 09c6 0E       		.uleb128 0xe
 2014 09c7 131F0000 		.4byte	.LASF287
 2015 09cb 06       		.byte	0x6
 2016 09cc E901     		.2byte	0x1e9
 2017 09ce 44090000 		.4byte	0x944
 2018 09d2 00       		.byte	0
 2019 09d3 13       		.uleb128 0x13
 2020 09d4 6D747500 		.ascii	"mtu\000"
 2021 09d8 06       		.byte	0x6
 2022 09d9 EC01     		.2byte	0x1ec
 2023 09db 77000000 		.4byte	0x77
 2024 09df 02       		.byte	0x2
 2025 09e0 00       		.byte	0
 2026 09e1 04       		.uleb128 0x4
 2027 09e2 7D180000 		.4byte	.LASF288
 2028 09e6 06       		.byte	0x6
 2029 09e7 EE01     		.2byte	0x1ee
 2030 09e9 BD090000 		.4byte	0x9bd
 2031 09ed 0D       		.uleb128 0xd
 2032 09ee 08       		.byte	0x8
 2033 09ef 06       		.byte	0x6
 2034 09f0 FC01     		.2byte	0x1fc
 2035 09f2 1E0A0000 		.4byte	0xa1e
 2036 09f6 0E       		.uleb128 0xe
 2037 09f7 5E1C0000 		.4byte	.LASF289
 2038 09fb 06       		.byte	0x6
 2039 09fc 0102     		.2byte	0x201
 2040 09fe C7040000 		.4byte	0x4c7
 2041 0a02 00       		.byte	0
 2042 0a03 0E       		.uleb128 0xe
 2043 0a04 431E0000 		.4byte	.LASF290
 2044 0a08 06       		.byte	0x6
 2045 0a09 0602     		.2byte	0x206
 2046 0a0b 77000000 		.4byte	0x77
 2047 0a0f 04       		.byte	0x4
 2048 0a10 0E       		.uleb128 0xe
 2049 0a11 420F0000 		.4byte	.LASF291
 2050 0a15 06       		.byte	0x6
 2051 0a16 0D02     		.2byte	0x20d
 2052 0a18 77000000 		.4byte	0x77
 2053 0a1c 06       		.byte	0x6
 2054 0a1d 00       		.byte	0
 2055 0a1e 04       		.uleb128 0x4
 2056 0a1f 6B130000 		.4byte	.LASF292
 2057 0a23 06       		.byte	0x6
 2058 0a24 0F02     		.2byte	0x20f
 2059 0a26 ED090000 		.4byte	0x9ed
 2060 0a2a 14       		.uleb128 0x14
 2061 0a2b 04       		.byte	0x4
 2062 0a2c 07       		.byte	0x7
 2063 0a2d 3A       		.byte	0x3a
 2064 0a2e 570A0000 		.4byte	0xa57
 2065 0a32 15       		.uleb128 0x15
 2066 0a33 E2170000 		.4byte	.LASF285
 2067 0a37 07       		.byte	0x7
 2068 0a38 3D       		.byte	0x3d
ARM GAS  C:\Users\ARTEM\AppData\Local\Temp\cclhTYy7.s 			page 77


 2069 0a39 14090000 		.4byte	0x914
 2070 0a3d 00       		.byte	0
 2071 0a3e 15       		.uleb128 0x15
 2072 0a3f B1170000 		.4byte	.LASF293
 2073 0a43 07       		.byte	0x7
 2074 0a44 43       		.byte	0x43
 2075 0a45 6B000000 		.4byte	0x6b
 2076 0a49 02       		.byte	0x2
 2077 0a4a 15       		.uleb128 0x15
 2078 0a4b 180B0000 		.4byte	.LASF294
 2079 0a4f 07       		.byte	0x7
 2080 0a50 46       		.byte	0x46
 2081 0a51 08090000 		.4byte	0x908
 2082 0a55 03       		.byte	0x3
 2083 0a56 00       		.byte	0
 2084 0a57 12       		.uleb128 0x12
 2085 0a58 790A0000 		.4byte	.LASF295
 2086 0a5c 07       		.byte	0x7
 2087 0a5d 48       		.byte	0x48
 2088 0a5e 2A0A0000 		.4byte	0xa2a
 2089 0a62 14       		.uleb128 0x14
 2090 0a63 10       		.byte	0x10
 2091 0a64 07       		.byte	0x7
 2092 0a65 8A       		.byte	0x8a
 2093 0a66 830A0000 		.4byte	0xa83
 2094 0a6a 15       		.uleb128 0x15
 2095 0a6b 131F0000 		.4byte	.LASF287
 2096 0a6f 07       		.byte	0x7
 2097 0a70 8D       		.byte	0x8d
 2098 0a71 44090000 		.4byte	0x944
 2099 0a75 00       		.byte	0
 2100 0a76 15       		.uleb128 0x15
 2101 0a77 051F0000 		.4byte	.LASF296
 2102 0a7b 07       		.byte	0x7
 2103 0a7c 90       		.byte	0x90
 2104 0a7d B1090000 		.4byte	0x9b1
 2105 0a81 04       		.byte	0x4
 2106 0a82 00       		.byte	0
 2107 0a83 12       		.uleb128 0x12
 2108 0a84 F5170000 		.4byte	.LASF297
 2109 0a88 07       		.byte	0x7
 2110 0a89 92       		.byte	0x92
 2111 0a8a 620A0000 		.4byte	0xa62
 2112 0a8e 04       		.uleb128 0x4
 2113 0a8f 8F040000 		.4byte	.LASF298
 2114 0a93 08       		.byte	0x8
 2115 0a94 0402     		.2byte	0x204
 2116 0a96 B9000000 		.4byte	0xb9
 2117 0a9a 16       		.uleb128 0x16
 2118 0a9b CB02     		.2byte	0x2cb
 2119 0a9d 09       		.byte	0x9
 2120 0a9e 9D       		.byte	0x9d
 2121 0a9f D70A0000 		.4byte	0xad7
 2122 0aa3 15       		.uleb128 0x15
 2123 0aa4 C2100000 		.4byte	.LASF299
 2124 0aa8 09       		.byte	0x9
 2125 0aa9 A0       		.byte	0xa0
ARM GAS  C:\Users\ARTEM\AppData\Local\Temp\cclhTYy7.s 			page 78


 2126 0aaa D70A0000 		.4byte	0xad7
 2127 0aae 00       		.byte	0
 2128 0aaf 17       		.uleb128 0x17
 2129 0ab0 720F0000 		.4byte	.LASF300
 2130 0ab4 09       		.byte	0x9
 2131 0ab5 A3       		.byte	0xa3
 2132 0ab6 E80A0000 		.4byte	0xae8
 2133 0aba 7902     		.2byte	0x279
 2134 0abc 17       		.uleb128 0x17
 2135 0abd 36220000 		.4byte	.LASF301
 2136 0ac1 09       		.byte	0x9
 2137 0ac2 A6       		.byte	0xa6
 2138 0ac3 6B000000 		.4byte	0x6b
 2139 0ac7 C902     		.2byte	0x2c9
 2140 0ac9 17       		.uleb128 0x17
 2141 0aca DD0E0000 		.4byte	.LASF302
 2142 0ace 09       		.byte	0x9
 2143 0acf A9       		.byte	0xa9
 2144 0ad0 6B000000 		.4byte	0x6b
 2145 0ad4 CA02     		.2byte	0x2ca
 2146 0ad6 00       		.byte	0
 2147 0ad7 0F       		.uleb128 0xf
 2148 0ad8 6B000000 		.4byte	0x6b
 2149 0adc E80A0000 		.4byte	0xae8
 2150 0ae0 18       		.uleb128 0x18
 2151 0ae1 B0000000 		.4byte	0xb0
 2152 0ae5 7802     		.2byte	0x278
 2153 0ae7 00       		.byte	0
 2154 0ae8 0F       		.uleb128 0xf
 2155 0ae9 6B000000 		.4byte	0x6b
 2156 0aed FE0A0000 		.4byte	0xafe
 2157 0af1 10       		.uleb128 0x10
 2158 0af2 B0000000 		.4byte	0xb0
 2159 0af6 04       		.byte	0x4
 2160 0af7 10       		.uleb128 0x10
 2161 0af8 B0000000 		.4byte	0xb0
 2162 0afc 0F       		.byte	0xf
 2163 0afd 00       		.byte	0
 2164 0afe 12       		.uleb128 0x12
 2165 0aff B7140000 		.4byte	.LASF303
 2166 0b03 09       		.byte	0x9
 2167 0b04 AA       		.byte	0xaa
 2168 0b05 9A0A0000 		.4byte	0xa9a
 2169 0b09 11       		.uleb128 0x11
 2170 0b0a 01       		.byte	0x1
 2171 0b0b 2C000000 		.4byte	0x2c
 2172 0b0f 0A       		.byte	0xa
 2173 0b10 2B       		.byte	0x2b
 2174 0b11 2E0B0000 		.4byte	0xb2e
 2175 0b15 0B       		.uleb128 0xb
 2176 0b16 6A180000 		.4byte	.LASF304
 2177 0b1a 00       		.byte	0
 2178 0b1b 0B       		.uleb128 0xb
 2179 0b1c 8E010000 		.4byte	.LASF305
 2180 0b20 01       		.byte	0x1
 2181 0b21 0B       		.uleb128 0xb
 2182 0b22 65050000 		.4byte	.LASF306
ARM GAS  C:\Users\ARTEM\AppData\Local\Temp\cclhTYy7.s 			page 79


 2183 0b26 02       		.byte	0x2
 2184 0b27 0B       		.uleb128 0xb
 2185 0b28 99180000 		.4byte	.LASF307
 2186 0b2c 03       		.byte	0x3
 2187 0b2d 00       		.byte	0
 2188 0b2e 11       		.uleb128 0x11
 2189 0b2f 01       		.byte	0x1
 2190 0b30 2C000000 		.4byte	0x2c
 2191 0b34 0A       		.byte	0xa
 2192 0b35 34       		.byte	0x34
 2193 0b36 710B0000 		.4byte	0xb71
 2194 0b3a 0B       		.uleb128 0xb
 2195 0b3b 8D260000 		.4byte	.LASF308
 2196 0b3f 00       		.byte	0
 2197 0b40 0B       		.uleb128 0xb
 2198 0b41 95110000 		.4byte	.LASF309
 2199 0b45 01       		.byte	0x1
 2200 0b46 0B       		.uleb128 0xb
 2201 0b47 AD1A0000 		.4byte	.LASF310
 2202 0b4b 02       		.byte	0x2
 2203 0b4c 0B       		.uleb128 0xb
 2204 0b4d 190C0000 		.4byte	.LASF311
 2205 0b51 03       		.byte	0x3
 2206 0b52 0B       		.uleb128 0xb
 2207 0b53 57250000 		.4byte	.LASF312
 2208 0b57 04       		.byte	0x4
 2209 0b58 0B       		.uleb128 0xb
 2210 0b59 E1120000 		.4byte	.LASF313
 2211 0b5d 05       		.byte	0x5
 2212 0b5e 0B       		.uleb128 0xb
 2213 0b5f 9D260000 		.4byte	.LASF314
 2214 0b63 06       		.byte	0x6
 2215 0b64 0B       		.uleb128 0xb
 2216 0b65 02100000 		.4byte	.LASF315
 2217 0b69 06       		.byte	0x6
 2218 0b6a 0B       		.uleb128 0xb
 2219 0b6b 47270000 		.4byte	.LASF316
 2220 0b6f 07       		.byte	0x7
 2221 0b70 00       		.byte	0
 2222 0b71 0A       		.uleb128 0xa
 2223 0b72 01       		.byte	0x1
 2224 0b73 2C000000 		.4byte	0x2c
 2225 0b77 0B       		.byte	0xb
 2226 0b78 A808     		.2byte	0x8a8
 2227 0b7a 9D0B0000 		.4byte	0xb9d
 2228 0b7e 0B       		.uleb128 0xb
 2229 0b7f 650A0000 		.4byte	.LASF317
 2230 0b83 00       		.byte	0
 2231 0b84 0B       		.uleb128 0xb
 2232 0b85 E6130000 		.4byte	.LASF318
 2233 0b89 01       		.byte	0x1
 2234 0b8a 0B       		.uleb128 0xb
 2235 0b8b 3F260000 		.4byte	.LASF319
 2236 0b8f 02       		.byte	0x2
 2237 0b90 0B       		.uleb128 0xb
 2238 0b91 7A050000 		.4byte	.LASF320
 2239 0b95 03       		.byte	0x3
ARM GAS  C:\Users\ARTEM\AppData\Local\Temp\cclhTYy7.s 			page 80


 2240 0b96 0B       		.uleb128 0xb
 2241 0b97 55200000 		.4byte	.LASF321
 2242 0b9b 04       		.byte	0x4
 2243 0b9c 00       		.byte	0
 2244 0b9d 04       		.uleb128 0x4
 2245 0b9e B1210000 		.4byte	.LASF322
 2246 0ba2 0B       		.byte	0xb
 2247 0ba3 B608     		.2byte	0x8b6
 2248 0ba5 710B0000 		.4byte	0xb71
 2249 0ba9 0D       		.uleb128 0xd
 2250 0baa 0C       		.byte	0xc
 2251 0bab 0B       		.byte	0xb
 2252 0bac 060A     		.2byte	0xa06
 2253 0bae 010C0000 		.4byte	0xc01
 2254 0bb2 0E       		.uleb128 0xe
 2255 0bb3 BC010000 		.4byte	.LASF323
 2256 0bb7 0B       		.byte	0xb
 2257 0bb8 090A     		.2byte	0xa09
 2258 0bba 14090000 		.4byte	0x914
 2259 0bbe 00       		.byte	0
 2260 0bbf 0E       		.uleb128 0xe
 2261 0bc0 9D160000 		.4byte	.LASF324
 2262 0bc4 0B       		.byte	0xb
 2263 0bc5 0B0A     		.2byte	0xa0b
 2264 0bc7 14090000 		.4byte	0x914
 2265 0bcb 02       		.byte	0x2
 2266 0bcc 0E       		.uleb128 0xe
 2267 0bcd DB1B0000 		.4byte	.LASF325
 2268 0bd1 0B       		.byte	0xb
 2269 0bd2 0D0A     		.2byte	0xa0d
 2270 0bd4 14090000 		.4byte	0x914
 2271 0bd8 04       		.byte	0x4
 2272 0bd9 0E       		.uleb128 0xe
 2273 0bda 201A0000 		.4byte	.LASF326
 2274 0bde 0B       		.byte	0xb
 2275 0bdf 100A     		.2byte	0xa10
 2276 0be1 14090000 		.4byte	0x914
 2277 0be5 06       		.byte	0x6
 2278 0be6 0E       		.uleb128 0xe
 2279 0be7 CB220000 		.4byte	.LASF327
 2280 0beb 0B       		.byte	0xb
 2281 0bec 120A     		.2byte	0xa12
 2282 0bee 14090000 		.4byte	0x914
 2283 0bf2 08       		.byte	0x8
 2284 0bf3 0E       		.uleb128 0xe
 2285 0bf4 C4080000 		.4byte	.LASF328
 2286 0bf8 0B       		.byte	0xb
 2287 0bf9 140A     		.2byte	0xa14
 2288 0bfb 14090000 		.4byte	0x914
 2289 0bff 0A       		.byte	0xa
 2290 0c00 00       		.byte	0
 2291 0c01 04       		.uleb128 0x4
 2292 0c02 B51E0000 		.4byte	.LASF329
 2293 0c06 0B       		.byte	0xb
 2294 0c07 150A     		.2byte	0xa15
 2295 0c09 A90B0000 		.4byte	0xba9
 2296 0c0d 19       		.uleb128 0x19
ARM GAS  C:\Users\ARTEM\AppData\Local\Temp\cclhTYy7.s 			page 81


 2297 0c0e 6C150000 		.4byte	.LASF376
 2298 0c12 01       		.byte	0x1
 2299 0c13 6E05     		.2byte	0x56e
 2300 0c15 00000000 		.4byte	.LFB4
 2301 0c19 10000000 		.4byte	.LFE4-.LFB4
 2302 0c1d 01       		.uleb128 0x1
 2303 0c1e 9C       		.byte	0x9c
 2304 0c1f 1A       		.uleb128 0x1a
 2305 0c20 B7000000 		.4byte	.LASF332
 2306 0c24 01       		.byte	0x1
 2307 0c25 FC       		.byte	0xfc
 2308 0c26 00000000 		.4byte	.LFB2
 2309 0c2a 4C000000 		.4byte	.LFE2-.LFB2
 2310 0c2e 01       		.uleb128 0x1
 2311 0c2f 9C       		.byte	0x9c
 2312 0c30 B10C0000 		.4byte	0xcb1
 2313 0c34 1B       		.uleb128 0x1b
 2314 0c35 28010000 		.4byte	.LASF334
 2315 0c39 01       		.byte	0x1
 2316 0c3a FC       		.byte	0xfc
 2317 0c3b B10C0000 		.4byte	0xcb1
 2318 0c3f 00000000 		.4byte	.LLST0
 2319 0c43 1C       		.uleb128 0x1c
 2320 0c44 B2250000 		.4byte	.LASF330
 2321 0c48 01       		.byte	0x1
 2322 0c49 FE       		.byte	0xfe
 2323 0c4a 08090000 		.4byte	0x908
 2324 0c4e 2C000000 		.4byte	.LLST1
 2325 0c52 1D       		.uleb128 0x1d
 2326 0c53 28000000 		.4byte	.LBB2
 2327 0c57 12000000 		.4byte	.LBE2-.LBB2
 2328 0c5b 7F0C0000 		.4byte	0xc7f
 2329 0c5f 1E       		.uleb128 0x1e
 2330 0c60 1F190000 		.4byte	.LASF331
 2331 0c64 01       		.byte	0x1
 2332 0c65 BE01     		.2byte	0x1be
 2333 0c67 570A0000 		.4byte	0xa57
 2334 0c6b 02       		.uleb128 0x2
 2335 0c6c 91       		.byte	0x91
 2336 0c6d 74       		.sleb128 -12
 2337 0c6e 1F       		.uleb128 0x1f
 2338 0c6f 3A000000 		.4byte	.LVL5
 2339 0c73 30110000 		.4byte	0x1130
 2340 0c77 20       		.uleb128 0x20
 2341 0c78 01       		.uleb128 0x1
 2342 0c79 51       		.byte	0x51
 2343 0c7a 02       		.uleb128 0x2
 2344 0c7b 91       		.byte	0x91
 2345 0c7c 74       		.sleb128 -12
 2346 0c7d 00       		.byte	0
 2347 0c7e 00       		.byte	0
 2348 0c7f 21       		.uleb128 0x21
 2349 0c80 0A000000 		.4byte	.LVL1
 2350 0c84 3C110000 		.4byte	0x113c
 2351 0c88 930C0000 		.4byte	0xc93
 2352 0c8c 20       		.uleb128 0x20
 2353 0c8d 01       		.uleb128 0x1
ARM GAS  C:\Users\ARTEM\AppData\Local\Temp\cclhTYy7.s 			page 82


 2354 0c8e 50       		.byte	0x50
 2355 0c8f 02       		.uleb128 0x2
 2356 0c90 74       		.byte	0x74
 2357 0c91 00       		.sleb128 0
 2358 0c92 00       		.byte	0
 2359 0c93 21       		.uleb128 0x21
 2360 0c94 1C000000 		.4byte	.LVL3
 2361 0c98 47110000 		.4byte	0x1147
 2362 0c9c A70C0000 		.4byte	0xca7
 2363 0ca0 20       		.uleb128 0x20
 2364 0ca1 01       		.uleb128 0x1
 2365 0ca2 50       		.byte	0x50
 2366 0ca3 02       		.uleb128 0x2
 2367 0ca4 74       		.byte	0x74
 2368 0ca5 00       		.sleb128 0
 2369 0ca6 00       		.byte	0
 2370 0ca7 22       		.uleb128 0x22
 2371 0ca8 42000000 		.4byte	.LVL8
 2372 0cac 52110000 		.4byte	0x1152
 2373 0cb0 00       		.byte	0
 2374 0cb1 07       		.uleb128 0x7
 2375 0cb2 04       		.byte	0x4
 2376 0cb3 830A0000 		.4byte	0xa83
 2377 0cb7 23       		.uleb128 0x23
 2378 0cb8 45170000 		.4byte	.LASF333
 2379 0cbc 01       		.byte	0x1
 2380 0cbd DB01     		.2byte	0x1db
 2381 0cbf 00000000 		.4byte	.LFB3
 2382 0cc3 18000000 		.4byte	.LFE3-.LFB3
 2383 0cc7 01       		.uleb128 0x1
 2384 0cc8 9C       		.byte	0x9c
 2385 0cc9 EF0C0000 		.4byte	0xcef
 2386 0ccd 24       		.uleb128 0x24
 2387 0cce 28010000 		.4byte	.LASF334
 2388 0cd2 01       		.byte	0x1
 2389 0cd3 DB01     		.2byte	0x1db
 2390 0cd5 EF0C0000 		.4byte	0xcef
 2391 0cd9 61000000 		.4byte	.LLST2
 2392 0cdd 1F       		.uleb128 0x1f
 2393 0cde 12000000 		.4byte	.LVL11
 2394 0ce2 5E110000 		.4byte	0x115e
 2395 0ce6 20       		.uleb128 0x20
 2396 0ce7 01       		.uleb128 0x1
 2397 0ce8 50       		.byte	0x50
 2398 0ce9 03       		.uleb128 0x3
 2399 0cea F3       		.byte	0xf3
 2400 0ceb 01       		.uleb128 0x1
 2401 0cec 50       		.byte	0x50
 2402 0ced 00       		.byte	0
 2403 0cee 00       		.byte	0
 2404 0cef 07       		.uleb128 0x7
 2405 0cf0 04       		.byte	0x4
 2406 0cf1 F50C0000 		.4byte	0xcf5
 2407 0cf5 25       		.uleb128 0x25
 2408 0cf6 44090000 		.4byte	0x944
 2409 0cfa 26       		.uleb128 0x26
 2410 0cfb CC190000 		.4byte	.LASF377
ARM GAS  C:\Users\ARTEM\AppData\Local\Temp\cclhTYy7.s 			page 83


 2411 0cff 01       		.byte	0x1
 2412 0d00 0A06     		.2byte	0x60a
 2413 0d02 6B000000 		.4byte	0x6b
 2414 0d06 00000000 		.4byte	.LFB7
 2415 0d0a 24000000 		.4byte	.LFE7-.LFB7
 2416 0d0e 01       		.uleb128 0x1
 2417 0d0f 9C       		.byte	0x9c
 2418 0d10 430D0000 		.4byte	0xd43
 2419 0d14 24       		.uleb128 0x24
 2420 0d15 550D0000 		.4byte	.LASF335
 2421 0d19 01       		.byte	0x1
 2422 0d1a 0A06     		.2byte	0x60a
 2423 0d1c 430D0000 		.4byte	0xd43
 2424 0d20 82000000 		.4byte	.LLST3
 2425 0d24 27       		.uleb128 0x27
 2426 0d25 6900     		.ascii	"i\000"
 2427 0d27 01       		.byte	0x1
 2428 0d28 0C06     		.2byte	0x60c
 2429 0d2a 6B000000 		.4byte	0x6b
 2430 0d2e D5000000 		.4byte	.LLST4
 2431 0d32 28       		.uleb128 0x28
 2432 0d33 29020000 		.4byte	.LASF336
 2433 0d37 01       		.byte	0x1
 2434 0d38 0D06     		.2byte	0x60d
 2435 0d3a 6B000000 		.4byte	0x6b
 2436 0d3e FE000000 		.4byte	.LLST5
 2437 0d42 00       		.byte	0
 2438 0d43 07       		.uleb128 0x7
 2439 0d44 04       		.byte	0x4
 2440 0d45 490D0000 		.4byte	0xd49
 2441 0d49 25       		.uleb128 0x25
 2442 0d4a BB040000 		.4byte	0x4bb
 2443 0d4e 29       		.uleb128 0x29
 2444 0d4f 96090000 		.4byte	.LASF378
 2445 0d53 01       		.byte	0x1
 2446 0d54 6206     		.2byte	0x662
 2447 0d56 00000000 		.4byte	.LFB10
 2448 0d5a AC020000 		.4byte	.LFE10-.LFB10
 2449 0d5e 01       		.uleb128 0x1
 2450 0d5f 9C       		.byte	0x9c
 2451 0d60 23100000 		.4byte	0x1023
 2452 0d64 24       		.uleb128 0x24
 2453 0d65 19240000 		.4byte	.LASF337
 2454 0d69 01       		.byte	0x1
 2455 0d6a 6206     		.2byte	0x662
 2456 0d6c 6B000000 		.4byte	0x6b
 2457 0d70 1D010000 		.4byte	.LLST6
 2458 0d74 24       		.uleb128 0x24
 2459 0d75 28010000 		.4byte	.LASF334
 2460 0d79 01       		.byte	0x1
 2461 0d7a 6206     		.2byte	0x662
 2462 0d7c B7000000 		.4byte	0xb7
 2463 0d80 06020000 		.4byte	.LLST7
 2464 0d84 1D       		.uleb128 0x1d
 2465 0d85 7E000000 		.4byte	.LBB3
 2466 0d89 20000000 		.4byte	.LBE3-.LBB3
 2467 0d8d D20D0000 		.4byte	0xdd2
ARM GAS  C:\Users\ARTEM\AppData\Local\Temp\cclhTYy7.s 			page 84


 2468 0d91 1E       		.uleb128 0x1e
 2469 0d92 FA1D0000 		.4byte	.LASF338
 2470 0d96 01       		.byte	0x1
 2471 0d97 6F06     		.2byte	0x66f
 2472 0d99 18040000 		.4byte	0x418
 2473 0d9d 02       		.uleb128 0x2
 2474 0d9e 91       		.byte	0x91
 2475 0d9f 64       		.sleb128 -28
 2476 0da0 21       		.uleb128 0x21
 2477 0da1 8E000000 		.4byte	.LVL25
 2478 0da5 69110000 		.4byte	0x1169
 2479 0da9 B40D0000 		.4byte	0xdb4
 2480 0dad 20       		.uleb128 0x20
 2481 0dae 01       		.uleb128 0x1
 2482 0daf 50       		.byte	0x50
 2483 0db0 02       		.uleb128 0x2
 2484 0db1 76       		.byte	0x76
 2485 0db2 00       		.sleb128 0
 2486 0db3 00       		.byte	0
 2487 0db4 21       		.uleb128 0x21
 2488 0db5 9A000000 		.4byte	.LVL26
 2489 0db9 69110000 		.4byte	0x1169
 2490 0dbd C80D0000 		.4byte	0xdc8
 2491 0dc1 20       		.uleb128 0x20
 2492 0dc2 01       		.uleb128 0x1
 2493 0dc3 50       		.byte	0x50
 2494 0dc4 02       		.uleb128 0x2
 2495 0dc5 76       		.byte	0x76
 2496 0dc6 00       		.sleb128 0
 2497 0dc7 00       		.byte	0
 2498 0dc8 22       		.uleb128 0x22
 2499 0dc9 9E000000 		.4byte	.LVL27
 2500 0dcd 75110000 		.4byte	0x1175
 2501 0dd1 00       		.byte	0
 2502 0dd2 1D       		.uleb128 0x1d
 2503 0dd3 E4000000 		.4byte	.LBB4
 2504 0dd7 10000000 		.4byte	.LBE4-.LBB4
 2505 0ddb 210E0000 		.4byte	0xe21
 2506 0ddf 1E       		.uleb128 0x1e
 2507 0de0 6E200000 		.4byte	.LASF339
 2508 0de4 01       		.byte	0x1
 2509 0de5 B006     		.2byte	0x6b0
 2510 0de7 23100000 		.4byte	0x1023
 2511 0deb 02       		.uleb128 0x2
 2512 0dec 91       		.byte	0x91
 2513 0ded 64       		.sleb128 -28
 2514 0dee 21       		.uleb128 0x21
 2515 0def EE000000 		.4byte	.LVL36
 2516 0df3 81110000 		.4byte	0x1181
 2517 0df7 100E0000 		.4byte	0xe10
 2518 0dfb 20       		.uleb128 0x20
 2519 0dfc 01       		.uleb128 0x1
 2520 0dfd 50       		.byte	0x50
 2521 0dfe 02       		.uleb128 0x2
 2522 0dff 91       		.byte	0x91
 2523 0e00 64       		.sleb128 -28
 2524 0e01 20       		.uleb128 0x20
ARM GAS  C:\Users\ARTEM\AppData\Local\Temp\cclhTYy7.s 			page 85


 2525 0e02 01       		.uleb128 0x1
 2526 0e03 51       		.byte	0x51
 2527 0e04 05       		.uleb128 0x5
 2528 0e05 03       		.byte	0x3
 2529 0e06 00000000 		.4byte	.LANCHOR0
 2530 0e0a 20       		.uleb128 0x20
 2531 0e0b 01       		.uleb128 0x1
 2532 0e0c 52       		.byte	0x52
 2533 0e0d 01       		.uleb128 0x1
 2534 0e0e 32       		.byte	0x32
 2535 0e0f 00       		.byte	0
 2536 0e10 1F       		.uleb128 0x1f
 2537 0e11 F4000000 		.4byte	.LVL37
 2538 0e15 8A110000 		.4byte	0x118a
 2539 0e19 20       		.uleb128 0x20
 2540 0e1a 01       		.uleb128 0x1
 2541 0e1b 50       		.byte	0x50
 2542 0e1c 02       		.uleb128 0x2
 2543 0e1d 91       		.byte	0x91
 2544 0e1e 64       		.sleb128 -28
 2545 0e1f 00       		.byte	0
 2546 0e20 00       		.byte	0
 2547 0e21 1D       		.uleb128 0x1d
 2548 0e22 04010000 		.4byte	.LBB5
 2549 0e26 28000000 		.4byte	.LBE5-.LBB5
 2550 0e2a 5B0E0000 		.4byte	0xe5b
 2551 0e2e 28       		.uleb128 0x28
 2552 0e2f AB030000 		.4byte	.LASF340
 2553 0e33 01       		.byte	0x1
 2554 0e34 C806     		.2byte	0x6c8
 2555 0e36 33100000 		.4byte	0x1033
 2556 0e3a 32020000 		.4byte	.LLST8
 2557 0e3e 2A       		.uleb128 0x2a
 2558 0e3f 12010000 		.4byte	.LBB6
 2559 0e43 0E000000 		.4byte	.LBE6-.LBB6
 2560 0e47 1E       		.uleb128 0x1e
 2561 0e48 6B190000 		.4byte	.LASF341
 2562 0e4c 01       		.byte	0x1
 2563 0e4d CF06     		.2byte	0x6cf
 2564 0e4f 1E0A0000 		.4byte	0xa1e
 2565 0e53 05       		.uleb128 0x5
 2566 0e54 03       		.byte	0x3
 2567 0e55 00000000 		.4byte	gPrepWriteReqMem.6765
 2568 0e59 00       		.byte	0
 2569 0e5a 00       		.byte	0
 2570 0e5b 1D       		.uleb128 0x1d
 2571 0e5c 44010000 		.4byte	.LBB7
 2572 0e60 2A000000 		.4byte	.LBE7-.LBB7
 2573 0e64 A10E0000 		.4byte	0xea1
 2574 0e68 1E       		.uleb128 0x1e
 2575 0e69 AD000000 		.4byte	.LASF342
 2576 0e6d 01       		.byte	0x1
 2577 0e6e F106     		.2byte	0x6f1
 2578 0e70 6C030000 		.4byte	0x36c
 2579 0e74 02       		.uleb128 0x2
 2580 0e75 91       		.byte	0x91
 2581 0e76 64       		.sleb128 -28
ARM GAS  C:\Users\ARTEM\AppData\Local\Temp\cclhTYy7.s 			page 86


 2582 0e77 21       		.uleb128 0x21
 2583 0e78 4E010000 		.4byte	.LVL42
 2584 0e7c 96110000 		.4byte	0x1196
 2585 0e80 8E0E0000 		.4byte	0xe8e
 2586 0e84 20       		.uleb128 0x20
 2587 0e85 01       		.uleb128 0x1
 2588 0e86 51       		.byte	0x51
 2589 0e87 05       		.uleb128 0x5
 2590 0e88 03       		.byte	0x3
 2591 0e89 00000000 		.4byte	.LANCHOR2
 2592 0e8d 00       		.byte	0
 2593 0e8e 2B       		.uleb128 0x2b
 2594 0e8f 60010000 		.4byte	.LVL43
 2595 0e93 20       		.uleb128 0x20
 2596 0e94 01       		.uleb128 0x1
 2597 0e95 50       		.byte	0x50
 2598 0e96 02       		.uleb128 0x2
 2599 0e97 08       		.byte	0x8
 2600 0e98 36       		.byte	0x36
 2601 0e99 20       		.uleb128 0x20
 2602 0e9a 01       		.uleb128 0x1
 2603 0e9b 51       		.byte	0x51
 2604 0e9c 02       		.uleb128 0x2
 2605 0e9d 91       		.byte	0x91
 2606 0e9e 64       		.sleb128 -28
 2607 0e9f 00       		.byte	0
 2608 0ea0 00       		.byte	0
 2609 0ea1 1D       		.uleb128 0x1d
 2610 0ea2 76010000 		.4byte	.LBB8
 2611 0ea6 06000000 		.4byte	.LBE8-.LBB8
 2612 0eaa CB0E0000 		.4byte	0xecb
 2613 0eae 2C       		.uleb128 0x2c
 2614 0eaf 2F230000 		.4byte	.LASF379
 2615 0eb3 01       		.byte	0x1
 2616 0eb4 1307     		.2byte	0x713
 2617 0eb6 B2060000 		.4byte	0x6b2
 2618 0eba 28       		.uleb128 0x28
 2619 0ebb 5F260000 		.4byte	.LASF343
 2620 0ebf 01       		.byte	0x1
 2621 0ec0 1407     		.2byte	0x714
 2622 0ec2 39100000 		.4byte	0x1039
 2623 0ec6 45020000 		.4byte	.LLST9
 2624 0eca 00       		.byte	0
 2625 0ecb 1D       		.uleb128 0x1d
 2626 0ecc 0E020000 		.4byte	.LBB9
 2627 0ed0 0E000000 		.4byte	.LBE9-.LBB9
 2628 0ed4 F20E0000 		.4byte	0xef2
 2629 0ed8 28       		.uleb128 0x28
 2630 0ed9 FF130000 		.4byte	.LASF344
 2631 0edd 01       		.byte	0x1
 2632 0ede AE07     		.2byte	0x7ae
 2633 0ee0 77000000 		.4byte	0x77
 2634 0ee4 58020000 		.4byte	.LLST10
 2635 0ee8 22       		.uleb128 0x22
 2636 0ee9 1C020000 		.4byte	.LVL55
 2637 0eed A2110000 		.4byte	0x11a2
 2638 0ef1 00       		.byte	0
ARM GAS  C:\Users\ARTEM\AppData\Local\Temp\cclhTYy7.s 			page 87


 2639 0ef2 21       		.uleb128 0x21
 2640 0ef3 A8000000 		.4byte	.LVL28
 2641 0ef7 FA0C0000 		.4byte	0xcfa
 2642 0efb 060F0000 		.4byte	0xf06
 2643 0eff 20       		.uleb128 0x20
 2644 0f00 01       		.uleb128 0x1
 2645 0f01 50       		.byte	0x50
 2646 0f02 02       		.uleb128 0x2
 2647 0f03 76       		.byte	0x76
 2648 0f04 00       		.sleb128 0
 2649 0f05 00       		.byte	0
 2650 0f06 21       		.uleb128 0x21
 2651 0f07 B2000000 		.4byte	.LVL29
 2652 0f0b AE110000 		.4byte	0x11ae
 2653 0f0f 1A0F0000 		.4byte	0xf1a
 2654 0f13 20       		.uleb128 0x20
 2655 0f14 01       		.uleb128 0x1
 2656 0f15 50       		.byte	0x50
 2657 0f16 02       		.uleb128 0x2
 2658 0f17 76       		.byte	0x76
 2659 0f18 00       		.sleb128 0
 2660 0f19 00       		.byte	0
 2661 0f1a 21       		.uleb128 0x21
 2662 0f1b BC000000 		.4byte	.LVL30
 2663 0f1f BA110000 		.4byte	0x11ba
 2664 0f23 2D0F0000 		.4byte	0xf2d
 2665 0f27 20       		.uleb128 0x20
 2666 0f28 01       		.uleb128 0x1
 2667 0f29 51       		.byte	0x51
 2668 0f2a 01       		.uleb128 0x1
 2669 0f2b 30       		.byte	0x30
 2670 0f2c 00       		.byte	0
 2671 0f2d 21       		.uleb128 0x21
 2672 0f2e C4000000 		.4byte	.LVL31
 2673 0f32 BA110000 		.4byte	0x11ba
 2674 0f36 400F0000 		.4byte	0xf40
 2675 0f3a 20       		.uleb128 0x20
 2676 0f3b 01       		.uleb128 0x1
 2677 0f3c 51       		.byte	0x51
 2678 0f3d 01       		.uleb128 0x1
 2679 0f3e 31       		.byte	0x31
 2680 0f3f 00       		.byte	0
 2681 0f40 21       		.uleb128 0x21
 2682 0f41 CE000000 		.4byte	.LVL32
 2683 0f45 AE110000 		.4byte	0x11ae
 2684 0f49 540F0000 		.4byte	0xf54
 2685 0f4d 20       		.uleb128 0x20
 2686 0f4e 01       		.uleb128 0x1
 2687 0f4f 50       		.byte	0x50
 2688 0f50 02       		.uleb128 0x2
 2689 0f51 76       		.byte	0x76
 2690 0f52 00       		.sleb128 0
 2691 0f53 00       		.byte	0
 2692 0f54 21       		.uleb128 0x21
 2693 0f55 D6000000 		.4byte	.LVL33
 2694 0f59 BA110000 		.4byte	0x11ba
 2695 0f5d 6D0F0000 		.4byte	0xf6d
ARM GAS  C:\Users\ARTEM\AppData\Local\Temp\cclhTYy7.s 			page 88


 2696 0f61 20       		.uleb128 0x20
 2697 0f62 01       		.uleb128 0x1
 2698 0f63 50       		.byte	0x50
 2699 0f64 02       		.uleb128 0x2
 2700 0f65 76       		.byte	0x76
 2701 0f66 00       		.sleb128 0
 2702 0f67 20       		.uleb128 0x20
 2703 0f68 01       		.uleb128 0x1
 2704 0f69 51       		.byte	0x51
 2705 0f6a 01       		.uleb128 0x1
 2706 0f6b 30       		.byte	0x30
 2707 0f6c 00       		.byte	0
 2708 0f6d 21       		.uleb128 0x21
 2709 0f6e DE000000 		.4byte	.LVL34
 2710 0f72 BA110000 		.4byte	0x11ba
 2711 0f76 860F0000 		.4byte	0xf86
 2712 0f7a 20       		.uleb128 0x20
 2713 0f7b 01       		.uleb128 0x1
 2714 0f7c 50       		.byte	0x50
 2715 0f7d 02       		.uleb128 0x2
 2716 0f7e 76       		.byte	0x76
 2717 0f7f 00       		.sleb128 0
 2718 0f80 20       		.uleb128 0x20
 2719 0f81 01       		.uleb128 0x1
 2720 0f82 51       		.byte	0x51
 2721 0f83 01       		.uleb128 0x1
 2722 0f84 31       		.byte	0x31
 2723 0f85 00       		.byte	0
 2724 0f86 21       		.uleb128 0x21
 2725 0f87 E4000000 		.4byte	.LVL35
 2726 0f8b C6110000 		.4byte	0x11c6
 2727 0f8f 990F0000 		.4byte	0xf99
 2728 0f93 20       		.uleb128 0x20
 2729 0f94 01       		.uleb128 0x1
 2730 0f95 50       		.byte	0x50
 2731 0f96 01       		.uleb128 0x1
 2732 0f97 30       		.byte	0x30
 2733 0f98 00       		.byte	0
 2734 0f99 21       		.uleb128 0x21
 2735 0f9a EA010000 		.4byte	.LVL48
 2736 0f9e 81110000 		.4byte	0x1181
 2737 0fa2 B80F0000 		.4byte	0xfb8
 2738 0fa6 20       		.uleb128 0x20
 2739 0fa7 01       		.uleb128 0x1
 2740 0fa8 50       		.byte	0x50
 2741 0fa9 02       		.uleb128 0x2
 2742 0faa 76       		.byte	0x76
 2743 0fab 00       		.sleb128 0
 2744 0fac 20       		.uleb128 0x20
 2745 0fad 01       		.uleb128 0x1
 2746 0fae 51       		.byte	0x51
 2747 0faf 02       		.uleb128 0x2
 2748 0fb0 75       		.byte	0x75
 2749 0fb1 00       		.sleb128 0
 2750 0fb2 20       		.uleb128 0x20
 2751 0fb3 01       		.uleb128 0x1
 2752 0fb4 52       		.byte	0x52
ARM GAS  C:\Users\ARTEM\AppData\Local\Temp\cclhTYy7.s 			page 89


 2753 0fb5 01       		.uleb128 0x1
 2754 0fb6 32       		.byte	0x32
 2755 0fb7 00       		.byte	0
 2756 0fb8 21       		.uleb128 0x21
 2757 0fb9 06020000 		.4byte	.LVL49
 2758 0fbd 81110000 		.4byte	0x1181
 2759 0fc1 CB0F0000 		.4byte	0xfcb
 2760 0fc5 20       		.uleb128 0x20
 2761 0fc6 01       		.uleb128 0x1
 2762 0fc7 52       		.byte	0x52
 2763 0fc8 01       		.uleb128 0x1
 2764 0fc9 40       		.byte	0x40
 2765 0fca 00       		.byte	0
 2766 0fcb 22       		.uleb128 0x22
 2767 0fcc 0C020000 		.4byte	.LVL51
 2768 0fd0 0D0C0000 		.4byte	0xc0d
 2769 0fd4 21       		.uleb128 0x21
 2770 0fd5 24020000 		.4byte	.LVL58
 2771 0fd9 1F0C0000 		.4byte	0xc1f
 2772 0fdd E80F0000 		.4byte	0xfe8
 2773 0fe1 20       		.uleb128 0x20
 2774 0fe2 01       		.uleb128 0x1
 2775 0fe3 50       		.byte	0x50
 2776 0fe4 02       		.uleb128 0x2
 2777 0fe5 75       		.byte	0x75
 2778 0fe6 00       		.sleb128 0
 2779 0fe7 00       		.byte	0
 2780 0fe8 21       		.uleb128 0x21
 2781 0fe9 34020000 		.4byte	.LVL61
 2782 0fed 47110000 		.4byte	0x1147
 2783 0ff1 FC0F0000 		.4byte	0xffc
 2784 0ff5 20       		.uleb128 0x20
 2785 0ff6 01       		.uleb128 0x1
 2786 0ff7 50       		.byte	0x50
 2787 0ff8 02       		.uleb128 0x2
 2788 0ff9 75       		.byte	0x75
 2789 0ffa 00       		.sleb128 0
 2790 0ffb 00       		.byte	0
 2791 0ffc 21       		.uleb128 0x21
 2792 0ffd 3C020000 		.4byte	.LVL64
 2793 1001 B70C0000 		.4byte	0xcb7
 2794 1005 10100000 		.4byte	0x1010
 2795 1009 20       		.uleb128 0x20
 2796 100a 01       		.uleb128 0x1
 2797 100b 50       		.byte	0x50
 2798 100c 02       		.uleb128 0x2
 2799 100d 75       		.byte	0x75
 2800 100e 00       		.sleb128 0
 2801 100f 00       		.byte	0
 2802 1010 2B       		.uleb128 0x2b
 2803 1011 66020000 		.4byte	.LVL67
 2804 1015 20       		.uleb128 0x20
 2805 1016 01       		.uleb128 0x1
 2806 1017 50       		.byte	0x50
 2807 1018 02       		.uleb128 0x2
 2808 1019 74       		.byte	0x74
 2809 101a 00       		.sleb128 0
ARM GAS  C:\Users\ARTEM\AppData\Local\Temp\cclhTYy7.s 			page 90


 2810 101b 20       		.uleb128 0x20
 2811 101c 01       		.uleb128 0x1
 2812 101d 51       		.byte	0x51
 2813 101e 02       		.uleb128 0x2
 2814 101f 75       		.byte	0x75
 2815 1020 00       		.sleb128 0
 2816 1021 00       		.byte	0
 2817 1022 00       		.byte	0
 2818 1023 0F       		.uleb128 0xf
 2819 1024 6B000000 		.4byte	0x6b
 2820 1028 33100000 		.4byte	0x1033
 2821 102c 10       		.uleb128 0x10
 2822 102d B0000000 		.4byte	0xb0
 2823 1031 01       		.byte	0x1
 2824 1032 00       		.byte	0
 2825 1033 07       		.uleb128 0x7
 2826 1034 04       		.byte	0x4
 2827 1035 7B040000 		.4byte	0x47b
 2828 1039 07       		.uleb128 0x7
 2829 103a 04       		.byte	0x4
 2830 103b 4A070000 		.4byte	0x74a
 2831 103f 2D       		.uleb128 0x2d
 2832 1040 581E0000 		.4byte	.LASF345
 2833 1044 08       		.byte	0x8
 2834 1045 9D02     		.2byte	0x29d
 2835 1047 8E0A0000 		.4byte	0xa8e
 2836 104b 0F       		.uleb128 0xf
 2837 104c 6B000000 		.4byte	0x6b
 2838 1050 5C100000 		.4byte	0x105c
 2839 1054 18       		.uleb128 0x18
 2840 1055 B0000000 		.4byte	0xb0
 2841 1059 7F0D     		.2byte	0xd7f
 2842 105b 00       		.byte	0
 2843 105c 2D       		.uleb128 0x2d
 2844 105d 7B220000 		.4byte	.LASF346
 2845 1061 08       		.byte	0x8
 2846 1062 A202     		.2byte	0x2a2
 2847 1064 4B100000 		.4byte	0x104b
 2848 1068 2E       		.uleb128 0x2e
 2849 1069 630D0000 		.4byte	.LASF347
 2850 106d 01       		.byte	0x1
 2851 106e 3D       		.byte	0x3d
 2852 106f A4000000 		.4byte	0xa4
 2853 1073 05       		.uleb128 0x5
 2854 1074 03       		.byte	0x3
 2855 1075 00000000 		.4byte	cyBle_eventHandlerFlag
 2856 1079 2D       		.uleb128 0x2d
 2857 107a B8070000 		.4byte	.LASF348
 2858 107e 08       		.byte	0x8
 2859 107f A502     		.2byte	0x2a5
 2860 1081 BB040000 		.4byte	0x4bb
 2861 1085 2D       		.uleb128 0x2d
 2862 1086 580F0000 		.4byte	.LASF349
 2863 108a 08       		.byte	0x8
 2864 108b A602     		.2byte	0x2a6
 2865 108d 91100000 		.4byte	0x1091
 2866 1091 07       		.uleb128 0x7
ARM GAS  C:\Users\ARTEM\AppData\Local\Temp\cclhTYy7.s 			page 91


 2867 1092 04       		.byte	0x4
 2868 1093 BB040000 		.4byte	0x4bb
 2869 1097 2E       		.uleb128 0x2e
 2870 1098 A3200000 		.4byte	.LASF350
 2871 109c 01       		.byte	0x1
 2872 109d E4       		.byte	0xe4
 2873 109e 58060000 		.4byte	0x658
 2874 10a2 05       		.uleb128 0x5
 2875 10a3 03       		.byte	0x3
 2876 10a4 00000000 		.4byte	cyBle_authInfo
 2877 10a8 2D       		.uleb128 0x2d
 2878 10a9 5A1F0000 		.4byte	.LASF351
 2879 10ad 08       		.byte	0x8
 2880 10ae C302     		.2byte	0x2c3
 2881 10b0 6B000000 		.4byte	0x6b
 2882 10b4 2D       		.uleb128 0x2d
 2883 10b5 00000000 		.4byte	.LASF352
 2884 10b9 08       		.byte	0x8
 2885 10ba C902     		.2byte	0x2c9
 2886 10bc 6B000000 		.4byte	0x6b
 2887 10c0 2F       		.uleb128 0x2f
 2888 10c1 CD230000 		.4byte	.LASF353
 2889 10c5 09       		.byte	0x9
 2890 10c6 ED       		.byte	0xed
 2891 10c7 64060000 		.4byte	0x664
 2892 10cb 2F       		.uleb128 0x2f
 2893 10cc CC140000 		.4byte	.LASF354
 2894 10d0 09       		.byte	0x9
 2895 10d1 F5       		.byte	0xf5
 2896 10d2 D6100000 		.4byte	0x10d6
 2897 10d6 25       		.uleb128 0x25
 2898 10d7 FE0A0000 		.4byte	0xafe
 2899 10db 2D       		.uleb128 0x2d
 2900 10dc D21F0000 		.4byte	.LASF355
 2901 10e0 0B       		.byte	0xb
 2902 10e1 160B     		.2byte	0xb16
 2903 10e3 9D0B0000 		.4byte	0xb9d
 2904 10e7 2E       		.uleb128 0x2e
 2905 10e8 7D0E0000 		.4byte	.LASF356
 2906 10ec 01       		.byte	0x1
 2907 10ed 3B       		.byte	0x3b
 2908 10ee 44090000 		.4byte	0x944
 2909 10f2 05       		.uleb128 0x5
 2910 10f3 03       		.byte	0x3
 2911 10f4 00000000 		.4byte	cyBle_connHandle
 2912 10f8 2E       		.uleb128 0x2e
 2913 10f9 B9130000 		.4byte	.LASF357
 2914 10fd 01       		.byte	0x1
 2915 10fe 3E       		.byte	0x3e
 2916 10ff A4000000 		.4byte	0xa4
 2917 1103 05       		.uleb128 0x5
 2918 1104 03       		.byte	0x3
 2919 1105 00000000 		.4byte	cyBle_busyStatus
 2920 1109 2E       		.uleb128 0x2e
 2921 110a 720E0000 		.4byte	.LASF358
 2922 110e 01       		.byte	0x1
 2923 110f 40       		.byte	0x40
ARM GAS  C:\Users\ARTEM\AppData\Local\Temp\cclhTYy7.s 			page 92


 2924 1110 1A110000 		.4byte	0x111a
 2925 1114 05       		.uleb128 0x5
 2926 1115 03       		.byte	0x3
 2927 1116 00000000 		.4byte	cyBle_gaps
 2928 111a 25       		.uleb128 0x25
 2929 111b 010C0000 		.4byte	0xc01
 2930 111f 2E       		.uleb128 0x2e
 2931 1120 90220000 		.4byte	.LASF359
 2932 1124 01       		.byte	0x1
 2933 1125 4C       		.byte	0x4c
 2934 1126 6B000000 		.4byte	0x6b
 2935 112a 05       		.uleb128 0x5
 2936 112b 03       		.byte	0x3
 2937 112c 00000000 		.4byte	cyBle_advertisingIntervalType
 2938 1130 30       		.uleb128 0x30
 2939 1131 1B230000 		.4byte	.LASF360
 2940 1135 1B230000 		.4byte	.LASF360
 2941 1139 07       		.byte	0x7
 2942 113a 4001     		.2byte	0x140
 2943 113c 31       		.uleb128 0x31
 2944 113d C5180000 		.4byte	.LASF361
 2945 1141 C5180000 		.4byte	.LASF361
 2946 1145 09       		.byte	0x9
 2947 1146 D4       		.byte	0xd4
 2948 1147 31       		.uleb128 0x31
 2949 1148 411C0000 		.4byte	.LASF362
 2950 114c 411C0000 		.4byte	.LASF362
 2951 1150 0A       		.byte	0xa
 2952 1151 F0       		.byte	0xf0
 2953 1152 30       		.uleb128 0x30
 2954 1153 BB050000 		.4byte	.LASF363
 2955 1157 BB050000 		.4byte	.LASF363
 2956 115b 07       		.byte	0x7
 2957 115c C201     		.2byte	0x1c2
 2958 115e 31       		.uleb128 0x31
 2959 115f 79250000 		.4byte	.LASF364
 2960 1163 79250000 		.4byte	.LASF364
 2961 1167 0A       		.byte	0xa
 2962 1168 F1       		.byte	0xf1
 2963 1169 30       		.uleb128 0x30
 2964 116a 56150000 		.4byte	.LASF365
 2965 116e 56150000 		.4byte	.LASF365
 2966 1172 03       		.byte	0x3
 2967 1173 7108     		.2byte	0x871
 2968 1175 30       		.uleb128 0x30
 2969 1176 DE1F0000 		.4byte	.LASF366
 2970 117a DE1F0000 		.4byte	.LASF366
 2971 117e 03       		.byte	0x3
 2972 117f 470C     		.2byte	0xc47
 2973 1181 32       		.uleb128 0x32
 2974 1182 7F230000 		.4byte	.LASF380
 2975 1186 7F230000 		.4byte	.LASF380
 2976 118a 30       		.uleb128 0x30
 2977 118b 30150000 		.4byte	.LASF367
 2978 118f 30150000 		.4byte	.LASF367
 2979 1193 05       		.byte	0x5
 2980 1194 370D     		.2byte	0xd37
ARM GAS  C:\Users\ARTEM\AppData\Local\Temp\cclhTYy7.s 			page 93


 2981 1196 30       		.uleb128 0x30
 2982 1197 E1230000 		.4byte	.LASF368
 2983 119b E1230000 		.4byte	.LASF368
 2984 119f 05       		.byte	0x5
 2985 11a0 7808     		.2byte	0x878
 2986 11a2 30       		.uleb128 0x30
 2987 11a3 F01B0000 		.4byte	.LASF369
 2988 11a7 F01B0000 		.4byte	.LASF369
 2989 11ab 07       		.byte	0x7
 2990 11ac 7C01     		.2byte	0x17c
 2991 11ae 30       		.uleb128 0x30
 2992 11af 5B000000 		.4byte	.LASF370
 2993 11b3 5B000000 		.4byte	.LASF370
 2994 11b7 03       		.byte	0x3
 2995 11b8 F207     		.2byte	0x7f2
 2996 11ba 30       		.uleb128 0x30
 2997 11bb CA130000 		.4byte	.LASF371
 2998 11bf CA130000 		.4byte	.LASF371
 2999 11c3 08       		.byte	0x8
 3000 11c4 8302     		.2byte	0x283
 3001 11c6 30       		.uleb128 0x30
 3002 11c7 9B000000 		.4byte	.LASF372
 3003 11cb 9B000000 		.4byte	.LASF372
 3004 11cf 05       		.byte	0x5
 3005 11d0 DB04     		.2byte	0x4db
 3006 11d2 00       		.byte	0
 3007              		.section	.debug_abbrev,"",%progbits
 3008              	.Ldebug_abbrev0:
 3009 0000 01       		.uleb128 0x1
 3010 0001 11       		.uleb128 0x11
 3011 0002 01       		.byte	0x1
 3012 0003 25       		.uleb128 0x25
 3013 0004 0E       		.uleb128 0xe
 3014 0005 13       		.uleb128 0x13
 3015 0006 0B       		.uleb128 0xb
 3016 0007 03       		.uleb128 0x3
 3017 0008 0E       		.uleb128 0xe
 3018 0009 1B       		.uleb128 0x1b
 3019 000a 0E       		.uleb128 0xe
 3020 000b 55       		.uleb128 0x55
 3021 000c 17       		.uleb128 0x17
 3022 000d 11       		.uleb128 0x11
 3023 000e 01       		.uleb128 0x1
 3024 000f 10       		.uleb128 0x10
 3025 0010 17       		.uleb128 0x17
 3026 0011 00       		.byte	0
 3027 0012 00       		.byte	0
 3028 0013 02       		.uleb128 0x2
 3029 0014 24       		.uleb128 0x24
 3030 0015 00       		.byte	0
 3031 0016 0B       		.uleb128 0xb
 3032 0017 0B       		.uleb128 0xb
 3033 0018 3E       		.uleb128 0x3e
 3034 0019 0B       		.uleb128 0xb
 3035 001a 03       		.uleb128 0x3
 3036 001b 0E       		.uleb128 0xe
 3037 001c 00       		.byte	0
ARM GAS  C:\Users\ARTEM\AppData\Local\Temp\cclhTYy7.s 			page 94


 3038 001d 00       		.byte	0
 3039 001e 03       		.uleb128 0x3
 3040 001f 24       		.uleb128 0x24
 3041 0020 00       		.byte	0
 3042 0021 0B       		.uleb128 0xb
 3043 0022 0B       		.uleb128 0xb
 3044 0023 3E       		.uleb128 0x3e
 3045 0024 0B       		.uleb128 0xb
 3046 0025 03       		.uleb128 0x3
 3047 0026 08       		.uleb128 0x8
 3048 0027 00       		.byte	0
 3049 0028 00       		.byte	0
 3050 0029 04       		.uleb128 0x4
 3051 002a 16       		.uleb128 0x16
 3052 002b 00       		.byte	0
 3053 002c 03       		.uleb128 0x3
 3054 002d 0E       		.uleb128 0xe
 3055 002e 3A       		.uleb128 0x3a
 3056 002f 0B       		.uleb128 0xb
 3057 0030 3B       		.uleb128 0x3b
 3058 0031 05       		.uleb128 0x5
 3059 0032 49       		.uleb128 0x49
 3060 0033 13       		.uleb128 0x13
 3061 0034 00       		.byte	0
 3062 0035 00       		.byte	0
 3063 0036 05       		.uleb128 0x5
 3064 0037 35       		.uleb128 0x35
 3065 0038 00       		.byte	0
 3066 0039 49       		.uleb128 0x49
 3067 003a 13       		.uleb128 0x13
 3068 003b 00       		.byte	0
 3069 003c 00       		.byte	0
 3070 003d 06       		.uleb128 0x6
 3071 003e 0F       		.uleb128 0xf
 3072 003f 00       		.byte	0
 3073 0040 0B       		.uleb128 0xb
 3074 0041 0B       		.uleb128 0xb
 3075 0042 00       		.byte	0
 3076 0043 00       		.byte	0
 3077 0044 07       		.uleb128 0x7
 3078 0045 0F       		.uleb128 0xf
 3079 0046 00       		.byte	0
 3080 0047 0B       		.uleb128 0xb
 3081 0048 0B       		.uleb128 0xb
 3082 0049 49       		.uleb128 0x49
 3083 004a 13       		.uleb128 0x13
 3084 004b 00       		.byte	0
 3085 004c 00       		.byte	0
 3086 004d 08       		.uleb128 0x8
 3087 004e 15       		.uleb128 0x15
 3088 004f 01       		.byte	0x1
 3089 0050 27       		.uleb128 0x27
 3090 0051 19       		.uleb128 0x19
 3091 0052 01       		.uleb128 0x1
 3092 0053 13       		.uleb128 0x13
 3093 0054 00       		.byte	0
 3094 0055 00       		.byte	0
ARM GAS  C:\Users\ARTEM\AppData\Local\Temp\cclhTYy7.s 			page 95


 3095 0056 09       		.uleb128 0x9
 3096 0057 05       		.uleb128 0x5
 3097 0058 00       		.byte	0
 3098 0059 49       		.uleb128 0x49
 3099 005a 13       		.uleb128 0x13
 3100 005b 00       		.byte	0
 3101 005c 00       		.byte	0
 3102 005d 0A       		.uleb128 0xa
 3103 005e 04       		.uleb128 0x4
 3104 005f 01       		.byte	0x1
 3105 0060 0B       		.uleb128 0xb
 3106 0061 0B       		.uleb128 0xb
 3107 0062 49       		.uleb128 0x49
 3108 0063 13       		.uleb128 0x13
 3109 0064 3A       		.uleb128 0x3a
 3110 0065 0B       		.uleb128 0xb
 3111 0066 3B       		.uleb128 0x3b
 3112 0067 05       		.uleb128 0x5
 3113 0068 01       		.uleb128 0x1
 3114 0069 13       		.uleb128 0x13
 3115 006a 00       		.byte	0
 3116 006b 00       		.byte	0
 3117 006c 0B       		.uleb128 0xb
 3118 006d 28       		.uleb128 0x28
 3119 006e 00       		.byte	0
 3120 006f 03       		.uleb128 0x3
 3121 0070 0E       		.uleb128 0xe
 3122 0071 1C       		.uleb128 0x1c
 3123 0072 0B       		.uleb128 0xb
 3124 0073 00       		.byte	0
 3125 0074 00       		.byte	0
 3126 0075 0C       		.uleb128 0xc
 3127 0076 28       		.uleb128 0x28
 3128 0077 00       		.byte	0
 3129 0078 03       		.uleb128 0x3
 3130 0079 0E       		.uleb128 0xe
 3131 007a 1C       		.uleb128 0x1c
 3132 007b 05       		.uleb128 0x5
 3133 007c 00       		.byte	0
 3134 007d 00       		.byte	0
 3135 007e 0D       		.uleb128 0xd
 3136 007f 13       		.uleb128 0x13
 3137 0080 01       		.byte	0x1
 3138 0081 0B       		.uleb128 0xb
 3139 0082 0B       		.uleb128 0xb
 3140 0083 3A       		.uleb128 0x3a
 3141 0084 0B       		.uleb128 0xb
 3142 0085 3B       		.uleb128 0x3b
 3143 0086 05       		.uleb128 0x5
 3144 0087 01       		.uleb128 0x1
 3145 0088 13       		.uleb128 0x13
 3146 0089 00       		.byte	0
 3147 008a 00       		.byte	0
 3148 008b 0E       		.uleb128 0xe
 3149 008c 0D       		.uleb128 0xd
 3150 008d 00       		.byte	0
 3151 008e 03       		.uleb128 0x3
ARM GAS  C:\Users\ARTEM\AppData\Local\Temp\cclhTYy7.s 			page 96


 3152 008f 0E       		.uleb128 0xe
 3153 0090 3A       		.uleb128 0x3a
 3154 0091 0B       		.uleb128 0xb
 3155 0092 3B       		.uleb128 0x3b
 3156 0093 05       		.uleb128 0x5
 3157 0094 49       		.uleb128 0x49
 3158 0095 13       		.uleb128 0x13
 3159 0096 38       		.uleb128 0x38
 3160 0097 0B       		.uleb128 0xb
 3161 0098 00       		.byte	0
 3162 0099 00       		.byte	0
 3163 009a 0F       		.uleb128 0xf
 3164 009b 01       		.uleb128 0x1
 3165 009c 01       		.byte	0x1
 3166 009d 49       		.uleb128 0x49
 3167 009e 13       		.uleb128 0x13
 3168 009f 01       		.uleb128 0x1
 3169 00a0 13       		.uleb128 0x13
 3170 00a1 00       		.byte	0
 3171 00a2 00       		.byte	0
 3172 00a3 10       		.uleb128 0x10
 3173 00a4 21       		.uleb128 0x21
 3174 00a5 00       		.byte	0
 3175 00a6 49       		.uleb128 0x49
 3176 00a7 13       		.uleb128 0x13
 3177 00a8 2F       		.uleb128 0x2f
 3178 00a9 0B       		.uleb128 0xb
 3179 00aa 00       		.byte	0
 3180 00ab 00       		.byte	0
 3181 00ac 11       		.uleb128 0x11
 3182 00ad 04       		.uleb128 0x4
 3183 00ae 01       		.byte	0x1
 3184 00af 0B       		.uleb128 0xb
 3185 00b0 0B       		.uleb128 0xb
 3186 00b1 49       		.uleb128 0x49
 3187 00b2 13       		.uleb128 0x13
 3188 00b3 3A       		.uleb128 0x3a
 3189 00b4 0B       		.uleb128 0xb
 3190 00b5 3B       		.uleb128 0x3b
 3191 00b6 0B       		.uleb128 0xb
 3192 00b7 01       		.uleb128 0x1
 3193 00b8 13       		.uleb128 0x13
 3194 00b9 00       		.byte	0
 3195 00ba 00       		.byte	0
 3196 00bb 12       		.uleb128 0x12
 3197 00bc 16       		.uleb128 0x16
 3198 00bd 00       		.byte	0
 3199 00be 03       		.uleb128 0x3
 3200 00bf 0E       		.uleb128 0xe
 3201 00c0 3A       		.uleb128 0x3a
 3202 00c1 0B       		.uleb128 0xb
 3203 00c2 3B       		.uleb128 0x3b
 3204 00c3 0B       		.uleb128 0xb
 3205 00c4 49       		.uleb128 0x49
 3206 00c5 13       		.uleb128 0x13
 3207 00c6 00       		.byte	0
 3208 00c7 00       		.byte	0
ARM GAS  C:\Users\ARTEM\AppData\Local\Temp\cclhTYy7.s 			page 97


 3209 00c8 13       		.uleb128 0x13
 3210 00c9 0D       		.uleb128 0xd
 3211 00ca 00       		.byte	0
 3212 00cb 03       		.uleb128 0x3
 3213 00cc 08       		.uleb128 0x8
 3214 00cd 3A       		.uleb128 0x3a
 3215 00ce 0B       		.uleb128 0xb
 3216 00cf 3B       		.uleb128 0x3b
 3217 00d0 05       		.uleb128 0x5
 3218 00d1 49       		.uleb128 0x49
 3219 00d2 13       		.uleb128 0x13
 3220 00d3 38       		.uleb128 0x38
 3221 00d4 0B       		.uleb128 0xb
 3222 00d5 00       		.byte	0
 3223 00d6 00       		.byte	0
 3224 00d7 14       		.uleb128 0x14
 3225 00d8 13       		.uleb128 0x13
 3226 00d9 01       		.byte	0x1
 3227 00da 0B       		.uleb128 0xb
 3228 00db 0B       		.uleb128 0xb
 3229 00dc 3A       		.uleb128 0x3a
 3230 00dd 0B       		.uleb128 0xb
 3231 00de 3B       		.uleb128 0x3b
 3232 00df 0B       		.uleb128 0xb
 3233 00e0 01       		.uleb128 0x1
 3234 00e1 13       		.uleb128 0x13
 3235 00e2 00       		.byte	0
 3236 00e3 00       		.byte	0
 3237 00e4 15       		.uleb128 0x15
 3238 00e5 0D       		.uleb128 0xd
 3239 00e6 00       		.byte	0
 3240 00e7 03       		.uleb128 0x3
 3241 00e8 0E       		.uleb128 0xe
 3242 00e9 3A       		.uleb128 0x3a
 3243 00ea 0B       		.uleb128 0xb
 3244 00eb 3B       		.uleb128 0x3b
 3245 00ec 0B       		.uleb128 0xb
 3246 00ed 49       		.uleb128 0x49
 3247 00ee 13       		.uleb128 0x13
 3248 00ef 38       		.uleb128 0x38
 3249 00f0 0B       		.uleb128 0xb
 3250 00f1 00       		.byte	0
 3251 00f2 00       		.byte	0
 3252 00f3 16       		.uleb128 0x16
 3253 00f4 13       		.uleb128 0x13
 3254 00f5 01       		.byte	0x1
 3255 00f6 0B       		.uleb128 0xb
 3256 00f7 05       		.uleb128 0x5
 3257 00f8 3A       		.uleb128 0x3a
 3258 00f9 0B       		.uleb128 0xb
 3259 00fa 3B       		.uleb128 0x3b
 3260 00fb 0B       		.uleb128 0xb
 3261 00fc 01       		.uleb128 0x1
 3262 00fd 13       		.uleb128 0x13
 3263 00fe 00       		.byte	0
 3264 00ff 00       		.byte	0
 3265 0100 17       		.uleb128 0x17
ARM GAS  C:\Users\ARTEM\AppData\Local\Temp\cclhTYy7.s 			page 98


 3266 0101 0D       		.uleb128 0xd
 3267 0102 00       		.byte	0
 3268 0103 03       		.uleb128 0x3
 3269 0104 0E       		.uleb128 0xe
 3270 0105 3A       		.uleb128 0x3a
 3271 0106 0B       		.uleb128 0xb
 3272 0107 3B       		.uleb128 0x3b
 3273 0108 0B       		.uleb128 0xb
 3274 0109 49       		.uleb128 0x49
 3275 010a 13       		.uleb128 0x13
 3276 010b 38       		.uleb128 0x38
 3277 010c 05       		.uleb128 0x5
 3278 010d 00       		.byte	0
 3279 010e 00       		.byte	0
 3280 010f 18       		.uleb128 0x18
 3281 0110 21       		.uleb128 0x21
 3282 0111 00       		.byte	0
 3283 0112 49       		.uleb128 0x49
 3284 0113 13       		.uleb128 0x13
 3285 0114 2F       		.uleb128 0x2f
 3286 0115 05       		.uleb128 0x5
 3287 0116 00       		.byte	0
 3288 0117 00       		.byte	0
 3289 0118 19       		.uleb128 0x19
 3290 0119 2E       		.uleb128 0x2e
 3291 011a 00       		.byte	0
 3292 011b 03       		.uleb128 0x3
 3293 011c 0E       		.uleb128 0xe
 3294 011d 3A       		.uleb128 0x3a
 3295 011e 0B       		.uleb128 0xb
 3296 011f 3B       		.uleb128 0x3b
 3297 0120 05       		.uleb128 0x5
 3298 0121 27       		.uleb128 0x27
 3299 0122 19       		.uleb128 0x19
 3300 0123 11       		.uleb128 0x11
 3301 0124 01       		.uleb128 0x1
 3302 0125 12       		.uleb128 0x12
 3303 0126 06       		.uleb128 0x6
 3304 0127 40       		.uleb128 0x40
 3305 0128 18       		.uleb128 0x18
 3306 0129 9742     		.uleb128 0x2117
 3307 012b 19       		.uleb128 0x19
 3308 012c 00       		.byte	0
 3309 012d 00       		.byte	0
 3310 012e 1A       		.uleb128 0x1a
 3311 012f 2E       		.uleb128 0x2e
 3312 0130 01       		.byte	0x1
 3313 0131 03       		.uleb128 0x3
 3314 0132 0E       		.uleb128 0xe
 3315 0133 3A       		.uleb128 0x3a
 3316 0134 0B       		.uleb128 0xb
 3317 0135 3B       		.uleb128 0x3b
 3318 0136 0B       		.uleb128 0xb
 3319 0137 27       		.uleb128 0x27
 3320 0138 19       		.uleb128 0x19
 3321 0139 11       		.uleb128 0x11
 3322 013a 01       		.uleb128 0x1
ARM GAS  C:\Users\ARTEM\AppData\Local\Temp\cclhTYy7.s 			page 99


 3323 013b 12       		.uleb128 0x12
 3324 013c 06       		.uleb128 0x6
 3325 013d 40       		.uleb128 0x40
 3326 013e 18       		.uleb128 0x18
 3327 013f 9742     		.uleb128 0x2117
 3328 0141 19       		.uleb128 0x19
 3329 0142 01       		.uleb128 0x1
 3330 0143 13       		.uleb128 0x13
 3331 0144 00       		.byte	0
 3332 0145 00       		.byte	0
 3333 0146 1B       		.uleb128 0x1b
 3334 0147 05       		.uleb128 0x5
 3335 0148 00       		.byte	0
 3336 0149 03       		.uleb128 0x3
 3337 014a 0E       		.uleb128 0xe
 3338 014b 3A       		.uleb128 0x3a
 3339 014c 0B       		.uleb128 0xb
 3340 014d 3B       		.uleb128 0x3b
 3341 014e 0B       		.uleb128 0xb
 3342 014f 49       		.uleb128 0x49
 3343 0150 13       		.uleb128 0x13
 3344 0151 02       		.uleb128 0x2
 3345 0152 17       		.uleb128 0x17
 3346 0153 00       		.byte	0
 3347 0154 00       		.byte	0
 3348 0155 1C       		.uleb128 0x1c
 3349 0156 34       		.uleb128 0x34
 3350 0157 00       		.byte	0
 3351 0158 03       		.uleb128 0x3
 3352 0159 0E       		.uleb128 0xe
 3353 015a 3A       		.uleb128 0x3a
 3354 015b 0B       		.uleb128 0xb
 3355 015c 3B       		.uleb128 0x3b
 3356 015d 0B       		.uleb128 0xb
 3357 015e 49       		.uleb128 0x49
 3358 015f 13       		.uleb128 0x13
 3359 0160 02       		.uleb128 0x2
 3360 0161 17       		.uleb128 0x17
 3361 0162 00       		.byte	0
 3362 0163 00       		.byte	0
 3363 0164 1D       		.uleb128 0x1d
 3364 0165 0B       		.uleb128 0xb
 3365 0166 01       		.byte	0x1
 3366 0167 11       		.uleb128 0x11
 3367 0168 01       		.uleb128 0x1
 3368 0169 12       		.uleb128 0x12
 3369 016a 06       		.uleb128 0x6
 3370 016b 01       		.uleb128 0x1
 3371 016c 13       		.uleb128 0x13
 3372 016d 00       		.byte	0
 3373 016e 00       		.byte	0
 3374 016f 1E       		.uleb128 0x1e
 3375 0170 34       		.uleb128 0x34
 3376 0171 00       		.byte	0
 3377 0172 03       		.uleb128 0x3
 3378 0173 0E       		.uleb128 0xe
 3379 0174 3A       		.uleb128 0x3a
ARM GAS  C:\Users\ARTEM\AppData\Local\Temp\cclhTYy7.s 			page 100


 3380 0175 0B       		.uleb128 0xb
 3381 0176 3B       		.uleb128 0x3b
 3382 0177 05       		.uleb128 0x5
 3383 0178 49       		.uleb128 0x49
 3384 0179 13       		.uleb128 0x13
 3385 017a 02       		.uleb128 0x2
 3386 017b 18       		.uleb128 0x18
 3387 017c 00       		.byte	0
 3388 017d 00       		.byte	0
 3389 017e 1F       		.uleb128 0x1f
 3390 017f 898201   		.uleb128 0x4109
 3391 0182 01       		.byte	0x1
 3392 0183 11       		.uleb128 0x11
 3393 0184 01       		.uleb128 0x1
 3394 0185 31       		.uleb128 0x31
 3395 0186 13       		.uleb128 0x13
 3396 0187 00       		.byte	0
 3397 0188 00       		.byte	0
 3398 0189 20       		.uleb128 0x20
 3399 018a 8A8201   		.uleb128 0x410a
 3400 018d 00       		.byte	0
 3401 018e 02       		.uleb128 0x2
 3402 018f 18       		.uleb128 0x18
 3403 0190 9142     		.uleb128 0x2111
 3404 0192 18       		.uleb128 0x18
 3405 0193 00       		.byte	0
 3406 0194 00       		.byte	0
 3407 0195 21       		.uleb128 0x21
 3408 0196 898201   		.uleb128 0x4109
 3409 0199 01       		.byte	0x1
 3410 019a 11       		.uleb128 0x11
 3411 019b 01       		.uleb128 0x1
 3412 019c 31       		.uleb128 0x31
 3413 019d 13       		.uleb128 0x13
 3414 019e 01       		.uleb128 0x1
 3415 019f 13       		.uleb128 0x13
 3416 01a0 00       		.byte	0
 3417 01a1 00       		.byte	0
 3418 01a2 22       		.uleb128 0x22
 3419 01a3 898201   		.uleb128 0x4109
 3420 01a6 00       		.byte	0
 3421 01a7 11       		.uleb128 0x11
 3422 01a8 01       		.uleb128 0x1
 3423 01a9 31       		.uleb128 0x31
 3424 01aa 13       		.uleb128 0x13
 3425 01ab 00       		.byte	0
 3426 01ac 00       		.byte	0
 3427 01ad 23       		.uleb128 0x23
 3428 01ae 2E       		.uleb128 0x2e
 3429 01af 01       		.byte	0x1
 3430 01b0 03       		.uleb128 0x3
 3431 01b1 0E       		.uleb128 0xe
 3432 01b2 3A       		.uleb128 0x3a
 3433 01b3 0B       		.uleb128 0xb
 3434 01b4 3B       		.uleb128 0x3b
 3435 01b5 05       		.uleb128 0x5
 3436 01b6 27       		.uleb128 0x27
ARM GAS  C:\Users\ARTEM\AppData\Local\Temp\cclhTYy7.s 			page 101


 3437 01b7 19       		.uleb128 0x19
 3438 01b8 11       		.uleb128 0x11
 3439 01b9 01       		.uleb128 0x1
 3440 01ba 12       		.uleb128 0x12
 3441 01bb 06       		.uleb128 0x6
 3442 01bc 40       		.uleb128 0x40
 3443 01bd 18       		.uleb128 0x18
 3444 01be 9742     		.uleb128 0x2117
 3445 01c0 19       		.uleb128 0x19
 3446 01c1 01       		.uleb128 0x1
 3447 01c2 13       		.uleb128 0x13
 3448 01c3 00       		.byte	0
 3449 01c4 00       		.byte	0
 3450 01c5 24       		.uleb128 0x24
 3451 01c6 05       		.uleb128 0x5
 3452 01c7 00       		.byte	0
 3453 01c8 03       		.uleb128 0x3
 3454 01c9 0E       		.uleb128 0xe
 3455 01ca 3A       		.uleb128 0x3a
 3456 01cb 0B       		.uleb128 0xb
 3457 01cc 3B       		.uleb128 0x3b
 3458 01cd 05       		.uleb128 0x5
 3459 01ce 49       		.uleb128 0x49
 3460 01cf 13       		.uleb128 0x13
 3461 01d0 02       		.uleb128 0x2
 3462 01d1 17       		.uleb128 0x17
 3463 01d2 00       		.byte	0
 3464 01d3 00       		.byte	0
 3465 01d4 25       		.uleb128 0x25
 3466 01d5 26       		.uleb128 0x26
 3467 01d6 00       		.byte	0
 3468 01d7 49       		.uleb128 0x49
 3469 01d8 13       		.uleb128 0x13
 3470 01d9 00       		.byte	0
 3471 01da 00       		.byte	0
 3472 01db 26       		.uleb128 0x26
 3473 01dc 2E       		.uleb128 0x2e
 3474 01dd 01       		.byte	0x1
 3475 01de 3F       		.uleb128 0x3f
 3476 01df 19       		.uleb128 0x19
 3477 01e0 03       		.uleb128 0x3
 3478 01e1 0E       		.uleb128 0xe
 3479 01e2 3A       		.uleb128 0x3a
 3480 01e3 0B       		.uleb128 0xb
 3481 01e4 3B       		.uleb128 0x3b
 3482 01e5 05       		.uleb128 0x5
 3483 01e6 27       		.uleb128 0x27
 3484 01e7 19       		.uleb128 0x19
 3485 01e8 49       		.uleb128 0x49
 3486 01e9 13       		.uleb128 0x13
 3487 01ea 11       		.uleb128 0x11
 3488 01eb 01       		.uleb128 0x1
 3489 01ec 12       		.uleb128 0x12
 3490 01ed 06       		.uleb128 0x6
 3491 01ee 40       		.uleb128 0x40
 3492 01ef 18       		.uleb128 0x18
 3493 01f0 9742     		.uleb128 0x2117
ARM GAS  C:\Users\ARTEM\AppData\Local\Temp\cclhTYy7.s 			page 102


 3494 01f2 19       		.uleb128 0x19
 3495 01f3 01       		.uleb128 0x1
 3496 01f4 13       		.uleb128 0x13
 3497 01f5 00       		.byte	0
 3498 01f6 00       		.byte	0
 3499 01f7 27       		.uleb128 0x27
 3500 01f8 34       		.uleb128 0x34
 3501 01f9 00       		.byte	0
 3502 01fa 03       		.uleb128 0x3
 3503 01fb 08       		.uleb128 0x8
 3504 01fc 3A       		.uleb128 0x3a
 3505 01fd 0B       		.uleb128 0xb
 3506 01fe 3B       		.uleb128 0x3b
 3507 01ff 05       		.uleb128 0x5
 3508 0200 49       		.uleb128 0x49
 3509 0201 13       		.uleb128 0x13
 3510 0202 02       		.uleb128 0x2
 3511 0203 17       		.uleb128 0x17
 3512 0204 00       		.byte	0
 3513 0205 00       		.byte	0
 3514 0206 28       		.uleb128 0x28
 3515 0207 34       		.uleb128 0x34
 3516 0208 00       		.byte	0
 3517 0209 03       		.uleb128 0x3
 3518 020a 0E       		.uleb128 0xe
 3519 020b 3A       		.uleb128 0x3a
 3520 020c 0B       		.uleb128 0xb
 3521 020d 3B       		.uleb128 0x3b
 3522 020e 05       		.uleb128 0x5
 3523 020f 49       		.uleb128 0x49
 3524 0210 13       		.uleb128 0x13
 3525 0211 02       		.uleb128 0x2
 3526 0212 17       		.uleb128 0x17
 3527 0213 00       		.byte	0
 3528 0214 00       		.byte	0
 3529 0215 29       		.uleb128 0x29
 3530 0216 2E       		.uleb128 0x2e
 3531 0217 01       		.byte	0x1
 3532 0218 3F       		.uleb128 0x3f
 3533 0219 19       		.uleb128 0x19
 3534 021a 03       		.uleb128 0x3
 3535 021b 0E       		.uleb128 0xe
 3536 021c 3A       		.uleb128 0x3a
 3537 021d 0B       		.uleb128 0xb
 3538 021e 3B       		.uleb128 0x3b
 3539 021f 05       		.uleb128 0x5
 3540 0220 27       		.uleb128 0x27
 3541 0221 19       		.uleb128 0x19
 3542 0222 11       		.uleb128 0x11
 3543 0223 01       		.uleb128 0x1
 3544 0224 12       		.uleb128 0x12
 3545 0225 06       		.uleb128 0x6
 3546 0226 40       		.uleb128 0x40
 3547 0227 18       		.uleb128 0x18
 3548 0228 9742     		.uleb128 0x2117
 3549 022a 19       		.uleb128 0x19
 3550 022b 01       		.uleb128 0x1
ARM GAS  C:\Users\ARTEM\AppData\Local\Temp\cclhTYy7.s 			page 103


 3551 022c 13       		.uleb128 0x13
 3552 022d 00       		.byte	0
 3553 022e 00       		.byte	0
 3554 022f 2A       		.uleb128 0x2a
 3555 0230 0B       		.uleb128 0xb
 3556 0231 01       		.byte	0x1
 3557 0232 11       		.uleb128 0x11
 3558 0233 01       		.uleb128 0x1
 3559 0234 12       		.uleb128 0x12
 3560 0235 06       		.uleb128 0x6
 3561 0236 00       		.byte	0
 3562 0237 00       		.byte	0
 3563 0238 2B       		.uleb128 0x2b
 3564 0239 898201   		.uleb128 0x4109
 3565 023c 01       		.byte	0x1
 3566 023d 11       		.uleb128 0x11
 3567 023e 01       		.uleb128 0x1
 3568 023f 00       		.byte	0
 3569 0240 00       		.byte	0
 3570 0241 2C       		.uleb128 0x2c
 3571 0242 34       		.uleb128 0x34
 3572 0243 00       		.byte	0
 3573 0244 03       		.uleb128 0x3
 3574 0245 0E       		.uleb128 0xe
 3575 0246 3A       		.uleb128 0x3a
 3576 0247 0B       		.uleb128 0xb
 3577 0248 3B       		.uleb128 0x3b
 3578 0249 05       		.uleb128 0x5
 3579 024a 49       		.uleb128 0x49
 3580 024b 13       		.uleb128 0x13
 3581 024c 00       		.byte	0
 3582 024d 00       		.byte	0
 3583 024e 2D       		.uleb128 0x2d
 3584 024f 34       		.uleb128 0x34
 3585 0250 00       		.byte	0
 3586 0251 03       		.uleb128 0x3
 3587 0252 0E       		.uleb128 0xe
 3588 0253 3A       		.uleb128 0x3a
 3589 0254 0B       		.uleb128 0xb
 3590 0255 3B       		.uleb128 0x3b
 3591 0256 05       		.uleb128 0x5
 3592 0257 49       		.uleb128 0x49
 3593 0258 13       		.uleb128 0x13
 3594 0259 3F       		.uleb128 0x3f
 3595 025a 19       		.uleb128 0x19
 3596 025b 3C       		.uleb128 0x3c
 3597 025c 19       		.uleb128 0x19
 3598 025d 00       		.byte	0
 3599 025e 00       		.byte	0
 3600 025f 2E       		.uleb128 0x2e
 3601 0260 34       		.uleb128 0x34
 3602 0261 00       		.byte	0
 3603 0262 03       		.uleb128 0x3
 3604 0263 0E       		.uleb128 0xe
 3605 0264 3A       		.uleb128 0x3a
 3606 0265 0B       		.uleb128 0xb
 3607 0266 3B       		.uleb128 0x3b
ARM GAS  C:\Users\ARTEM\AppData\Local\Temp\cclhTYy7.s 			page 104


 3608 0267 0B       		.uleb128 0xb
 3609 0268 49       		.uleb128 0x49
 3610 0269 13       		.uleb128 0x13
 3611 026a 3F       		.uleb128 0x3f
 3612 026b 19       		.uleb128 0x19
 3613 026c 02       		.uleb128 0x2
 3614 026d 18       		.uleb128 0x18
 3615 026e 00       		.byte	0
 3616 026f 00       		.byte	0
 3617 0270 2F       		.uleb128 0x2f
 3618 0271 34       		.uleb128 0x34
 3619 0272 00       		.byte	0
 3620 0273 03       		.uleb128 0x3
 3621 0274 0E       		.uleb128 0xe
 3622 0275 3A       		.uleb128 0x3a
 3623 0276 0B       		.uleb128 0xb
 3624 0277 3B       		.uleb128 0x3b
 3625 0278 0B       		.uleb128 0xb
 3626 0279 49       		.uleb128 0x49
 3627 027a 13       		.uleb128 0x13
 3628 027b 3F       		.uleb128 0x3f
 3629 027c 19       		.uleb128 0x19
 3630 027d 3C       		.uleb128 0x3c
 3631 027e 19       		.uleb128 0x19
 3632 027f 00       		.byte	0
 3633 0280 00       		.byte	0
 3634 0281 30       		.uleb128 0x30
 3635 0282 2E       		.uleb128 0x2e
 3636 0283 00       		.byte	0
 3637 0284 3F       		.uleb128 0x3f
 3638 0285 19       		.uleb128 0x19
 3639 0286 3C       		.uleb128 0x3c
 3640 0287 19       		.uleb128 0x19
 3641 0288 6E       		.uleb128 0x6e
 3642 0289 0E       		.uleb128 0xe
 3643 028a 03       		.uleb128 0x3
 3644 028b 0E       		.uleb128 0xe
 3645 028c 3A       		.uleb128 0x3a
 3646 028d 0B       		.uleb128 0xb
 3647 028e 3B       		.uleb128 0x3b
 3648 028f 05       		.uleb128 0x5
 3649 0290 00       		.byte	0
 3650 0291 00       		.byte	0
 3651 0292 31       		.uleb128 0x31
 3652 0293 2E       		.uleb128 0x2e
 3653 0294 00       		.byte	0
 3654 0295 3F       		.uleb128 0x3f
 3655 0296 19       		.uleb128 0x19
 3656 0297 3C       		.uleb128 0x3c
 3657 0298 19       		.uleb128 0x19
 3658 0299 6E       		.uleb128 0x6e
 3659 029a 0E       		.uleb128 0xe
 3660 029b 03       		.uleb128 0x3
 3661 029c 0E       		.uleb128 0xe
 3662 029d 3A       		.uleb128 0x3a
 3663 029e 0B       		.uleb128 0xb
 3664 029f 3B       		.uleb128 0x3b
ARM GAS  C:\Users\ARTEM\AppData\Local\Temp\cclhTYy7.s 			page 105


 3665 02a0 0B       		.uleb128 0xb
 3666 02a1 00       		.byte	0
 3667 02a2 00       		.byte	0
 3668 02a3 32       		.uleb128 0x32
 3669 02a4 2E       		.uleb128 0x2e
 3670 02a5 00       		.byte	0
 3671 02a6 3F       		.uleb128 0x3f
 3672 02a7 19       		.uleb128 0x19
 3673 02a8 3C       		.uleb128 0x3c
 3674 02a9 19       		.uleb128 0x19
 3675 02aa 6E       		.uleb128 0x6e
 3676 02ab 0E       		.uleb128 0xe
 3677 02ac 03       		.uleb128 0x3
 3678 02ad 0E       		.uleb128 0xe
 3679 02ae 00       		.byte	0
 3680 02af 00       		.byte	0
 3681 02b0 00       		.byte	0
 3682              		.section	.debug_loc,"",%progbits
 3683              	.Ldebug_loc0:
 3684              	.LLST0:
 3685 0000 00000000 		.4byte	.LVL0
 3686 0004 09000000 		.4byte	.LVL1-1
 3687 0008 0100     		.2byte	0x1
 3688 000a 50       		.byte	0x50
 3689 000b 09000000 		.4byte	.LVL1-1
 3690 000f 44000000 		.4byte	.LVL9
 3691 0013 0100     		.2byte	0x1
 3692 0015 54       		.byte	0x54
 3693 0016 44000000 		.4byte	.LVL9
 3694 001a 4C000000 		.4byte	.LFE2
 3695 001e 0400     		.2byte	0x4
 3696 0020 F3       		.byte	0xf3
 3697 0021 01       		.uleb128 0x1
 3698 0022 50       		.byte	0x50
 3699 0023 9F       		.byte	0x9f
 3700 0024 00000000 		.4byte	0
 3701 0028 00000000 		.4byte	0
 3702              	.LLST1:
 3703 002c 0A000000 		.4byte	.LVL1
 3704 0030 18000000 		.4byte	.LVL2
 3705 0034 0100     		.2byte	0x1
 3706 0036 50       		.byte	0x50
 3707 0037 1C000000 		.4byte	.LVL3
 3708 003b 36000000 		.4byte	.LVL4
 3709 003f 0100     		.2byte	0x1
 3710 0041 50       		.byte	0x50
 3711 0042 36000000 		.4byte	.LVL4
 3712 0046 39000000 		.4byte	.LVL5-1
 3713 004a 0200     		.2byte	0x2
 3714 004c 71       		.byte	0x71
 3715 004d 03       		.sleb128 3
 3716 004e 3C000000 		.4byte	.LVL6
 3717 0052 3E000000 		.4byte	.LVL7
 3718 0056 0100     		.2byte	0x1
 3719 0058 50       		.byte	0x50
 3720 0059 00000000 		.4byte	0
 3721 005d 00000000 		.4byte	0
ARM GAS  C:\Users\ARTEM\AppData\Local\Temp\cclhTYy7.s 			page 106


 3722              	.LLST2:
 3723 0061 00000000 		.4byte	.LVL10
 3724 0065 11000000 		.4byte	.LVL11-1
 3725 0069 0100     		.2byte	0x1
 3726 006b 50       		.byte	0x50
 3727 006c 11000000 		.4byte	.LVL11-1
 3728 0070 18000000 		.4byte	.LFE3
 3729 0074 0400     		.2byte	0x4
 3730 0076 F3       		.byte	0xf3
 3731 0077 01       		.uleb128 0x1
 3732 0078 50       		.byte	0x50
 3733 0079 9F       		.byte	0x9f
 3734 007a 00000000 		.4byte	0
 3735 007e 00000000 		.4byte	0
 3736              	.LLST3:
 3737 0082 00000000 		.4byte	.LVL12
 3738 0086 08000000 		.4byte	.LVL13
 3739 008a 0100     		.2byte	0x1
 3740 008c 50       		.byte	0x50
 3741 008d 08000000 		.4byte	.LVL13
 3742 0091 0A000000 		.4byte	.LVL14
 3743 0095 0400     		.2byte	0x4
 3744 0097 F3       		.byte	0xf3
 3745 0098 01       		.uleb128 0x1
 3746 0099 50       		.byte	0x50
 3747 009a 9F       		.byte	0x9f
 3748 009b 0A000000 		.4byte	.LVL14
 3749 009f 1E000000 		.4byte	.LVL19
 3750 00a3 0100     		.2byte	0x1
 3751 00a5 50       		.byte	0x50
 3752 00a6 1E000000 		.4byte	.LVL19
 3753 00aa 20000000 		.4byte	.LVL20
 3754 00ae 0400     		.2byte	0x4
 3755 00b0 F3       		.byte	0xf3
 3756 00b1 01       		.uleb128 0x1
 3757 00b2 50       		.byte	0x50
 3758 00b3 9F       		.byte	0x9f
 3759 00b4 20000000 		.4byte	.LVL20
 3760 00b8 22000000 		.4byte	.LVL21
 3761 00bc 0100     		.2byte	0x1
 3762 00be 50       		.byte	0x50
 3763 00bf 22000000 		.4byte	.LVL21
 3764 00c3 24000000 		.4byte	.LFE7
 3765 00c7 0400     		.2byte	0x4
 3766 00c9 F3       		.byte	0xf3
 3767 00ca 01       		.uleb128 0x1
 3768 00cb 50       		.byte	0x50
 3769 00cc 9F       		.byte	0x9f
 3770 00cd 00000000 		.4byte	0
 3771 00d1 00000000 		.4byte	0
 3772              	.LLST4:
 3773 00d5 0A000000 		.4byte	.LVL14
 3774 00d9 12000000 		.4byte	.LVL15
 3775 00dd 0100     		.2byte	0x1
 3776 00df 53       		.byte	0x53
 3777 00e0 14000000 		.4byte	.LVL16
 3778 00e4 16000000 		.4byte	.LVL17
ARM GAS  C:\Users\ARTEM\AppData\Local\Temp\cclhTYy7.s 			page 107


 3779 00e8 0100     		.2byte	0x1
 3780 00ea 53       		.byte	0x53
 3781 00eb 18000000 		.4byte	.LVL18
 3782 00ef 22000000 		.4byte	.LVL21
 3783 00f3 0100     		.2byte	0x1
 3784 00f5 53       		.byte	0x53
 3785 00f6 00000000 		.4byte	0
 3786 00fa 00000000 		.4byte	0
 3787              	.LLST5:
 3788 00fe 00000000 		.4byte	.LVL12
 3789 0102 22000000 		.4byte	.LVL21
 3790 0106 0200     		.2byte	0x2
 3791 0108 30       		.byte	0x30
 3792 0109 9F       		.byte	0x9f
 3793 010a 22000000 		.4byte	.LVL21
 3794 010e 24000000 		.4byte	.LFE7
 3795 0112 0100     		.2byte	0x1
 3796 0114 50       		.byte	0x50
 3797 0115 00000000 		.4byte	0
 3798 0119 00000000 		.4byte	0
 3799              	.LLST6:
 3800 011d 00000000 		.4byte	.LVL22
 3801 0121 8A000000 		.4byte	.LVL24
 3802 0125 0100     		.2byte	0x1
 3803 0127 50       		.byte	0x50
 3804 0128 8A000000 		.4byte	.LVL24
 3805 012c FC000000 		.4byte	.LVL38
 3806 0130 0400     		.2byte	0x4
 3807 0132 F3       		.byte	0xf3
 3808 0133 01       		.uleb128 0x1
 3809 0134 50       		.byte	0x50
 3810 0135 9F       		.byte	0x9f
 3811 0136 FC000000 		.4byte	.LVL38
 3812 013a 48010000 		.4byte	.LVL41
 3813 013e 0100     		.2byte	0x1
 3814 0140 50       		.byte	0x50
 3815 0141 48010000 		.4byte	.LVL41
 3816 0145 6E010000 		.4byte	.LVL44
 3817 0149 0400     		.2byte	0x4
 3818 014b F3       		.byte	0xf3
 3819 014c 01       		.uleb128 0x1
 3820 014d 50       		.byte	0x50
 3821 014e 9F       		.byte	0x9f
 3822 014f 6E010000 		.4byte	.LVL44
 3823 0153 E6010000 		.4byte	.LVL47
 3824 0157 0100     		.2byte	0x1
 3825 0159 50       		.byte	0x50
 3826 015a E6010000 		.4byte	.LVL47
 3827 015e 08020000 		.4byte	.LVL50
 3828 0162 0400     		.2byte	0x4
 3829 0164 F3       		.byte	0xf3
 3830 0165 01       		.uleb128 0x1
 3831 0166 50       		.byte	0x50
 3832 0167 9F       		.byte	0x9f
 3833 0168 08020000 		.4byte	.LVL50
 3834 016c 0B020000 		.4byte	.LVL51-1
 3835 0170 0100     		.2byte	0x1
ARM GAS  C:\Users\ARTEM\AppData\Local\Temp\cclhTYy7.s 			page 108


 3836 0172 50       		.byte	0x50
 3837 0173 0B020000 		.4byte	.LVL51-1
 3838 0177 0E020000 		.4byte	.LVL52
 3839 017b 0400     		.2byte	0x4
 3840 017d F3       		.byte	0xf3
 3841 017e 01       		.uleb128 0x1
 3842 017f 50       		.byte	0x50
 3843 0180 9F       		.byte	0x9f
 3844 0181 0E020000 		.4byte	.LVL52
 3845 0185 18020000 		.4byte	.LVL54
 3846 0189 0100     		.2byte	0x1
 3847 018b 50       		.byte	0x50
 3848 018c 18020000 		.4byte	.LVL54
 3849 0190 1E020000 		.4byte	.LVL56
 3850 0194 0400     		.2byte	0x4
 3851 0196 F3       		.byte	0xf3
 3852 0197 01       		.uleb128 0x1
 3853 0198 50       		.byte	0x50
 3854 0199 9F       		.byte	0x9f
 3855 019a 1E020000 		.4byte	.LVL56
 3856 019e 20020000 		.4byte	.LVL57
 3857 01a2 0100     		.2byte	0x1
 3858 01a4 50       		.byte	0x50
 3859 01a5 20020000 		.4byte	.LVL57
 3860 01a9 26020000 		.4byte	.LVL59
 3861 01ad 0400     		.2byte	0x4
 3862 01af F3       		.byte	0xf3
 3863 01b0 01       		.uleb128 0x1
 3864 01b1 50       		.byte	0x50
 3865 01b2 9F       		.byte	0x9f
 3866 01b3 26020000 		.4byte	.LVL59
 3867 01b7 30020000 		.4byte	.LVL60
 3868 01bb 0100     		.2byte	0x1
 3869 01bd 50       		.byte	0x50
 3870 01be 30020000 		.4byte	.LVL60
 3871 01c2 36020000 		.4byte	.LVL62
 3872 01c6 0400     		.2byte	0x4
 3873 01c8 F3       		.byte	0xf3
 3874 01c9 01       		.uleb128 0x1
 3875 01ca 50       		.byte	0x50
 3876 01cb 9F       		.byte	0x9f
 3877 01cc 36020000 		.4byte	.LVL62
 3878 01d0 38020000 		.4byte	.LVL63
 3879 01d4 0100     		.2byte	0x1
 3880 01d6 50       		.byte	0x50
 3881 01d7 38020000 		.4byte	.LVL63
 3882 01db 3E020000 		.4byte	.LVL65
 3883 01df 0400     		.2byte	0x4
 3884 01e1 F3       		.byte	0xf3
 3885 01e2 01       		.uleb128 0x1
 3886 01e3 50       		.byte	0x50
 3887 01e4 9F       		.byte	0x9f
 3888 01e5 3E020000 		.4byte	.LVL65
 3889 01e9 48020000 		.4byte	.LVL66
 3890 01ed 0100     		.2byte	0x1
 3891 01ef 50       		.byte	0x50
 3892 01f0 48020000 		.4byte	.LVL66
ARM GAS  C:\Users\ARTEM\AppData\Local\Temp\cclhTYy7.s 			page 109


 3893 01f4 AC020000 		.4byte	.LFE10
 3894 01f8 0400     		.2byte	0x4
 3895 01fa F3       		.byte	0xf3
 3896 01fb 01       		.uleb128 0x1
 3897 01fc 50       		.byte	0x50
 3898 01fd 9F       		.byte	0x9f
 3899 01fe 00000000 		.4byte	0
 3900 0202 00000000 		.4byte	0
 3901              	.LLST7:
 3902 0206 00000000 		.4byte	.LVL22
 3903 020a 0C000000 		.4byte	.LVL23
 3904 020e 0100     		.2byte	0x1
 3905 0210 51       		.byte	0x51
 3906 0211 0C000000 		.4byte	.LVL23
 3907 0215 68020000 		.4byte	.LVL68
 3908 0219 0100     		.2byte	0x1
 3909 021b 55       		.byte	0x55
 3910 021c 68020000 		.4byte	.LVL68
 3911 0220 AC020000 		.4byte	.LFE10
 3912 0224 0400     		.2byte	0x4
 3913 0226 F3       		.byte	0xf3
 3914 0227 01       		.uleb128 0x1
 3915 0228 51       		.byte	0x51
 3916 0229 9F       		.byte	0x9f
 3917 022a 00000000 		.4byte	0
 3918 022e 00000000 		.4byte	0
 3919              	.LLST8:
 3920 0232 04010000 		.4byte	.LVL39
 3921 0236 2C010000 		.4byte	.LVL40
 3922 023a 0100     		.2byte	0x1
 3923 023c 55       		.byte	0x55
 3924 023d 00000000 		.4byte	0
 3925 0241 00000000 		.4byte	0
 3926              	.LLST9:
 3927 0245 76010000 		.4byte	.LVL45
 3928 0249 7E010000 		.4byte	.LVL46
 3929 024d 0100     		.2byte	0x1
 3930 024f 55       		.byte	0x55
 3931 0250 00000000 		.4byte	0
 3932 0254 00000000 		.4byte	0
 3933              	.LLST10:
 3934 0258 16020000 		.4byte	.LVL53
 3935 025c 1B020000 		.4byte	.LVL55-1
 3936 0260 0100     		.2byte	0x1
 3937 0262 51       		.byte	0x51
 3938 0263 00000000 		.4byte	0
 3939 0267 00000000 		.4byte	0
 3940              		.section	.debug_aranges,"",%progbits
 3941 0000 3C000000 		.4byte	0x3c
 3942 0004 0200     		.2byte	0x2
 3943 0006 00000000 		.4byte	.Ldebug_info0
 3944 000a 04       		.byte	0x4
 3945 000b 00       		.byte	0
 3946 000c 0000     		.2byte	0
 3947 000e 0000     		.2byte	0
 3948 0010 00000000 		.4byte	.LFB4
 3949 0014 10000000 		.4byte	.LFE4-.LFB4
ARM GAS  C:\Users\ARTEM\AppData\Local\Temp\cclhTYy7.s 			page 110


 3950 0018 00000000 		.4byte	.LFB2
 3951 001c 4C000000 		.4byte	.LFE2-.LFB2
 3952 0020 00000000 		.4byte	.LFB3
 3953 0024 18000000 		.4byte	.LFE3-.LFB3
 3954 0028 00000000 		.4byte	.LFB7
 3955 002c 24000000 		.4byte	.LFE7-.LFB7
 3956 0030 00000000 		.4byte	.LFB10
 3957 0034 AC020000 		.4byte	.LFE10-.LFB10
 3958 0038 00000000 		.4byte	0
 3959 003c 00000000 		.4byte	0
 3960              		.section	.debug_ranges,"",%progbits
 3961              	.Ldebug_ranges0:
 3962 0000 00000000 		.4byte	.LFB4
 3963 0004 10000000 		.4byte	.LFE4
 3964 0008 00000000 		.4byte	.LFB2
 3965 000c 4C000000 		.4byte	.LFE2
 3966 0010 00000000 		.4byte	.LFB3
 3967 0014 18000000 		.4byte	.LFE3
 3968 0018 00000000 		.4byte	.LFB7
 3969 001c 24000000 		.4byte	.LFE7
 3970 0020 00000000 		.4byte	.LFB10
 3971 0024 AC020000 		.4byte	.LFE10
 3972 0028 00000000 		.4byte	0
 3973 002c 00000000 		.4byte	0
 3974              		.section	.debug_line,"",%progbits
 3975              	.Ldebug_line0:
 3976 0000 28020000 		.section	.debug_str,"MS",%progbits,1
 3976      02002801 
 3976      00000201 
 3976      FB0E0D00 
 3976      01010101 
 3977              	.LASF352:
 3978 0000 6379426C 		.ascii	"cyBle_peerBonding\000"
 3978      655F7065 
 3978      6572426F 
 3978      6E64696E 
 3978      6700
 3979              	.LASF266:
 3980 0012 4359424C 		.ascii	"CYBLE_GATT_ERR_INVALID_CRC\000"
 3980      455F4741 
 3980      54545F45 
 3980      52525F49 
 3980      4E56414C 
 3981              	.LASF16:
 3982 002d 73697A65 		.ascii	"sizetype\000"
 3982      74797065 
 3982      00
 3983              	.LASF192:
 3984 0036 656B6579 		.ascii	"ekeySize\000"
 3984      53697A65 
 3984      00
 3985              	.LASF235:
 3986 003f 4359424C 		.ascii	"CYBLE_GATT_HANDLE_VALUE_CNF\000"
 3986      455F4741 
 3986      54545F48 
 3986      414E444C 
 3986      455F5641 
ARM GAS  C:\Users\ARTEM\AppData\Local\Temp\cclhTYy7.s 			page 111


 3987              	.LASF370:
 3988 005b 4379426C 		.ascii	"CyBle_SetDeviceAddress\000"
 3988      655F5365 
 3988      74446576 
 3988      69636541 
 3988      64647265 
 3989              	.LASF37:
 3990 0072 4359424C 		.ascii	"CYBLE_EVT_GAP_NUMERIC_COMPARISON_REQUEST\000"
 3990      455F4556 
 3990      545F4741 
 3990      505F4E55 
 3990      4D455249 
 3991              	.LASF372:
 3992 009b 4379426C 		.ascii	"CyBle_GapSetIoCap\000"
 3992      655F4761 
 3992      70536574 
 3992      496F4361 
 3992      7000
 3993              	.LASF342:
 3994 00ad 61706952 		.ascii	"apiResult\000"
 3994      6573756C 
 3994      7400
 3995              	.LASF332:
 3996 00b7 4379426C 		.ascii	"CyBle_WriteReqHandler\000"
 3996      655F5772 
 3996      69746552 
 3996      65714861 
 3996      6E646C65 
 3997              	.LASF144:
 3998 00cd 72657175 		.ascii	"request\000"
 3998      65737400 
 3999              	.LASF181:
 4000 00d5 4359424C 		.ascii	"CYBLE_GAP_AUTH_ERROR_CODE_SPEC_MAX_VALUE\000"
 4000      455F4741 
 4000      505F4155 
 4000      54485F45 
 4000      52524F52 
 4001              	.LASF274:
 4002 00fe 4359424C 		.ascii	"CYBLE_GATT_ERR_CCCD_IMPROPERLY_CONFIGURED\000"
 4002      455F4741 
 4002      54545F45 
 4002      52525F43 
 4002      4343445F 
 4003              	.LASF334:
 4004 0128 6576656E 		.ascii	"eventParam\000"
 4004      74506172 
 4004      616D00
 4005              	.LASF31:
 4006 0133 4359424C 		.ascii	"CYBLE_EVT_GAP_DEVICE_CONNECTED\000"
 4006      455F4556 
 4006      545F4741 
 4006      505F4445 
 4006      56494345 
 4007              	.LASF164:
 4008 0152 4359424C 		.ascii	"CYBLE_GAP_IOCAP_NOINPUT_NOOUTPUT\000"
 4008      455F4741 
 4008      505F494F 
ARM GAS  C:\Users\ARTEM\AppData\Local\Temp\cclhTYy7.s 			page 112


 4008      4341505F 
 4008      4E4F494E 
 4009              	.LASF49:
 4010 0173 4359424C 		.ascii	"CYBLE_EVT_GATT_CONNECT_IND\000"
 4010      455F4556 
 4010      545F4741 
 4010      54545F43 
 4010      4F4E4E45 
 4011              	.LASF305:
 4012 018e 4359424C 		.ascii	"CYBLE_AIOS_ANALOG\000"
 4012      455F4149 
 4012      4F535F41 
 4012      4E414C4F 
 4012      4700
 4013              	.LASF228:
 4014 01a0 4359424C 		.ascii	"CYBLE_GATT_WRITE_CMD\000"
 4014      455F4741 
 4014      54545F57 
 4014      52495445 
 4014      5F434D44 
 4015              	.LASF11:
 4016 01b5 75696E74 		.ascii	"uint32\000"
 4016      333200
 4017              	.LASF323:
 4018 01bc 67617053 		.ascii	"gapServiceCharHandle\000"
 4018      65727669 
 4018      63654368 
 4018      61724861 
 4018      6E646C65 
 4019              	.LASF138:
 4020 01d1 626C6550 		.ascii	"blePwrLevelInDbm\000"
 4020      77724C65 
 4020      76656C49 
 4020      6E44626D 
 4020      00
 4021              	.LASF240:
 4022 01e2 4359424C 		.ascii	"CYBLE_GATT_ERR_READ_NOT_PERMITTED\000"
 4022      455F4741 
 4022      54545F45 
 4022      52525F52 
 4022      4541445F 
 4023              	.LASF255:
 4024 0204 4359424C 		.ascii	"CYBLE_GATT_ERR_INSUFFICIENT_RESOURCE\000"
 4024      455F4741 
 4024      54545F45 
 4024      52525F49 
 4024      4E535546 
 4025              	.LASF336:
 4026 0229 61646472 		.ascii	"addressValid\000"
 4026      65737356 
 4026      616C6964 
 4026      00
 4027              	.LASF229:
 4028 0236 4359424C 		.ascii	"CYBLE_GATT_PREPARE_WRITE_REQ\000"
 4028      455F4741 
 4028      54545F50 
 4028      52455041 
ARM GAS  C:\Users\ARTEM\AppData\Local\Temp\cclhTYy7.s 			page 113


 4028      52455F57 
 4029              	.LASF254:
 4030 0253 4359424C 		.ascii	"CYBLE_GATT_ERR_UNSUPPORTED_GROUP_TYPE\000"
 4030      455F4741 
 4030      54545F45 
 4030      52525F55 
 4030      4E535550 
 4031              	.LASF105:
 4032 0279 4359424C 		.ascii	"CYBLE_ERROR_L2CAP_CONNECTION_ENTITY_NOT_FOUND\000"
 4032      455F4552 
 4032      524F525F 
 4032      4C324341 
 4032      505F434F 
 4033              	.LASF111:
 4034 02a7 4359424C 		.ascii	"CYBLE_ERROR_MIC_AUTH_FAILED\000"
 4034      455F4552 
 4034      524F525F 
 4034      4D49435F 
 4034      41555448 
 4035              	.LASF69:
 4036 02c3 4359424C 		.ascii	"CYBLE_EVT_GATTS_DATA_SIGNED_CMD_REQ\000"
 4036      455F4556 
 4036      545F4741 
 4036      5454535F 
 4036      44415441 
 4037              	.LASF81:
 4038 02e7 4359424C 		.ascii	"CYBLE_EVT_L2CAP_CBFC_RX_CREDIT_IND\000"
 4038      455F4556 
 4038      545F4C32 
 4038      4341505F 
 4038      43424643 
 4039              	.LASF283:
 4040 030a 4359424C 		.ascii	"CYBLE_GATT_VALUE_T\000"
 4040      455F4741 
 4040      54545F56 
 4040      414C5545 
 4040      5F5400
 4041              	.LASF373:
 4042 031d 474E5520 		.ascii	"GNU C11 5.4.1 20160609 (release) [ARM/embedded-5-br"
 4042      43313120 
 4042      352E342E 
 4042      31203230 
 4042      31363036 
 4043 0350 616E6368 		.ascii	"anch revision 237715] -mcpu=cortex-m0 -mthumb -g -O"
 4043      20726576 
 4043      6973696F 
 4043      6E203233 
 4043      37373135 
 4044 0383 67202D66 		.ascii	"g -ffunction-sections -ffat-lto-objects\000"
 4044      66756E63 
 4044      74696F6E 
 4044      2D736563 
 4044      74696F6E 
 4045              	.LASF340:
 4046 03ab 6D656D52 		.ascii	"memReq\000"
 4046      657100
 4047              	.LASF223:
ARM GAS  C:\Users\ARTEM\AppData\Local\Temp\cclhTYy7.s 			page 114


 4048 03b2 4359424C 		.ascii	"CYBLE_GATT_READ_MULTIPLE_RSP\000"
 4048      455F4741 
 4048      54545F52 
 4048      4541445F 
 4048      4D554C54 
 4049              	.LASF149:
 4050 03cf 74797065 		.ascii	"type\000"
 4050      00
 4051              	.LASF155:
 4052 03d4 4359424C 		.ascii	"CYBLE_TO_REASON_CODE_T\000"
 4052      455F544F 
 4052      5F524541 
 4052      534F4E5F 
 4052      434F4445 
 4053              	.LASF256:
 4054 03eb 4359424C 		.ascii	"CYBLE_GATT_ERR_TRIGGER_CODITION_VALUE_NOT_SUPPORTED"
 4054      455F4741 
 4054      54545F45 
 4054      52525F54 
 4054      52494747 
 4055 041e 00       		.ascii	"\000"
 4056              	.LASF182:
 4057 041f 4359424C 		.ascii	"CYBLE_GAP_AUTH_ERROR_AUTHENTICATION_TIMEOUT\000"
 4057      455F4741 
 4057      505F4155 
 4057      54485F45 
 4057      52524F52 
 4058              	.LASF174:
 4059 044b 4359424C 		.ascii	"CYBLE_GAP_AUTH_ERROR_UNSPECIFIED_REASON\000"
 4059      455F4741 
 4059      505F4155 
 4059      54485F45 
 4059      52524F52 
 4060              	.LASF217:
 4061 0473 4359424C 		.ascii	"CYBLE_GATT_READ_BY_TYPE_RSP\000"
 4061      455F4741 
 4061      54545F52 
 4061      4541445F 
 4061      42595F54 
 4062              	.LASF298:
 4063 048f 4359424C 		.ascii	"CYBLE_CALLBACK_T\000"
 4063      455F4341 
 4063      4C4C4241 
 4063      434B5F54 
 4063      00
 4064              	.LASF66:
 4065 04a0 4359424C 		.ascii	"CYBLE_EVT_GATTC_HANDLE_VALUE_NTF\000"
 4065      455F4556 
 4065      545F4741 
 4065      5454435F 
 4065      48414E44 
 4066              	.LASF25:
 4067 04c1 4359424C 		.ascii	"CYBLE_EVT_GAP_AUTH_REQ\000"
 4067      455F4556 
 4067      545F4741 
 4067      505F4155 
 4067      54485F52 
ARM GAS  C:\Users\ARTEM\AppData\Local\Temp\cclhTYy7.s 			page 115


 4068              	.LASF281:
 4069 04d8 4359424C 		.ascii	"CYBLE_CONN_HANDLE_T\000"
 4069      455F434F 
 4069      4E4E5F48 
 4069      414E444C 
 4069      455F5400 
 4070              	.LASF100:
 4071 04ec 4359424C 		.ascii	"CYBLE_ERROR_BT_ON_NOT_COMPLETED\000"
 4071      455F4552 
 4071      524F525F 
 4071      42545F4F 
 4071      4E5F4E4F 
 4072              	.LASF161:
 4073 050c 4359424C 		.ascii	"CYBLE_GAP_IOCAP_DISPLAY_ONLY\000"
 4073      455F4741 
 4073      505F494F 
 4073      4341505F 
 4073      44495350 
 4074              	.LASF46:
 4075 0529 4359424C 		.ascii	"CYBLE_EVT_GAP_AUTH_REQ_REPLY_ERR\000"
 4075      455F4556 
 4075      545F4741 
 4075      505F4155 
 4075      54485F52 
 4076              	.LASF127:
 4077 054a 4359424C 		.ascii	"CYBLE_LL_PWR_LVL_NEG_3_DBM\000"
 4077      455F4C4C 
 4077      5F505752 
 4077      5F4C564C 
 4077      5F4E4547 
 4078              	.LASF306:
 4079 0565 4359424C 		.ascii	"CYBLE_AIOS_AGGREGATE\000"
 4079      455F4149 
 4079      4F535F41 
 4079      47475245 
 4079      47415445 
 4080              	.LASF320:
 4081 057a 4359424C 		.ascii	"CYBLE_STATE_ADVERTISING\000"
 4081      455F5354 
 4081      4154455F 
 4081      41445645 
 4081      52544953 
 4082              	.LASF39:
 4083 0592 4359424C 		.ascii	"CYBLE_EVT_GAP_OOB_GENERATED_NOTIFICATION\000"
 4083      455F4556 
 4083      545F4741 
 4083      505F4F4F 
 4083      425F4745 
 4084              	.LASF363:
 4085 05bb 4379426C 		.ascii	"CyBle_GattsWriteRsp\000"
 4085      655F4761 
 4085      74747357 
 4085      72697465 
 4085      52737000 
 4086              	.LASF279:
 4087 05cf 62644861 		.ascii	"bdHandle\000"
 4087      6E646C65 
ARM GAS  C:\Users\ARTEM\AppData\Local\Temp\cclhTYy7.s 			page 116


 4087      00
 4088              	.LASF268:
 4089 05d8 4359424C 		.ascii	"CYBLE_GATTS_ERR_NETWORK_NOT_AVAILABLE\000"
 4089      455F4741 
 4089      5454535F 
 4089      4552525F 
 4089      4E455457 
 4090              	.LASF167:
 4091 05fe 4359424C 		.ascii	"CYBLE_GAP_AUTH_ERROR_PASSKEY_ENTRY_FAILED\000"
 4091      455F4741 
 4091      505F4155 
 4091      54485F45 
 4091      52524F52 
 4092              	.LASF271:
 4093 0628 4359424C 		.ascii	"CYBLE_GATT_ERR_ANCS_INVALID_COMMAND\000"
 4093      455F4741 
 4093      54545F45 
 4093      52525F41 
 4093      4E43535F 
 4094              	.LASF204:
 4095 064c 6C6F6361 		.ascii	"localResolvablePvtAddr\000"
 4095      6C526573 
 4095      6F6C7661 
 4095      626C6550 
 4095      76744164 
 4096              	.LASF125:
 4097 0663 4359424C 		.ascii	"CYBLE_LL_PWR_LVL_NEG_12_DBM\000"
 4097      455F4C4C 
 4097      5F505752 
 4097      5F4C564C 
 4097      5F4E4547 
 4098              	.LASF211:
 4099 067f 4359424C 		.ascii	"CYBLE_GATT_XCHNG_MTU_RSP\000"
 4099      455F4741 
 4099      54545F58 
 4099      43484E47 
 4099      5F4D5455 
 4100              	.LASF62:
 4101 0698 4359424C 		.ascii	"CYBLE_EVT_GATTS_WRITE_CMD_REQ\000"
 4101      455F4556 
 4101      545F4741 
 4101      5454535F 
 4101      57524954 
 4102              	.LASF82:
 4103 06b6 4359424C 		.ascii	"CYBLE_EVT_L2CAP_CBFC_TX_CREDIT_IND\000"
 4103      455F4556 
 4103      545F4C32 
 4103      4341505F 
 4103      43424643 
 4104              	.LASF4:
 4105 06d9 6C6F6E67 		.ascii	"long int\000"
 4105      20696E74 
 4105      00
 4106              	.LASF186:
 4107 06e2 4359424C 		.ascii	"CYBLE_GAP_RANDOM_RESOLVABLE_ADDR_TYPE\000"
 4107      455F4741 
 4107      505F5241 
ARM GAS  C:\Users\ARTEM\AppData\Local\Temp\cclhTYy7.s 			page 117


 4107      4E444F4D 
 4107      5F524553 
 4108              	.LASF156:
 4109 0708 4359424C 		.ascii	"CYBLE_GAP_SEC_LEVEL_1\000"
 4109      455F4741 
 4109      505F5345 
 4109      435F4C45 
 4109      56454C5F 
 4110              	.LASF157:
 4111 071e 4359424C 		.ascii	"CYBLE_GAP_SEC_LEVEL_2\000"
 4111      455F4741 
 4111      505F5345 
 4111      435F4C45 
 4111      56454C5F 
 4112              	.LASF158:
 4113 0734 4359424C 		.ascii	"CYBLE_GAP_SEC_LEVEL_3\000"
 4113      455F4741 
 4113      505F5345 
 4113      435F4C45 
 4113      56454C5F 
 4114              	.LASF159:
 4115 074a 4359424C 		.ascii	"CYBLE_GAP_SEC_LEVEL_4\000"
 4115      455F4741 
 4115      505F5345 
 4115      435F4C45 
 4115      56454C5F 
 4116              	.LASF215:
 4117 0760 4359424C 		.ascii	"CYBLE_GATT_FIND_BY_TYPE_VALUE_RSP\000"
 4117      455F4741 
 4117      54545F46 
 4117      494E445F 
 4117      42595F54 
 4118              	.LASF18:
 4119 0782 4359424C 		.ascii	"CYBLE_EVT_STACK_ON\000"
 4119      455F4556 
 4119      545F5354 
 4119      41434B5F 
 4119      4F4E00
 4120              	.LASF107:
 4121 0795 4359424C 		.ascii	"CYBLE_ERROR_L2CAP_PSM_NOT_IN_RANGE\000"
 4121      455F4552 
 4121      524F525F 
 4121      4C324341 
 4121      505F5053 
 4122              	.LASF348:
 4123 07b8 6379426C 		.ascii	"cyBle_deviceAddress\000"
 4123      655F6465 
 4123      76696365 
 4123      41646472 
 4123      65737300 
 4124              	.LASF36:
 4125 07cc 4359424C 		.ascii	"CYBLE_EVT_GAP_KEYINFO_EXCHNGE_CMPLT\000"
 4125      455F4556 
 4125      545F4741 
 4125      505F4B45 
 4125      59494E46 
 4126              	.LASF267:
ARM GAS  C:\Users\ARTEM\AppData\Local\Temp\cclhTYy7.s 			page 118


 4127 07f0 4359424C 		.ascii	"CYBLE_GATTS_ERR_HPS_INVALID_REQUEST\000"
 4127      455F4741 
 4127      5454535F 
 4127      4552525F 
 4127      4850535F 
 4128              	.LASF242:
 4129 0814 4359424C 		.ascii	"CYBLE_GATT_ERR_INVALID_PDU\000"
 4129      455F4741 
 4129      54545F45 
 4129      52525F49 
 4129      4E56414C 
 4130              	.LASF170:
 4131 082f 4359424C 		.ascii	"CYBLE_GAP_AUTH_ERROR_CONFIRM_VALUE_NOT_MATCH\000"
 4131      455F4741 
 4131      505F4155 
 4131      54485F45 
 4131      52524F52 
 4132              	.LASF120:
 4133 085c 4359424C 		.ascii	"CYBLE_ERROR_CHAR_IS_NOT_DISCOVERED\000"
 4133      455F4552 
 4133      524F525F 
 4133      43484152 
 4133      5F49535F 
 4134              	.LASF286:
 4135 087f 4359424C 		.ascii	"CYBLE_GATT_HANDLE_VALUE_PAIR_T\000"
 4135      455F4741 
 4135      54545F48 
 4135      414E444C 
 4135      455F5641 
 4136              	.LASF139:
 4137 089e 626C6553 		.ascii	"bleSsChId\000"
 4137      73436849 
 4137      6400
 4138              	.LASF75:
 4139 08a8 4359424C 		.ascii	"CYBLE_EVT_L2CAP_COMMAND_REJ\000"
 4139      455F4556 
 4139      545F4C32 
 4139      4341505F 
 4139      434F4D4D 
 4140              	.LASF328:
 4141 08c4 7270614F 		.ascii	"rpaOnlyCharHandle\000"
 4141      6E6C7943 
 4141      68617248 
 4141      616E646C 
 4141      6500
 4142              	.LASF221:
 4143 08d6 4359424C 		.ascii	"CYBLE_GATT_READ_BLOB_RSP\000"
 4143      455F4741 
 4143      54545F52 
 4143      4541445F 
 4143      424C4F42 
 4144              	.LASF251:
 4145 08ef 4359424C 		.ascii	"CYBLE_GATT_ERR_INVALID_ATTRIBUTE_LEN\000"
 4145      455F4741 
 4145      54545F45 
 4145      52525F49 
 4145      4E56414C 
ARM GAS  C:\Users\ARTEM\AppData\Local\Temp\cclhTYy7.s 			page 119


 4146              	.LASF108:
 4147 0914 4359424C 		.ascii	"CYBLE_ERROR_GATT_DB_INVALID_ATTR_HANDLE\000"
 4147      455F4552 
 4147      524F525F 
 4147      47415454 
 4147      5F44425F 
 4148              	.LASF0:
 4149 093c 7369676E 		.ascii	"signed char\000"
 4149      65642063 
 4149      68617200 
 4150              	.LASF124:
 4151 0948 4359424C 		.ascii	"CYBLE_LL_PWR_LVL_NEG_18_DBM\000"
 4151      455F4C4C 
 4151      5F505752 
 4151      5F4C564C 
 4151      5F4E4547 
 4152              	.LASF212:
 4153 0964 4359424C 		.ascii	"CYBLE_GATT_FIND_INFO_REQ\000"
 4153      455F4741 
 4153      54545F46 
 4153      494E445F 
 4153      494E464F 
 4154              	.LASF20:
 4155 097d 4359424C 		.ascii	"CYBLE_EVT_HARDWARE_ERROR\000"
 4155      455F4556 
 4155      545F4841 
 4155      52445741 
 4155      52455F45 
 4156              	.LASF378:
 4157 0996 4379426C 		.ascii	"CyBle_EventHandler\000"
 4157      655F4576 
 4157      656E7448 
 4157      616E646C 
 4157      657200
 4158              	.LASF89:
 4159 09a9 4359424C 		.ascii	"CYBLE_ERROR_OK\000"
 4159      455F4552 
 4159      524F525F 
 4159      4F4B00
 4160              	.LASF137:
 4161 09b8 4359424C 		.ascii	"CYBLE_BLESS_PHY_CH_GRP_ID_T\000"
 4161      455F424C 
 4161      4553535F 
 4161      5048595F 
 4161      43485F47 
 4162              	.LASF202:
 4163 09d4 70656572 		.ascii	"peerBdAddr\000"
 4163      42644164 
 4163      647200
 4164              	.LASF208:
 4165 09df 4359424C 		.ascii	"CYBLE_GAP_ENHANCE_CONN_COMPLETE_T\000"
 4165      455F4741 
 4165      505F454E 
 4165      48414E43 
 4165      455F434F 
 4166              	.LASF53:
 4167 0a01 4359424C 		.ascii	"CYBLE_EVT_GATTC_READ_BY_GROUP_TYPE_RSP\000"
ARM GAS  C:\Users\ARTEM\AppData\Local\Temp\cclhTYy7.s 			page 120


 4167      455F4556 
 4167      545F4741 
 4167      5454435F 
 4167      52454144 
 4168              	.LASF180:
 4169 0a28 4359424C 		.ascii	"CYBLE_GAP_AUTH_ERROR_CROSS_TRANSPORT_KEY_GEN_DER_NO"
 4169      455F4741 
 4169      505F4155 
 4169      54485F45 
 4169      52524F52 
 4170 0a5b 545F414C 		.ascii	"T_ALLOWED\000"
 4170      4C4F5745 
 4170      4400
 4171              	.LASF317:
 4172 0a65 4359424C 		.ascii	"CYBLE_STATE_STOPPED\000"
 4172      455F5354 
 4172      4154455F 
 4172      53544F50 
 4172      50454400 
 4173              	.LASF295:
 4174 0a79 4359424C 		.ascii	"CYBLE_GATTS_ERR_PARAM_T\000"
 4174      455F4741 
 4174      5454535F 
 4174      4552525F 
 4174      50415241 
 4175              	.LASF1:
 4176 0a91 756E7369 		.ascii	"unsigned char\000"
 4176      676E6564 
 4176      20636861 
 4176      7200
 4177              	.LASF52:
 4178 0a9f 4359424C 		.ascii	"CYBLE_EVT_GATTC_XCHNG_MTU_RSP\000"
 4178      455F4556 
 4178      545F4741 
 4178      5454435F 
 4178      5843484E 
 4179              	.LASF234:
 4180 0abd 4359424C 		.ascii	"CYBLE_GATT_HANDLE_VALUE_IND\000"
 4180      455F4741 
 4180      54545F48 
 4180      414E444C 
 4180      455F5641 
 4181              	.LASF43:
 4182 0ad9 4359424C 		.ascii	"CYBLE_EVT_GAP_SMP_NEGOTIATED_AUTH_INFO\000"
 4182      455F4556 
 4182      545F4741 
 4182      505F534D 
 4182      505F4E45 
 4183              	.LASF44:
 4184 0b00 4359424C 		.ascii	"CYBLE_EVT_GAP_CONN_ESTB\000"
 4184      455F4556 
 4184      545F4741 
 4184      505F434F 
 4184      4E4E5F45 
 4185              	.LASF294:
 4186 0b18 6572726F 		.ascii	"errorCode\000"
 4186      72436F64 
ARM GAS  C:\Users\ARTEM\AppData\Local\Temp\cclhTYy7.s 			page 121


 4186      6500
 4187              	.LASF176:
 4188 0b22 4359424C 		.ascii	"CYBLE_GAP_AUTH_ERROR_INVALID_PARAMETERS\000"
 4188      455F4741 
 4188      505F4155 
 4188      54485F45 
 4188      52524F52 
 4189              	.LASF146:
 4190 0b4a 636F6E66 		.ascii	"configMemory\000"
 4190      69674D65 
 4190      6D6F7279 
 4190      00
 4191              	.LASF79:
 4192 0b57 4359424C 		.ascii	"CYBLE_EVT_L2CAP_CBFC_DISCONN_CNF\000"
 4192      455F4556 
 4192      545F4C32 
 4192      4341505F 
 4192      43424643 
 4193              	.LASF56:
 4194 0b78 4359424C 		.ascii	"CYBLE_EVT_GATTC_FIND_BY_TYPE_VALUE_RSP\000"
 4194      455F4556 
 4194      545F4741 
 4194      5454435F 
 4194      46494E44 
 4195              	.LASF187:
 4196 0b9f 4359424C 		.ascii	"CYBLE_GAP_PUBLIC_IDENTITY_ADDR_TYPE\000"
 4196      455F4741 
 4196      505F5055 
 4196      424C4943 
 4196      5F494445 
 4197              	.LASF40:
 4198 0bc3 4359424C 		.ascii	"CYBLE_EVT_GAP_DATA_LENGTH_CHANGE\000"
 4198      455F4556 
 4198      545F4741 
 4198      505F4441 
 4198      54415F4C 
 4199              	.LASF14:
 4200 0be4 63686172 		.ascii	"char\000"
 4200      00
 4201              	.LASF128:
 4202 0be9 4359424C 		.ascii	"CYBLE_LL_PWR_LVL_NEG_2_DBM\000"
 4202      455F4C4C 
 4202      5F505752 
 4202      5F4C564C 
 4202      5F4E4547 
 4203              	.LASF227:
 4204 0c04 4359424C 		.ascii	"CYBLE_GATT_WRITE_RSP\000"
 4204      455F4741 
 4204      54545F57 
 4204      52495445 
 4204      5F525350 
 4205              	.LASF311:
 4206 0c19 4359424C 		.ascii	"CYBLE_AIOS_CHAR_EXTENDED_PROPERTIES\000"
 4206      455F4149 
 4206      4F535F43 
 4206      4841525F 
 4206      45585445 
ARM GAS  C:\Users\ARTEM\AppData\Local\Temp\cclhTYy7.s 			page 122


 4207              	.LASF59:
 4208 0c3d 4359424C 		.ascii	"CYBLE_EVT_GATTC_READ_MULTI_RSP\000"
 4208      455F4556 
 4208      545F4741 
 4208      5454435F 
 4208      52454144 
 4209              	.LASF195:
 4210 0c5c 4359424C 		.ascii	"CYBLE_GAP_AUTH_INFO_T\000"
 4210      455F4741 
 4210      505F4155 
 4210      54485F49 
 4210      4E464F5F 
 4211              	.LASF163:
 4212 0c72 4359424C 		.ascii	"CYBLE_GAP_IOCAP_KEYBOARD_ONLY\000"
 4212      455F4741 
 4212      505F494F 
 4212      4341505F 
 4212      4B455942 
 4213              	.LASF17:
 4214 0c90 4359424C 		.ascii	"CYBLE_EVT_HOST_INVALID\000"
 4214      455F4556 
 4214      545F484F 
 4214      53545F49 
 4214      4E56414C 
 4215              	.LASF263:
 4216 0ca7 4359424C 		.ascii	"CYBLE_GATT_ERR_MISSING_CRC\000"
 4216      455F4741 
 4216      54545F45 
 4216      52525F4D 
 4216      49535349 
 4217              	.LASF252:
 4218 0cc2 4359424C 		.ascii	"CYBLE_GATT_ERR_UNLIKELY_ERROR\000"
 4218      455F4741 
 4218      54545F45 
 4218      52525F55 
 4218      4E4C494B 
 4219              	.LASF42:
 4220 0ce0 4359424C 		.ascii	"CYBLE_EVT_GAPC_DIRECT_ADV_REPORT\000"
 4220      455F4556 
 4220      545F4741 
 4220      50435F44 
 4220      49524543 
 4221              	.LASF210:
 4222 0d01 4359424C 		.ascii	"CYBLE_GATT_XCNHG_MTU_REQ\000"
 4222      455F4741 
 4222      54545F58 
 4222      434E4847 
 4222      5F4D5455 
 4223              	.LASF96:
 4224 0d1a 4359424C 		.ascii	"CYBLE_ERROR_NO_DEVICE_ENTITY\000"
 4224      455F4552 
 4224      524F525F 
 4224      4E4F5F44 
 4224      45564943 
 4225              	.LASF58:
 4226 0d37 4359424C 		.ascii	"CYBLE_EVT_GATTC_READ_BLOB_RSP\000"
 4226      455F4556 
ARM GAS  C:\Users\ARTEM\AppData\Local\Temp\cclhTYy7.s 			page 123


 4226      545F4741 
 4226      5454435F 
 4226      52454144 
 4227              	.LASF335:
 4228 0d55 64657669 		.ascii	"deviceAddress\000"
 4228      63654164 
 4228      64726573 
 4228      7300
 4229              	.LASF347:
 4230 0d63 6379426C 		.ascii	"cyBle_eventHandlerFlag\000"
 4230      655F6576 
 4230      656E7448 
 4230      616E646C 
 4230      6572466C 
 4231              	.LASF65:
 4232 0d7a 4359424C 		.ascii	"CYBLE_EVT_GATTC_EXEC_WRITE_RSP\000"
 4232      455F4556 
 4232      545F4741 
 4232      5454435F 
 4232      45584543 
 4233              	.LASF257:
 4234 0d99 4359424C 		.ascii	"CYBLE_GATT_ERR_HEART_RATE_CONTROL_POINT_NOT_SUPPORT"
 4234      455F4741 
 4234      54545F45 
 4234      52525F48 
 4234      45415254 
 4235 0dcc 454400   		.ascii	"ED\000"
 4236              	.LASF249:
 4237 0dcf 4359424C 		.ascii	"CYBLE_GATT_ERR_ATTRIBUTE_NOT_LONG\000"
 4237      455F4741 
 4237      54545F45 
 4237      52525F41 
 4237      54545249 
 4238              	.LASF160:
 4239 0df1 4359424C 		.ascii	"CYBLE_GAP_SEC_LEVEL_MASK\000"
 4239      455F4741 
 4239      505F5345 
 4239      435F4C45 
 4239      56454C5F 
 4240              	.LASF70:
 4241 0e0a 4359424C 		.ascii	"CYBLE_EVT_GATTC_STOP_CMD_COMPLETE\000"
 4241      455F4556 
 4241      545F4741 
 4241      5454435F 
 4241      53544F50 
 4242              	.LASF188:
 4243 0e2c 4359424C 		.ascii	"CYBLE_GAP_RANDOM_IDENTITY_ADDR_TYPE\000"
 4243      455F4741 
 4243      505F5241 
 4243      4E444F4D 
 4243      5F494445 
 4244              	.LASF273:
 4245 0e50 4359424C 		.ascii	"CYBLE_GATT_ERR_ANCS_ACTION_FAILED\000"
 4245      455F4741 
 4245      54545F45 
 4245      52525F41 
 4245      4E43535F 
ARM GAS  C:\Users\ARTEM\AppData\Local\Temp\cclhTYy7.s 			page 124


 4246              	.LASF358:
 4247 0e72 6379426C 		.ascii	"cyBle_gaps\000"
 4247      655F6761 
 4247      707300
 4248              	.LASF356:
 4249 0e7d 6379426C 		.ascii	"cyBle_connHandle\000"
 4249      655F636F 
 4249      6E6E4861 
 4249      6E646C65 
 4249      00
 4250              	.LASF209:
 4251 0e8e 4359424C 		.ascii	"CYBLE_GATT_ERROR_RSP\000"
 4251      455F4741 
 4251      54545F45 
 4251      52524F52 
 4251      5F525350 
 4252              	.LASF116:
 4253 0ea3 4359424C 		.ascii	"CYBLE_ERROR_CONTROLLER_BUSY\000"
 4253      455F4552 
 4253      524F525F 
 4253      434F4E54 
 4253      524F4C4C 
 4254              	.LASF90:
 4255 0ebf 4359424C 		.ascii	"CYBLE_ERROR_INVALID_PARAMETER\000"
 4255      455F4552 
 4255      524F525F 
 4255      494E5641 
 4255      4C49445F 
 4256              	.LASF302:
 4257 0edd 626F756E 		.ascii	"boundedDevCount\000"
 4257      64656444 
 4257      6576436F 
 4257      756E7400 
 4258              	.LASF179:
 4259 0eed 4359424C 		.ascii	"CYBLE_GAP_AUTH_ERROR_BR_EDR_PAIRING_IN_PROGRESS\000"
 4259      455F4741 
 4259      505F4155 
 4259      54485F45 
 4259      52524F52 
 4260              	.LASF92:
 4261 0f1d 4359424C 		.ascii	"CYBLE_ERROR_MEMORY_ALLOCATION_FAILED\000"
 4261      455F4552 
 4261      524F525F 
 4261      4D454D4F 
 4261      52595F41 
 4262              	.LASF291:
 4263 0f42 70726570 		.ascii	"prepareWriteQueueSize\000"
 4263      61726557 
 4263      72697465 
 4263      51756575 
 4263      6553697A 
 4264              	.LASF349:
 4265 0f58 6379426C 		.ascii	"cyBle_sflashDeviceAddress\000"
 4265      655F7366 
 4265      6C617368 
 4265      44657669 
 4265      63654164 
ARM GAS  C:\Users\ARTEM\AppData\Local\Temp\cclhTYy7.s 			page 125


 4266              	.LASF300:
 4267 0f72 61747456 		.ascii	"attValuesCCCDFlashMemory\000"
 4267      616C7565 
 4267      73434343 
 4267      44466C61 
 4267      73684D65 
 4268              	.LASF236:
 4269 0f8b 4359424C 		.ascii	"CYBLE_GATT_SIGNED_WRITE_CMD\000"
 4269      455F4741 
 4269      54545F53 
 4269      49474E45 
 4269      445F5752 
 4270              	.LASF264:
 4271 0fa7 4359424C 		.ascii	"CYBLE_GATTS_ERR_CCCD_IMPROPERLY_CONFIGURED\000"
 4271      455F4741 
 4271      5454535F 
 4271      4552525F 
 4271      43434344 
 4272              	.LASF374:
 4273 0fd2 47656E65 		.ascii	"Generated_Source\\PSoC4\\Bluetooth_eventHandler.c\000"
 4273      72617465 
 4273      645F536F 
 4273      75726365 
 4273      5C50536F 
 4274              	.LASF315:
 4275 1002 4359424C 		.ascii	"CYBLE_AIOS_NUM_OF_DIGITAL_DESCR\000"
 4275      455F4149 
 4275      4F535F4E 
 4275      554D5F4F 
 4275      465F4449 
 4276              	.LASF232:
 4277 1022 4359424C 		.ascii	"CYBLE_GATT_EXECUTE_WRITE_RSP\000"
 4277      455F4741 
 4277      54545F45 
 4277      58454355 
 4277      54455F57 
 4278              	.LASF117:
 4279 103f 4359424C 		.ascii	"CYBLE_ERROR_MAX\000"
 4279      455F4552 
 4279      524F525F 
 4279      4D415800 
 4280              	.LASF74:
 4281 104f 4359424C 		.ascii	"CYBLE_EVT_L2CAP_CONN_PARAM_UPDATE_RSP\000"
 4281      455F4556 
 4281      545F4C32 
 4281      4341505F 
 4281      434F4E4E 
 4282              	.LASF183:
 4283 1075 4359424C 		.ascii	"CYBLE_GAP_AUTH_ERROR_LINK_DISCONNECTED\000"
 4283      455F4741 
 4283      505F4155 
 4283      54485F45 
 4283      52524F52 
 4284              	.LASF86:
 4285 109c 4359424C 		.ascii	"CYBLE_EVT_HCI_PKT\000"
 4285      455F4556 
 4285      545F4843 
ARM GAS  C:\Users\ARTEM\AppData\Local\Temp\cclhTYy7.s 			page 126


 4285      495F504B 
 4285      5400
 4286              	.LASF207:
 4287 10ae 6D617374 		.ascii	"masterClockAccuracy\000"
 4287      6572436C 
 4287      6F636B41 
 4287      63637572 
 4287      61637900 
 4288              	.LASF299:
 4289 10c2 73746163 		.ascii	"stackFlashptr\000"
 4289      6B466C61 
 4289      73687074 
 4289      7200
 4290              	.LASF258:
 4291 10d0 4359424C 		.ascii	"CYBLE_GATT_ERR_USER_DATA_ACCESS_NOT_PERMITTED\000"
 4291      455F4741 
 4291      54545F45 
 4291      52525F55 
 4291      5345525F 
 4292              	.LASF28:
 4293 10fe 4359424C 		.ascii	"CYBLE_EVT_GAP_AUTH_COMPLETE\000"
 4293      455F4556 
 4293      545F4741 
 4293      505F4155 
 4293      54485F43 
 4294              	.LASF29:
 4295 111a 4359424C 		.ascii	"CYBLE_EVT_GAP_AUTH_FAILED\000"
 4295      455F4556 
 4295      545F4741 
 4295      505F4155 
 4295      54485F46 
 4296              	.LASF145:
 4297 1134 616C6C6F 		.ascii	"allocFree\000"
 4297      63467265 
 4297      6500
 4298              	.LASF122:
 4299 113e 4359424C 		.ascii	"CYBLE_ERROR_STACK_BUSY\000"
 4299      455F4552 
 4299      524F525F 
 4299      53544143 
 4299      4B5F4255 
 4300              	.LASF225:
 4301 1155 4359424C 		.ascii	"CYBLE_GATT_READ_BY_GROUP_RSP\000"
 4301      455F4741 
 4301      54545F52 
 4301      4541445F 
 4301      42595F47 
 4302              	.LASF93:
 4303 1172 4359424C 		.ascii	"CYBLE_ERROR_INSUFFICIENT_RESOURCES\000"
 4303      455F4552 
 4303      524F525F 
 4303      494E5355 
 4303      46464943 
 4304              	.LASF309:
 4305 1195 4359424C 		.ascii	"CYBLE_AIOS_CHAR_PRESENTATION_FORMAT\000"
 4305      455F4149 
 4305      4F535F43 
ARM GAS  C:\Users\ARTEM\AppData\Local\Temp\cclhTYy7.s 			page 127


 4305      4841525F 
 4305      50524553 
 4306              	.LASF262:
 4307 11b9 4359424C 		.ascii	"CYBLE_GATT_ERR_OP_CODE_NOT_SUPPORTED\000"
 4307      455F4741 
 4307      54545F45 
 4307      52525F4F 
 4307      505F434F 
 4308              	.LASF131:
 4309 11de 4359424C 		.ascii	"CYBLE_LL_PWR_LVL_3_DBM\000"
 4309      455F4C4C 
 4309      5F505752 
 4309      5F4C564C 
 4309      5F335F44 
 4310              	.LASF5:
 4311 11f5 6C6F6E67 		.ascii	"long unsigned int\000"
 4311      20756E73 
 4311      69676E65 
 4311      6420696E 
 4311      7400
 4312              	.LASF218:
 4313 1207 4359424C 		.ascii	"CYBLE_GATT_READ_REQ\000"
 4313      455F4741 
 4313      54545F52 
 4313      4541445F 
 4313      52455100 
 4314              	.LASF196:
 4315 121b 73746174 		.ascii	"status\000"
 4315      757300
 4316              	.LASF129:
 4317 1222 4359424C 		.ascii	"CYBLE_LL_PWR_LVL_NEG_1_DBM\000"
 4317      455F4C4C 
 4317      5F505752 
 4317      5F4C564C 
 4317      5F4E4547 
 4318              	.LASF113:
 4319 123d 4359424C 		.ascii	"CYBLE_ERROR_UNSUPPORTED_FEATURE_OR_PARAMETER_VALUE\000"
 4319      455F4552 
 4319      524F525F 
 4319      554E5355 
 4319      50504F52 
 4320              	.LASF142:
 4321 1270 4359424C 		.ascii	"CYBLE_INVALID_REQUEST\000"
 4321      455F494E 
 4321      56414C49 
 4321      445F5245 
 4321      51554553 
 4322              	.LASF173:
 4323 1286 4359424C 		.ascii	"CYBLE_GAP_AUTH_ERROR_COMMAND_NOT_SUPPORTED\000"
 4323      455F4741 
 4323      505F4155 
 4323      54485F45 
 4323      52524F52 
 4324              	.LASF169:
 4325 12b1 4359424C 		.ascii	"CYBLE_GAP_AUTH_ERROR_AUTHENTICATION_REQ_NOT_MET\000"
 4325      455F4741 
 4325      505F4155 
ARM GAS  C:\Users\ARTEM\AppData\Local\Temp\cclhTYy7.s 			page 128


 4325      54485F45 
 4325      52524F52 
 4326              	.LASF313:
 4327 12e1 4359424C 		.ascii	"CYBLE_AIOS_TIME_TRIGGER_SETTINGS\000"
 4327      455F4149 
 4327      4F535F54 
 4327      494D455F 
 4327      54524947 
 4328              	.LASF233:
 4329 1302 4359424C 		.ascii	"CYBLE_GATT_HANDLE_VALUE_NTF\000"
 4329      455F4741 
 4329      54545F48 
 4329      414E444C 
 4329      455F5641 
 4330              	.LASF103:
 4331 131e 4359424C 		.ascii	"CYBLE_ERROR_L2CAP_PSM_ALREADY_REGISTERED\000"
 4331      455F4552 
 4331      524F525F 
 4331      4C324341 
 4331      505F5053 
 4332              	.LASF270:
 4333 1347 4359424C 		.ascii	"CYBLE_GATT_ERR_ANCS_UNKNOWN_COMMAND\000"
 4333      455F4741 
 4333      54545F45 
 4333      52525F41 
 4333      4E43535F 
 4334              	.LASF292:
 4335 136b 4359424C 		.ascii	"CYBLE_PREPARE_WRITE_REQUEST_MEMORY_T\000"
 4335      455F5052 
 4335      45504152 
 4335      455F5752 
 4335      4954455F 
 4336              	.LASF34:
 4337 1390 4359424C 		.ascii	"CYBLE_EVT_GAP_CONNECTION_UPDATE_COMPLETE\000"
 4337      455F4556 
 4337      545F4741 
 4337      505F434F 
 4337      4E4E4543 
 4338              	.LASF357:
 4339 13b9 6379426C 		.ascii	"cyBle_busyStatus\000"
 4339      655F6275 
 4339      73795374 
 4339      61747573 
 4339      00
 4340              	.LASF371:
 4341 13ca 4379426C 		.ascii	"CyBle_ChangeAdDeviceAddress\000"
 4341      655F4368 
 4341      616E6765 
 4341      41644465 
 4341      76696365 
 4342              	.LASF318:
 4343 13e6 4359424C 		.ascii	"CYBLE_STATE_INITIALIZING\000"
 4343      455F5354 
 4343      4154455F 
 4343      494E4954 
 4343      49414C49 
 4344              	.LASF344:
ARM GAS  C:\Users\ARTEM\AppData\Local\Temp\cclhTYy7.s 			page 129


 4345 13ff 6379426C 		.ascii	"cyBle_mtuSize\000"
 4345      655F6D74 
 4345      7553697A 
 4345      6500
 4346              	.LASF175:
 4347 140d 4359424C 		.ascii	"CYBLE_GAP_AUTH_ERROR_REPEATED_ATTEMPTS\000"
 4347      455F4741 
 4347      505F4155 
 4347      54485F45 
 4347      52524F52 
 4348              	.LASF78:
 4349 1434 4359424C 		.ascii	"CYBLE_EVT_L2CAP_CBFC_DISCONN_IND\000"
 4349      455F4556 
 4349      545F4C32 
 4349      4341505F 
 4349      43424643 
 4350              	.LASF26:
 4351 1455 4359424C 		.ascii	"CYBLE_EVT_GAP_PASSKEY_ENTRY_REQUEST\000"
 4351      455F4556 
 4351      545F4741 
 4351      505F5041 
 4351      53534B45 
 4352              	.LASF177:
 4353 1479 4359424C 		.ascii	"CYBLE_GAP_AUTH_ERROR_DHKEY_CHECK_FAILED\000"
 4353      455F4741 
 4353      505F4155 
 4353      54485F45 
 4353      52524F52 
 4354              	.LASF133:
 4355 14a1 4359424C 		.ascii	"CYBLE_BLESS_PWR_LVL_T\000"
 4355      455F424C 
 4355      4553535F 
 4355      5057525F 
 4355      4C564C5F 
 4356              	.LASF303:
 4357 14b7 43595F42 		.ascii	"CY_BLE_FLASH_STORAGE\000"
 4357      4C455F46 
 4357      4C415348 
 4357      5F53544F 
 4357      52414745 
 4358              	.LASF354:
 4359 14cc 6379426C 		.ascii	"cyBle_flashStorage\000"
 4359      655F666C 
 4359      61736853 
 4359      746F7261 
 4359      676500
 4360              	.LASF185:
 4361 14df 4359424C 		.ascii	"CYBLE_GAP_PUBLIC_ADDR_TYPE\000"
 4361      455F4741 
 4361      505F5055 
 4361      424C4943 
 4361      5F414444 
 4362              	.LASF172:
 4363 14fa 4359424C 		.ascii	"CYBLE_GAP_AUTH_ERROR_INSUFFICIENT_ENCRYPTION_KEY_SI"
 4363      455F4741 
 4363      505F4155 
 4363      54485F45 
ARM GAS  C:\Users\ARTEM\AppData\Local\Temp\cclhTYy7.s 			page 130


 4363      52524F52 
 4364 152d 5A4500   		.ascii	"ZE\000"
 4365              	.LASF367:
 4366 1530 4379426C 		.ascii	"CyBle_GapSetLeEventMask\000"
 4366      655F4761 
 4366      70536574 
 4366      4C654576 
 4366      656E744D 
 4367              	.LASF6:
 4368 1548 6C6F6E67 		.ascii	"long long int\000"
 4368      206C6F6E 
 4368      6720696E 
 4368      7400
 4369              	.LASF365:
 4370 1556 4379426C 		.ascii	"CyBle_SetTxPowerLevel\000"
 4370      655F5365 
 4370      74547850 
 4370      6F776572 
 4370      4C657665 
 4371              	.LASF376:
 4372 156c 4379426C 		.ascii	"CyBle_GattDisconnectEventHandler\000"
 4372      655F4761 
 4372      74744469 
 4372      73636F6E 
 4372      6E656374 
 4373              	.LASF147:
 4374 158d 4359424C 		.ascii	"CYBLE_MEMORY_REQUEST_T\000"
 4374      455F4D45 
 4374      4D4F5259 
 4374      5F524551 
 4374      55455354 
 4375              	.LASF190:
 4376 15a4 73656375 		.ascii	"security\000"
 4376      72697479 
 4376      00
 4377              	.LASF247:
 4378 15ad 4359424C 		.ascii	"CYBLE_GATT_ERR_PREPARE_WRITE_QUEUE_FULL\000"
 4378      455F4741 
 4378      54545F45 
 4378      52525F50 
 4378      52455041 
 4379              	.LASF104:
 4380 15d5 4359424C 		.ascii	"CYBLE_ERROR_L2CAP_PSM_NOT_REGISTERED\000"
 4380      455F4552 
 4380      524F525F 
 4380      4C324341 
 4380      505F5053 
 4381              	.LASF94:
 4382 15fa 4359424C 		.ascii	"CYBLE_ERROR_OOB_NOT_AVAILABLE\000"
 4382      455F4552 
 4382      524F525F 
 4382      4F4F425F 
 4382      4E4F545F 
 4383              	.LASF13:
 4384 1618 646F7562 		.ascii	"double\000"
 4384      6C6500
 4385              	.LASF109:
ARM GAS  C:\Users\ARTEM\AppData\Local\Temp\cclhTYy7.s 			page 131


 4386 161f 4359424C 		.ascii	"CYBLE_ERROR_DEVICE_ALREADY_EXISTS\000"
 4386      455F4552 
 4386      524F525F 
 4386      44455649 
 4386      43455F41 
 4387              	.LASF84:
 4388 1641 4359424C 		.ascii	"CYBLE_EVT_PENDING_FLASH_WRITE\000"
 4388      455F4556 
 4388      545F5045 
 4388      4E44494E 
 4388      475F464C 
 4389              	.LASF250:
 4390 165f 4359424C 		.ascii	"CYBLE_GATT_ERR_INSUFFICIENT_ENC_KEY_SIZE\000"
 4390      455F4741 
 4390      54545F45 
 4390      52525F49 
 4390      4E535546 
 4391              	.LASF132:
 4392 1688 4359424C 		.ascii	"CYBLE_LL_PWR_LVL_MAX\000"
 4392      455F4C4C 
 4392      5F505752 
 4392      5F4C564C 
 4392      5F4D4158 
 4393              	.LASF324:
 4394 169d 64657669 		.ascii	"deviceNameCharHandle\000"
 4394      63654E61 
 4394      6D654368 
 4394      61724861 
 4394      6E646C65 
 4395              	.LASF275:
 4396 16b2 4359424C 		.ascii	"CYBLE_GATT_ERR_PROCEDURE_ALREADY_IN_PROGRESS\000"
 4396      455F4741 
 4396      54545F45 
 4396      52525F50 
 4396      524F4345 
 4397              	.LASF41:
 4398 16df 4359424C 		.ascii	"CYBLE_EVT_GAP_ENHANCE_CONN_COMPLETE\000"
 4398      455F4556 
 4398      545F4741 
 4398      505F454E 
 4398      48414E43 
 4399              	.LASF106:
 4400 1703 4359424C 		.ascii	"CYBLE_ERROR_L2CAP_CHANNEL_NOT_FOUND\000"
 4400      455F4552 
 4400      524F525F 
 4400      4C324341 
 4400      505F4348 
 4401              	.LASF97:
 4402 1727 4359424C 		.ascii	"CYBLE_ERROR_REPEATED_ATTEMPTS\000"
 4402      455F4552 
 4402      524F525F 
 4402      52455045 
 4402      41544544 
 4403              	.LASF333:
 4404 1745 4379426C 		.ascii	"CyBle_ValueConfirmation\000"
 4404      655F5661 
 4404      6C756543 
ARM GAS  C:\Users\ARTEM\AppData\Local\Temp\cclhTYy7.s 			page 132


 4404      6F6E6669 
 4404      726D6174 
 4405              	.LASF12:
 4406 175d 666C6F61 		.ascii	"float\000"
 4406      7400
 4407              	.LASF110:
 4408 1763 4359424C 		.ascii	"CYBLE_ERROR_FLASH_WRITE_NOT_PERMITED\000"
 4408      455F4552 
 4408      524F525F 
 4408      464C4153 
 4408      485F5752 
 4409              	.LASF71:
 4410 1788 4359424C 		.ascii	"CYBLE_EVT_GATTS_READ_CHAR_VAL_ACCESS_REQ\000"
 4410      455F4556 
 4410      545F4741 
 4410      5454535F 
 4410      52454144 
 4411              	.LASF293:
 4412 17b1 6F70636F 		.ascii	"opcode\000"
 4412      646500
 4413              	.LASF246:
 4414 17b8 4359424C 		.ascii	"CYBLE_GATT_ERR_INSUFFICIENT_AUTHORIZATION\000"
 4414      455F4741 
 4414      54545F45 
 4414      52525F49 
 4414      4E535546 
 4415              	.LASF285:
 4416 17e2 61747472 		.ascii	"attrHandle\000"
 4416      48616E64 
 4416      6C6500
 4417              	.LASF191:
 4418 17ed 626F6E64 		.ascii	"bonding\000"
 4418      696E6700 
 4419              	.LASF297:
 4420 17f5 4359424C 		.ascii	"CYBLE_GATTS_WRITE_REQ_PARAM_T\000"
 4420      455F4741 
 4420      5454535F 
 4420      57524954 
 4420      455F5245 
 4421              	.LASF8:
 4422 1813 756E7369 		.ascii	"unsigned int\000"
 4422      676E6564 
 4422      20696E74 
 4422      00
 4423              	.LASF63:
 4424 1820 4359424C 		.ascii	"CYBLE_EVT_GATTS_PREP_WRITE_REQ\000"
 4424      455F4556 
 4424      545F4741 
 4424      5454535F 
 4424      50524550 
 4425              	.LASF243:
 4426 183f 4359424C 		.ascii	"CYBLE_GATT_ERR_INSUFFICIENT_AUTHENTICATION\000"
 4426      455F4741 
 4426      54545F45 
 4426      52525F49 
 4426      4E535546 
 4427              	.LASF304:
ARM GAS  C:\Users\ARTEM\AppData\Local\Temp\cclhTYy7.s 			page 133


 4428 186a 4359424C 		.ascii	"CYBLE_AIOS_DIGITAL\000"
 4428      455F4149 
 4428      4F535F44 
 4428      49474954 
 4428      414C00
 4429              	.LASF288:
 4430 187d 4359424C 		.ascii	"CYBLE_GATT_XCHG_MTU_PARAM_T\000"
 4430      455F4741 
 4430      54545F58 
 4430      4348475F 
 4430      4D54555F 
 4431              	.LASF307:
 4432 1899 4359424C 		.ascii	"CYBLE_AIOS_CHAR_COUNT\000"
 4432      455F4149 
 4432      4F535F43 
 4432      4841525F 
 4432      434F554E 
 4433              	.LASF135:
 4434 18af 4359424C 		.ascii	"CYBLE_LL_CONN_CH_TYPE\000"
 4434      455F4C4C 
 4434      5F434F4E 
 4434      4E5F4348 
 4434      5F545950 
 4435              	.LASF361:
 4436 18c5 4379426C 		.ascii	"CyBle_GattsWriteEventHandler\000"
 4436      655F4761 
 4436      74747357 
 4436      72697465 
 4436      4576656E 
 4437              	.LASF261:
 4438 18e2 4359424C 		.ascii	"CYBLE_GATTS_ERR_PROCEDURE_ALREADY_IN_PROGRESS\000"
 4438      455F4741 
 4438      5454535F 
 4438      4552525F 
 4438      50524F43 
 4439              	.LASF203:
 4440 1910 70656572 		.ascii	"peerBdAddrType\000"
 4440      42644164 
 4440      64725479 
 4440      706500
 4441              	.LASF331:
 4442 191f 6572725F 		.ascii	"err_param\000"
 4442      70617261 
 4442      6D00
 4443              	.LASF102:
 4444 1929 4359424C 		.ascii	"CYBLE_ERROR_L2CAP_PSM_WRONG_ENCODING\000"
 4444      455F4552 
 4444      524F525F 
 4444      4C324341 
 4444      505F5053 
 4445              	.LASF230:
 4446 194e 4359424C 		.ascii	"CYBLE_GATT_PREPARE_WRITE_RSP\000"
 4446      455F4741 
 4446      54545F50 
 4446      52455041 
 4446      52455F57 
 4447              	.LASF341:
ARM GAS  C:\Users\ARTEM\AppData\Local\Temp\cclhTYy7.s 			page 134


 4448 196b 67507265 		.ascii	"gPrepWriteReqMem\000"
 4448      70577269 
 4448      74655265 
 4448      714D656D 
 4448      00
 4449              	.LASF248:
 4450 197c 4359424C 		.ascii	"CYBLE_GATT_ERR_ATTRIBUTE_NOT_FOUND\000"
 4450      455F4741 
 4450      54545F45 
 4450      52525F41 
 4450      54545249 
 4451              	.LASF88:
 4452 199f 4359424C 		.ascii	"CYBLE_EVT_MAX\000"
 4452      455F4556 
 4452      545F4D41 
 4452      5800
 4453              	.LASF35:
 4454 19ad 4359424C 		.ascii	"CYBLE_EVT_GAPC_SCAN_START_STOP\000"
 4454      455F4556 
 4454      545F4741 
 4454      50435F53 
 4454      43414E5F 
 4455              	.LASF377:
 4456 19cc 4379426C 		.ascii	"CyBle_IsDeviceAddressValid\000"
 4456      655F4973 
 4456      44657669 
 4456      63654164 
 4456      64726573 
 4457              	.LASF184:
 4458 19e7 4359424C 		.ascii	"CYBLE_GAP_AUTH_FAILED_REASON_T\000"
 4458      455F4741 
 4458      505F4155 
 4458      54485F46 
 4458      41494C45 
 4459              	.LASF60:
 4460 1a06 4359424C 		.ascii	"CYBLE_EVT_GATTS_WRITE_REQ\000"
 4460      455F4556 
 4460      545F4741 
 4460      5454535F 
 4460      57524954 
 4461              	.LASF326:
 4462 1a20 70726566 		.ascii	"prefConnParamCharHandle\000"
 4462      436F6E6E 
 4462      50617261 
 4462      6D436861 
 4462      7248616E 
 4463              	.LASF27:
 4464 1a38 4359424C 		.ascii	"CYBLE_EVT_GAP_PASSKEY_DISPLAY_REQUEST\000"
 4464      455F4556 
 4464      545F4741 
 4464      505F5041 
 4464      53534B45 
 4465              	.LASF119:
 4466 1a5e 4359424C 		.ascii	"CYBLE_ERROR_IND_DISABLED\000"
 4466      455F4552 
 4466      524F525F 
 4466      494E445F 
ARM GAS  C:\Users\ARTEM\AppData\Local\Temp\cclhTYy7.s 			page 135


 4466      44495341 
 4467              	.LASF118:
 4468 1a77 4359424C 		.ascii	"CYBLE_ERROR_NTF_DISABLED\000"
 4468      455F4552 
 4468      524F525F 
 4468      4E54465F 
 4468      44495341 
 4469              	.LASF222:
 4470 1a90 4359424C 		.ascii	"CYBLE_GATT_READ_MULTIPLE_REQ\000"
 4470      455F4741 
 4470      54545F52 
 4470      4541445F 
 4470      4D554C54 
 4471              	.LASF310:
 4472 1aad 4359424C 		.ascii	"CYBLE_AIOS_CHAR_USER_DESCRIPTION_DESCR\000"
 4472      455F4149 
 4472      4F535F43 
 4472      4841525F 
 4472      55534552 
 4473              	.LASF57:
 4474 1ad4 4359424C 		.ascii	"CYBLE_EVT_GATTC_READ_RSP\000"
 4474      455F4556 
 4474      545F4741 
 4474      5454435F 
 4474      52454144 
 4475              	.LASF245:
 4476 1aed 4359424C 		.ascii	"CYBLE_GATT_ERR_INVALID_OFFSET\000"
 4476      455F4741 
 4476      54545F45 
 4476      52525F49 
 4476      4E56414C 
 4477              	.LASF216:
 4478 1b0b 4359424C 		.ascii	"CYBLE_GATT_READ_BY_TYPE_REQ\000"
 4478      455F4741 
 4478      54545F52 
 4478      4541445F 
 4478      42595F54 
 4479              	.LASF77:
 4480 1b27 4359424C 		.ascii	"CYBLE_EVT_L2CAP_CBFC_CONN_CNF\000"
 4480      455F4556 
 4480      545F4C32 
 4480      4341505F 
 4480      43424643 
 4481              	.LASF276:
 4482 1b45 4359424C 		.ascii	"CYBLE_GATT_ERR_OUT_OF_RANGE\000"
 4482      455F4741 
 4482      54545F45 
 4482      52525F4F 
 4482      55545F4F 
 4483              	.LASF87:
 4484 1b61 4359424C 		.ascii	"CYBLE_EVT_FLASH_CORRUPT\000"
 4484      455F4556 
 4484      545F464C 
 4484      4153485F 
 4484      434F5252 
 4485              	.LASF15:
 4486 1b79 6C6F6E67 		.ascii	"long double\000"
ARM GAS  C:\Users\ARTEM\AppData\Local\Temp\cclhTYy7.s 			page 136


 4486      20646F75 
 4486      626C6500 
 4487              	.LASF214:
 4488 1b85 4359424C 		.ascii	"CYBLE_GATT_FIND_BY_TYPE_VALUE_REQ\000"
 4488      455F4741 
 4488      54545F46 
 4488      494E445F 
 4488      42595F54 
 4489              	.LASF126:
 4490 1ba7 4359424C 		.ascii	"CYBLE_LL_PWR_LVL_NEG_6_DBM\000"
 4490      455F4C4C 
 4490      5F505752 
 4490      5F4C564C 
 4490      5F4E4547 
 4491              	.LASF23:
 4492 1bc2 4359424C 		.ascii	"CYBLE_EVT_MEMORY_REQUEST\000"
 4492      455F4556 
 4492      545F4D45 
 4492      4D4F5259 
 4492      5F524551 
 4493              	.LASF325:
 4494 1bdb 61707065 		.ascii	"appearanceCharHandle\000"
 4494      6172616E 
 4494      63654368 
 4494      61724861 
 4494      6E646C65 
 4495              	.LASF369:
 4496 1bf0 4379426C 		.ascii	"CyBle_GattsExchangeMtuRsp\000"
 4496      655F4761 
 4496      74747345 
 4496      78636861 
 4496      6E67654D 
 4497              	.LASF166:
 4498 1c0a 4359424C 		.ascii	"CYBLE_GAP_AUTH_ERROR_NONE\000"
 4498      455F4741 
 4498      505F4155 
 4498      54485F45 
 4498      52524F52 
 4499              	.LASF33:
 4500 1c24 4359424C 		.ascii	"CYBLE_EVT_GAP_ENCRYPT_CHANGE\000"
 4500      455F4556 
 4500      545F4741 
 4500      505F454E 
 4500      43525950 
 4501              	.LASF362:
 4502 1c41 4379426C 		.ascii	"CyBle_AiossWriteEventHandler\000"
 4502      655F4169 
 4502      6F737357 
 4502      72697465 
 4502      4576656E 
 4503              	.LASF289:
 4504 1c5e 71756575 		.ascii	"queueBuffer\000"
 4504      65427566 
 4504      66657200 
 4505              	.LASF51:
 4506 1c6a 4359424C 		.ascii	"CYBLE_EVT_GATTS_XCNHG_MTU_REQ\000"
 4506      455F4556 
ARM GAS  C:\Users\ARTEM\AppData\Local\Temp\cclhTYy7.s 			page 137


 4506      545F4741 
 4506      5454535F 
 4506      58434E48 
 4507              	.LASF213:
 4508 1c88 4359424C 		.ascii	"CYBLE_GATT_FIND_INFO_RSP\000"
 4508      455F4741 
 4508      54545F46 
 4508      494E445F 
 4508      494E464F 
 4509              	.LASF168:
 4510 1ca1 4359424C 		.ascii	"CYBLE_GAP_AUTH_ERROR_OOB_DATA_NOT_AVAILABLE\000"
 4510      455F4741 
 4510      505F4155 
 4510      54485F45 
 4510      52524F52 
 4511              	.LASF47:
 4512 1ccd 4359424C 		.ascii	"CYBLE_EVT_GAP_SMP_LOC_P256_KEYS_GEN_AND_SET_COMPLET"
 4512      455F4556 
 4512      545F4741 
 4512      505F534D 
 4512      505F4C4F 
 4513 1d00 4500     		.ascii	"E\000"
 4514              	.LASF141:
 4515 1d02 4359424C 		.ascii	"CYBLE_PREPARED_WRITE_REQUEST\000"
 4515      455F5052 
 4515      45504152 
 4515      45445F57 
 4515      52495445 
 4516              	.LASF200:
 4517 1d1f 4359424C 		.ascii	"CYBLE_GAP_CONN_PARAM_UPDATED_IN_CONTROLLER_T\000"
 4517      455F4741 
 4517      505F434F 
 4517      4E4E5F50 
 4517      4152414D 
 4518              	.LASF7:
 4519 1d4c 6C6F6E67 		.ascii	"long long unsigned int\000"
 4519      206C6F6E 
 4519      6720756E 
 4519      7369676E 
 4519      65642069 
 4520              	.LASF239:
 4521 1d63 4359424C 		.ascii	"CYBLE_GATT_ERR_INVALID_HANDLE\000"
 4521      455F4741 
 4521      54545F45 
 4521      52525F49 
 4521      4E56414C 
 4522              	.LASF19:
 4523 1d81 4359424C 		.ascii	"CYBLE_EVT_TIMEOUT\000"
 4523      455F4556 
 4523      545F5449 
 4523      4D454F55 
 4523      5400
 4524              	.LASF205:
 4525 1d93 70656572 		.ascii	"peerResolvablePvtAddr\000"
 4525      5265736F 
 4525      6C766162 
 4525      6C655076 
ARM GAS  C:\Users\ARTEM\AppData\Local\Temp\cclhTYy7.s 			page 138


 4525      74416464 
 4526              	.LASF237:
 4527 1da9 4359424C 		.ascii	"CYBLE_GATT_UNKNOWN_PDU_IND\000"
 4527      455F4741 
 4527      54545F55 
 4527      4E4B4E4F 
 4527      574E5F50 
 4528              	.LASF121:
 4529 1dc4 4359424C 		.ascii	"CYBLE_ERROR_INVALID_STATE\000"
 4529      455F4552 
 4529      524F525F 
 4529      494E5641 
 4529      4C49445F 
 4530              	.LASF278:
 4531 1dde 4359424C 		.ascii	"CYBLE_GATT_DB_ATTR_HANDLE_T\000"
 4531      455F4741 
 4531      54545F44 
 4531      425F4154 
 4531      54525F48 
 4532              	.LASF338:
 4533 1dfa 626C6553 		.ascii	"bleSsPowerLevel\000"
 4533      73506F77 
 4533      65724C65 
 4533      76656C00 
 4534              	.LASF80:
 4535 1e0a 4359424C 		.ascii	"CYBLE_EVT_L2CAP_CBFC_DATA_READ\000"
 4535      455F4556 
 4535      545F4C32 
 4535      4341505F 
 4535      43424643 
 4536              	.LASF238:
 4537 1e29 4359424C 		.ascii	"CYBLE_GATT_ERR_NONE\000"
 4537      455F4741 
 4537      54545F45 
 4537      52525F4E 
 4537      4F4E4500 
 4538              	.LASF284:
 4539 1e3d 76616C75 		.ascii	"value\000"
 4539      6500
 4540              	.LASF290:
 4541 1e43 746F7461 		.ascii	"totalAttrValueLength\000"
 4541      6C417474 
 4541      7256616C 
 4541      75654C65 
 4541      6E677468 
 4542              	.LASF345:
 4543 1e58 4379426C 		.ascii	"CyBle_ApplCallback\000"
 4543      655F4170 
 4543      706C4361 
 4543      6C6C6261 
 4543      636B00
 4544              	.LASF114:
 4545 1e6b 4359424C 		.ascii	"CYBLE_ERROR_FLASH_WRITE\000"
 4545      455F4552 
 4545      524F525F 
 4545      464C4153 
 4545      485F5752 
ARM GAS  C:\Users\ARTEM\AppData\Local\Temp\cclhTYy7.s 			page 139


 4546              	.LASF152:
 4547 1e83 4359424C 		.ascii	"CYBLE_GAP_SCAN_TO\000"
 4547      455F4741 
 4547      505F5343 
 4547      414E5F54 
 4547      4F00
 4548              	.LASF260:
 4549 1e95 4359424C 		.ascii	"CYBLE_GATT_ERR_HTS_OUT_OF_RANGE\000"
 4549      455F4741 
 4549      54545F45 
 4549      52525F48 
 4549      54535F4F 
 4550              	.LASF329:
 4551 1eb5 4359424C 		.ascii	"CYBLE_GAPS_T\000"
 4551      455F4741 
 4551      50535F54 
 4551      00
 4552              	.LASF150:
 4553 1ec2 4359424C 		.ascii	"CYBLE_GAP_BD_ADDR_T\000"
 4553      455F4741 
 4553      505F4244 
 4553      5F414444 
 4553      525F5400 
 4554              	.LASF220:
 4555 1ed6 4359424C 		.ascii	"CYBLE_GATT_READ_BLOB_REQ\000"
 4555      455F4741 
 4555      54545F52 
 4555      4541445F 
 4555      424C4F42 
 4556              	.LASF151:
 4557 1eef 4359424C 		.ascii	"CYBLE_GAP_ADV_MODE_TO\000"
 4557      455F4741 
 4557      505F4144 
 4557      565F4D4F 
 4557      44455F54 
 4558              	.LASF296:
 4559 1f05 68616E64 		.ascii	"handleValPair\000"
 4559      6C655661 
 4559      6C506169 
 4559      7200
 4560              	.LASF287:
 4561 1f13 636F6E6E 		.ascii	"connHandle\000"
 4561      48616E64 
 4561      6C6500
 4562              	.LASF171:
 4563 1f1e 4359424C 		.ascii	"CYBLE_GAP_AUTH_ERROR_PAIRING_NOT_SUPPORTED\000"
 4563      455F4741 
 4563      505F4155 
 4563      54485F45 
 4563      52524F52 
 4564              	.LASF154:
 4565 1f49 4359424C 		.ascii	"CYBLE_GENERIC_TO\000"
 4565      455F4745 
 4565      4E455249 
 4565      435F544F 
 4565      00
 4566              	.LASF351:
ARM GAS  C:\Users\ARTEM\AppData\Local\Temp\cclhTYy7.s 			page 140


 4567 1f5a 6379426C 		.ascii	"cyBle_pendingFlashWrite\000"
 4567      655F7065 
 4567      6E64696E 
 4567      67466C61 
 4567      73685772 
 4568              	.LASF55:
 4569 1f72 4359424C 		.ascii	"CYBLE_EVT_GATTC_FIND_INFO_RSP\000"
 4569      455F4556 
 4569      545F4741 
 4569      5454435F 
 4569      46494E44 
 4570              	.LASF54:
 4571 1f90 4359424C 		.ascii	"CYBLE_EVT_GATTC_READ_BY_TYPE_RSP\000"
 4571      455F4556 
 4571      545F4741 
 4571      5454435F 
 4571      52454144 
 4572              	.LASF265:
 4573 1fb1 4359424C 		.ascii	"CYBLE_GATTS_ERR_OPERATION_FAILED\000"
 4573      455F4741 
 4573      5454535F 
 4573      4552525F 
 4573      4F504552 
 4574              	.LASF355:
 4575 1fd2 6379426C 		.ascii	"cyBle_state\000"
 4575      655F7374 
 4575      61746500 
 4576              	.LASF366:
 4577 1fde 4379426C 		.ascii	"CyBle_EnableDefaultDevicePrivacy\000"
 4577      655F456E 
 4577      61626C65 
 4577      44656661 
 4577      756C7444 
 4578              	.LASF115:
 4579 1fff 4359424C 		.ascii	"CYBLE_ERROR_LL_SAME_TRANSACTION_COLLISION\000"
 4579      455F4552 
 4579      524F525F 
 4579      4C4C5F53 
 4579      414D455F 
 4580              	.LASF194:
 4581 2029 70616972 		.ascii	"pairingProperties\000"
 4581      696E6750 
 4581      726F7065 
 4581      72746965 
 4581      7300
 4582              	.LASF61:
 4583 203b 4359424C 		.ascii	"CYBLE_EVT_GATTC_WRITE_RSP\000"
 4583      455F4556 
 4583      545F4741 
 4583      5454435F 
 4583      57524954 
 4584              	.LASF321:
 4585 2055 4359424C 		.ascii	"CYBLE_STATE_DISCONNECTED\000"
 4585      455F5354 
 4585      4154455F 
 4585      44495343 
 4585      4F4E4E45 
ARM GAS  C:\Users\ARTEM\AppData\Local\Temp\cclhTYy7.s 			page 141


 4586              	.LASF339:
 4587 206e 6C654D61 		.ascii	"leMask\000"
 4587      736B00
 4588              	.LASF30:
 4589 2075 4359424C 		.ascii	"CYBLE_EVT_GAPP_ADVERTISEMENT_START_STOP\000"
 4589      455F4556 
 4589      545F4741 
 4589      50505F41 
 4589      44564552 
 4590              	.LASF9:
 4591 209d 75696E74 		.ascii	"uint8\000"
 4591      3800
 4592              	.LASF350:
 4593 20a3 6379426C 		.ascii	"cyBle_authInfo\000"
 4593      655F6175 
 4593      7468496E 
 4593      666F00
 4594              	.LASF38:
 4595 20b2 4359424C 		.ascii	"CYBLE_EVT_GAP_KEYPRESS_NOTIFICATION\000"
 4595      455F4556 
 4595      545F4741 
 4595      505F4B45 
 4595      59505245 
 4596              	.LASF226:
 4597 20d6 4359424C 		.ascii	"CYBLE_GATT_WRITE_REQ\000"
 4597      455F4741 
 4597      54545F57 
 4597      52495445 
 4597      5F524551 
 4598              	.LASF2:
 4599 20eb 73686F72 		.ascii	"short int\000"
 4599      7420696E 
 4599      7400
 4600              	.LASF193:
 4601 20f5 61757468 		.ascii	"authErr\000"
 4601      45727200 
 4602              	.LASF112:
 4603 20fd 4359424C 		.ascii	"CYBLE_ERROR_HARDWARE_FAILURE\000"
 4603      455F4552 
 4603      524F525F 
 4603      48415244 
 4603      57415245 
 4604              	.LASF259:
 4605 211a 4359424C 		.ascii	"CYBLE_GATT_ERR_CPS_INAPPROPRIATE_CONNECTION_PARAMET"
 4605      455F4741 
 4605      54545F45 
 4605      52525F43 
 4605      50535F49 
 4606 214d 45525300 		.ascii	"ERS\000"
 4607              	.LASF244:
 4608 2151 4359424C 		.ascii	"CYBLE_GATT_ERR_REQUEST_NOT_SUPPORTED\000"
 4608      455F4741 
 4608      54545F45 
 4608      52525F52 
 4608      45515545 
 4609              	.LASF48:
 4610 2176 4359424C 		.ascii	"CYBLE_EVT_GATTC_ERROR_RSP\000"
ARM GAS  C:\Users\ARTEM\AppData\Local\Temp\cclhTYy7.s 			page 142


 4610      455F4556 
 4610      545F4741 
 4610      5454435F 
 4610      4552524F 
 4611              	.LASF165:
 4612 2190 4359424C 		.ascii	"CYBLE_GAP_IOCAP_KEYBOARD_DISPLAY\000"
 4612      455F4741 
 4612      505F494F 
 4612      4341505F 
 4612      4B455942 
 4613              	.LASF322:
 4614 21b1 4359424C 		.ascii	"CYBLE_STATE_T\000"
 4614      455F5354 
 4614      4154455F 
 4614      5400
 4615              	.LASF76:
 4616 21bf 4359424C 		.ascii	"CYBLE_EVT_L2CAP_CBFC_CONN_IND\000"
 4616      455F4556 
 4616      545F4C32 
 4616      4341505F 
 4616      43424643 
 4617              	.LASF64:
 4618 21dd 4359424C 		.ascii	"CYBLE_EVT_GATTS_EXEC_WRITE_REQ\000"
 4618      455F4556 
 4618      545F4741 
 4618      5454535F 
 4618      45584543 
 4619              	.LASF24:
 4620 21fc 4359424C 		.ascii	"CYBLE_EVT_GAPC_SCAN_PROGRESS_RESULT\000"
 4620      455F4556 
 4620      545F4741 
 4620      50435F53 
 4620      43414E5F 
 4621              	.LASF277:
 4622 2220 4359424C 		.ascii	"CYBLE_GATT_ERR_CODE_T\000"
 4622      455F4741 
 4622      54545F45 
 4622      52525F43 
 4622      4F44455F 
 4623              	.LASF301:
 4624 2236 63636364 		.ascii	"cccdCount\000"
 4624      436F756E 
 4624      7400
 4625              	.LASF272:
 4626 2240 4359424C 		.ascii	"CYBLE_GATT_ERR_ANCS_INVALID_PARAMETER\000"
 4626      455F4741 
 4626      54545F45 
 4626      52525F41 
 4626      4E43535F 
 4627              	.LASF98:
 4628 2266 4359424C 		.ascii	"CYBLE_ERROR_GAP_ROLE\000"
 4628      455F4552 
 4628      524F525F 
 4628      4741505F 
 4628      524F4C45 
 4629              	.LASF346:
 4630 227b 6379426C 		.ascii	"cyBle_stackMemoryRam\000"
ARM GAS  C:\Users\ARTEM\AppData\Local\Temp\cclhTYy7.s 			page 143


 4630      655F7374 
 4630      61636B4D 
 4630      656D6F72 
 4630      7952616D 
 4631              	.LASF359:
 4632 2290 6379426C 		.ascii	"cyBle_advertisingIntervalType\000"
 4632      655F6164 
 4632      76657274 
 4632      6973696E 
 4632      67496E74 
 4633              	.LASF45:
 4634 22ae 4359424C 		.ascii	"CYBLE_EVT_GAP_SCAN_REQ_RECVD\000"
 4634      455F4556 
 4634      545F4741 
 4634      505F5343 
 4634      414E5F52 
 4635              	.LASF327:
 4636 22cb 63656E74 		.ascii	"centralAddrResolutionCharHandle\000"
 4636      72616C41 
 4636      64647252 
 4636      65736F6C 
 4636      7574696F 
 4637              	.LASF148:
 4638 22eb 62644164 		.ascii	"bdAddr\000"
 4638      647200
 4639              	.LASF269:
 4640 22f2 4359424C 		.ascii	"CYBLE_GATT_ERR_ANS_COMMAND_NOT_SUPPORTED\000"
 4640      455F4741 
 4640      54545F45 
 4640      52525F41 
 4640      4E535F43 
 4641              	.LASF360:
 4642 231b 4379426C 		.ascii	"CyBle_GattsErrorRsp\000"
 4642      655F4761 
 4642      74747345 
 4642      72726F72 
 4642      52737000 
 4643              	.LASF379:
 4644 232f 636F6E6E 		.ascii	"connCParam\000"
 4644      43506172 
 4644      616D00
 4645              	.LASF219:
 4646 233a 4359424C 		.ascii	"CYBLE_GATT_READ_RSP\000"
 4646      455F4741 
 4646      54545F52 
 4646      4541445F 
 4646      52535000 
 4647              	.LASF95:
 4648 234e 4359424C 		.ascii	"CYBLE_ERROR_NO_CONNECTION\000"
 4648      455F4552 
 4648      524F525F 
 4648      4E4F5F43 
 4648      4F4E4E45 
 4649              	.LASF130:
 4650 2368 4359424C 		.ascii	"CYBLE_LL_PWR_LVL_0_DBM\000"
 4650      455F4C4C 
 4650      5F505752 
ARM GAS  C:\Users\ARTEM\AppData\Local\Temp\cclhTYy7.s 			page 144


 4650      5F4C564C 
 4650      5F305F44 
 4651              	.LASF380:
 4652 237f 6D656D63 		.ascii	"memcpy\000"
 4652      707900
 4653              	.LASF134:
 4654 2386 4359424C 		.ascii	"CYBLE_LL_ADV_CH_TYPE\000"
 4654      455F4C4C 
 4654      5F414456 
 4654      5F43485F 
 4654      54595045 
 4655              	.LASF85:
 4656 239b 4359424C 		.ascii	"CYBLE_EVT_LE_PING_AUTH_TIMEOUT\000"
 4656      455F4556 
 4656      545F4C45 
 4656      5F50494E 
 4656      475F4155 
 4657              	.LASF123:
 4658 23ba 4359424C 		.ascii	"CYBLE_API_RESULT_T\000"
 4658      455F4150 
 4658      495F5245 
 4658      53554C54 
 4658      5F5400
 4659              	.LASF353:
 4660 23cd 6379426C 		.ascii	"cyBle_attValuesCCCD\000"
 4660      655F6174 
 4660      7456616C 
 4660      75657343 
 4660      43434400 
 4661              	.LASF368:
 4662 23e1 4379426C 		.ascii	"CyBle_GappAuthReqReply\000"
 4662      655F4761 
 4662      70704175 
 4662      74685265 
 4662      71526570 
 4663              	.LASF67:
 4664 23f8 4359424C 		.ascii	"CYBLE_EVT_GATTC_HANDLE_VALUE_IND\000"
 4664      455F4556 
 4664      545F4741 
 4664      5454435F 
 4664      48414E44 
 4665              	.LASF337:
 4666 2419 6576656E 		.ascii	"eventCode\000"
 4666      74436F64 
 4666      6500
 4667              	.LASF101:
 4668 2423 4359424C 		.ascii	"CYBLE_ERROR_SEC_FAILED\000"
 4668      455F4552 
 4668      524F525F 
 4668      5345435F 
 4668      4641494C 
 4669              	.LASF22:
 4670 243a 4359424C 		.ascii	"CYBLE_EVT_STACK_BUSY_STATUS\000"
 4670      455F4556 
 4670      545F5354 
 4670      41434B5F 
 4670      42555359 
ARM GAS  C:\Users\ARTEM\AppData\Local\Temp\cclhTYy7.s 			page 145


 4671              	.LASF198:
 4672 2456 636F6E6E 		.ascii	"connLatency\000"
 4672      4C617465 
 4672      6E637900 
 4673              	.LASF178:
 4674 2462 4359424C 		.ascii	"CYBLE_GAP_AUTH_ERROR_NUMERIC_COMPARISON_FAILED\000"
 4674      455F4741 
 4674      505F4155 
 4674      54485F45 
 4674      52524F52 
 4675              	.LASF162:
 4676 2491 4359424C 		.ascii	"CYBLE_GAP_IOCAP_DISPLAY_YESNO\000"
 4676      455F4741 
 4676      505F494F 
 4676      4341505F 
 4676      44495350 
 4677              	.LASF375:
 4678 24af 423A5C55 		.ascii	"B:\\UCU Second year\\Term 1\\POC\\Cyberpong\\CyberP"
 4678      43552053 
 4678      65636F6E 
 4678      64207965 
 4678      61725C54 
 4679 24dd 6F6E672E 		.ascii	"ong.cydsn\000"
 4679      63796473 
 4679      6E00
 4680              	.LASF231:
 4681 24e7 4359424C 		.ascii	"CYBLE_GATT_EXECUTE_WRITE_REQ\000"
 4681      455F4741 
 4681      54545F45 
 4681      58454355 
 4681      54455F57 
 4682              	.LASF140:
 4683 2504 4359424C 		.ascii	"CYBLE_BLESS_PWR_IN_DB_T\000"
 4683      455F424C 
 4683      4553535F 
 4683      5057525F 
 4683      494E5F44 
 4684              	.LASF136:
 4685 251c 4359424C 		.ascii	"CYBLE_LL_MAX_CH_TYPE\000"
 4685      455F4C4C 
 4685      5F4D4158 
 4685      5F43485F 
 4685      54595045 
 4686              	.LASF73:
 4687 2531 4359424C 		.ascii	"CYBLE_EVT_L2CAP_CONN_PARAM_UPDATE_REQ\000"
 4687      455F4556 
 4687      545F4C32 
 4687      4341505F 
 4687      434F4E4E 
 4688              	.LASF312:
 4689 2557 4359424C 		.ascii	"CYBLE_AIOS_VALUE_TRIGGER_SETTINGS\000"
 4689      455F4149 
 4689      4F535F56 
 4689      414C5545 
 4689      5F545249 
 4690              	.LASF364:
 4691 2579 4379426C 		.ascii	"CyBle_AiossConfirmationEventHandler\000"
ARM GAS  C:\Users\ARTEM\AppData\Local\Temp\cclhTYy7.s 			page 146


 4691      655F4169 
 4691      6F737343 
 4691      6F6E6669 
 4691      726D6174 
 4692              	.LASF143:
 4693 259d 4359424C 		.ascii	"CYBLE_PROTOCOL_REQ_T\000"
 4693      455F5052 
 4693      4F544F43 
 4693      4F4C5F52 
 4693      45515F54 
 4694              	.LASF330:
 4695 25b2 67617474 		.ascii	"gattErr\000"
 4695      45727200 
 4696              	.LASF241:
 4697 25ba 4359424C 		.ascii	"CYBLE_GATT_ERR_WRITE_NOT_PERMITTED\000"
 4697      455F4741 
 4697      54545F45 
 4697      52525F57 
 4697      52495445 
 4698              	.LASF197:
 4699 25dd 636F6E6E 		.ascii	"connIntv\000"
 4699      496E7476 
 4699      00
 4700              	.LASF3:
 4701 25e6 73686F72 		.ascii	"short unsigned int\000"
 4701      7420756E 
 4701      7369676E 
 4701      65642069 
 4701      6E7400
 4702              	.LASF253:
 4703 25f9 4359424C 		.ascii	"CYBLE_GATT_ERR_INSUFFICIENT_ENCRYPTION\000"
 4703      455F4741 
 4703      54545F45 
 4703      52525F49 
 4703      4E535546 
 4704              	.LASF206:
 4705 2620 726F6C65 		.ascii	"role\000"
 4705      00
 4706              	.LASF189:
 4707 2625 4359424C 		.ascii	"CYBLE_GAP_ADV_ADDR_TYPE_T\000"
 4707      455F4741 
 4707      505F4144 
 4707      565F4144 
 4707      44525F54 
 4708              	.LASF319:
 4709 263f 4359424C 		.ascii	"CYBLE_STATE_CONNECTED\000"
 4709      455F5354 
 4709      4154455F 
 4709      434F4E4E 
 4709      45435445 
 4710              	.LASF282:
 4711 2655 61637475 		.ascii	"actualLen\000"
 4711      616C4C65 
 4711      6E00
 4712              	.LASF343:
 4713 265f 636F6E6E 		.ascii	"connEnhanceParam\000"
 4713      456E6861 
ARM GAS  C:\Users\ARTEM\AppData\Local\Temp\cclhTYy7.s 			page 147


 4713      6E636550 
 4713      6172616D 
 4713      00
 4714              	.LASF224:
 4715 2670 4359424C 		.ascii	"CYBLE_GATT_READ_BY_GROUP_REQ\000"
 4715      455F4741 
 4715      54545F52 
 4715      4541445F 
 4715      42595F47 
 4716              	.LASF308:
 4717 268d 4359424C 		.ascii	"CYBLE_AIOS_CCCD\000"
 4717      455F4149 
 4717      4F535F43 
 4717      43434400 
 4718              	.LASF314:
 4719 269d 4359424C 		.ascii	"CYBLE_AIOS_VRD\000"
 4719      455F4149 
 4719      4F535F56 
 4719      524400
 4720              	.LASF280:
 4721 26ac 61747449 		.ascii	"attId\000"
 4721      6400
 4722              	.LASF91:
 4723 26b2 4359424C 		.ascii	"CYBLE_ERROR_INVALID_OPERATION\000"
 4723      455F4552 
 4723      524F525F 
 4723      494E5641 
 4723      4C49445F 
 4724              	.LASF21:
 4725 26d0 4359424C 		.ascii	"CYBLE_EVT_HCI_STATUS\000"
 4725      455F4556 
 4725      545F4843 
 4725      495F5354 
 4725      41545553 
 4726              	.LASF50:
 4727 26e5 4359424C 		.ascii	"CYBLE_EVT_GATT_DISCONNECT_IND\000"
 4727      455F4556 
 4727      545F4741 
 4727      54545F44 
 4727      4953434F 
 4728              	.LASF199:
 4729 2703 73757065 		.ascii	"supervisionTO\000"
 4729      72766973 
 4729      696F6E54 
 4729      4F00
 4730              	.LASF153:
 4731 2711 4359424C 		.ascii	"CYBLE_GATT_RSP_TO\000"
 4731      455F4741 
 4731      54545F52 
 4731      53505F54 
 4731      4F00
 4732              	.LASF83:
 4733 2723 4359424C 		.ascii	"CYBLE_EVT_L2CAP_CBFC_DATA_WRITE_IND\000"
 4733      455F4556 
 4733      545F4C32 
 4733      4341505F 
 4733      43424643 
ARM GAS  C:\Users\ARTEM\AppData\Local\Temp\cclhTYy7.s 			page 148


 4734              	.LASF316:
 4735 2747 4359424C 		.ascii	"CYBLE_AIOS_DESCR_COUNT\000"
 4735      455F4149 
 4735      4F535F44 
 4735      45534352 
 4735      5F434F55 
 4736              	.LASF72:
 4737 275e 4359424C 		.ascii	"CYBLE_EVT_GATTC_LONG_PROCEDURE_END\000"
 4737      455F4556 
 4737      545F4741 
 4737      5454435F 
 4737      4C4F4E47 
 4738              	.LASF201:
 4739 2781 73757065 		.ascii	"supervisionTo\000"
 4739      72766973 
 4739      696F6E54 
 4739      6F00
 4740              	.LASF32:
 4741 278f 4359424C 		.ascii	"CYBLE_EVT_GAP_DEVICE_DISCONNECTED\000"
 4741      455F4556 
 4741      545F4741 
 4741      505F4445 
 4741      56494345 
 4742              	.LASF68:
 4743 27b1 4359424C 		.ascii	"CYBLE_EVT_GATTS_HANDLE_VALUE_CNF\000"
 4743      455F4556 
 4743      545F4741 
 4743      5454535F 
 4743      48414E44 
 4744              	.LASF10:
 4745 27d2 75696E74 		.ascii	"uint16\000"
 4745      313600
 4746              	.LASF99:
 4747 27d9 4359424C 		.ascii	"CYBLE_ERROR_TX_POWER_READ\000"
 4747      455F4552 
 4747      524F525F 
 4747      54585F50 
 4747      4F574552 
 4748              		.ident	"GCC: (GNU Tools for ARM Embedded Processors) 5.4.1 20160609 (release) [ARM/embedded-5-bran
