ARM GAS  C:\Users\ARTEM\AppData\Local\Temp\ccxzkR0X.s 			page 1


   1              		.syntax unified
   2              		.cpu cortex-m0
   3              		.fpu softvfp
   4              		.eabi_attribute 20, 1
   5              		.eabi_attribute 21, 1
   6              		.eabi_attribute 23, 3
   7              		.eabi_attribute 24, 1
   8              		.eabi_attribute 25, 1
   9              		.eabi_attribute 26, 1
  10              		.eabi_attribute 30, 1
  11              		.eabi_attribute 34, 0
  12              		.eabi_attribute 18, 4
  13              		.thumb
  14              		.syntax unified
  15              		.file	"Bluetooth_gatt.c"
  16              		.text
  17              	.Ltext0:
  18              		.cfi_sections	.debug_frame
  19              		.section	.text.CyBle_GattsReInitGattDb,"ax",%progbits
  20              		.align	2
  21              		.global	CyBle_GattsReInitGattDb
  22              		.code	16
  23              		.thumb_func
  24              		.type	CyBle_GattsReInitGattDb, %function
  25              	CyBle_GattsReInitGattDb:
  26              	.LFB2:
  27              		.file 1 "Generated_Source\\PSoC4\\Bluetooth_gatt.c"
   1:Generated_Source\PSoC4/Bluetooth_gatt.c **** /***************************************************************************//**
   2:Generated_Source\PSoC4/Bluetooth_gatt.c **** * \file CYBLE_gatt.c
   3:Generated_Source\PSoC4/Bluetooth_gatt.c **** * \version 3.66
   4:Generated_Source\PSoC4/Bluetooth_gatt.c **** * 
   5:Generated_Source\PSoC4/Bluetooth_gatt.c **** * \brief
   6:Generated_Source\PSoC4/Bluetooth_gatt.c **** *  This file contains the source code for the GATT API of the BLE Component.
   7:Generated_Source\PSoC4/Bluetooth_gatt.c **** * 
   8:Generated_Source\PSoC4/Bluetooth_gatt.c **** ********************************************************************************
   9:Generated_Source\PSoC4/Bluetooth_gatt.c **** * \copyright
  10:Generated_Source\PSoC4/Bluetooth_gatt.c **** * Copyright 2014-2020, Cypress Semiconductor Corporation.  All rights reserved.
  11:Generated_Source\PSoC4/Bluetooth_gatt.c **** * You may use this file only in accordance with the license, terms, conditions,
  12:Generated_Source\PSoC4/Bluetooth_gatt.c **** * disclaimers, and limitations in the end user license agreement accompanying
  13:Generated_Source\PSoC4/Bluetooth_gatt.c **** * the software package with which this file was provided.
  14:Generated_Source\PSoC4/Bluetooth_gatt.c **** *******************************************************************************/
  15:Generated_Source\PSoC4/Bluetooth_gatt.c **** 
  16:Generated_Source\PSoC4/Bluetooth_gatt.c **** 
  17:Generated_Source\PSoC4/Bluetooth_gatt.c **** #include "Bluetooth_eventHandler.h"
  18:Generated_Source\PSoC4/Bluetooth_gatt.c **** 
  19:Generated_Source\PSoC4/Bluetooth_gatt.c **** 
  20:Generated_Source\PSoC4/Bluetooth_gatt.c **** /***************************************
  21:Generated_Source\PSoC4/Bluetooth_gatt.c **** * Global variables
  22:Generated_Source\PSoC4/Bluetooth_gatt.c **** ***************************************/
  23:Generated_Source\PSoC4/Bluetooth_gatt.c **** 
  24:Generated_Source\PSoC4/Bluetooth_gatt.c **** CYBLE_STATE_T cyBle_state;
  25:Generated_Source\PSoC4/Bluetooth_gatt.c **** 
  26:Generated_Source\PSoC4/Bluetooth_gatt.c **** #if ((CYBLE_MODE_PROFILE) && (CYBLE_BONDING_REQUIREMENT == CYBLE_BONDING_YES))
  27:Generated_Source\PSoC4/Bluetooth_gatt.c ****     
  28:Generated_Source\PSoC4/Bluetooth_gatt.c **** #if(CYBLE_MODE_PROFILE)
  29:Generated_Source\PSoC4/Bluetooth_gatt.c ****     #if defined(__ARMCC_VERSION)
  30:Generated_Source\PSoC4/Bluetooth_gatt.c ****         CY_ALIGN(CYDEV_FLS_ROW_SIZE) const CY_BLE_FLASH_STORAGE cyBle_flashStorage CY_SECTION(".cy_
ARM GAS  C:\Users\ARTEM\AppData\Local\Temp\ccxzkR0X.s 			page 2


  31:Generated_Source\PSoC4/Bluetooth_gatt.c ****     #elif defined (__GNUC__)
  32:Generated_Source\PSoC4/Bluetooth_gatt.c ****         const CY_BLE_FLASH_STORAGE cyBle_flashStorage CY_SECTION(".cy_checksum_exclude")
  33:Generated_Source\PSoC4/Bluetooth_gatt.c ****             CY_ALIGN(CYDEV_FLS_ROW_SIZE) =
  34:Generated_Source\PSoC4/Bluetooth_gatt.c ****     #elif defined (__ICCARM__)
  35:Generated_Source\PSoC4/Bluetooth_gatt.c ****         #pragma data_alignment=CY_FLASH_SIZEOF_ROW
  36:Generated_Source\PSoC4/Bluetooth_gatt.c ****         #pragma location=".cy_checksum_exclude"
  37:Generated_Source\PSoC4/Bluetooth_gatt.c ****         const CY_BLE_FLASH_STORAGE cyBle_flashStorage =
  38:Generated_Source\PSoC4/Bluetooth_gatt.c ****     #endif  /* (__ARMCC_VERSION) */
  39:Generated_Source\PSoC4/Bluetooth_gatt.c ****     {
  40:Generated_Source\PSoC4/Bluetooth_gatt.c ****         { 0x00u, 0x00u, 0x00u, 0x00u, 0x00u, 0x00u, 0x00u, 0x00u, 0x00u, 0x00u, 0x00u, 0x00u, 0x00u
  41:Generated_Source\PSoC4/Bluetooth_gatt.c ****         0x00u, 0x00u, 0x00u, 0x00u, 0x00u, 0x00u, 0x00u, 0x00u, 0x00u, 0x00u, 0x00u, 0x00u, 0x00u, 
  42:Generated_Source\PSoC4/Bluetooth_gatt.c ****         0x00u, 0x00u, 0x00u, 0x00u, 0x00u, 0x00u, 0x00u, 0x00u, 0x00u, 0x00u, 0x00u, 0x00u, 0x00u, 
  43:Generated_Source\PSoC4/Bluetooth_gatt.c ****         0x00u, 0x00u, 0x00u, 0x00u, 0x00u, 0x00u, 0x00u, 0x00u, 0x00u, 0x00u, 0x00u, 0x00u, 0x00u, 
  44:Generated_Source\PSoC4/Bluetooth_gatt.c ****         0x00u, 0x00u, 0x00u, 0x00u, 0x00u, 0x00u, 0x00u, 0x00u, 0x00u, 0x00u, 0x00u, 0x00u, 0x00u, 
  45:Generated_Source\PSoC4/Bluetooth_gatt.c ****         0x00u, 0x00u, 0x00u, 0x00u, 0x00u, 0x00u, 0x00u, 0x00u, 0x00u, 0x00u, 0x00u, 0x00u, 0x00u, 
  46:Generated_Source\PSoC4/Bluetooth_gatt.c ****         0x00u, 0x00u, 0x00u, 0x00u, 0x00u, 0x00u, 0x00u, 0x00u, 0x00u, 0x00u, 0x00u, 0x00u, 0x00u, 
  47:Generated_Source\PSoC4/Bluetooth_gatt.c ****         0x00u, 0x00u, 0x00u, 0x00u, 0x00u, 0x00u, 0x00u, 0x00u, 0x00u, 0x00u, 0x00u, 0x00u, 0x00u, 
  48:Generated_Source\PSoC4/Bluetooth_gatt.c ****         0x00u, 0x00u, 0x00u, 0x00u, 0x00u, 0x00u, 0x00u, 0x00u, 0x00u, 0x00u, 0x00u, 0x00u, 0x00u, 
  49:Generated_Source\PSoC4/Bluetooth_gatt.c ****         0x00u, 0x00u, 0x00u, 0x00u, 0x00u, 0x00u, 0x00u, 0x00u, 0x00u, 0x00u, 0x00u, 0x00u, 0x00u, 
  50:Generated_Source\PSoC4/Bluetooth_gatt.c ****         0x00u, 0x00u, 0x00u, 0x00u, 0x00u, 0x00u, 0x00u, 0x00u, 0x00u, 0x00u, 0x00u, 0x00u, 0x00u, 
  51:Generated_Source\PSoC4/Bluetooth_gatt.c ****         0x00u, 0x00u, 0x00u, 0x00u, 0x00u, 0x00u, 0x00u, 0x00u, 0x00u, 0x00u, 0x00u, 0x00u, 0x00u, 
  52:Generated_Source\PSoC4/Bluetooth_gatt.c ****         0x00u, 0x00u, 0x00u, 0x00u, 0x00u, 0x00u, 0x00u, 0x00u, 0x00u, 0x00u, 0x00u, 0x00u, 0x00u, 
  53:Generated_Source\PSoC4/Bluetooth_gatt.c ****         0x00u, 0x00u, 0x00u, 0x00u, 0x00u, 0x00u, 0x00u, 0x00u, 0x00u, 0x00u, 0x00u, 0x00u, 0x00u, 
  54:Generated_Source\PSoC4/Bluetooth_gatt.c ****         0x00u, 0x00u, 0x00u, 0x00u, 0x00u, 0x00u, 0x00u, 0x00u, 0x00u, 0x00u, 0x00u, 0x00u, 0x00u, 
  55:Generated_Source\PSoC4/Bluetooth_gatt.c ****         0x00u, 0x00u, 0x00u, 0x00u, 0x00u, 0x00u, 0x00u, 0x00u, 0x00u, 0x00u, 0x00u, 0x00u, 0x00u, 
  56:Generated_Source\PSoC4/Bluetooth_gatt.c ****         0x00u, 0x00u, 0x00u, 0x00u, 0x00u, 0x00u, 0x00u, 0x00u, 0x00u, 0x00u, 0x00u, 0x00u, 0x00u, 
  57:Generated_Source\PSoC4/Bluetooth_gatt.c ****         0x00u, 0x00u, 0x00u, 0x00u, 0x00u, 0x00u, 0x00u, 0x00u, 0x00u, 0x00u, 0x00u, 0x00u, 0x00u, 
  58:Generated_Source\PSoC4/Bluetooth_gatt.c ****         0x00u, 0x00u, 0x00u, 0x00u, 0x00u, 0x00u, 0x00u, 0x00u, 0x00u, 0x00u, 0x00u, 0x00u, 0x00u, 
  59:Generated_Source\PSoC4/Bluetooth_gatt.c ****         0x00u, 0x00u, 0x00u, 0x00u, 0x00u, 0x00u, 0x00u, 0x00u, 0x00u, 0x00u, 0x00u, 0x00u, 0x00u, 
  60:Generated_Source\PSoC4/Bluetooth_gatt.c ****         0x00u, 0x00u, 0x00u, 0x00u, 0x00u, 0x00u, 0x00u, 0x00u, 0x00u, 0x00u, 0x00u, 0x00u, 0x00u, 
  61:Generated_Source\PSoC4/Bluetooth_gatt.c ****         0x00u, 0x00u, 0x00u, 0x00u, 0x00u, 0x00u, 0x00u, 0x00u, 0x00u, 0x00u, 0x00u, 0x00u, 0x00u, 
  62:Generated_Source\PSoC4/Bluetooth_gatt.c ****         0x00u, 0x00u, 0x00u, 0x00u, 0x00u, 0x00u, 0x00u, 0x00u, 0x00u, 0x00u, 0x00u, 0x00u, 0x00u, 
  63:Generated_Source\PSoC4/Bluetooth_gatt.c ****         0x00u, 0x00u, 0x00u, 0x00u, 0x00u, 0x00u, 0x00u, 0x00u, 0x00u, 0x00u, 0x00u, 0x00u, 0x00u, 
  64:Generated_Source\PSoC4/Bluetooth_gatt.c ****         0x00u, 0x00u, 0x00u, 0x00u, 0x00u, 0x00u, 0x00u, 0x00u, 0x00u, 0x00u, 0x00u, 0x00u, 0x00u, 
  65:Generated_Source\PSoC4/Bluetooth_gatt.c ****         0x00u, 0x00u, 0x00u, 0x00u, 0x00u, 0x00u, 0x00u, 0x00u, 0x00u, 0x00u, 0x00u, 0x00u, 0x00u, 
  66:Generated_Source\PSoC4/Bluetooth_gatt.c ****         0x00u, 0x00u, 0x00u, 0x00u, 0x00u, 0x00u, 0x00u, 0x00u, 0x00u, 0x00u, 0x00u, 0x00u, 0x00u, 
  67:Generated_Source\PSoC4/Bluetooth_gatt.c ****         0x00u, 0x00u, 0x00u, 0x00u, 0x00u, 0x00u, 0x00u, 0x00u, 0x00u, 0x00u, 0x00u, 0x00u, 0x00u, 
  68:Generated_Source\PSoC4/Bluetooth_gatt.c ****         0x00u, 0x00u, 0x00u, 0x00u, 0x00u, 0x00u, 0x00u, 0x00u, 0x00u, 0x00u, 0x00u, 0x00u, 0x00u, 
  69:Generated_Source\PSoC4/Bluetooth_gatt.c ****         0x00u, 0x00u, 0x00u, 0x00u, 0x00u, 0x00u, 0x00u, 0x00u, 0x00u, 0x00u, 0x00u, 0x00u, 0x00u, 
  70:Generated_Source\PSoC4/Bluetooth_gatt.c ****         0x00u, 0x00u, 0x00u, 0x00u, 0x00u, 0x00u, 0x00u, 0x00u, 0x00u, 0x00u, 0x00u, 0x00u, 0x00u, 
  71:Generated_Source\PSoC4/Bluetooth_gatt.c ****         0x00u, 0x00u, 0x00u, 0x00u, 0x00u, 0x00u, 0x00u, 0x00u, 0x00u, 0x00u, 0x00u, 0x00u, 0x00u, 
  72:Generated_Source\PSoC4/Bluetooth_gatt.c ****         0x00u, 0x00u, 0x00u, 0x00u, 0x00u, 0x00u, 0x00u, 0x00u, 0x00u, 0x00u, 0x00u, 0x00u, 0x00u, 
  73:Generated_Source\PSoC4/Bluetooth_gatt.c ****         0x00u, 0x00u, 0x00u, 0x00u, 0x00u, 0x00u, 0x00u, 0x00u, 0x00u, 0x00u, 0x00u, 0x00u, 0x00u, 
  74:Generated_Source\PSoC4/Bluetooth_gatt.c ****         0x00u, 0x00u, 0x00u, 0x00u, 0x00u, 0x00u, 0x00u, 0x00u, 0x00u, 0x00u, 0x00u, 0x00u, 0x00u, 
  75:Generated_Source\PSoC4/Bluetooth_gatt.c ****         0x00u, 0x00u, 0x00u, 0x00u, 0x00u, 0x00u, 0x00u, 0x00u, 0x00u, 0x00u, 0x00u, 0x00u, 0x00u, 
  76:Generated_Source\PSoC4/Bluetooth_gatt.c ****         0x00u, 0x00u, 0x00u, 0x00u, 0x00u, 0x00u, 0x00u, 0x00u, 0x00u, 0x00u, 0x00u, 0x00u, 0x00u, 
  77:Generated_Source\PSoC4/Bluetooth_gatt.c ****         0x00u, 0x00u, 0x00u, 0x00u, 0x00u, 0x00u, 0x00u, 0x00u, 0x00u, 0x00u, 0x00u, 0x00u, 0x00u, 
  78:Generated_Source\PSoC4/Bluetooth_gatt.c ****         0x00u, 0x00u, 0x00u, 0x00u, 0x00u, 0x00u, 0x00u, 0x00u, 0x00u, 0x00u, 0x00u, 0x00u, 0x00u, 
  79:Generated_Source\PSoC4/Bluetooth_gatt.c ****         0x00u, 0x00u, 0x00u, 0x00u, 0x00u, 0x00u, 0x00u, 0x00u, 0x00u, 0x00u }, 
  80:Generated_Source\PSoC4/Bluetooth_gatt.c ****         {{
  81:Generated_Source\PSoC4/Bluetooth_gatt.c ****             0x00u, 0x00u,
  82:Generated_Source\PSoC4/Bluetooth_gatt.c ****             0x00u, 0x00u,
  83:Generated_Source\PSoC4/Bluetooth_gatt.c ****             0x00u, 0x00u,
  84:Generated_Source\PSoC4/Bluetooth_gatt.c ****             0x00u, 0x00u,
  85:Generated_Source\PSoC4/Bluetooth_gatt.c ****             0x00u, 0x00u,
  86:Generated_Source\PSoC4/Bluetooth_gatt.c ****             0x00u, 0x00u,
  87:Generated_Source\PSoC4/Bluetooth_gatt.c ****             0x00u, 0x00u,
ARM GAS  C:\Users\ARTEM\AppData\Local\Temp\ccxzkR0X.s 			page 3


  88:Generated_Source\PSoC4/Bluetooth_gatt.c ****             0x00u, 0x00u,
  89:Generated_Source\PSoC4/Bluetooth_gatt.c ****         },
  90:Generated_Source\PSoC4/Bluetooth_gatt.c ****         {
  91:Generated_Source\PSoC4/Bluetooth_gatt.c ****             0x00u, 0x00u,
  92:Generated_Source\PSoC4/Bluetooth_gatt.c ****             0x00u, 0x00u,
  93:Generated_Source\PSoC4/Bluetooth_gatt.c ****             0x00u, 0x00u,
  94:Generated_Source\PSoC4/Bluetooth_gatt.c ****             0x00u, 0x00u,
  95:Generated_Source\PSoC4/Bluetooth_gatt.c ****             0x00u, 0x00u,
  96:Generated_Source\PSoC4/Bluetooth_gatt.c ****             0x00u, 0x00u,
  97:Generated_Source\PSoC4/Bluetooth_gatt.c ****             0x00u, 0x00u,
  98:Generated_Source\PSoC4/Bluetooth_gatt.c ****             0x00u, 0x00u,
  99:Generated_Source\PSoC4/Bluetooth_gatt.c ****         },
 100:Generated_Source\PSoC4/Bluetooth_gatt.c ****         {
 101:Generated_Source\PSoC4/Bluetooth_gatt.c ****             0x00u, 0x00u,
 102:Generated_Source\PSoC4/Bluetooth_gatt.c ****             0x00u, 0x00u,
 103:Generated_Source\PSoC4/Bluetooth_gatt.c ****             0x00u, 0x00u,
 104:Generated_Source\PSoC4/Bluetooth_gatt.c ****             0x00u, 0x00u,
 105:Generated_Source\PSoC4/Bluetooth_gatt.c ****             0x00u, 0x00u,
 106:Generated_Source\PSoC4/Bluetooth_gatt.c ****             0x00u, 0x00u,
 107:Generated_Source\PSoC4/Bluetooth_gatt.c ****             0x00u, 0x00u,
 108:Generated_Source\PSoC4/Bluetooth_gatt.c ****             0x00u, 0x00u,
 109:Generated_Source\PSoC4/Bluetooth_gatt.c ****         },
 110:Generated_Source\PSoC4/Bluetooth_gatt.c ****         {
 111:Generated_Source\PSoC4/Bluetooth_gatt.c ****             0x00u, 0x00u,
 112:Generated_Source\PSoC4/Bluetooth_gatt.c ****             0x00u, 0x00u,
 113:Generated_Source\PSoC4/Bluetooth_gatt.c ****             0x00u, 0x00u,
 114:Generated_Source\PSoC4/Bluetooth_gatt.c ****             0x00u, 0x00u,
 115:Generated_Source\PSoC4/Bluetooth_gatt.c ****             0x00u, 0x00u,
 116:Generated_Source\PSoC4/Bluetooth_gatt.c ****             0x00u, 0x00u,
 117:Generated_Source\PSoC4/Bluetooth_gatt.c ****             0x00u, 0x00u,
 118:Generated_Source\PSoC4/Bluetooth_gatt.c ****             0x00u, 0x00u,
 119:Generated_Source\PSoC4/Bluetooth_gatt.c ****         },
 120:Generated_Source\PSoC4/Bluetooth_gatt.c ****         {
 121:Generated_Source\PSoC4/Bluetooth_gatt.c ****             0x00u, 0x00u,
 122:Generated_Source\PSoC4/Bluetooth_gatt.c ****             0x00u, 0x00u,
 123:Generated_Source\PSoC4/Bluetooth_gatt.c ****             0x00u, 0x00u,
 124:Generated_Source\PSoC4/Bluetooth_gatt.c ****             0x00u, 0x00u,
 125:Generated_Source\PSoC4/Bluetooth_gatt.c ****             0x00u, 0x00u,
 126:Generated_Source\PSoC4/Bluetooth_gatt.c ****             0x00u, 0x00u,
 127:Generated_Source\PSoC4/Bluetooth_gatt.c ****             0x00u, 0x00u,
 128:Generated_Source\PSoC4/Bluetooth_gatt.c ****             0x00u, 0x00u,
 129:Generated_Source\PSoC4/Bluetooth_gatt.c ****         }}, 
 130:Generated_Source\PSoC4/Bluetooth_gatt.c ****         0x10u, /* CYBLE_GATT_DB_CCCD_COUNT */ 
 131:Generated_Source\PSoC4/Bluetooth_gatt.c ****         0x05u, /* CYBLE_GAP_MAX_BONDED_DEVICE */ 
 132:Generated_Source\PSoC4/Bluetooth_gatt.c ****     };
 133:Generated_Source\PSoC4/Bluetooth_gatt.c **** #endif /* (CYBLE_MODE_PROFILE) */
 134:Generated_Source\PSoC4/Bluetooth_gatt.c **** 
 135:Generated_Source\PSoC4/Bluetooth_gatt.c **** #endif  /* (CYBLE_MODE_PROFILE) && (CYBLE_BONDING_REQUIREMENT == CYBLE_BONDING_YES) */
 136:Generated_Source\PSoC4/Bluetooth_gatt.c **** 
 137:Generated_Source\PSoC4/Bluetooth_gatt.c **** #if(CYBLE_GATT_ROLE_SERVER)
 138:Generated_Source\PSoC4/Bluetooth_gatt.c ****     
 139:Generated_Source\PSoC4/Bluetooth_gatt.c ****     const CYBLE_GATTS_T cyBle_gatts =
 140:Generated_Source\PSoC4/Bluetooth_gatt.c **** {
 141:Generated_Source\PSoC4/Bluetooth_gatt.c ****     0x000Cu,    /* Handle of the GATT service */
 142:Generated_Source\PSoC4/Bluetooth_gatt.c ****     0x000Eu,    /* Handle of the Service Changed characteristic */
 143:Generated_Source\PSoC4/Bluetooth_gatt.c ****     0x000Fu,    /* Handle of the Client Characteristic Configuration descriptor */
 144:Generated_Source\PSoC4/Bluetooth_gatt.c **** };
ARM GAS  C:\Users\ARTEM\AppData\Local\Temp\ccxzkR0X.s 			page 4


 145:Generated_Source\PSoC4/Bluetooth_gatt.c ****     
 146:Generated_Source\PSoC4/Bluetooth_gatt.c ****     static uint8 cyBle_attValues[0x0118u] = {
 147:Generated_Source\PSoC4/Bluetooth_gatt.c ****     /* Device Name */
 148:Generated_Source\PSoC4/Bluetooth_gatt.c ****     (uint8)'C', (uint8)'y', (uint8)'b', (uint8)'e', (uint8)'r', (uint8)'P', (uint8)'o', (uint8)'n',
 149:Generated_Source\PSoC4/Bluetooth_gatt.c **** 
 150:Generated_Source\PSoC4/Bluetooth_gatt.c ****     /* Appearance */
 151:Generated_Source\PSoC4/Bluetooth_gatt.c ****     0x00u, 0x00u,
 152:Generated_Source\PSoC4/Bluetooth_gatt.c **** 
 153:Generated_Source\PSoC4/Bluetooth_gatt.c ****     /* Peripheral Preferred Connection Parameters */
 154:Generated_Source\PSoC4/Bluetooth_gatt.c ****     0x06u, 0x00u, 0x28u, 0x00u, 0x00u, 0x00u, 0xE8u, 0x03u,
 155:Generated_Source\PSoC4/Bluetooth_gatt.c **** 
 156:Generated_Source\PSoC4/Bluetooth_gatt.c ****     /* Central Address Resolution */
 157:Generated_Source\PSoC4/Bluetooth_gatt.c ****     0x00u,
 158:Generated_Source\PSoC4/Bluetooth_gatt.c **** 
 159:Generated_Source\PSoC4/Bluetooth_gatt.c ****     /* Resolvable Private Address Only */
 160:Generated_Source\PSoC4/Bluetooth_gatt.c ****     0x00u,
 161:Generated_Source\PSoC4/Bluetooth_gatt.c **** 
 162:Generated_Source\PSoC4/Bluetooth_gatt.c ****     /* Service Changed */
 163:Generated_Source\PSoC4/Bluetooth_gatt.c ****     0x00u, 0x00u, 0x00u, 0x00u,
 164:Generated_Source\PSoC4/Bluetooth_gatt.c **** 
 165:Generated_Source\PSoC4/Bluetooth_gatt.c ****     /* Left */
 166:Generated_Source\PSoC4/Bluetooth_gatt.c ****     0x00u, 0x00u,
 167:Generated_Source\PSoC4/Bluetooth_gatt.c **** 
 168:Generated_Source\PSoC4/Bluetooth_gatt.c ****     /* Characteristic Presentation Format */
 169:Generated_Source\PSoC4/Bluetooth_gatt.c ****     0x04u, 0x00u, 0x33u, 0x27u, 0x01u, 0x01u, 0x00u,
 170:Generated_Source\PSoC4/Bluetooth_gatt.c **** 
 171:Generated_Source\PSoC4/Bluetooth_gatt.c ****     /* Characteristic User Description */
 172:Generated_Source\PSoC4/Bluetooth_gatt.c ****     (uint8)'L', (uint8)'e', (uint8)'f', (uint8)'t', (uint8)' ', (uint8)'m', (uint8)'o', (uint8)'t',
 173:Generated_Source\PSoC4/Bluetooth_gatt.c ****     (uint8)'r', (uint8)' ', (uint8)'s', (uint8)'p', (uint8)'e', (uint8)'e', (uint8)'d',
 174:Generated_Source\PSoC4/Bluetooth_gatt.c **** 
 175:Generated_Source\PSoC4/Bluetooth_gatt.c ****     /* Characteristic Extended Properties */
 176:Generated_Source\PSoC4/Bluetooth_gatt.c ****     0x00u, 0x00u,
 177:Generated_Source\PSoC4/Bluetooth_gatt.c **** 
 178:Generated_Source\PSoC4/Bluetooth_gatt.c ****     /* Value Trigger Setting */
 179:Generated_Source\PSoC4/Bluetooth_gatt.c ****     0x00u, 0x00u, 0x00u, 0x00u, 0x00u,
 180:Generated_Source\PSoC4/Bluetooth_gatt.c **** 
 181:Generated_Source\PSoC4/Bluetooth_gatt.c ****     /* Time Trigger Setting */
 182:Generated_Source\PSoC4/Bluetooth_gatt.c ****     0x00u, 0x00u, 0x00u, 0x00u,
 183:Generated_Source\PSoC4/Bluetooth_gatt.c **** 
 184:Generated_Source\PSoC4/Bluetooth_gatt.c ****     /* Valid Range */
 185:Generated_Source\PSoC4/Bluetooth_gatt.c ****     0x00u, 0x00u, 0xFFu, 0xFFu,
 186:Generated_Source\PSoC4/Bluetooth_gatt.c **** 
 187:Generated_Source\PSoC4/Bluetooth_gatt.c ****     /* RIght */
 188:Generated_Source\PSoC4/Bluetooth_gatt.c ****     0x00u, 0x00u,
 189:Generated_Source\PSoC4/Bluetooth_gatt.c **** 
 190:Generated_Source\PSoC4/Bluetooth_gatt.c ****     /* Characteristic Presentation Format */
 191:Generated_Source\PSoC4/Bluetooth_gatt.c ****     0x04u, 0x00u, 0x33u, 0x27u, 0x01u, 0x01u, 0x00u,
 192:Generated_Source\PSoC4/Bluetooth_gatt.c **** 
 193:Generated_Source\PSoC4/Bluetooth_gatt.c ****     /* Characteristic User Description */
 194:Generated_Source\PSoC4/Bluetooth_gatt.c ****     (uint8)'R', (uint8)'i', (uint8)'g', (uint8)'h', (uint8)'t', (uint8)' ', (uint8)'m', (uint8)'o',
 195:Generated_Source\PSoC4/Bluetooth_gatt.c ****     (uint8)'o', (uint8)'r', (uint8)' ', (uint8)'s', (uint8)'p', (uint8)'e', (uint8)'e', (uint8)'d',
 196:Generated_Source\PSoC4/Bluetooth_gatt.c **** 
 197:Generated_Source\PSoC4/Bluetooth_gatt.c ****     /* Characteristic Extended Properties */
 198:Generated_Source\PSoC4/Bluetooth_gatt.c ****     0x00u, 0x00u,
 199:Generated_Source\PSoC4/Bluetooth_gatt.c **** 
 200:Generated_Source\PSoC4/Bluetooth_gatt.c ****     /* Value Trigger Setting */
 201:Generated_Source\PSoC4/Bluetooth_gatt.c ****     0x00u, 0x00u, 0x00u, 0x00u, 0x00u,
ARM GAS  C:\Users\ARTEM\AppData\Local\Temp\ccxzkR0X.s 			page 5


 202:Generated_Source\PSoC4/Bluetooth_gatt.c **** 
 203:Generated_Source\PSoC4/Bluetooth_gatt.c ****     /* Time Trigger Setting */
 204:Generated_Source\PSoC4/Bluetooth_gatt.c ****     0x00u, 0x00u, 0x00u, 0x00u,
 205:Generated_Source\PSoC4/Bluetooth_gatt.c **** 
 206:Generated_Source\PSoC4/Bluetooth_gatt.c ****     /* Valid Range */
 207:Generated_Source\PSoC4/Bluetooth_gatt.c ****     0x00u, 0x00u, 0xFFu, 0xFFu,
 208:Generated_Source\PSoC4/Bluetooth_gatt.c **** 
 209:Generated_Source\PSoC4/Bluetooth_gatt.c ****     /* Top */
 210:Generated_Source\PSoC4/Bluetooth_gatt.c ****     0x00u, 0x00u,
 211:Generated_Source\PSoC4/Bluetooth_gatt.c **** 
 212:Generated_Source\PSoC4/Bluetooth_gatt.c ****     /* Characteristic Presentation Format */
 213:Generated_Source\PSoC4/Bluetooth_gatt.c ****     0x04u, 0x00u, 0x33u, 0x27u, 0x01u, 0x01u, 0x00u,
 214:Generated_Source\PSoC4/Bluetooth_gatt.c **** 
 215:Generated_Source\PSoC4/Bluetooth_gatt.c ****     /* Characteristic User Description */
 216:Generated_Source\PSoC4/Bluetooth_gatt.c ****     (uint8)'T', (uint8)'o', (uint8)'p', (uint8)' ', (uint8)'m', (uint8)'o', (uint8)'t', (uint8)'o',
 217:Generated_Source\PSoC4/Bluetooth_gatt.c ****     (uint8)' ', (uint8)'s', (uint8)'p', (uint8)'e', (uint8)'e', (uint8)'d',
 218:Generated_Source\PSoC4/Bluetooth_gatt.c **** 
 219:Generated_Source\PSoC4/Bluetooth_gatt.c ****     /* Characteristic Extended Properties */
 220:Generated_Source\PSoC4/Bluetooth_gatt.c ****     0x00u, 0x00u,
 221:Generated_Source\PSoC4/Bluetooth_gatt.c **** 
 222:Generated_Source\PSoC4/Bluetooth_gatt.c ****     /* Value Trigger Setting */
 223:Generated_Source\PSoC4/Bluetooth_gatt.c ****     0x00u, 0x00u, 0x00u, 0x00u, 0x00u,
 224:Generated_Source\PSoC4/Bluetooth_gatt.c **** 
 225:Generated_Source\PSoC4/Bluetooth_gatt.c ****     /* Time Trigger Setting */
 226:Generated_Source\PSoC4/Bluetooth_gatt.c ****     0x00u, 0x00u, 0x00u, 0x00u,
 227:Generated_Source\PSoC4/Bluetooth_gatt.c **** 
 228:Generated_Source\PSoC4/Bluetooth_gatt.c ****     /* Valid Range */
 229:Generated_Source\PSoC4/Bluetooth_gatt.c ****     0x00u, 0x00u, 0xFFu, 0xFFu,
 230:Generated_Source\PSoC4/Bluetooth_gatt.c **** 
 231:Generated_Source\PSoC4/Bluetooth_gatt.c ****     /* Bottom */
 232:Generated_Source\PSoC4/Bluetooth_gatt.c ****     0x00u, 0x00u,
 233:Generated_Source\PSoC4/Bluetooth_gatt.c **** 
 234:Generated_Source\PSoC4/Bluetooth_gatt.c ****     /* Characteristic Presentation Format */
 235:Generated_Source\PSoC4/Bluetooth_gatt.c ****     0x04u, 0x00u, 0x33u, 0x27u, 0x01u, 0x01u, 0x00u,
 236:Generated_Source\PSoC4/Bluetooth_gatt.c **** 
 237:Generated_Source\PSoC4/Bluetooth_gatt.c ****     /* Characteristic User Description */
 238:Generated_Source\PSoC4/Bluetooth_gatt.c ****     (uint8)'B', (uint8)'o', (uint8)'t', (uint8)'t', (uint8)'o', (uint8)'m', (uint8)' ', (uint8)'m',
 239:Generated_Source\PSoC4/Bluetooth_gatt.c ****     (uint8)'t', (uint8)'o', (uint8)'r', (uint8)' ', (uint8)'s', (uint8)'p', (uint8)'e', (uint8)'e',
 240:Generated_Source\PSoC4/Bluetooth_gatt.c **** 
 241:Generated_Source\PSoC4/Bluetooth_gatt.c ****     /* Characteristic Extended Properties */
 242:Generated_Source\PSoC4/Bluetooth_gatt.c ****     0x00u, 0x00u,
 243:Generated_Source\PSoC4/Bluetooth_gatt.c **** 
 244:Generated_Source\PSoC4/Bluetooth_gatt.c ****     /* Value Trigger Setting */
 245:Generated_Source\PSoC4/Bluetooth_gatt.c ****     0x00u, 0x00u, 0x00u, 0x00u, 0x00u,
 246:Generated_Source\PSoC4/Bluetooth_gatt.c **** 
 247:Generated_Source\PSoC4/Bluetooth_gatt.c ****     /* Time Trigger Setting */
 248:Generated_Source\PSoC4/Bluetooth_gatt.c ****     0x00u, 0x00u, 0x00u, 0x00u,
 249:Generated_Source\PSoC4/Bluetooth_gatt.c **** 
 250:Generated_Source\PSoC4/Bluetooth_gatt.c ****     /* Valid Range */
 251:Generated_Source\PSoC4/Bluetooth_gatt.c ****     0x00u, 0x00u, 0xFFu, 0xFFu,
 252:Generated_Source\PSoC4/Bluetooth_gatt.c **** 
 253:Generated_Source\PSoC4/Bluetooth_gatt.c ****     /* PinServe */
 254:Generated_Source\PSoC4/Bluetooth_gatt.c ****     0x00u, 0x00u,
 255:Generated_Source\PSoC4/Bluetooth_gatt.c **** 
 256:Generated_Source\PSoC4/Bluetooth_gatt.c ****     /* Characteristic Presentation Format */
 257:Generated_Source\PSoC4/Bluetooth_gatt.c ****     0x04u, 0x00u, 0x33u, 0x27u, 0x01u, 0x01u, 0x00u,
 258:Generated_Source\PSoC4/Bluetooth_gatt.c **** 
ARM GAS  C:\Users\ARTEM\AppData\Local\Temp\ccxzkR0X.s 			page 6


 259:Generated_Source\PSoC4/Bluetooth_gatt.c ****     /* Characteristic User Description */
 260:Generated_Source\PSoC4/Bluetooth_gatt.c ****     (uint8)'P', (uint8)'i', (uint8)'n', (uint8)' ', (uint8)'s', (uint8)'e', (uint8)'r', (uint8)'v',
 261:Generated_Source\PSoC4/Bluetooth_gatt.c ****     (uint8)' ', (uint8)'c', (uint8)'o', (uint8)'n', (uint8)'t', (uint8)'r', (uint8)'o', (uint8)'l',
 262:Generated_Source\PSoC4/Bluetooth_gatt.c **** 
 263:Generated_Source\PSoC4/Bluetooth_gatt.c ****     /* Characteristic Extended Properties */
 264:Generated_Source\PSoC4/Bluetooth_gatt.c ****     0x00u, 0x00u,
 265:Generated_Source\PSoC4/Bluetooth_gatt.c **** 
 266:Generated_Source\PSoC4/Bluetooth_gatt.c ****     /* Value Trigger Setting */
 267:Generated_Source\PSoC4/Bluetooth_gatt.c ****     0x00u, 0x00u, 0x00u, 0x00u, 0x00u,
 268:Generated_Source\PSoC4/Bluetooth_gatt.c **** 
 269:Generated_Source\PSoC4/Bluetooth_gatt.c ****     /* Time Trigger Setting */
 270:Generated_Source\PSoC4/Bluetooth_gatt.c ****     0x00u, 0x00u, 0x00u, 0x00u,
 271:Generated_Source\PSoC4/Bluetooth_gatt.c **** 
 272:Generated_Source\PSoC4/Bluetooth_gatt.c ****     /* Valid Range */
 273:Generated_Source\PSoC4/Bluetooth_gatt.c ****     0x00u, 0x00u, 0x01u, 0x00u,
 274:Generated_Source\PSoC4/Bluetooth_gatt.c **** 
 275:Generated_Source\PSoC4/Bluetooth_gatt.c ****     /* Enable */
 276:Generated_Source\PSoC4/Bluetooth_gatt.c ****     0x00u, 0x00u,
 277:Generated_Source\PSoC4/Bluetooth_gatt.c **** 
 278:Generated_Source\PSoC4/Bluetooth_gatt.c ****     /* Characteristic Presentation Format */
 279:Generated_Source\PSoC4/Bluetooth_gatt.c ****     0x04u, 0x00u, 0x33u, 0x27u, 0x01u, 0x01u, 0x00u,
 280:Generated_Source\PSoC4/Bluetooth_gatt.c **** 
 281:Generated_Source\PSoC4/Bluetooth_gatt.c ****     /* Characteristic User Description */
 282:Generated_Source\PSoC4/Bluetooth_gatt.c ****     (uint8)'E', (uint8)'n', (uint8)'a', (uint8)'b', (uint8)'l', (uint8)'e', (uint8)' ', (uint8)'c',
 283:Generated_Source\PSoC4/Bluetooth_gatt.c ****     (uint8)'b', (uint8)'e', (uint8)'r', (uint8)'p', (uint8)'o', (uint8)'n', (uint8)'g',
 284:Generated_Source\PSoC4/Bluetooth_gatt.c **** 
 285:Generated_Source\PSoC4/Bluetooth_gatt.c ****     /* Characteristic Extended Properties */
 286:Generated_Source\PSoC4/Bluetooth_gatt.c ****     0x00u, 0x00u,
 287:Generated_Source\PSoC4/Bluetooth_gatt.c **** 
 288:Generated_Source\PSoC4/Bluetooth_gatt.c ****     /* Value Trigger Setting */
 289:Generated_Source\PSoC4/Bluetooth_gatt.c ****     0x00u, 0x00u, 0x00u, 0x00u, 0x00u,
 290:Generated_Source\PSoC4/Bluetooth_gatt.c **** 
 291:Generated_Source\PSoC4/Bluetooth_gatt.c ****     /* Time Trigger Setting */
 292:Generated_Source\PSoC4/Bluetooth_gatt.c ****     0x00u, 0x00u, 0x00u, 0x00u,
 293:Generated_Source\PSoC4/Bluetooth_gatt.c **** 
 294:Generated_Source\PSoC4/Bluetooth_gatt.c ****     /* Valid Range */
 295:Generated_Source\PSoC4/Bluetooth_gatt.c ****     0x00u, 0x00u, 0x01u, 0x00u,
 296:Generated_Source\PSoC4/Bluetooth_gatt.c **** 
 297:Generated_Source\PSoC4/Bluetooth_gatt.c ****     /* Aggregate */
 298:Generated_Source\PSoC4/Bluetooth_gatt.c ****     0x00u, 0x00u, 0x00u, 0x00u, 0x00u, 0x00u, 0x00u, 0x00u, 0x00u, 0x00u, 0x00u, 0x00u,
 299:Generated_Source\PSoC4/Bluetooth_gatt.c **** 
 300:Generated_Source\PSoC4/Bluetooth_gatt.c **** };
 301:Generated_Source\PSoC4/Bluetooth_gatt.c **** #if(CYBLE_GATT_DB_CCCD_COUNT != 0u)
 302:Generated_Source\PSoC4/Bluetooth_gatt.c **** uint8 cyBle_attValuesCCCD[CYBLE_GATT_DB_CCCD_COUNT];
 303:Generated_Source\PSoC4/Bluetooth_gatt.c **** #endif /* CYBLE_GATT_DB_CCCD_COUNT != 0u */
 304:Generated_Source\PSoC4/Bluetooth_gatt.c **** 
 305:Generated_Source\PSoC4/Bluetooth_gatt.c **** CYBLE_GATTS_ATT_GEN_VAL_LEN_T cyBle_attValuesLen[CYBLE_GATT_DB_ATT_VAL_COUNT] = {
 306:Generated_Source\PSoC4/Bluetooth_gatt.c ****     { 0x0009u, (void *)&cyBle_attValues[0] }, /* Device Name */
 307:Generated_Source\PSoC4/Bluetooth_gatt.c ****     { 0x0002u, (void *)&cyBle_attValues[9] }, /* Appearance */
 308:Generated_Source\PSoC4/Bluetooth_gatt.c ****     { 0x0008u, (void *)&cyBle_attValues[11] }, /* Peripheral Preferred Connection Parameters */
 309:Generated_Source\PSoC4/Bluetooth_gatt.c ****     { 0x0001u, (void *)&cyBle_attValues[19] }, /* Central Address Resolution */
 310:Generated_Source\PSoC4/Bluetooth_gatt.c ****     { 0x0001u, (void *)&cyBle_attValues[20] }, /* Resolvable Private Address Only */
 311:Generated_Source\PSoC4/Bluetooth_gatt.c ****     { 0x0004u, (void *)&cyBle_attValues[21] }, /* Service Changed */
 312:Generated_Source\PSoC4/Bluetooth_gatt.c ****     { 0x0002u, (void *)&cyBle_attValuesCCCD[0] }, /* Client Characteristic Configuration */
 313:Generated_Source\PSoC4/Bluetooth_gatt.c ****     { 0x0002u, (void *)&cyBle_attValues[25] }, /* Left */
 314:Generated_Source\PSoC4/Bluetooth_gatt.c ****     { 0x0002u, (void *)&cyBle_attValuesCCCD[2] }, /* Client Characteristic Configuration */
 315:Generated_Source\PSoC4/Bluetooth_gatt.c ****     { 0x0007u, (void *)&cyBle_attValues[27] }, /* Characteristic Presentation Format */
ARM GAS  C:\Users\ARTEM\AppData\Local\Temp\ccxzkR0X.s 			page 7


 316:Generated_Source\PSoC4/Bluetooth_gatt.c ****     { 0x0010u, (void *)&cyBle_attValues[34] }, /* Characteristic User Description */
 317:Generated_Source\PSoC4/Bluetooth_gatt.c ****     { 0x0002u, (void *)&cyBle_attValues[50] }, /* Characteristic Extended Properties */
 318:Generated_Source\PSoC4/Bluetooth_gatt.c ****     { 0x0001u, (void *)&cyBle_attValues[52] }, /* Value Trigger Setting */
 319:Generated_Source\PSoC4/Bluetooth_gatt.c ****     { 0x0001u, (void *)&cyBle_attValues[57] }, /* Time Trigger Setting */
 320:Generated_Source\PSoC4/Bluetooth_gatt.c ****     { 0x0004u, (void *)&cyBle_attValues[61] }, /* Valid Range */
 321:Generated_Source\PSoC4/Bluetooth_gatt.c ****     { 0x0002u, (void *)&cyBle_attValues[65] }, /* RIght */
 322:Generated_Source\PSoC4/Bluetooth_gatt.c ****     { 0x0002u, (void *)&cyBle_attValuesCCCD[4] }, /* Client Characteristic Configuration */
 323:Generated_Source\PSoC4/Bluetooth_gatt.c ****     { 0x0007u, (void *)&cyBle_attValues[67] }, /* Characteristic Presentation Format */
 324:Generated_Source\PSoC4/Bluetooth_gatt.c ****     { 0x0011u, (void *)&cyBle_attValues[74] }, /* Characteristic User Description */
 325:Generated_Source\PSoC4/Bluetooth_gatt.c ****     { 0x0002u, (void *)&cyBle_attValues[91] }, /* Characteristic Extended Properties */
 326:Generated_Source\PSoC4/Bluetooth_gatt.c ****     { 0x0001u, (void *)&cyBle_attValues[93] }, /* Value Trigger Setting */
 327:Generated_Source\PSoC4/Bluetooth_gatt.c ****     { 0x0001u, (void *)&cyBle_attValues[98] }, /* Time Trigger Setting */
 328:Generated_Source\PSoC4/Bluetooth_gatt.c ****     { 0x0004u, (void *)&cyBle_attValues[102] }, /* Valid Range */
 329:Generated_Source\PSoC4/Bluetooth_gatt.c ****     { 0x0002u, (void *)&cyBle_attValues[106] }, /* Top */
 330:Generated_Source\PSoC4/Bluetooth_gatt.c ****     { 0x0002u, (void *)&cyBle_attValuesCCCD[6] }, /* Client Characteristic Configuration */
 331:Generated_Source\PSoC4/Bluetooth_gatt.c ****     { 0x0007u, (void *)&cyBle_attValues[108] }, /* Characteristic Presentation Format */
 332:Generated_Source\PSoC4/Bluetooth_gatt.c ****     { 0x000Fu, (void *)&cyBle_attValues[115] }, /* Characteristic User Description */
 333:Generated_Source\PSoC4/Bluetooth_gatt.c ****     { 0x0002u, (void *)&cyBle_attValues[130] }, /* Characteristic Extended Properties */
 334:Generated_Source\PSoC4/Bluetooth_gatt.c ****     { 0x0001u, (void *)&cyBle_attValues[132] }, /* Value Trigger Setting */
 335:Generated_Source\PSoC4/Bluetooth_gatt.c ****     { 0x0001u, (void *)&cyBle_attValues[137] }, /* Time Trigger Setting */
 336:Generated_Source\PSoC4/Bluetooth_gatt.c ****     { 0x0004u, (void *)&cyBle_attValues[141] }, /* Valid Range */
 337:Generated_Source\PSoC4/Bluetooth_gatt.c ****     { 0x0002u, (void *)&cyBle_attValues[145] }, /* Bottom */
 338:Generated_Source\PSoC4/Bluetooth_gatt.c ****     { 0x0002u, (void *)&cyBle_attValuesCCCD[8] }, /* Client Characteristic Configuration */
 339:Generated_Source\PSoC4/Bluetooth_gatt.c ****     { 0x0007u, (void *)&cyBle_attValues[147] }, /* Characteristic Presentation Format */
 340:Generated_Source\PSoC4/Bluetooth_gatt.c ****     { 0x0012u, (void *)&cyBle_attValues[154] }, /* Characteristic User Description */
 341:Generated_Source\PSoC4/Bluetooth_gatt.c ****     { 0x0002u, (void *)&cyBle_attValues[172] }, /* Characteristic Extended Properties */
 342:Generated_Source\PSoC4/Bluetooth_gatt.c ****     { 0x0001u, (void *)&cyBle_attValues[174] }, /* Value Trigger Setting */
 343:Generated_Source\PSoC4/Bluetooth_gatt.c ****     { 0x0001u, (void *)&cyBle_attValues[179] }, /* Time Trigger Setting */
 344:Generated_Source\PSoC4/Bluetooth_gatt.c ****     { 0x0004u, (void *)&cyBle_attValues[183] }, /* Valid Range */
 345:Generated_Source\PSoC4/Bluetooth_gatt.c ****     { 0x0002u, (void *)&cyBle_attValues[187] }, /* PinServe */
 346:Generated_Source\PSoC4/Bluetooth_gatt.c ****     { 0x0002u, (void *)&cyBle_attValuesCCCD[10] }, /* Client Characteristic Configuration */
 347:Generated_Source\PSoC4/Bluetooth_gatt.c ****     { 0x0007u, (void *)&cyBle_attValues[189] }, /* Characteristic Presentation Format */
 348:Generated_Source\PSoC4/Bluetooth_gatt.c ****     { 0x0011u, (void *)&cyBle_attValues[196] }, /* Characteristic User Description */
 349:Generated_Source\PSoC4/Bluetooth_gatt.c ****     { 0x0002u, (void *)&cyBle_attValues[213] }, /* Characteristic Extended Properties */
 350:Generated_Source\PSoC4/Bluetooth_gatt.c ****     { 0x0001u, (void *)&cyBle_attValues[215] }, /* Value Trigger Setting */
 351:Generated_Source\PSoC4/Bluetooth_gatt.c ****     { 0x0001u, (void *)&cyBle_attValues[220] }, /* Time Trigger Setting */
 352:Generated_Source\PSoC4/Bluetooth_gatt.c ****     { 0x0004u, (void *)&cyBle_attValues[224] }, /* Valid Range */
 353:Generated_Source\PSoC4/Bluetooth_gatt.c ****     { 0x0002u, (void *)&cyBle_attValues[228] }, /* Enable */
 354:Generated_Source\PSoC4/Bluetooth_gatt.c ****     { 0x0002u, (void *)&cyBle_attValuesCCCD[12] }, /* Client Characteristic Configuration */
 355:Generated_Source\PSoC4/Bluetooth_gatt.c ****     { 0x0007u, (void *)&cyBle_attValues[230] }, /* Characteristic Presentation Format */
 356:Generated_Source\PSoC4/Bluetooth_gatt.c ****     { 0x0010u, (void *)&cyBle_attValues[237] }, /* Characteristic User Description */
 357:Generated_Source\PSoC4/Bluetooth_gatt.c ****     { 0x0002u, (void *)&cyBle_attValues[253] }, /* Characteristic Extended Properties */
 358:Generated_Source\PSoC4/Bluetooth_gatt.c ****     { 0x0001u, (void *)&cyBle_attValues[255] }, /* Value Trigger Setting */
 359:Generated_Source\PSoC4/Bluetooth_gatt.c ****     { 0x0001u, (void *)&cyBle_attValues[260] }, /* Time Trigger Setting */
 360:Generated_Source\PSoC4/Bluetooth_gatt.c ****     { 0x0004u, (void *)&cyBle_attValues[264] }, /* Valid Range */
 361:Generated_Source\PSoC4/Bluetooth_gatt.c ****     { 0x000Cu, (void *)&cyBle_attValues[268] }, /* Aggregate */
 362:Generated_Source\PSoC4/Bluetooth_gatt.c ****     { 0x0002u, (void *)&cyBle_attValuesCCCD[14] }, /* Client Characteristic Configuration */
 363:Generated_Source\PSoC4/Bluetooth_gatt.c **** };
 364:Generated_Source\PSoC4/Bluetooth_gatt.c **** 
 365:Generated_Source\PSoC4/Bluetooth_gatt.c **** const CYBLE_GATTS_DB_T cyBle_gattDB[0x49u] = {
 366:Generated_Source\PSoC4/Bluetooth_gatt.c ****     { 0x0001u, 0x2800u /* Primary service                     */, 0x00000001u /*       */, 0x000Bu,
 367:Generated_Source\PSoC4/Bluetooth_gatt.c ****     { 0x0002u, 0x2803u /* Characteristic                      */, 0x00020001u /* rd    */, 0x0003u,
 368:Generated_Source\PSoC4/Bluetooth_gatt.c ****     { 0x0003u, 0x2A00u /* Device Name                         */, 0x01020001u /* rd    */, 0x0003u,
 369:Generated_Source\PSoC4/Bluetooth_gatt.c ****     { 0x0004u, 0x2803u /* Characteristic                      */, 0x00020001u /* rd    */, 0x0005u,
 370:Generated_Source\PSoC4/Bluetooth_gatt.c ****     { 0x0005u, 0x2A01u /* Appearance                          */, 0x01020001u /* rd    */, 0x0005u,
 371:Generated_Source\PSoC4/Bluetooth_gatt.c ****     { 0x0006u, 0x2803u /* Characteristic                      */, 0x00020001u /* rd    */, 0x0007u,
 372:Generated_Source\PSoC4/Bluetooth_gatt.c ****     { 0x0007u, 0x2A04u /* Peripheral Preferred Connection Par */, 0x01020001u /* rd    */, 0x0007u,
ARM GAS  C:\Users\ARTEM\AppData\Local\Temp\ccxzkR0X.s 			page 8


 373:Generated_Source\PSoC4/Bluetooth_gatt.c ****     { 0x0008u, 0x2803u /* Characteristic                      */, 0x00020001u /* rd    */, 0x0009u,
 374:Generated_Source\PSoC4/Bluetooth_gatt.c ****     { 0x0009u, 0x2AA6u /* Central Address Resolution          */, 0x01020001u /* rd    */, 0x0009u,
 375:Generated_Source\PSoC4/Bluetooth_gatt.c ****     { 0x000Au, 0x2803u /* Characteristic                      */, 0x00020001u /* rd    */, 0x000Bu,
 376:Generated_Source\PSoC4/Bluetooth_gatt.c ****     { 0x000Bu, 0x2AC9u /* Resolvable Private Address Only     */, 0x01020001u /* rd    */, 0x000Bu,
 377:Generated_Source\PSoC4/Bluetooth_gatt.c ****     { 0x000Cu, 0x2800u /* Primary service                     */, 0x00000001u /*       */, 0x000Fu,
 378:Generated_Source\PSoC4/Bluetooth_gatt.c ****     { 0x000Du, 0x2803u /* Characteristic                      */, 0x00200001u /* ind   */, 0x000Fu,
 379:Generated_Source\PSoC4/Bluetooth_gatt.c ****     { 0x000Eu, 0x2A05u /* Service Changed                     */, 0x01200000u /* ind   */, 0x000Fu,
 380:Generated_Source\PSoC4/Bluetooth_gatt.c ****     { 0x000Fu, 0x2902u /* Client Characteristic Configuration */, 0x010A0101u /* rd,wr */, 0x000Fu,
 381:Generated_Source\PSoC4/Bluetooth_gatt.c ****     { 0x0010u, 0x2800u /* Primary service                     */, 0x00000001u /*       */, 0x0049u,
 382:Generated_Source\PSoC4/Bluetooth_gatt.c ****     { 0x0011u, 0x2803u /* Characteristic                      */, 0x000A0001u /* rd,wr */, 0x0019u,
 383:Generated_Source\PSoC4/Bluetooth_gatt.c ****     { 0x0012u, 0x2A58u /* Left                                */, 0x010A0101u /* rd,wr */, 0x0019u,
 384:Generated_Source\PSoC4/Bluetooth_gatt.c ****     { 0x0013u, 0x2902u /* Client Characteristic Configuration */, 0x010A0101u /* rd,wr */, 0x0013u,
 385:Generated_Source\PSoC4/Bluetooth_gatt.c ****     { 0x0014u, 0x2904u /* Characteristic Presentation Format  */, 0x01020001u /* rd    */, 0x0014u,
 386:Generated_Source\PSoC4/Bluetooth_gatt.c ****     { 0x0015u, 0x2901u /* Characteristic User Description     */, 0x01020001u /* rd    */, 0x0015u,
 387:Generated_Source\PSoC4/Bluetooth_gatt.c ****     { 0x0016u, 0x2900u /* Characteristic Extended Properties  */, 0x01020001u /* rd    */, 0x0016u,
 388:Generated_Source\PSoC4/Bluetooth_gatt.c ****     { 0x0017u, 0x290Au /* Value Trigger Setting               */, 0x010A0101u /* rd,wr */, 0x0017u,
 389:Generated_Source\PSoC4/Bluetooth_gatt.c ****     { 0x0018u, 0x290Eu /* Time Trigger Setting                */, 0x010A0101u /* rd,wr */, 0x0018u,
 390:Generated_Source\PSoC4/Bluetooth_gatt.c ****     { 0x0019u, 0x2906u /* Valid Range                         */, 0x01020001u /* rd    */, 0x0019u,
 391:Generated_Source\PSoC4/Bluetooth_gatt.c ****     { 0x001Au, 0x2803u /* Characteristic                      */, 0x000A0001u /* rd,wr */, 0x0022u,
 392:Generated_Source\PSoC4/Bluetooth_gatt.c ****     { 0x001Bu, 0x2A59u /* RIght                               */, 0x010A0101u /* rd,wr */, 0x0022u,
 393:Generated_Source\PSoC4/Bluetooth_gatt.c ****     { 0x001Cu, 0x2902u /* Client Characteristic Configuration */, 0x010A0101u /* rd,wr */, 0x001Cu,
 394:Generated_Source\PSoC4/Bluetooth_gatt.c ****     { 0x001Du, 0x2904u /* Characteristic Presentation Format  */, 0x01020001u /* rd    */, 0x001Du,
 395:Generated_Source\PSoC4/Bluetooth_gatt.c ****     { 0x001Eu, 0x2901u /* Characteristic User Description     */, 0x01020001u /* rd    */, 0x001Eu,
 396:Generated_Source\PSoC4/Bluetooth_gatt.c ****     { 0x001Fu, 0x2900u /* Characteristic Extended Properties  */, 0x01020001u /* rd    */, 0x001Fu,
 397:Generated_Source\PSoC4/Bluetooth_gatt.c ****     { 0x0020u, 0x290Au /* Value Trigger Setting               */, 0x010A0101u /* rd,wr */, 0x0020u,
 398:Generated_Source\PSoC4/Bluetooth_gatt.c ****     { 0x0021u, 0x290Eu /* Time Trigger Setting                */, 0x010A0101u /* rd,wr */, 0x0021u,
 399:Generated_Source\PSoC4/Bluetooth_gatt.c ****     { 0x0022u, 0x2906u /* Valid Range                         */, 0x01020001u /* rd    */, 0x0022u,
 400:Generated_Source\PSoC4/Bluetooth_gatt.c ****     { 0x0023u, 0x2803u /* Characteristic                      */, 0x000A0001u /* rd,wr */, 0x002Bu,
 401:Generated_Source\PSoC4/Bluetooth_gatt.c ****     { 0x0024u, 0x2A5Au /* Top                                 */, 0x010A0101u /* rd,wr */, 0x002Bu,
 402:Generated_Source\PSoC4/Bluetooth_gatt.c ****     { 0x0025u, 0x2902u /* Client Characteristic Configuration */, 0x010A0101u /* rd,wr */, 0x0025u,
 403:Generated_Source\PSoC4/Bluetooth_gatt.c ****     { 0x0026u, 0x2904u /* Characteristic Presentation Format  */, 0x01020001u /* rd    */, 0x0026u,
 404:Generated_Source\PSoC4/Bluetooth_gatt.c ****     { 0x0027u, 0x2901u /* Characteristic User Description     */, 0x01020001u /* rd    */, 0x0027u,
 405:Generated_Source\PSoC4/Bluetooth_gatt.c ****     { 0x0028u, 0x2900u /* Characteristic Extended Properties  */, 0x01020001u /* rd    */, 0x0028u,
 406:Generated_Source\PSoC4/Bluetooth_gatt.c ****     { 0x0029u, 0x290Au /* Value Trigger Setting               */, 0x010A0101u /* rd,wr */, 0x0029u,
 407:Generated_Source\PSoC4/Bluetooth_gatt.c ****     { 0x002Au, 0x290Eu /* Time Trigger Setting                */, 0x010A0101u /* rd,wr */, 0x002Au,
 408:Generated_Source\PSoC4/Bluetooth_gatt.c ****     { 0x002Bu, 0x2906u /* Valid Range                         */, 0x01020001u /* rd    */, 0x002Bu,
 409:Generated_Source\PSoC4/Bluetooth_gatt.c ****     { 0x002Cu, 0x2803u /* Characteristic                      */, 0x000A0001u /* rd,wr */, 0x0034u,
 410:Generated_Source\PSoC4/Bluetooth_gatt.c ****     { 0x002Du, 0x2A5Bu /* Bottom                              */, 0x010A0101u /* rd,wr */, 0x0034u,
 411:Generated_Source\PSoC4/Bluetooth_gatt.c ****     { 0x002Eu, 0x2902u /* Client Characteristic Configuration */, 0x010A0101u /* rd,wr */, 0x002Eu,
 412:Generated_Source\PSoC4/Bluetooth_gatt.c ****     { 0x002Fu, 0x2904u /* Characteristic Presentation Format  */, 0x01020001u /* rd    */, 0x002Fu,
 413:Generated_Source\PSoC4/Bluetooth_gatt.c ****     { 0x0030u, 0x2901u /* Characteristic User Description     */, 0x01020001u /* rd    */, 0x0030u,
 414:Generated_Source\PSoC4/Bluetooth_gatt.c ****     { 0x0031u, 0x2900u /* Characteristic Extended Properties  */, 0x01020001u /* rd    */, 0x0031u,
 415:Generated_Source\PSoC4/Bluetooth_gatt.c ****     { 0x0032u, 0x290Au /* Value Trigger Setting               */, 0x010A0101u /* rd,wr */, 0x0032u,
 416:Generated_Source\PSoC4/Bluetooth_gatt.c ****     { 0x0033u, 0x290Eu /* Time Trigger Setting                */, 0x010A0101u /* rd,wr */, 0x0033u,
 417:Generated_Source\PSoC4/Bluetooth_gatt.c ****     { 0x0034u, 0x2906u /* Valid Range                         */, 0x01020001u /* rd    */, 0x0034u,
 418:Generated_Source\PSoC4/Bluetooth_gatt.c ****     { 0x0035u, 0x2803u /* Characteristic                      */, 0x000A0001u /* rd,wr */, 0x003Du,
 419:Generated_Source\PSoC4/Bluetooth_gatt.c ****     { 0x0036u, 0x2A57u /* PinServe                            */, 0x010A0101u /* rd,wr */, 0x003Du,
 420:Generated_Source\PSoC4/Bluetooth_gatt.c ****     { 0x0037u, 0x2902u /* Client Characteristic Configuration */, 0x010A0101u /* rd,wr */, 0x0037u,
 421:Generated_Source\PSoC4/Bluetooth_gatt.c ****     { 0x0038u, 0x2904u /* Characteristic Presentation Format  */, 0x01020001u /* rd    */, 0x0038u,
 422:Generated_Source\PSoC4/Bluetooth_gatt.c ****     { 0x0039u, 0x2901u /* Characteristic User Description     */, 0x01020001u /* rd    */, 0x0039u,
 423:Generated_Source\PSoC4/Bluetooth_gatt.c ****     { 0x003Au, 0x2900u /* Characteristic Extended Properties  */, 0x01020001u /* rd    */, 0x003Au,
 424:Generated_Source\PSoC4/Bluetooth_gatt.c ****     { 0x003Bu, 0x290Au /* Value Trigger Setting               */, 0x010A0101u /* rd,wr */, 0x003Bu,
 425:Generated_Source\PSoC4/Bluetooth_gatt.c ****     { 0x003Cu, 0x290Eu /* Time Trigger Setting                */, 0x010A0101u /* rd,wr */, 0x003Cu,
 426:Generated_Source\PSoC4/Bluetooth_gatt.c ****     { 0x003Du, 0x2906u /* Valid Range                         */, 0x01020001u /* rd    */, 0x003Du,
 427:Generated_Source\PSoC4/Bluetooth_gatt.c ****     { 0x003Eu, 0x2803u /* Characteristic                      */, 0x000A0001u /* rd,wr */, 0x0046u,
 428:Generated_Source\PSoC4/Bluetooth_gatt.c ****     { 0x003Fu, 0x2A56u /* Enable                              */, 0x010A0101u /* rd,wr */, 0x0046u,
 429:Generated_Source\PSoC4/Bluetooth_gatt.c ****     { 0x0040u, 0x2902u /* Client Characteristic Configuration */, 0x010A0101u /* rd,wr */, 0x0040u,
ARM GAS  C:\Users\ARTEM\AppData\Local\Temp\ccxzkR0X.s 			page 9


 430:Generated_Source\PSoC4/Bluetooth_gatt.c ****     { 0x0041u, 0x2904u /* Characteristic Presentation Format  */, 0x01020001u /* rd    */, 0x0041u,
 431:Generated_Source\PSoC4/Bluetooth_gatt.c ****     { 0x0042u, 0x2901u /* Characteristic User Description     */, 0x01020001u /* rd    */, 0x0042u,
 432:Generated_Source\PSoC4/Bluetooth_gatt.c ****     { 0x0043u, 0x2900u /* Characteristic Extended Properties  */, 0x01020001u /* rd    */, 0x0043u,
 433:Generated_Source\PSoC4/Bluetooth_gatt.c ****     { 0x0044u, 0x290Au /* Value Trigger Setting               */, 0x010A0101u /* rd,wr */, 0x0044u,
 434:Generated_Source\PSoC4/Bluetooth_gatt.c ****     { 0x0045u, 0x290Eu /* Time Trigger Setting                */, 0x010A0101u /* rd,wr */, 0x0045u,
 435:Generated_Source\PSoC4/Bluetooth_gatt.c ****     { 0x0046u, 0x2906u /* Valid Range                         */, 0x01020001u /* rd    */, 0x0046u,
 436:Generated_Source\PSoC4/Bluetooth_gatt.c ****     { 0x0047u, 0x2803u /* Characteristic                      */, 0x00000001u /*       */, 0x0049u,
 437:Generated_Source\PSoC4/Bluetooth_gatt.c ****     { 0x0048u, 0x2A5Au /* Aggregate                           */, 0x01000000u /*       */, 0x0049u,
 438:Generated_Source\PSoC4/Bluetooth_gatt.c ****     { 0x0049u, 0x2902u /* Client Characteristic Configuration */, 0x010A0101u /* rd,wr */, 0x0049u,
 439:Generated_Source\PSoC4/Bluetooth_gatt.c **** };
 440:Generated_Source\PSoC4/Bluetooth_gatt.c **** 
 441:Generated_Source\PSoC4/Bluetooth_gatt.c **** 
 442:Generated_Source\PSoC4/Bluetooth_gatt.c **** #endif /* (CYBLE_GATT_ROLE_SERVER) */
 443:Generated_Source\PSoC4/Bluetooth_gatt.c **** 
 444:Generated_Source\PSoC4/Bluetooth_gatt.c **** #if(CYBLE_GATT_ROLE_CLIENT)
 445:Generated_Source\PSoC4/Bluetooth_gatt.c ****     
 446:Generated_Source\PSoC4/Bluetooth_gatt.c **** CYBLE_CLIENT_STATE_T cyBle_clientState;
 447:Generated_Source\PSoC4/Bluetooth_gatt.c **** CYBLE_GATTC_T cyBle_gattc;
 448:Generated_Source\PSoC4/Bluetooth_gatt.c **** CYBLE_GATT_ATTR_HANDLE_RANGE_T cyBle_gattcDiscoveryRange;
 449:Generated_Source\PSoC4/Bluetooth_gatt.c ****     
 450:Generated_Source\PSoC4/Bluetooth_gatt.c **** #endif /* (CYBLE_GATT_ROLE_CLIENT) */
 451:Generated_Source\PSoC4/Bluetooth_gatt.c **** 
 452:Generated_Source\PSoC4/Bluetooth_gatt.c **** 
 453:Generated_Source\PSoC4/Bluetooth_gatt.c **** #if(CYBLE_GATT_ROLE_SERVER)
 454:Generated_Source\PSoC4/Bluetooth_gatt.c **** 
 455:Generated_Source\PSoC4/Bluetooth_gatt.c **** /****************************************************************************** 
 456:Generated_Source\PSoC4/Bluetooth_gatt.c **** * Function Name: CyBle_GattsReInitGattDb
 457:Generated_Source\PSoC4/Bluetooth_gatt.c **** ***************************************************************************//**
 458:Generated_Source\PSoC4/Bluetooth_gatt.c **** * 
 459:Generated_Source\PSoC4/Bluetooth_gatt.c **** *  Reinitializes the GATT database.
 460:Generated_Source\PSoC4/Bluetooth_gatt.c **** * 
 461:Generated_Source\PSoC4/Bluetooth_gatt.c **** *  \return
 462:Generated_Source\PSoC4/Bluetooth_gatt.c **** *  CYBLE_API_RESULT_T: A function result states if it succeeded or failed with
 463:Generated_Source\PSoC4/Bluetooth_gatt.c **** *  error codes:
 464:Generated_Source\PSoC4/Bluetooth_gatt.c **** 
 465:Generated_Source\PSoC4/Bluetooth_gatt.c **** *  Errors codes                          | Description
 466:Generated_Source\PSoC4/Bluetooth_gatt.c **** *  ------------                          | -----------
 467:Generated_Source\PSoC4/Bluetooth_gatt.c **** *  CYBLE_ERROR_OK						 | GATT database was reinitialized successfully.
 468:Generated_Source\PSoC4/Bluetooth_gatt.c **** *  CYBLE_ERROR_INVALID_STATE             | If the function is called in any state except CYBLE_STAT
 469:Generated_Source\PSoC4/Bluetooth_gatt.c **** *  CYBLE_ERROR_INVALID_PARAMETER         | If the Database has zero entries or is a NULL pointer.
 470:Generated_Source\PSoC4/Bluetooth_gatt.c **** * 
 471:Generated_Source\PSoC4/Bluetooth_gatt.c **** ******************************************************************************/
 472:Generated_Source\PSoC4/Bluetooth_gatt.c **** CYBLE_API_RESULT_T CyBle_GattsReInitGattDb(void)
 473:Generated_Source\PSoC4/Bluetooth_gatt.c **** {
  28              		.loc 1 473 0
  29              		.cfi_startproc
  30              		@ args = 0, pretend = 0, frame = 0
  31              		@ frame_needed = 0, uses_anonymous_args = 0
  32 0000 10B5     		push	{r4, lr}
  33              		.cfi_def_cfa_offset 8
  34              		.cfi_offset 4, -8
  35              		.cfi_offset 14, -4
 474:Generated_Source\PSoC4/Bluetooth_gatt.c ****     CYBLE_API_RESULT_T apiResult;
 475:Generated_Source\PSoC4/Bluetooth_gatt.c ****     
 476:Generated_Source\PSoC4/Bluetooth_gatt.c ****     if(CyBle_GetState() == CYBLE_STATE_DISCONNECTED)
  36              		.loc 1 476 0
  37 0002 064B     		ldr	r3, .L4
ARM GAS  C:\Users\ARTEM\AppData\Local\Temp\ccxzkR0X.s 			page 10


  38 0004 1B78     		ldrb	r3, [r3]
  39 0006 042B     		cmp	r3, #4
  40 0008 05D1     		bne	.L3
 477:Generated_Source\PSoC4/Bluetooth_gatt.c ****     {
 478:Generated_Source\PSoC4/Bluetooth_gatt.c ****         apiResult = CyBle_GattsDbRegister(cyBle_gattDB, CYBLE_GATT_DB_INDEX_COUNT, CYBLE_GATT_DB_MA
  41              		.loc 1 478 0
  42 000a 1222     		movs	r2, #18
  43 000c 4921     		movs	r1, #73
  44 000e 0448     		ldr	r0, .L4+4
  45 0010 FFF7FEFF 		bl	CyBle_GattsDbRegister
  46              	.LVL0:
  47 0014 01E0     		b	.L2
  48              	.LVL1:
  49              	.L3:
 479:Generated_Source\PSoC4/Bluetooth_gatt.c ****     }
 480:Generated_Source\PSoC4/Bluetooth_gatt.c ****     else
 481:Generated_Source\PSoC4/Bluetooth_gatt.c ****     {
 482:Generated_Source\PSoC4/Bluetooth_gatt.c ****         apiResult = CYBLE_ERROR_INVALID_STATE;
  50              		.loc 1 482 0
  51 0016 0420     		movs	r0, #4
  52 0018 FF30     		adds	r0, r0, #255
  53              	.L2:
  54              	.LVL2:
 483:Generated_Source\PSoC4/Bluetooth_gatt.c ****     }
 484:Generated_Source\PSoC4/Bluetooth_gatt.c ****     
 485:Generated_Source\PSoC4/Bluetooth_gatt.c ****     return(apiResult);
 486:Generated_Source\PSoC4/Bluetooth_gatt.c **** }
  55              		.loc 1 486 0
  56              		@ sp needed
  57 001a 10BD     		pop	{r4, pc}
  58              	.L5:
  59              		.align	2
  60              	.L4:
  61 001c 00000000 		.word	cyBle_state
  62 0020 00000000 		.word	.LANCHOR0
  63              		.cfi_endproc
  64              	.LFE2:
  65              		.size	CyBle_GattsReInitGattDb, .-CyBle_GattsReInitGattDb
  66              		.section	.text.CyBle_GattsWriteEventHandler,"ax",%progbits
  67              		.align	2
  68              		.global	CyBle_GattsWriteEventHandler
  69              		.code	16
  70              		.thumb_func
  71              		.type	CyBle_GattsWriteEventHandler, %function
  72              	CyBle_GattsWriteEventHandler:
  73              	.LFB3:
 487:Generated_Source\PSoC4/Bluetooth_gatt.c **** 
 488:Generated_Source\PSoC4/Bluetooth_gatt.c **** 
 489:Generated_Source\PSoC4/Bluetooth_gatt.c **** /****************************************************************************** 
 490:Generated_Source\PSoC4/Bluetooth_gatt.c **** * Function Name: CyBle_GattsWriteEventHandler
 491:Generated_Source\PSoC4/Bluetooth_gatt.c **** ***************************************************************************//**
 492:Generated_Source\PSoC4/Bluetooth_gatt.c **** * 
 493:Generated_Source\PSoC4/Bluetooth_gatt.c **** *  Handles the Write Request Event for GATT service.
 494:Generated_Source\PSoC4/Bluetooth_gatt.c **** * 
 495:Generated_Source\PSoC4/Bluetooth_gatt.c **** *  \param eventParam: The pointer to the data structure specified by the event.
 496:Generated_Source\PSoC4/Bluetooth_gatt.c **** * 
 497:Generated_Source\PSoC4/Bluetooth_gatt.c **** *  \return
ARM GAS  C:\Users\ARTEM\AppData\Local\Temp\ccxzkR0X.s 			page 11


 498:Generated_Source\PSoC4/Bluetooth_gatt.c **** *  CYBLE_GATT_ERR_CODE_T: A function returns one of the following status 
 499:Generated_Source\PSoC4/Bluetooth_gatt.c **** *  values.
 500:Generated_Source\PSoC4/Bluetooth_gatt.c **** 
 501:Generated_Source\PSoC4/Bluetooth_gatt.c **** *  Errors codes                          | Description
 502:Generated_Source\PSoC4/Bluetooth_gatt.c **** *  --------------------                  | -----------
 503:Generated_Source\PSoC4/Bluetooth_gatt.c **** *  CYBLE_GATT_ERR_NONE                   | Write is successful.
 504:Generated_Source\PSoC4/Bluetooth_gatt.c **** * 
 505:Generated_Source\PSoC4/Bluetooth_gatt.c **** ******************************************************************************/
 506:Generated_Source\PSoC4/Bluetooth_gatt.c **** CYBLE_GATT_ERR_CODE_T CyBle_GattsWriteEventHandler(CYBLE_GATTS_WRITE_REQ_PARAM_T *eventParam)
 507:Generated_Source\PSoC4/Bluetooth_gatt.c **** {
  74              		.loc 1 507 0
  75              		.cfi_startproc
  76              		@ args = 0, pretend = 0, frame = 0
  77              		@ frame_needed = 0, uses_anonymous_args = 0
  78              	.LVL3:
  79 0000 70B5     		push	{r4, r5, r6, lr}
  80              		.cfi_def_cfa_offset 16
  81              		.cfi_offset 4, -16
  82              		.cfi_offset 5, -12
  83              		.cfi_offset 6, -8
  84              		.cfi_offset 14, -4
  85 0002 0500     		movs	r5, r0
  86              	.LVL4:
 508:Generated_Source\PSoC4/Bluetooth_gatt.c ****     CYBLE_GATT_ERR_CODE_T gattErr = CYBLE_GATT_ERR_NONE;
 509:Generated_Source\PSoC4/Bluetooth_gatt.c ****     
 510:Generated_Source\PSoC4/Bluetooth_gatt.c ****     /* Client Characteristic Configuration descriptor write request */
 511:Generated_Source\PSoC4/Bluetooth_gatt.c ****     if(eventParam->handleValPair.attrHandle == cyBle_gatts.cccdHandle)
  87              		.loc 1 511 0
  88 0004 8389     		ldrh	r3, [r0, #12]
  89 0006 0F2B     		cmp	r3, #15
  90 0008 1FD1     		bne	.L10
 512:Generated_Source\PSoC4/Bluetooth_gatt.c ****     {
 513:Generated_Source\PSoC4/Bluetooth_gatt.c ****         /* Store value to database */
 514:Generated_Source\PSoC4/Bluetooth_gatt.c ****         gattErr = CyBle_GattsWriteAttributeValue(&eventParam->handleValPair, 0u, 
  91              		.loc 1 514 0
  92 000a 0430     		adds	r0, r0, #4
  93              	.LVL5:
  94 000c 3133     		adds	r3, r3, #49
  95 000e 2A00     		movs	r2, r5
  96 0010 0021     		movs	r1, #0
  97 0012 FFF7FEFF 		bl	CyBle_GattsWriteAttributeValue
  98              	.LVL6:
  99 0016 041E     		subs	r4, r0, #0
 100              	.LVL7:
 515:Generated_Source\PSoC4/Bluetooth_gatt.c ****                         &eventParam->connHandle, CYBLE_GATT_DB_PEER_INITIATED);
 516:Generated_Source\PSoC4/Bluetooth_gatt.c ****         
 517:Generated_Source\PSoC4/Bluetooth_gatt.c ****         if(gattErr == CYBLE_GATT_ERR_NONE)
 101              		.loc 1 517 0
 102 0018 11D1     		bne	.L8
 518:Generated_Source\PSoC4/Bluetooth_gatt.c ****         {
 519:Generated_Source\PSoC4/Bluetooth_gatt.c ****             if(CYBLE_IS_INDICATION_ENABLED_IN_PTR(eventParam->handleValPair.value.val))
 103              		.loc 1 519 0
 104 001a 6868     		ldr	r0, [r5, #4]
 105              	.LVL8:
 106 001c FFF7FEFF 		bl	CyBle_Get16ByPtr
 107              	.LVL9:
 108 0020 8307     		lsls	r3, r0, #30
ARM GAS  C:\Users\ARTEM\AppData\Local\Temp\ccxzkR0X.s 			page 12


 109 0022 06D5     		bpl	.L9
 520:Generated_Source\PSoC4/Bluetooth_gatt.c ****             {
 521:Generated_Source\PSoC4/Bluetooth_gatt.c ****                 CyBle_ApplCallback((uint32)CYBLE_EVT_GATTS_INDICATION_ENABLED, eventParam);
 110              		.loc 1 521 0
 111 0024 0A4B     		ldr	r3, .L11
 112 0026 1B68     		ldr	r3, [r3]
 113 0028 2900     		movs	r1, r5
 114 002a 8220     		movs	r0, #130
 115 002c 4000     		lsls	r0, r0, #1
 116 002e 9847     		blx	r3
 117              	.LVL10:
 118 0030 05E0     		b	.L8
 119              	.L9:
 522:Generated_Source\PSoC4/Bluetooth_gatt.c ****             }
 523:Generated_Source\PSoC4/Bluetooth_gatt.c ****             else
 524:Generated_Source\PSoC4/Bluetooth_gatt.c ****             {
 525:Generated_Source\PSoC4/Bluetooth_gatt.c ****                 CyBle_ApplCallback((uint32)CYBLE_EVT_GATTS_INDICATION_DISABLED, eventParam);
 120              		.loc 1 525 0
 121 0032 074B     		ldr	r3, .L11
 122 0034 1B68     		ldr	r3, [r3]
 123 0036 2900     		movs	r1, r5
 124 0038 0620     		movs	r0, #6
 125 003a FF30     		adds	r0, r0, #255
 126 003c 9847     		blx	r3
 127              	.LVL11:
 128              	.L8:
 526:Generated_Source\PSoC4/Bluetooth_gatt.c ****             }
 527:Generated_Source\PSoC4/Bluetooth_gatt.c ****         }
 528:Generated_Source\PSoC4/Bluetooth_gatt.c ****         cyBle_eventHandlerFlag &= (uint8)~CYBLE_CALLBACK;
 129              		.loc 1 528 0
 130 003e 054A     		ldr	r2, .L11+4
 131 0040 1378     		ldrb	r3, [r2]
 132 0042 0121     		movs	r1, #1
 133 0044 8B43     		bics	r3, r1
 134 0046 1370     		strb	r3, [r2]
 135 0048 00E0     		b	.L7
 136              	.LVL12:
 137              	.L10:
 508:Generated_Source\PSoC4/Bluetooth_gatt.c ****     
 138              		.loc 1 508 0
 139 004a 0024     		movs	r4, #0
 140              	.LVL13:
 141              	.L7:
 529:Generated_Source\PSoC4/Bluetooth_gatt.c ****     }
 530:Generated_Source\PSoC4/Bluetooth_gatt.c ****     return (gattErr);
 531:Generated_Source\PSoC4/Bluetooth_gatt.c **** }
 142              		.loc 1 531 0
 143 004c 2000     		movs	r0, r4
 144              		@ sp needed
 145              	.LVL14:
 146              	.LVL15:
 147 004e 70BD     		pop	{r4, r5, r6, pc}
 148              	.L12:
 149              		.align	2
 150              	.L11:
 151 0050 00000000 		.word	CyBle_ApplCallback
 152 0054 00000000 		.word	cyBle_eventHandlerFlag
ARM GAS  C:\Users\ARTEM\AppData\Local\Temp\ccxzkR0X.s 			page 13


 153              		.cfi_endproc
 154              	.LFE3:
 155              		.size	CyBle_GattsWriteEventHandler, .-CyBle_GattsWriteEventHandler
 156              		.global	cyBle_gattDB
 157              		.global	cyBle_attValuesLen
 158              		.comm	cyBle_attValuesCCCD,16,4
 159              		.global	cyBle_gatts
 160              		.global	cyBle_flashStorage
 161              		.comm	cyBle_state,1,1
 162              		.section	.rodata
 163              		.align	2
 164              		.set	.LANCHOR0,. + 0
 165              		.type	cyBle_gattDB, %object
 166              		.size	cyBle_gattDB, 1460
 167              	cyBle_gattDB:
 168 0000 0100     		.short	1
 169 0002 0028     		.short	10240
 170 0004 01000000 		.word	1
 171 0008 0B00     		.short	11
 172 000a 0000     		.space	2
 173 000c 0018     		.short	6144
 174 000e 0000     		.space	2
 175 0010 00000000 		.word	0
 176 0014 0200     		.short	2
 177 0016 0328     		.short	10243
 178 0018 01000200 		.word	131073
 179 001c 0300     		.short	3
 180 001e 0000     		.space	2
 181 0020 002A     		.short	10752
 182 0022 0000     		.space	2
 183 0024 00000000 		.word	0
 184 0028 0300     		.short	3
 185 002a 002A     		.short	10752
 186 002c 01000201 		.word	16908289
 187 0030 0300     		.short	3
 188 0032 0000     		.space	2
 189 0034 0900     		.short	9
 190 0036 0000     		.space	2
 191 0038 00000000 		.word	cyBle_attValuesLen
 192 003c 0400     		.short	4
 193 003e 0328     		.short	10243
 194 0040 01000200 		.word	131073
 195 0044 0500     		.short	5
 196 0046 0000     		.space	2
 197 0048 012A     		.short	10753
 198 004a 0000     		.space	2
 199 004c 00000000 		.word	0
 200 0050 0500     		.short	5
 201 0052 012A     		.short	10753
 202 0054 01000201 		.word	16908289
 203 0058 0500     		.short	5
 204 005a 0000     		.space	2
 205 005c 0200     		.short	2
 206 005e 0000     		.space	2
 207 0060 08000000 		.word	cyBle_attValuesLen+8
 208 0064 0600     		.short	6
 209 0066 0328     		.short	10243
ARM GAS  C:\Users\ARTEM\AppData\Local\Temp\ccxzkR0X.s 			page 14


 210 0068 01000200 		.word	131073
 211 006c 0700     		.short	7
 212 006e 0000     		.space	2
 213 0070 042A     		.short	10756
 214 0072 0000     		.space	2
 215 0074 00000000 		.word	0
 216 0078 0700     		.short	7
 217 007a 042A     		.short	10756
 218 007c 01000201 		.word	16908289
 219 0080 0700     		.short	7
 220 0082 0000     		.space	2
 221 0084 0800     		.short	8
 222 0086 0000     		.space	2
 223 0088 10000000 		.word	cyBle_attValuesLen+16
 224 008c 0800     		.short	8
 225 008e 0328     		.short	10243
 226 0090 01000200 		.word	131073
 227 0094 0900     		.short	9
 228 0096 0000     		.space	2
 229 0098 A62A     		.short	10918
 230 009a 0000     		.space	2
 231 009c 00000000 		.word	0
 232 00a0 0900     		.short	9
 233 00a2 A62A     		.short	10918
 234 00a4 01000201 		.word	16908289
 235 00a8 0900     		.short	9
 236 00aa 0000     		.space	2
 237 00ac 0100     		.short	1
 238 00ae 0000     		.space	2
 239 00b0 18000000 		.word	cyBle_attValuesLen+24
 240 00b4 0A00     		.short	10
 241 00b6 0328     		.short	10243
 242 00b8 01000200 		.word	131073
 243 00bc 0B00     		.short	11
 244 00be 0000     		.space	2
 245 00c0 C92A     		.short	10953
 246 00c2 0000     		.space	2
 247 00c4 00000000 		.word	0
 248 00c8 0B00     		.short	11
 249 00ca C92A     		.short	10953
 250 00cc 01000201 		.word	16908289
 251 00d0 0B00     		.short	11
 252 00d2 0000     		.space	2
 253 00d4 0100     		.short	1
 254 00d6 0000     		.space	2
 255 00d8 20000000 		.word	cyBle_attValuesLen+32
 256 00dc 0C00     		.short	12
 257 00de 0028     		.short	10240
 258 00e0 01000000 		.word	1
 259 00e4 0F00     		.short	15
 260 00e6 0000     		.space	2
 261 00e8 0118     		.short	6145
 262 00ea 0000     		.space	2
 263 00ec 00000000 		.word	0
 264 00f0 0D00     		.short	13
 265 00f2 0328     		.short	10243
 266 00f4 01002000 		.word	2097153
ARM GAS  C:\Users\ARTEM\AppData\Local\Temp\ccxzkR0X.s 			page 15


 267 00f8 0F00     		.short	15
 268 00fa 0000     		.space	2
 269 00fc 052A     		.short	10757
 270 00fe 0000     		.space	2
 271 0100 00000000 		.word	0
 272 0104 0E00     		.short	14
 273 0106 052A     		.short	10757
 274 0108 00002001 		.word	18874368
 275 010c 0F00     		.short	15
 276 010e 0000     		.space	2
 277 0110 0400     		.short	4
 278 0112 0000     		.space	2
 279 0114 28000000 		.word	cyBle_attValuesLen+40
 280 0118 0F00     		.short	15
 281 011a 0229     		.short	10498
 282 011c 01010A01 		.word	17432833
 283 0120 0F00     		.short	15
 284 0122 0000     		.space	2
 285 0124 0200     		.short	2
 286 0126 0000     		.space	2
 287 0128 30000000 		.word	cyBle_attValuesLen+48
 288 012c 1000     		.short	16
 289 012e 0028     		.short	10240
 290 0130 01000000 		.word	1
 291 0134 4900     		.short	73
 292 0136 0000     		.space	2
 293 0138 1518     		.short	6165
 294 013a 0000     		.space	2
 295 013c 00000000 		.word	0
 296 0140 1100     		.short	17
 297 0142 0328     		.short	10243
 298 0144 01000A00 		.word	655361
 299 0148 1900     		.short	25
 300 014a 0000     		.space	2
 301 014c 582A     		.short	10840
 302 014e 0000     		.space	2
 303 0150 00000000 		.word	0
 304 0154 1200     		.short	18
 305 0156 582A     		.short	10840
 306 0158 01010A01 		.word	17432833
 307 015c 1900     		.short	25
 308 015e 0000     		.space	2
 309 0160 0200     		.short	2
 310 0162 0000     		.space	2
 311 0164 38000000 		.word	cyBle_attValuesLen+56
 312 0168 1300     		.short	19
 313 016a 0229     		.short	10498
 314 016c 01010A01 		.word	17432833
 315 0170 1300     		.short	19
 316 0172 0000     		.space	2
 317 0174 0200     		.short	2
 318 0176 0000     		.space	2
 319 0178 40000000 		.word	cyBle_attValuesLen+64
 320 017c 1400     		.short	20
 321 017e 0429     		.short	10500
 322 0180 01000201 		.word	16908289
 323 0184 1400     		.short	20
ARM GAS  C:\Users\ARTEM\AppData\Local\Temp\ccxzkR0X.s 			page 16


 324 0186 0000     		.space	2
 325 0188 0700     		.short	7
 326 018a 0000     		.space	2
 327 018c 48000000 		.word	cyBle_attValuesLen+72
 328 0190 1500     		.short	21
 329 0192 0129     		.short	10497
 330 0194 01000201 		.word	16908289
 331 0198 1500     		.short	21
 332 019a 0000     		.space	2
 333 019c 1000     		.short	16
 334 019e 0000     		.space	2
 335 01a0 50000000 		.word	cyBle_attValuesLen+80
 336 01a4 1600     		.short	22
 337 01a6 0029     		.short	10496
 338 01a8 01000201 		.word	16908289
 339 01ac 1600     		.short	22
 340 01ae 0000     		.space	2
 341 01b0 0200     		.short	2
 342 01b2 0000     		.space	2
 343 01b4 58000000 		.word	cyBle_attValuesLen+88
 344 01b8 1700     		.short	23
 345 01ba 0A29     		.short	10506
 346 01bc 01010A01 		.word	17432833
 347 01c0 1700     		.short	23
 348 01c2 0000     		.space	2
 349 01c4 0500     		.short	5
 350 01c6 0000     		.space	2
 351 01c8 60000000 		.word	cyBle_attValuesLen+96
 352 01cc 1800     		.short	24
 353 01ce 0E29     		.short	10510
 354 01d0 01010A01 		.word	17432833
 355 01d4 1800     		.short	24
 356 01d6 0000     		.space	2
 357 01d8 0400     		.short	4
 358 01da 0000     		.space	2
 359 01dc 68000000 		.word	cyBle_attValuesLen+104
 360 01e0 1900     		.short	25
 361 01e2 0629     		.short	10502
 362 01e4 01000201 		.word	16908289
 363 01e8 1900     		.short	25
 364 01ea 0000     		.space	2
 365 01ec 0400     		.short	4
 366 01ee 0000     		.space	2
 367 01f0 70000000 		.word	cyBle_attValuesLen+112
 368 01f4 1A00     		.short	26
 369 01f6 0328     		.short	10243
 370 01f8 01000A00 		.word	655361
 371 01fc 2200     		.short	34
 372 01fe 0000     		.space	2
 373 0200 592A     		.short	10841
 374 0202 0000     		.space	2
 375 0204 00000000 		.word	0
 376 0208 1B00     		.short	27
 377 020a 592A     		.short	10841
 378 020c 01010A01 		.word	17432833
 379 0210 2200     		.short	34
 380 0212 0000     		.space	2
ARM GAS  C:\Users\ARTEM\AppData\Local\Temp\ccxzkR0X.s 			page 17


 381 0214 0200     		.short	2
 382 0216 0000     		.space	2
 383 0218 78000000 		.word	cyBle_attValuesLen+120
 384 021c 1C00     		.short	28
 385 021e 0229     		.short	10498
 386 0220 01010A01 		.word	17432833
 387 0224 1C00     		.short	28
 388 0226 0000     		.space	2
 389 0228 0200     		.short	2
 390 022a 0000     		.space	2
 391 022c 80000000 		.word	cyBle_attValuesLen+128
 392 0230 1D00     		.short	29
 393 0232 0429     		.short	10500
 394 0234 01000201 		.word	16908289
 395 0238 1D00     		.short	29
 396 023a 0000     		.space	2
 397 023c 0700     		.short	7
 398 023e 0000     		.space	2
 399 0240 88000000 		.word	cyBle_attValuesLen+136
 400 0244 1E00     		.short	30
 401 0246 0129     		.short	10497
 402 0248 01000201 		.word	16908289
 403 024c 1E00     		.short	30
 404 024e 0000     		.space	2
 405 0250 1100     		.short	17
 406 0252 0000     		.space	2
 407 0254 90000000 		.word	cyBle_attValuesLen+144
 408 0258 1F00     		.short	31
 409 025a 0029     		.short	10496
 410 025c 01000201 		.word	16908289
 411 0260 1F00     		.short	31
 412 0262 0000     		.space	2
 413 0264 0200     		.short	2
 414 0266 0000     		.space	2
 415 0268 98000000 		.word	cyBle_attValuesLen+152
 416 026c 2000     		.short	32
 417 026e 0A29     		.short	10506
 418 0270 01010A01 		.word	17432833
 419 0274 2000     		.short	32
 420 0276 0000     		.space	2
 421 0278 0500     		.short	5
 422 027a 0000     		.space	2
 423 027c A0000000 		.word	cyBle_attValuesLen+160
 424 0280 2100     		.short	33
 425 0282 0E29     		.short	10510
 426 0284 01010A01 		.word	17432833
 427 0288 2100     		.short	33
 428 028a 0000     		.space	2
 429 028c 0400     		.short	4
 430 028e 0000     		.space	2
 431 0290 A8000000 		.word	cyBle_attValuesLen+168
 432 0294 2200     		.short	34
 433 0296 0629     		.short	10502
 434 0298 01000201 		.word	16908289
 435 029c 2200     		.short	34
 436 029e 0000     		.space	2
 437 02a0 0400     		.short	4
ARM GAS  C:\Users\ARTEM\AppData\Local\Temp\ccxzkR0X.s 			page 18


 438 02a2 0000     		.space	2
 439 02a4 B0000000 		.word	cyBle_attValuesLen+176
 440 02a8 2300     		.short	35
 441 02aa 0328     		.short	10243
 442 02ac 01000A00 		.word	655361
 443 02b0 2B00     		.short	43
 444 02b2 0000     		.space	2
 445 02b4 5A2A     		.short	10842
 446 02b6 0000     		.space	2
 447 02b8 00000000 		.word	0
 448 02bc 2400     		.short	36
 449 02be 5A2A     		.short	10842
 450 02c0 01010A01 		.word	17432833
 451 02c4 2B00     		.short	43
 452 02c6 0000     		.space	2
 453 02c8 0200     		.short	2
 454 02ca 0000     		.space	2
 455 02cc B8000000 		.word	cyBle_attValuesLen+184
 456 02d0 2500     		.short	37
 457 02d2 0229     		.short	10498
 458 02d4 01010A01 		.word	17432833
 459 02d8 2500     		.short	37
 460 02da 0000     		.space	2
 461 02dc 0200     		.short	2
 462 02de 0000     		.space	2
 463 02e0 C0000000 		.word	cyBle_attValuesLen+192
 464 02e4 2600     		.short	38
 465 02e6 0429     		.short	10500
 466 02e8 01000201 		.word	16908289
 467 02ec 2600     		.short	38
 468 02ee 0000     		.space	2
 469 02f0 0700     		.short	7
 470 02f2 0000     		.space	2
 471 02f4 C8000000 		.word	cyBle_attValuesLen+200
 472 02f8 2700     		.short	39
 473 02fa 0129     		.short	10497
 474 02fc 01000201 		.word	16908289
 475 0300 2700     		.short	39
 476 0302 0000     		.space	2
 477 0304 0F00     		.short	15
 478 0306 0000     		.space	2
 479 0308 D0000000 		.word	cyBle_attValuesLen+208
 480 030c 2800     		.short	40
 481 030e 0029     		.short	10496
 482 0310 01000201 		.word	16908289
 483 0314 2800     		.short	40
 484 0316 0000     		.space	2
 485 0318 0200     		.short	2
 486 031a 0000     		.space	2
 487 031c D8000000 		.word	cyBle_attValuesLen+216
 488 0320 2900     		.short	41
 489 0322 0A29     		.short	10506
 490 0324 01010A01 		.word	17432833
 491 0328 2900     		.short	41
 492 032a 0000     		.space	2
 493 032c 0500     		.short	5
 494 032e 0000     		.space	2
ARM GAS  C:\Users\ARTEM\AppData\Local\Temp\ccxzkR0X.s 			page 19


 495 0330 E0000000 		.word	cyBle_attValuesLen+224
 496 0334 2A00     		.short	42
 497 0336 0E29     		.short	10510
 498 0338 01010A01 		.word	17432833
 499 033c 2A00     		.short	42
 500 033e 0000     		.space	2
 501 0340 0400     		.short	4
 502 0342 0000     		.space	2
 503 0344 E8000000 		.word	cyBle_attValuesLen+232
 504 0348 2B00     		.short	43
 505 034a 0629     		.short	10502
 506 034c 01000201 		.word	16908289
 507 0350 2B00     		.short	43
 508 0352 0000     		.space	2
 509 0354 0400     		.short	4
 510 0356 0000     		.space	2
 511 0358 F0000000 		.word	cyBle_attValuesLen+240
 512 035c 2C00     		.short	44
 513 035e 0328     		.short	10243
 514 0360 01000A00 		.word	655361
 515 0364 3400     		.short	52
 516 0366 0000     		.space	2
 517 0368 5B2A     		.short	10843
 518 036a 0000     		.space	2
 519 036c 00000000 		.word	0
 520 0370 2D00     		.short	45
 521 0372 5B2A     		.short	10843
 522 0374 01010A01 		.word	17432833
 523 0378 3400     		.short	52
 524 037a 0000     		.space	2
 525 037c 0200     		.short	2
 526 037e 0000     		.space	2
 527 0380 F8000000 		.word	cyBle_attValuesLen+248
 528 0384 2E00     		.short	46
 529 0386 0229     		.short	10498
 530 0388 01010A01 		.word	17432833
 531 038c 2E00     		.short	46
 532 038e 0000     		.space	2
 533 0390 0200     		.short	2
 534 0392 0000     		.space	2
 535 0394 00010000 		.word	cyBle_attValuesLen+256
 536 0398 2F00     		.short	47
 537 039a 0429     		.short	10500
 538 039c 01000201 		.word	16908289
 539 03a0 2F00     		.short	47
 540 03a2 0000     		.space	2
 541 03a4 0700     		.short	7
 542 03a6 0000     		.space	2
 543 03a8 08010000 		.word	cyBle_attValuesLen+264
 544 03ac 3000     		.short	48
 545 03ae 0129     		.short	10497
 546 03b0 01000201 		.word	16908289
 547 03b4 3000     		.short	48
 548 03b6 0000     		.space	2
 549 03b8 1200     		.short	18
 550 03ba 0000     		.space	2
 551 03bc 10010000 		.word	cyBle_attValuesLen+272
ARM GAS  C:\Users\ARTEM\AppData\Local\Temp\ccxzkR0X.s 			page 20


 552 03c0 3100     		.short	49
 553 03c2 0029     		.short	10496
 554 03c4 01000201 		.word	16908289
 555 03c8 3100     		.short	49
 556 03ca 0000     		.space	2
 557 03cc 0200     		.short	2
 558 03ce 0000     		.space	2
 559 03d0 18010000 		.word	cyBle_attValuesLen+280
 560 03d4 3200     		.short	50
 561 03d6 0A29     		.short	10506
 562 03d8 01010A01 		.word	17432833
 563 03dc 3200     		.short	50
 564 03de 0000     		.space	2
 565 03e0 0500     		.short	5
 566 03e2 0000     		.space	2
 567 03e4 20010000 		.word	cyBle_attValuesLen+288
 568 03e8 3300     		.short	51
 569 03ea 0E29     		.short	10510
 570 03ec 01010A01 		.word	17432833
 571 03f0 3300     		.short	51
 572 03f2 0000     		.space	2
 573 03f4 0400     		.short	4
 574 03f6 0000     		.space	2
 575 03f8 28010000 		.word	cyBle_attValuesLen+296
 576 03fc 3400     		.short	52
 577 03fe 0629     		.short	10502
 578 0400 01000201 		.word	16908289
 579 0404 3400     		.short	52
 580 0406 0000     		.space	2
 581 0408 0400     		.short	4
 582 040a 0000     		.space	2
 583 040c 30010000 		.word	cyBle_attValuesLen+304
 584 0410 3500     		.short	53
 585 0412 0328     		.short	10243
 586 0414 01000A00 		.word	655361
 587 0418 3D00     		.short	61
 588 041a 0000     		.space	2
 589 041c 572A     		.short	10839
 590 041e 0000     		.space	2
 591 0420 00000000 		.word	0
 592 0424 3600     		.short	54
 593 0426 572A     		.short	10839
 594 0428 01010A01 		.word	17432833
 595 042c 3D00     		.short	61
 596 042e 0000     		.space	2
 597 0430 0200     		.short	2
 598 0432 0000     		.space	2
 599 0434 38010000 		.word	cyBle_attValuesLen+312
 600 0438 3700     		.short	55
 601 043a 0229     		.short	10498
 602 043c 01010A01 		.word	17432833
 603 0440 3700     		.short	55
 604 0442 0000     		.space	2
 605 0444 0200     		.short	2
 606 0446 0000     		.space	2
 607 0448 40010000 		.word	cyBle_attValuesLen+320
 608 044c 3800     		.short	56
ARM GAS  C:\Users\ARTEM\AppData\Local\Temp\ccxzkR0X.s 			page 21


 609 044e 0429     		.short	10500
 610 0450 01000201 		.word	16908289
 611 0454 3800     		.short	56
 612 0456 0000     		.space	2
 613 0458 0700     		.short	7
 614 045a 0000     		.space	2
 615 045c 48010000 		.word	cyBle_attValuesLen+328
 616 0460 3900     		.short	57
 617 0462 0129     		.short	10497
 618 0464 01000201 		.word	16908289
 619 0468 3900     		.short	57
 620 046a 0000     		.space	2
 621 046c 1100     		.short	17
 622 046e 0000     		.space	2
 623 0470 50010000 		.word	cyBle_attValuesLen+336
 624 0474 3A00     		.short	58
 625 0476 0029     		.short	10496
 626 0478 01000201 		.word	16908289
 627 047c 3A00     		.short	58
 628 047e 0000     		.space	2
 629 0480 0200     		.short	2
 630 0482 0000     		.space	2
 631 0484 58010000 		.word	cyBle_attValuesLen+344
 632 0488 3B00     		.short	59
 633 048a 0A29     		.short	10506
 634 048c 01010A01 		.word	17432833
 635 0490 3B00     		.short	59
 636 0492 0000     		.space	2
 637 0494 0500     		.short	5
 638 0496 0000     		.space	2
 639 0498 60010000 		.word	cyBle_attValuesLen+352
 640 049c 3C00     		.short	60
 641 049e 0E29     		.short	10510
 642 04a0 01010A01 		.word	17432833
 643 04a4 3C00     		.short	60
 644 04a6 0000     		.space	2
 645 04a8 0400     		.short	4
 646 04aa 0000     		.space	2
 647 04ac 68010000 		.word	cyBle_attValuesLen+360
 648 04b0 3D00     		.short	61
 649 04b2 0629     		.short	10502
 650 04b4 01000201 		.word	16908289
 651 04b8 3D00     		.short	61
 652 04ba 0000     		.space	2
 653 04bc 0400     		.short	4
 654 04be 0000     		.space	2
 655 04c0 70010000 		.word	cyBle_attValuesLen+368
 656 04c4 3E00     		.short	62
 657 04c6 0328     		.short	10243
 658 04c8 01000A00 		.word	655361
 659 04cc 4600     		.short	70
 660 04ce 0000     		.space	2
 661 04d0 562A     		.short	10838
 662 04d2 0000     		.space	2
 663 04d4 00000000 		.word	0
 664 04d8 3F00     		.short	63
 665 04da 562A     		.short	10838
ARM GAS  C:\Users\ARTEM\AppData\Local\Temp\ccxzkR0X.s 			page 22


 666 04dc 01010A01 		.word	17432833
 667 04e0 4600     		.short	70
 668 04e2 0000     		.space	2
 669 04e4 0200     		.short	2
 670 04e6 0000     		.space	2
 671 04e8 78010000 		.word	cyBle_attValuesLen+376
 672 04ec 4000     		.short	64
 673 04ee 0229     		.short	10498
 674 04f0 01010A01 		.word	17432833
 675 04f4 4000     		.short	64
 676 04f6 0000     		.space	2
 677 04f8 0200     		.short	2
 678 04fa 0000     		.space	2
 679 04fc 80010000 		.word	cyBle_attValuesLen+384
 680 0500 4100     		.short	65
 681 0502 0429     		.short	10500
 682 0504 01000201 		.word	16908289
 683 0508 4100     		.short	65
 684 050a 0000     		.space	2
 685 050c 0700     		.short	7
 686 050e 0000     		.space	2
 687 0510 88010000 		.word	cyBle_attValuesLen+392
 688 0514 4200     		.short	66
 689 0516 0129     		.short	10497
 690 0518 01000201 		.word	16908289
 691 051c 4200     		.short	66
 692 051e 0000     		.space	2
 693 0520 1000     		.short	16
 694 0522 0000     		.space	2
 695 0524 90010000 		.word	cyBle_attValuesLen+400
 696 0528 4300     		.short	67
 697 052a 0029     		.short	10496
 698 052c 01000201 		.word	16908289
 699 0530 4300     		.short	67
 700 0532 0000     		.space	2
 701 0534 0200     		.short	2
 702 0536 0000     		.space	2
 703 0538 98010000 		.word	cyBle_attValuesLen+408
 704 053c 4400     		.short	68
 705 053e 0A29     		.short	10506
 706 0540 01010A01 		.word	17432833
 707 0544 4400     		.short	68
 708 0546 0000     		.space	2
 709 0548 0500     		.short	5
 710 054a 0000     		.space	2
 711 054c A0010000 		.word	cyBle_attValuesLen+416
 712 0550 4500     		.short	69
 713 0552 0E29     		.short	10510
 714 0554 01010A01 		.word	17432833
 715 0558 4500     		.short	69
 716 055a 0000     		.space	2
 717 055c 0400     		.short	4
 718 055e 0000     		.space	2
 719 0560 A8010000 		.word	cyBle_attValuesLen+424
 720 0564 4600     		.short	70
 721 0566 0629     		.short	10502
 722 0568 01000201 		.word	16908289
ARM GAS  C:\Users\ARTEM\AppData\Local\Temp\ccxzkR0X.s 			page 23


 723 056c 4600     		.short	70
 724 056e 0000     		.space	2
 725 0570 0400     		.short	4
 726 0572 0000     		.space	2
 727 0574 B0010000 		.word	cyBle_attValuesLen+432
 728 0578 4700     		.short	71
 729 057a 0328     		.short	10243
 730 057c 01000000 		.word	1
 731 0580 4900     		.short	73
 732 0582 0000     		.space	2
 733 0584 5A2A     		.short	10842
 734 0586 0000     		.space	2
 735 0588 00000000 		.word	0
 736 058c 4800     		.short	72
 737 058e 5A2A     		.short	10842
 738 0590 00000001 		.word	16777216
 739 0594 4900     		.short	73
 740 0596 0000     		.space	2
 741 0598 0C00     		.short	12
 742 059a 0000     		.space	2
 743 059c B8010000 		.word	cyBle_attValuesLen+440
 744 05a0 4900     		.short	73
 745 05a2 0229     		.short	10498
 746 05a4 01010A01 		.word	17432833
 747 05a8 4900     		.short	73
 748 05aa 0000     		.space	2
 749 05ac 0200     		.short	2
 750 05ae 0000     		.space	2
 751 05b0 C0010000 		.word	cyBle_attValuesLen+448
 752              		.type	cyBle_gatts, %object
 753              		.size	cyBle_gatts, 6
 754              	cyBle_gatts:
 755 05b4 0C00     		.short	12
 756 05b6 0E00     		.short	14
 757 05b8 0F00     		.short	15
 758              		.data
 759              		.align	2
 760              		.type	cyBle_attValuesLen, %object
 761              		.size	cyBle_attValuesLen, 456
 762              	cyBle_attValuesLen:
 763 0000 0900     		.short	9
 764 0002 0000     		.space	2
 765 0004 C8010000 		.word	cyBle_attValues
 766 0008 0200     		.short	2
 767 000a 0000     		.space	2
 768 000c D1010000 		.word	cyBle_attValues+9
 769 0010 0800     		.short	8
 770 0012 0000     		.space	2
 771 0014 D3010000 		.word	cyBle_attValues+11
 772 0018 0100     		.short	1
 773 001a 0000     		.space	2
 774 001c DB010000 		.word	cyBle_attValues+19
 775 0020 0100     		.short	1
 776 0022 0000     		.space	2
 777 0024 DC010000 		.word	cyBle_attValues+20
 778 0028 0400     		.short	4
 779 002a 0000     		.space	2
ARM GAS  C:\Users\ARTEM\AppData\Local\Temp\ccxzkR0X.s 			page 24


 780 002c DD010000 		.word	cyBle_attValues+21
 781 0030 0200     		.short	2
 782 0032 0000     		.space	2
 783 0034 00000000 		.word	cyBle_attValuesCCCD
 784 0038 0200     		.short	2
 785 003a 0000     		.space	2
 786 003c E1010000 		.word	cyBle_attValues+25
 787 0040 0200     		.short	2
 788 0042 0000     		.space	2
 789 0044 02000000 		.word	cyBle_attValuesCCCD+2
 790 0048 0700     		.short	7
 791 004a 0000     		.space	2
 792 004c E3010000 		.word	cyBle_attValues+27
 793 0050 1000     		.short	16
 794 0052 0000     		.space	2
 795 0054 EA010000 		.word	cyBle_attValues+34
 796 0058 0200     		.short	2
 797 005a 0000     		.space	2
 798 005c FA010000 		.word	cyBle_attValues+50
 799 0060 0100     		.short	1
 800 0062 0000     		.space	2
 801 0064 FC010000 		.word	cyBle_attValues+52
 802 0068 0100     		.short	1
 803 006a 0000     		.space	2
 804 006c 01020000 		.word	cyBle_attValues+57
 805 0070 0400     		.short	4
 806 0072 0000     		.space	2
 807 0074 05020000 		.word	cyBle_attValues+61
 808 0078 0200     		.short	2
 809 007a 0000     		.space	2
 810 007c 09020000 		.word	cyBle_attValues+65
 811 0080 0200     		.short	2
 812 0082 0000     		.space	2
 813 0084 04000000 		.word	cyBle_attValuesCCCD+4
 814 0088 0700     		.short	7
 815 008a 0000     		.space	2
 816 008c 0B020000 		.word	cyBle_attValues+67
 817 0090 1100     		.short	17
 818 0092 0000     		.space	2
 819 0094 12020000 		.word	cyBle_attValues+74
 820 0098 0200     		.short	2
 821 009a 0000     		.space	2
 822 009c 23020000 		.word	cyBle_attValues+91
 823 00a0 0100     		.short	1
 824 00a2 0000     		.space	2
 825 00a4 25020000 		.word	cyBle_attValues+93
 826 00a8 0100     		.short	1
 827 00aa 0000     		.space	2
 828 00ac 2A020000 		.word	cyBle_attValues+98
 829 00b0 0400     		.short	4
 830 00b2 0000     		.space	2
 831 00b4 2E020000 		.word	cyBle_attValues+102
 832 00b8 0200     		.short	2
 833 00ba 0000     		.space	2
 834 00bc 32020000 		.word	cyBle_attValues+106
 835 00c0 0200     		.short	2
 836 00c2 0000     		.space	2
ARM GAS  C:\Users\ARTEM\AppData\Local\Temp\ccxzkR0X.s 			page 25


 837 00c4 06000000 		.word	cyBle_attValuesCCCD+6
 838 00c8 0700     		.short	7
 839 00ca 0000     		.space	2
 840 00cc 34020000 		.word	cyBle_attValues+108
 841 00d0 0F00     		.short	15
 842 00d2 0000     		.space	2
 843 00d4 3B020000 		.word	cyBle_attValues+115
 844 00d8 0200     		.short	2
 845 00da 0000     		.space	2
 846 00dc 4A020000 		.word	cyBle_attValues+130
 847 00e0 0100     		.short	1
 848 00e2 0000     		.space	2
 849 00e4 4C020000 		.word	cyBle_attValues+132
 850 00e8 0100     		.short	1
 851 00ea 0000     		.space	2
 852 00ec 51020000 		.word	cyBle_attValues+137
 853 00f0 0400     		.short	4
 854 00f2 0000     		.space	2
 855 00f4 55020000 		.word	cyBle_attValues+141
 856 00f8 0200     		.short	2
 857 00fa 0000     		.space	2
 858 00fc 59020000 		.word	cyBle_attValues+145
 859 0100 0200     		.short	2
 860 0102 0000     		.space	2
 861 0104 08000000 		.word	cyBle_attValuesCCCD+8
 862 0108 0700     		.short	7
 863 010a 0000     		.space	2
 864 010c 5B020000 		.word	cyBle_attValues+147
 865 0110 1200     		.short	18
 866 0112 0000     		.space	2
 867 0114 62020000 		.word	cyBle_attValues+154
 868 0118 0200     		.short	2
 869 011a 0000     		.space	2
 870 011c 74020000 		.word	cyBle_attValues+172
 871 0120 0100     		.short	1
 872 0122 0000     		.space	2
 873 0124 76020000 		.word	cyBle_attValues+174
 874 0128 0100     		.short	1
 875 012a 0000     		.space	2
 876 012c 7B020000 		.word	cyBle_attValues+179
 877 0130 0400     		.short	4
 878 0132 0000     		.space	2
 879 0134 7F020000 		.word	cyBle_attValues+183
 880 0138 0200     		.short	2
 881 013a 0000     		.space	2
 882 013c 83020000 		.word	cyBle_attValues+187
 883 0140 0200     		.short	2
 884 0142 0000     		.space	2
 885 0144 0A000000 		.word	cyBle_attValuesCCCD+10
 886 0148 0700     		.short	7
 887 014a 0000     		.space	2
 888 014c 85020000 		.word	cyBle_attValues+189
 889 0150 1100     		.short	17
 890 0152 0000     		.space	2
 891 0154 8C020000 		.word	cyBle_attValues+196
 892 0158 0200     		.short	2
 893 015a 0000     		.space	2
ARM GAS  C:\Users\ARTEM\AppData\Local\Temp\ccxzkR0X.s 			page 26


 894 015c 9D020000 		.word	cyBle_attValues+213
 895 0160 0100     		.short	1
 896 0162 0000     		.space	2
 897 0164 9F020000 		.word	cyBle_attValues+215
 898 0168 0100     		.short	1
 899 016a 0000     		.space	2
 900 016c A4020000 		.word	cyBle_attValues+220
 901 0170 0400     		.short	4
 902 0172 0000     		.space	2
 903 0174 A8020000 		.word	cyBle_attValues+224
 904 0178 0200     		.short	2
 905 017a 0000     		.space	2
 906 017c AC020000 		.word	cyBle_attValues+228
 907 0180 0200     		.short	2
 908 0182 0000     		.space	2
 909 0184 0C000000 		.word	cyBle_attValuesCCCD+12
 910 0188 0700     		.short	7
 911 018a 0000     		.space	2
 912 018c AE020000 		.word	cyBle_attValues+230
 913 0190 1000     		.short	16
 914 0192 0000     		.space	2
 915 0194 B5020000 		.word	cyBle_attValues+237
 916 0198 0200     		.short	2
 917 019a 0000     		.space	2
 918 019c C5020000 		.word	cyBle_attValues+253
 919 01a0 0100     		.short	1
 920 01a2 0000     		.space	2
 921 01a4 C7020000 		.word	cyBle_attValues+255
 922 01a8 0100     		.short	1
 923 01aa 0000     		.space	2
 924 01ac CC020000 		.word	cyBle_attValues+260
 925 01b0 0400     		.short	4
 926 01b2 0000     		.space	2
 927 01b4 D0020000 		.word	cyBle_attValues+264
 928 01b8 0C00     		.short	12
 929 01ba 0000     		.space	2
 930 01bc D4020000 		.word	cyBle_attValues+268
 931 01c0 0200     		.short	2
 932 01c2 0000     		.space	2
 933 01c4 0E000000 		.word	cyBle_attValuesCCCD+14
 934              		.type	cyBle_attValues, %object
 935              		.size	cyBle_attValues, 280
 936              	cyBle_attValues:
 937 01c8 43       		.byte	67
 938 01c9 79       		.byte	121
 939 01ca 62       		.byte	98
 940 01cb 65       		.byte	101
 941 01cc 72       		.byte	114
 942 01cd 50       		.byte	80
 943 01ce 6F       		.byte	111
 944 01cf 6E       		.byte	110
 945 01d0 67       		.byte	103
 946 01d1 00       		.byte	0
 947 01d2 00       		.byte	0
 948 01d3 06       		.byte	6
 949 01d4 00       		.byte	0
 950 01d5 28       		.byte	40
ARM GAS  C:\Users\ARTEM\AppData\Local\Temp\ccxzkR0X.s 			page 27


 951 01d6 00       		.byte	0
 952 01d7 00       		.byte	0
 953 01d8 00       		.byte	0
 954 01d9 E8       		.byte	-24
 955 01da 03       		.byte	3
 956 01db 00       		.byte	0
 957 01dc 00       		.byte	0
 958 01dd 00       		.byte	0
 959 01de 00       		.byte	0
 960 01df 00       		.byte	0
 961 01e0 00       		.byte	0
 962 01e1 00       		.byte	0
 963 01e2 00       		.byte	0
 964 01e3 04       		.byte	4
 965 01e4 00       		.byte	0
 966 01e5 33       		.byte	51
 967 01e6 27       		.byte	39
 968 01e7 01       		.byte	1
 969 01e8 01       		.byte	1
 970 01e9 00       		.byte	0
 971 01ea 4C       		.byte	76
 972 01eb 65       		.byte	101
 973 01ec 66       		.byte	102
 974 01ed 74       		.byte	116
 975 01ee 20       		.byte	32
 976 01ef 6D       		.byte	109
 977 01f0 6F       		.byte	111
 978 01f1 74       		.byte	116
 979 01f2 6F       		.byte	111
 980 01f3 72       		.byte	114
 981 01f4 20       		.byte	32
 982 01f5 73       		.byte	115
 983 01f6 70       		.byte	112
 984 01f7 65       		.byte	101
 985 01f8 65       		.byte	101
 986 01f9 64       		.byte	100
 987 01fa 00       		.byte	0
 988 01fb 00       		.byte	0
 989 01fc 00       		.byte	0
 990 01fd 00       		.byte	0
 991 01fe 00       		.byte	0
 992 01ff 00       		.byte	0
 993 0200 00       		.byte	0
 994 0201 00       		.byte	0
 995 0202 00       		.byte	0
 996 0203 00       		.byte	0
 997 0204 00       		.byte	0
 998 0205 00       		.byte	0
 999 0206 00       		.byte	0
 1000 0207 FF       		.byte	-1
 1001 0208 FF       		.byte	-1
 1002 0209 00       		.byte	0
 1003 020a 00       		.byte	0
 1004 020b 04       		.byte	4
 1005 020c 00       		.byte	0
 1006 020d 33       		.byte	51
 1007 020e 27       		.byte	39
ARM GAS  C:\Users\ARTEM\AppData\Local\Temp\ccxzkR0X.s 			page 28


 1008 020f 01       		.byte	1
 1009 0210 01       		.byte	1
 1010 0211 00       		.byte	0
 1011 0212 52       		.byte	82
 1012 0213 69       		.byte	105
 1013 0214 67       		.byte	103
 1014 0215 68       		.byte	104
 1015 0216 74       		.byte	116
 1016 0217 20       		.byte	32
 1017 0218 6D       		.byte	109
 1018 0219 6F       		.byte	111
 1019 021a 74       		.byte	116
 1020 021b 6F       		.byte	111
 1021 021c 72       		.byte	114
 1022 021d 20       		.byte	32
 1023 021e 73       		.byte	115
 1024 021f 70       		.byte	112
 1025 0220 65       		.byte	101
 1026 0221 65       		.byte	101
 1027 0222 64       		.byte	100
 1028 0223 00       		.byte	0
 1029 0224 00       		.byte	0
 1030 0225 00       		.byte	0
 1031 0226 00       		.byte	0
 1032 0227 00       		.byte	0
 1033 0228 00       		.byte	0
 1034 0229 00       		.byte	0
 1035 022a 00       		.byte	0
 1036 022b 00       		.byte	0
 1037 022c 00       		.byte	0
 1038 022d 00       		.byte	0
 1039 022e 00       		.byte	0
 1040 022f 00       		.byte	0
 1041 0230 FF       		.byte	-1
 1042 0231 FF       		.byte	-1
 1043 0232 00       		.byte	0
 1044 0233 00       		.byte	0
 1045 0234 04       		.byte	4
 1046 0235 00       		.byte	0
 1047 0236 33       		.byte	51
 1048 0237 27       		.byte	39
 1049 0238 01       		.byte	1
 1050 0239 01       		.byte	1
 1051 023a 00       		.byte	0
 1052 023b 54       		.byte	84
 1053 023c 6F       		.byte	111
 1054 023d 70       		.byte	112
 1055 023e 20       		.byte	32
 1056 023f 6D       		.byte	109
 1057 0240 6F       		.byte	111
 1058 0241 74       		.byte	116
 1059 0242 6F       		.byte	111
 1060 0243 72       		.byte	114
 1061 0244 20       		.byte	32
 1062 0245 73       		.byte	115
 1063 0246 70       		.byte	112
 1064 0247 65       		.byte	101
ARM GAS  C:\Users\ARTEM\AppData\Local\Temp\ccxzkR0X.s 			page 29


 1065 0248 65       		.byte	101
 1066 0249 64       		.byte	100
 1067 024a 00       		.byte	0
 1068 024b 00       		.byte	0
 1069 024c 00       		.byte	0
 1070 024d 00       		.byte	0
 1071 024e 00       		.byte	0
 1072 024f 00       		.byte	0
 1073 0250 00       		.byte	0
 1074 0251 00       		.byte	0
 1075 0252 00       		.byte	0
 1076 0253 00       		.byte	0
 1077 0254 00       		.byte	0
 1078 0255 00       		.byte	0
 1079 0256 00       		.byte	0
 1080 0257 FF       		.byte	-1
 1081 0258 FF       		.byte	-1
 1082 0259 00       		.byte	0
 1083 025a 00       		.byte	0
 1084 025b 04       		.byte	4
 1085 025c 00       		.byte	0
 1086 025d 33       		.byte	51
 1087 025e 27       		.byte	39
 1088 025f 01       		.byte	1
 1089 0260 01       		.byte	1
 1090 0261 00       		.byte	0
 1091 0262 42       		.byte	66
 1092 0263 6F       		.byte	111
 1093 0264 74       		.byte	116
 1094 0265 74       		.byte	116
 1095 0266 6F       		.byte	111
 1096 0267 6D       		.byte	109
 1097 0268 20       		.byte	32
 1098 0269 6D       		.byte	109
 1099 026a 6F       		.byte	111
 1100 026b 74       		.byte	116
 1101 026c 6F       		.byte	111
 1102 026d 72       		.byte	114
 1103 026e 20       		.byte	32
 1104 026f 73       		.byte	115
 1105 0270 70       		.byte	112
 1106 0271 65       		.byte	101
 1107 0272 65       		.byte	101
 1108 0273 64       		.byte	100
 1109 0274 00       		.byte	0
 1110 0275 00       		.byte	0
 1111 0276 00       		.byte	0
 1112 0277 00       		.byte	0
 1113 0278 00       		.byte	0
 1114 0279 00       		.byte	0
 1115 027a 00       		.byte	0
 1116 027b 00       		.byte	0
 1117 027c 00       		.byte	0
 1118 027d 00       		.byte	0
 1119 027e 00       		.byte	0
 1120 027f 00       		.byte	0
 1121 0280 00       		.byte	0
ARM GAS  C:\Users\ARTEM\AppData\Local\Temp\ccxzkR0X.s 			page 30


 1122 0281 FF       		.byte	-1
 1123 0282 FF       		.byte	-1
 1124 0283 00       		.byte	0
 1125 0284 00       		.byte	0
 1126 0285 04       		.byte	4
 1127 0286 00       		.byte	0
 1128 0287 33       		.byte	51
 1129 0288 27       		.byte	39
 1130 0289 01       		.byte	1
 1131 028a 01       		.byte	1
 1132 028b 00       		.byte	0
 1133 028c 50       		.byte	80
 1134 028d 69       		.byte	105
 1135 028e 6E       		.byte	110
 1136 028f 20       		.byte	32
 1137 0290 73       		.byte	115
 1138 0291 65       		.byte	101
 1139 0292 72       		.byte	114
 1140 0293 76       		.byte	118
 1141 0294 65       		.byte	101
 1142 0295 20       		.byte	32
 1143 0296 63       		.byte	99
 1144 0297 6F       		.byte	111
 1145 0298 6E       		.byte	110
 1146 0299 74       		.byte	116
 1147 029a 72       		.byte	114
 1148 029b 6F       		.byte	111
 1149 029c 6C       		.byte	108
 1150 029d 00       		.byte	0
 1151 029e 00       		.byte	0
 1152 029f 00       		.byte	0
 1153 02a0 00       		.byte	0
 1154 02a1 00       		.byte	0
 1155 02a2 00       		.byte	0
 1156 02a3 00       		.byte	0
 1157 02a4 00       		.byte	0
 1158 02a5 00       		.byte	0
 1159 02a6 00       		.byte	0
 1160 02a7 00       		.byte	0
 1161 02a8 00       		.byte	0
 1162 02a9 00       		.byte	0
 1163 02aa 01       		.byte	1
 1164 02ab 00       		.byte	0
 1165 02ac 00       		.byte	0
 1166 02ad 00       		.byte	0
 1167 02ae 04       		.byte	4
 1168 02af 00       		.byte	0
 1169 02b0 33       		.byte	51
 1170 02b1 27       		.byte	39
 1171 02b2 01       		.byte	1
 1172 02b3 01       		.byte	1
 1173 02b4 00       		.byte	0
 1174 02b5 45       		.byte	69
 1175 02b6 6E       		.byte	110
 1176 02b7 61       		.byte	97
 1177 02b8 62       		.byte	98
 1178 02b9 6C       		.byte	108
ARM GAS  C:\Users\ARTEM\AppData\Local\Temp\ccxzkR0X.s 			page 31


 1179 02ba 65       		.byte	101
 1180 02bb 20       		.byte	32
 1181 02bc 63       		.byte	99
 1182 02bd 79       		.byte	121
 1183 02be 62       		.byte	98
 1184 02bf 65       		.byte	101
 1185 02c0 72       		.byte	114
 1186 02c1 70       		.byte	112
 1187 02c2 6F       		.byte	111
 1188 02c3 6E       		.byte	110
 1189 02c4 67       		.byte	103
 1190 02c5 00       		.byte	0
 1191 02c6 00       		.byte	0
 1192 02c7 00       		.byte	0
 1193 02c8 00       		.byte	0
 1194 02c9 00       		.byte	0
 1195 02ca 00       		.byte	0
 1196 02cb 00       		.byte	0
 1197 02cc 00       		.byte	0
 1198 02cd 00       		.byte	0
 1199 02ce 00       		.byte	0
 1200 02cf 00       		.byte	0
 1201 02d0 00       		.byte	0
 1202 02d1 00       		.byte	0
 1203 02d2 01       		.byte	1
 1204 02d3 00       		.byte	0
 1205 02d4 00       		.byte	0
 1206 02d5 00       		.byte	0
 1207 02d6 00       		.byte	0
 1208 02d7 00       		.byte	0
 1209 02d8 00       		.byte	0
 1210 02d9 00       		.byte	0
 1211 02da 00       		.byte	0
 1212 02db 00       		.byte	0
 1213 02dc 00       		.byte	0
 1214 02dd 00       		.byte	0
 1215 02de 00       		.byte	0
 1216 02df 00       		.byte	0
 1217              		.section	.cy_checksum_exclude,"a",%progbits
 1218              		.align	8
 1219              		.type	cyBle_flashStorage, %object
 1220              		.size	cyBle_flashStorage, 715
 1221              	cyBle_flashStorage:
 1222 0000 00       		.byte	0
 1223 0001 00       		.byte	0
 1224 0002 00       		.byte	0
 1225 0003 00       		.byte	0
 1226 0004 00       		.byte	0
 1227 0005 00       		.byte	0
 1228 0006 00       		.byte	0
 1229 0007 00       		.byte	0
 1230 0008 00       		.byte	0
 1231 0009 00       		.byte	0
 1232 000a 00       		.byte	0
 1233 000b 00       		.byte	0
 1234 000c 00       		.byte	0
 1235 000d 00       		.byte	0
ARM GAS  C:\Users\ARTEM\AppData\Local\Temp\ccxzkR0X.s 			page 32


 1236 000e 00       		.byte	0
 1237 000f 00       		.byte	0
 1238 0010 00       		.byte	0
 1239 0011 00       		.byte	0
 1240 0012 00       		.byte	0
 1241 0013 00       		.byte	0
 1242 0014 00       		.byte	0
 1243 0015 00       		.byte	0
 1244 0016 00       		.byte	0
 1245 0017 00       		.byte	0
 1246 0018 00       		.byte	0
 1247 0019 00       		.byte	0
 1248 001a 00       		.byte	0
 1249 001b 00       		.byte	0
 1250 001c 00       		.byte	0
 1251 001d 00       		.byte	0
 1252 001e 00       		.byte	0
 1253 001f 00       		.byte	0
 1254 0020 00       		.byte	0
 1255 0021 00       		.byte	0
 1256 0022 00       		.byte	0
 1257 0023 00       		.byte	0
 1258 0024 00       		.byte	0
 1259 0025 00       		.byte	0
 1260 0026 00       		.byte	0
 1261 0027 00       		.byte	0
 1262 0028 00       		.byte	0
 1263 0029 00       		.byte	0
 1264 002a 00       		.byte	0
 1265 002b 00       		.byte	0
 1266 002c 00       		.byte	0
 1267 002d 00       		.byte	0
 1268 002e 00       		.byte	0
 1269 002f 00       		.byte	0
 1270 0030 00       		.byte	0
 1271 0031 00       		.byte	0
 1272 0032 00       		.byte	0
 1273 0033 00       		.byte	0
 1274 0034 00       		.byte	0
 1275 0035 00       		.byte	0
 1276 0036 00       		.byte	0
 1277 0037 00       		.byte	0
 1278 0038 00       		.byte	0
 1279 0039 00       		.byte	0
 1280 003a 00       		.byte	0
 1281 003b 00       		.byte	0
 1282 003c 00       		.byte	0
 1283 003d 00       		.byte	0
 1284 003e 00       		.byte	0
 1285 003f 00       		.byte	0
 1286 0040 00       		.byte	0
 1287 0041 00       		.byte	0
 1288 0042 00       		.byte	0
 1289 0043 00       		.byte	0
 1290 0044 00       		.byte	0
 1291 0045 00       		.byte	0
 1292 0046 00       		.byte	0
ARM GAS  C:\Users\ARTEM\AppData\Local\Temp\ccxzkR0X.s 			page 33


 1293 0047 00       		.byte	0
 1294 0048 00       		.byte	0
 1295 0049 00       		.byte	0
 1296 004a 00       		.byte	0
 1297 004b 00       		.byte	0
 1298 004c 00       		.byte	0
 1299 004d 00       		.byte	0
 1300 004e 00       		.byte	0
 1301 004f 00       		.byte	0
 1302 0050 00       		.byte	0
 1303 0051 00       		.byte	0
 1304 0052 00       		.byte	0
 1305 0053 00       		.byte	0
 1306 0054 00       		.byte	0
 1307 0055 00       		.byte	0
 1308 0056 00       		.byte	0
 1309 0057 00       		.byte	0
 1310 0058 00       		.byte	0
 1311 0059 00       		.byte	0
 1312 005a 00       		.byte	0
 1313 005b 00       		.byte	0
 1314 005c 00       		.byte	0
 1315 005d 00       		.byte	0
 1316 005e 00       		.byte	0
 1317 005f 00       		.byte	0
 1318 0060 00       		.byte	0
 1319 0061 00       		.byte	0
 1320 0062 00       		.byte	0
 1321 0063 00       		.byte	0
 1322 0064 00       		.byte	0
 1323 0065 00       		.byte	0
 1324 0066 00       		.byte	0
 1325 0067 00       		.byte	0
 1326 0068 00       		.byte	0
 1327 0069 00       		.byte	0
 1328 006a 00       		.byte	0
 1329 006b 00       		.byte	0
 1330 006c 00       		.byte	0
 1331 006d 00       		.byte	0
 1332 006e 00       		.byte	0
 1333 006f 00       		.byte	0
 1334 0070 00       		.byte	0
 1335 0071 00       		.byte	0
 1336 0072 00       		.byte	0
 1337 0073 00       		.byte	0
 1338 0074 00       		.byte	0
 1339 0075 00       		.byte	0
 1340 0076 00       		.byte	0
 1341 0077 00       		.byte	0
 1342 0078 00       		.byte	0
 1343 0079 00       		.byte	0
 1344 007a 00       		.byte	0
 1345 007b 00       		.byte	0
 1346 007c 00       		.byte	0
 1347 007d 00       		.byte	0
 1348 007e 00       		.byte	0
 1349 007f 00       		.byte	0
ARM GAS  C:\Users\ARTEM\AppData\Local\Temp\ccxzkR0X.s 			page 34


 1350 0080 00       		.byte	0
 1351 0081 00       		.byte	0
 1352 0082 00       		.byte	0
 1353 0083 00       		.byte	0
 1354 0084 00       		.byte	0
 1355 0085 00       		.byte	0
 1356 0086 00       		.byte	0
 1357 0087 00       		.byte	0
 1358 0088 00       		.byte	0
 1359 0089 00       		.byte	0
 1360 008a 00       		.byte	0
 1361 008b 00       		.byte	0
 1362 008c 00       		.byte	0
 1363 008d 00       		.byte	0
 1364 008e 00       		.byte	0
 1365 008f 00       		.byte	0
 1366 0090 00       		.byte	0
 1367 0091 00       		.byte	0
 1368 0092 00       		.byte	0
 1369 0093 00       		.byte	0
 1370 0094 00       		.byte	0
 1371 0095 00       		.byte	0
 1372 0096 00       		.byte	0
 1373 0097 00       		.byte	0
 1374 0098 00       		.byte	0
 1375 0099 00       		.byte	0
 1376 009a 00       		.byte	0
 1377 009b 00       		.byte	0
 1378 009c 00       		.byte	0
 1379 009d 00       		.byte	0
 1380 009e 00       		.byte	0
 1381 009f 00       		.byte	0
 1382 00a0 00       		.byte	0
 1383 00a1 00       		.byte	0
 1384 00a2 00       		.byte	0
 1385 00a3 00       		.byte	0
 1386 00a4 00       		.byte	0
 1387 00a5 00       		.byte	0
 1388 00a6 00       		.byte	0
 1389 00a7 00       		.byte	0
 1390 00a8 00       		.byte	0
 1391 00a9 00       		.byte	0
 1392 00aa 00       		.byte	0
 1393 00ab 00       		.byte	0
 1394 00ac 00       		.byte	0
 1395 00ad 00       		.byte	0
 1396 00ae 00       		.byte	0
 1397 00af 00       		.byte	0
 1398 00b0 00       		.byte	0
 1399 00b1 00       		.byte	0
 1400 00b2 00       		.byte	0
 1401 00b3 00       		.byte	0
 1402 00b4 00       		.byte	0
 1403 00b5 00       		.byte	0
 1404 00b6 00       		.byte	0
 1405 00b7 00       		.byte	0
 1406 00b8 00       		.byte	0
ARM GAS  C:\Users\ARTEM\AppData\Local\Temp\ccxzkR0X.s 			page 35


 1407 00b9 00       		.byte	0
 1408 00ba 00       		.byte	0
 1409 00bb 00       		.byte	0
 1410 00bc 00       		.byte	0
 1411 00bd 00       		.byte	0
 1412 00be 00       		.byte	0
 1413 00bf 00       		.byte	0
 1414 00c0 00       		.byte	0
 1415 00c1 00       		.byte	0
 1416 00c2 00       		.byte	0
 1417 00c3 00       		.byte	0
 1418 00c4 00       		.byte	0
 1419 00c5 00       		.byte	0
 1420 00c6 00       		.byte	0
 1421 00c7 00       		.byte	0
 1422 00c8 00       		.byte	0
 1423 00c9 00       		.byte	0
 1424 00ca 00       		.byte	0
 1425 00cb 00       		.byte	0
 1426 00cc 00       		.byte	0
 1427 00cd 00       		.byte	0
 1428 00ce 00       		.byte	0
 1429 00cf 00       		.byte	0
 1430 00d0 00       		.byte	0
 1431 00d1 00       		.byte	0
 1432 00d2 00       		.byte	0
 1433 00d3 00       		.byte	0
 1434 00d4 00       		.byte	0
 1435 00d5 00       		.byte	0
 1436 00d6 00       		.byte	0
 1437 00d7 00       		.byte	0
 1438 00d8 00       		.byte	0
 1439 00d9 00       		.byte	0
 1440 00da 00       		.byte	0
 1441 00db 00       		.byte	0
 1442 00dc 00       		.byte	0
 1443 00dd 00       		.byte	0
 1444 00de 00       		.byte	0
 1445 00df 00       		.byte	0
 1446 00e0 00       		.byte	0
 1447 00e1 00       		.byte	0
 1448 00e2 00       		.byte	0
 1449 00e3 00       		.byte	0
 1450 00e4 00       		.byte	0
 1451 00e5 00       		.byte	0
 1452 00e6 00       		.byte	0
 1453 00e7 00       		.byte	0
 1454 00e8 00       		.byte	0
 1455 00e9 00       		.byte	0
 1456 00ea 00       		.byte	0
 1457 00eb 00       		.byte	0
 1458 00ec 00       		.byte	0
 1459 00ed 00       		.byte	0
 1460 00ee 00       		.byte	0
 1461 00ef 00       		.byte	0
 1462 00f0 00       		.byte	0
 1463 00f1 00       		.byte	0
ARM GAS  C:\Users\ARTEM\AppData\Local\Temp\ccxzkR0X.s 			page 36


 1464 00f2 00       		.byte	0
 1465 00f3 00       		.byte	0
 1466 00f4 00       		.byte	0
 1467 00f5 00       		.byte	0
 1468 00f6 00       		.byte	0
 1469 00f7 00       		.byte	0
 1470 00f8 00       		.byte	0
 1471 00f9 00       		.byte	0
 1472 00fa 00       		.byte	0
 1473 00fb 00       		.byte	0
 1474 00fc 00       		.byte	0
 1475 00fd 00       		.byte	0
 1476 00fe 00       		.byte	0
 1477 00ff 00       		.byte	0
 1478 0100 00       		.byte	0
 1479 0101 00       		.byte	0
 1480 0102 00       		.byte	0
 1481 0103 00       		.byte	0
 1482 0104 00       		.byte	0
 1483 0105 00       		.byte	0
 1484 0106 00       		.byte	0
 1485 0107 00       		.byte	0
 1486 0108 00       		.byte	0
 1487 0109 00       		.byte	0
 1488 010a 00       		.byte	0
 1489 010b 00       		.byte	0
 1490 010c 00       		.byte	0
 1491 010d 00       		.byte	0
 1492 010e 00       		.byte	0
 1493 010f 00       		.byte	0
 1494 0110 00       		.byte	0
 1495 0111 00       		.byte	0
 1496 0112 00       		.byte	0
 1497 0113 00       		.byte	0
 1498 0114 00       		.byte	0
 1499 0115 00       		.byte	0
 1500 0116 00       		.byte	0
 1501 0117 00       		.byte	0
 1502 0118 00       		.byte	0
 1503 0119 00       		.byte	0
 1504 011a 00       		.byte	0
 1505 011b 00       		.byte	0
 1506 011c 00       		.byte	0
 1507 011d 00       		.byte	0
 1508 011e 00       		.byte	0
 1509 011f 00       		.byte	0
 1510 0120 00       		.byte	0
 1511 0121 00       		.byte	0
 1512 0122 00       		.byte	0
 1513 0123 00       		.byte	0
 1514 0124 00       		.byte	0
 1515 0125 00       		.byte	0
 1516 0126 00       		.byte	0
 1517 0127 00       		.byte	0
 1518 0128 00       		.byte	0
 1519 0129 00       		.byte	0
 1520 012a 00       		.byte	0
ARM GAS  C:\Users\ARTEM\AppData\Local\Temp\ccxzkR0X.s 			page 37


 1521 012b 00       		.byte	0
 1522 012c 00       		.byte	0
 1523 012d 00       		.byte	0
 1524 012e 00       		.byte	0
 1525 012f 00       		.byte	0
 1526 0130 00       		.byte	0
 1527 0131 00       		.byte	0
 1528 0132 00       		.byte	0
 1529 0133 00       		.byte	0
 1530 0134 00       		.byte	0
 1531 0135 00       		.byte	0
 1532 0136 00       		.byte	0
 1533 0137 00       		.byte	0
 1534 0138 00       		.byte	0
 1535 0139 00       		.byte	0
 1536 013a 00       		.byte	0
 1537 013b 00       		.byte	0
 1538 013c 00       		.byte	0
 1539 013d 00       		.byte	0
 1540 013e 00       		.byte	0
 1541 013f 00       		.byte	0
 1542 0140 00       		.byte	0
 1543 0141 00       		.byte	0
 1544 0142 00       		.byte	0
 1545 0143 00       		.byte	0
 1546 0144 00       		.byte	0
 1547 0145 00       		.byte	0
 1548 0146 00       		.byte	0
 1549 0147 00       		.byte	0
 1550 0148 00       		.byte	0
 1551 0149 00       		.byte	0
 1552 014a 00       		.byte	0
 1553 014b 00       		.byte	0
 1554 014c 00       		.byte	0
 1555 014d 00       		.byte	0
 1556 014e 00       		.byte	0
 1557 014f 00       		.byte	0
 1558 0150 00       		.byte	0
 1559 0151 00       		.byte	0
 1560 0152 00       		.byte	0
 1561 0153 00       		.byte	0
 1562 0154 00       		.byte	0
 1563 0155 00       		.byte	0
 1564 0156 00       		.byte	0
 1565 0157 00       		.byte	0
 1566 0158 00       		.byte	0
 1567 0159 00       		.byte	0
 1568 015a 00       		.byte	0
 1569 015b 00       		.byte	0
 1570 015c 00       		.byte	0
 1571 015d 00       		.byte	0
 1572 015e 00       		.byte	0
 1573 015f 00       		.byte	0
 1574 0160 00       		.byte	0
 1575 0161 00       		.byte	0
 1576 0162 00       		.byte	0
 1577 0163 00       		.byte	0
ARM GAS  C:\Users\ARTEM\AppData\Local\Temp\ccxzkR0X.s 			page 38


 1578 0164 00       		.byte	0
 1579 0165 00       		.byte	0
 1580 0166 00       		.byte	0
 1581 0167 00       		.byte	0
 1582 0168 00       		.byte	0
 1583 0169 00       		.byte	0
 1584 016a 00       		.byte	0
 1585 016b 00       		.byte	0
 1586 016c 00       		.byte	0
 1587 016d 00       		.byte	0
 1588 016e 00       		.byte	0
 1589 016f 00       		.byte	0
 1590 0170 00       		.byte	0
 1591 0171 00       		.byte	0
 1592 0172 00       		.byte	0
 1593 0173 00       		.byte	0
 1594 0174 00       		.byte	0
 1595 0175 00       		.byte	0
 1596 0176 00       		.byte	0
 1597 0177 00       		.byte	0
 1598 0178 00       		.byte	0
 1599 0179 00       		.byte	0
 1600 017a 00       		.byte	0
 1601 017b 00       		.byte	0
 1602 017c 00       		.byte	0
 1603 017d 00       		.byte	0
 1604 017e 00       		.byte	0
 1605 017f 00       		.byte	0
 1606 0180 00       		.byte	0
 1607 0181 00       		.byte	0
 1608 0182 00       		.byte	0
 1609 0183 00       		.byte	0
 1610 0184 00       		.byte	0
 1611 0185 00       		.byte	0
 1612 0186 00       		.byte	0
 1613 0187 00       		.byte	0
 1614 0188 00       		.byte	0
 1615 0189 00       		.byte	0
 1616 018a 00       		.byte	0
 1617 018b 00       		.byte	0
 1618 018c 00       		.byte	0
 1619 018d 00       		.byte	0
 1620 018e 00       		.byte	0
 1621 018f 00       		.byte	0
 1622 0190 00       		.byte	0
 1623 0191 00       		.byte	0
 1624 0192 00       		.byte	0
 1625 0193 00       		.byte	0
 1626 0194 00       		.byte	0
 1627 0195 00       		.byte	0
 1628 0196 00       		.byte	0
 1629 0197 00       		.byte	0
 1630 0198 00       		.byte	0
 1631 0199 00       		.byte	0
 1632 019a 00       		.byte	0
 1633 019b 00       		.byte	0
 1634 019c 00       		.byte	0
ARM GAS  C:\Users\ARTEM\AppData\Local\Temp\ccxzkR0X.s 			page 39


 1635 019d 00       		.byte	0
 1636 019e 00       		.byte	0
 1637 019f 00       		.byte	0
 1638 01a0 00       		.byte	0
 1639 01a1 00       		.byte	0
 1640 01a2 00       		.byte	0
 1641 01a3 00       		.byte	0
 1642 01a4 00       		.byte	0
 1643 01a5 00       		.byte	0
 1644 01a6 00       		.byte	0
 1645 01a7 00       		.byte	0
 1646 01a8 00       		.byte	0
 1647 01a9 00       		.byte	0
 1648 01aa 00       		.byte	0
 1649 01ab 00       		.byte	0
 1650 01ac 00       		.byte	0
 1651 01ad 00       		.byte	0
 1652 01ae 00       		.byte	0
 1653 01af 00       		.byte	0
 1654 01b0 00       		.byte	0
 1655 01b1 00       		.byte	0
 1656 01b2 00       		.byte	0
 1657 01b3 00       		.byte	0
 1658 01b4 00       		.byte	0
 1659 01b5 00       		.byte	0
 1660 01b6 00       		.byte	0
 1661 01b7 00       		.byte	0
 1662 01b8 00       		.byte	0
 1663 01b9 00       		.byte	0
 1664 01ba 00       		.byte	0
 1665 01bb 00       		.byte	0
 1666 01bc 00       		.byte	0
 1667 01bd 00       		.byte	0
 1668 01be 00       		.byte	0
 1669 01bf 00       		.byte	0
 1670 01c0 00       		.byte	0
 1671 01c1 00       		.byte	0
 1672 01c2 00       		.byte	0
 1673 01c3 00       		.byte	0
 1674 01c4 00       		.byte	0
 1675 01c5 00       		.byte	0
 1676 01c6 00       		.byte	0
 1677 01c7 00       		.byte	0
 1678 01c8 00       		.byte	0
 1679 01c9 00       		.byte	0
 1680 01ca 00       		.byte	0
 1681 01cb 00       		.byte	0
 1682 01cc 00       		.byte	0
 1683 01cd 00       		.byte	0
 1684 01ce 00       		.byte	0
 1685 01cf 00       		.byte	0
 1686 01d0 00       		.byte	0
 1687 01d1 00       		.byte	0
 1688 01d2 00       		.byte	0
 1689 01d3 00       		.byte	0
 1690 01d4 00       		.byte	0
 1691 01d5 00       		.byte	0
ARM GAS  C:\Users\ARTEM\AppData\Local\Temp\ccxzkR0X.s 			page 40


 1692 01d6 00       		.byte	0
 1693 01d7 00       		.byte	0
 1694 01d8 00       		.byte	0
 1695 01d9 00       		.byte	0
 1696 01da 00       		.byte	0
 1697 01db 00       		.byte	0
 1698 01dc 00       		.byte	0
 1699 01dd 00       		.byte	0
 1700 01de 00       		.byte	0
 1701 01df 00       		.byte	0
 1702 01e0 00       		.byte	0
 1703 01e1 00       		.byte	0
 1704 01e2 00       		.byte	0
 1705 01e3 00       		.byte	0
 1706 01e4 00       		.byte	0
 1707 01e5 00       		.byte	0
 1708 01e6 00       		.byte	0
 1709 01e7 00       		.byte	0
 1710 01e8 00       		.byte	0
 1711 01e9 00       		.byte	0
 1712 01ea 00       		.byte	0
 1713 01eb 00       		.byte	0
 1714 01ec 00       		.byte	0
 1715 01ed 00       		.byte	0
 1716 01ee 00       		.byte	0
 1717 01ef 00       		.byte	0
 1718 01f0 00       		.byte	0
 1719 01f1 00       		.byte	0
 1720 01f2 00       		.byte	0
 1721 01f3 00       		.byte	0
 1722 01f4 00       		.byte	0
 1723 01f5 00       		.byte	0
 1724 01f6 00       		.byte	0
 1725 01f7 00       		.byte	0
 1726 01f8 00       		.byte	0
 1727 01f9 00       		.byte	0
 1728 01fa 00       		.byte	0
 1729 01fb 00       		.byte	0
 1730 01fc 00       		.byte	0
 1731 01fd 00       		.byte	0
 1732 01fe 00       		.byte	0
 1733 01ff 00       		.byte	0
 1734 0200 00       		.byte	0
 1735 0201 00       		.byte	0
 1736 0202 00       		.byte	0
 1737 0203 00       		.byte	0
 1738 0204 00       		.byte	0
 1739 0205 00       		.byte	0
 1740 0206 00       		.byte	0
 1741 0207 00       		.byte	0
 1742 0208 00       		.byte	0
 1743 0209 00       		.byte	0
 1744 020a 00       		.byte	0
 1745 020b 00       		.byte	0
 1746 020c 00       		.byte	0
 1747 020d 00       		.byte	0
 1748 020e 00       		.byte	0
ARM GAS  C:\Users\ARTEM\AppData\Local\Temp\ccxzkR0X.s 			page 41


 1749 020f 00       		.byte	0
 1750 0210 00       		.byte	0
 1751 0211 00       		.byte	0
 1752 0212 00       		.byte	0
 1753 0213 00       		.byte	0
 1754 0214 00       		.byte	0
 1755 0215 00       		.byte	0
 1756 0216 00       		.byte	0
 1757 0217 00       		.byte	0
 1758 0218 00       		.byte	0
 1759 0219 00       		.byte	0
 1760 021a 00       		.byte	0
 1761 021b 00       		.byte	0
 1762 021c 00       		.byte	0
 1763 021d 00       		.byte	0
 1764 021e 00       		.byte	0
 1765 021f 00       		.byte	0
 1766 0220 00       		.byte	0
 1767 0221 00       		.byte	0
 1768 0222 00       		.byte	0
 1769 0223 00       		.byte	0
 1770 0224 00       		.byte	0
 1771 0225 00       		.byte	0
 1772 0226 00       		.byte	0
 1773 0227 00       		.byte	0
 1774 0228 00       		.byte	0
 1775 0229 00       		.byte	0
 1776 022a 00       		.byte	0
 1777 022b 00       		.byte	0
 1778 022c 00       		.byte	0
 1779 022d 00       		.byte	0
 1780 022e 00       		.byte	0
 1781 022f 00       		.byte	0
 1782 0230 00       		.byte	0
 1783 0231 00       		.byte	0
 1784 0232 00       		.byte	0
 1785 0233 00       		.byte	0
 1786 0234 00       		.byte	0
 1787 0235 00       		.byte	0
 1788 0236 00       		.byte	0
 1789 0237 00       		.byte	0
 1790 0238 00       		.byte	0
 1791 0239 00       		.byte	0
 1792 023a 00       		.byte	0
 1793 023b 00       		.byte	0
 1794 023c 00       		.byte	0
 1795 023d 00       		.byte	0
 1796 023e 00       		.byte	0
 1797 023f 00       		.byte	0
 1798 0240 00       		.byte	0
 1799 0241 00       		.byte	0
 1800 0242 00       		.byte	0
 1801 0243 00       		.byte	0
 1802 0244 00       		.byte	0
 1803 0245 00       		.byte	0
 1804 0246 00       		.byte	0
 1805 0247 00       		.byte	0
ARM GAS  C:\Users\ARTEM\AppData\Local\Temp\ccxzkR0X.s 			page 42


 1806 0248 00       		.byte	0
 1807 0249 00       		.byte	0
 1808 024a 00       		.byte	0
 1809 024b 00       		.byte	0
 1810 024c 00       		.byte	0
 1811 024d 00       		.byte	0
 1812 024e 00       		.byte	0
 1813 024f 00       		.byte	0
 1814 0250 00       		.byte	0
 1815 0251 00       		.byte	0
 1816 0252 00       		.byte	0
 1817 0253 00       		.byte	0
 1818 0254 00       		.byte	0
 1819 0255 00       		.byte	0
 1820 0256 00       		.byte	0
 1821 0257 00       		.byte	0
 1822 0258 00       		.byte	0
 1823 0259 00       		.byte	0
 1824 025a 00       		.byte	0
 1825 025b 00       		.byte	0
 1826 025c 00       		.byte	0
 1827 025d 00       		.byte	0
 1828 025e 00       		.byte	0
 1829 025f 00       		.byte	0
 1830 0260 00       		.byte	0
 1831 0261 00       		.byte	0
 1832 0262 00       		.byte	0
 1833 0263 00       		.byte	0
 1834 0264 00       		.byte	0
 1835 0265 00       		.byte	0
 1836 0266 00       		.byte	0
 1837 0267 00       		.byte	0
 1838 0268 00       		.byte	0
 1839 0269 00       		.byte	0
 1840 026a 00       		.byte	0
 1841 026b 00       		.byte	0
 1842 026c 00       		.byte	0
 1843 026d 00       		.byte	0
 1844 026e 00       		.byte	0
 1845 026f 00       		.byte	0
 1846 0270 00       		.byte	0
 1847 0271 00       		.byte	0
 1848 0272 00       		.byte	0
 1849 0273 00       		.byte	0
 1850 0274 00       		.byte	0
 1851 0275 00       		.byte	0
 1852 0276 00       		.byte	0
 1853 0277 00       		.byte	0
 1854 0278 00       		.byte	0
 1855 0279 00       		.byte	0
 1856 027a 00       		.byte	0
 1857 027b 00       		.byte	0
 1858 027c 00       		.byte	0
 1859 027d 00       		.byte	0
 1860 027e 00       		.byte	0
 1861 027f 00       		.byte	0
 1862 0280 00       		.byte	0
ARM GAS  C:\Users\ARTEM\AppData\Local\Temp\ccxzkR0X.s 			page 43


 1863 0281 00       		.byte	0
 1864 0282 00       		.byte	0
 1865 0283 00       		.byte	0
 1866 0284 00       		.byte	0
 1867 0285 00       		.byte	0
 1868 0286 00       		.byte	0
 1869 0287 00       		.byte	0
 1870 0288 00       		.byte	0
 1871 0289 00       		.byte	0
 1872 028a 00       		.byte	0
 1873 028b 00       		.byte	0
 1874 028c 00       		.byte	0
 1875 028d 00       		.byte	0
 1876 028e 00       		.byte	0
 1877 028f 00       		.byte	0
 1878 0290 00       		.byte	0
 1879 0291 00       		.byte	0
 1880 0292 00       		.byte	0
 1881 0293 00       		.byte	0
 1882 0294 00       		.byte	0
 1883 0295 00       		.byte	0
 1884 0296 00       		.byte	0
 1885 0297 00       		.byte	0
 1886 0298 00       		.byte	0
 1887 0299 00       		.byte	0
 1888 029a 00       		.byte	0
 1889 029b 00       		.byte	0
 1890 029c 00       		.byte	0
 1891 029d 00       		.byte	0
 1892 029e 00       		.byte	0
 1893 029f 00       		.byte	0
 1894 02a0 00       		.byte	0
 1895 02a1 00       		.byte	0
 1896 02a2 00       		.byte	0
 1897 02a3 00       		.byte	0
 1898 02a4 00       		.byte	0
 1899 02a5 00       		.byte	0
 1900 02a6 00       		.byte	0
 1901 02a7 00       		.byte	0
 1902 02a8 00       		.byte	0
 1903 02a9 00       		.byte	0
 1904 02aa 00       		.byte	0
 1905 02ab 00       		.byte	0
 1906 02ac 00       		.byte	0
 1907 02ad 00       		.byte	0
 1908 02ae 00       		.byte	0
 1909 02af 00       		.byte	0
 1910 02b0 00       		.byte	0
 1911 02b1 00       		.byte	0
 1912 02b2 00       		.byte	0
 1913 02b3 00       		.byte	0
 1914 02b4 00       		.byte	0
 1915 02b5 00       		.byte	0
 1916 02b6 00       		.byte	0
 1917 02b7 00       		.byte	0
 1918 02b8 00       		.byte	0
 1919 02b9 00       		.byte	0
ARM GAS  C:\Users\ARTEM\AppData\Local\Temp\ccxzkR0X.s 			page 44


 1920 02ba 00       		.byte	0
 1921 02bb 00       		.byte	0
 1922 02bc 00       		.byte	0
 1923 02bd 00       		.byte	0
 1924 02be 00       		.byte	0
 1925 02bf 00       		.byte	0
 1926 02c0 00       		.byte	0
 1927 02c1 00       		.byte	0
 1928 02c2 00       		.byte	0
 1929 02c3 00       		.byte	0
 1930 02c4 00       		.byte	0
 1931 02c5 00       		.byte	0
 1932 02c6 00       		.byte	0
 1933 02c7 00       		.byte	0
 1934 02c8 00       		.byte	0
 1935 02c9 10       		.byte	16
 1936 02ca 05       		.byte	5
 1937              		.text
 1938              	.Letext0:
 1939              		.file 2 "Generated_Source\\PSoC4\\cytypes.h"
 1940              		.file 3 "Generated_Source\\PSoC4\\Bluetooth_Stack.h"
 1941              		.file 4 "Generated_Source\\PSoC4\\Bluetooth_StackGatt.h"
 1942              		.file 5 "Generated_Source\\PSoC4\\Bluetooth_StackGattServer.h"
 1943              		.file 6 "Generated_Source\\PSoC4\\Bluetooth_StackGattDb.h"
 1944              		.file 7 "Generated_Source\\PSoC4\\Bluetooth.h"
 1945              		.file 8 "Generated_Source\\PSoC4\\Bluetooth_gatt.h"
 1946              		.file 9 "Generated_Source\\PSoC4\\Bluetooth_aios.h"
 1947              		.file 10 "Generated_Source\\PSoC4\\Bluetooth_eventHandler.h"
 1948              		.section	.debug_info,"",%progbits
 1949              	.Ldebug_info0:
 1950 0000 D5110000 		.4byte	0x11d5
 1951 0004 0400     		.2byte	0x4
 1952 0006 00000000 		.4byte	.Ldebug_abbrev0
 1953 000a 04       		.byte	0x4
 1954 000b 01       		.uleb128 0x1
 1955 000c 87060000 		.4byte	.LASF542
 1956 0010 0C       		.byte	0xc
 1957 0011 440E0000 		.4byte	.LASF543
 1958 0015 253C0000 		.4byte	.LASF544
 1959 0019 00000000 		.4byte	.Ldebug_ranges0+0
 1960 001d 00000000 		.4byte	0
 1961 0021 00000000 		.4byte	.Ldebug_line0
 1962 0025 02       		.uleb128 0x2
 1963 0026 01       		.byte	0x1
 1964 0027 06       		.byte	0x6
 1965 0028 AC0E0000 		.4byte	.LASF0
 1966 002c 02       		.uleb128 0x2
 1967 002d 01       		.byte	0x1
 1968 002e 08       		.byte	0x8
 1969 002f A80F0000 		.4byte	.LASF1
 1970 0033 02       		.uleb128 0x2
 1971 0034 02       		.byte	0x2
 1972 0035 05       		.byte	0x5
 1973 0036 C7350000 		.4byte	.LASF2
 1974 003a 02       		.uleb128 0x2
 1975 003b 02       		.byte	0x2
 1976 003c 07       		.byte	0x7
ARM GAS  C:\Users\ARTEM\AppData\Local\Temp\ccxzkR0X.s 			page 45


 1977 003d 413D0000 		.4byte	.LASF3
 1978 0041 02       		.uleb128 0x2
 1979 0042 04       		.byte	0x4
 1980 0043 05       		.byte	0x5
 1981 0044 6F0B0000 		.4byte	.LASF4
 1982 0048 02       		.uleb128 0x2
 1983 0049 04       		.byte	0x4
 1984 004a 07       		.byte	0x7
 1985 004b 8B1C0000 		.4byte	.LASF5
 1986 004f 02       		.uleb128 0x2
 1987 0050 08       		.byte	0x8
 1988 0051 05       		.byte	0x5
 1989 0052 6C210000 		.4byte	.LASF6
 1990 0056 02       		.uleb128 0x2
 1991 0057 08       		.byte	0x8
 1992 0058 07       		.byte	0x7
 1993 0059 CE2E0000 		.4byte	.LASF7
 1994 005d 03       		.uleb128 0x3
 1995 005e 04       		.byte	0x4
 1996 005f 05       		.byte	0x5
 1997 0060 696E7400 		.ascii	"int\000"
 1998 0064 02       		.uleb128 0x2
 1999 0065 04       		.byte	0x4
 2000 0066 07       		.byte	0x7
 2001 0067 50260000 		.4byte	.LASF8
 2002 006b 04       		.uleb128 0x4
 2003 006c 56350000 		.4byte	.LASF9
 2004 0070 02       		.byte	0x2
 2005 0071 FB01     		.2byte	0x1fb
 2006 0073 2C000000 		.4byte	0x2c
 2007 0077 04       		.uleb128 0x4
 2008 0078 BE400000 		.4byte	.LASF10
 2009 007c 02       		.byte	0x2
 2010 007d FC01     		.2byte	0x1fc
 2011 007f 3A000000 		.4byte	0x3a
 2012 0083 04       		.uleb128 0x4
 2013 0084 47030000 		.4byte	.LASF11
 2014 0088 02       		.byte	0x2
 2015 0089 FD01     		.2byte	0x1fd
 2016 008b 48000000 		.4byte	0x48
 2017 008f 02       		.uleb128 0x2
 2018 0090 04       		.byte	0x4
 2019 0091 04       		.byte	0x4
 2020 0092 B8240000 		.4byte	.LASF12
 2021 0096 02       		.uleb128 0x2
 2022 0097 08       		.byte	0x8
 2023 0098 04       		.byte	0x4
 2024 0099 B5220000 		.4byte	.LASF13
 2025 009d 02       		.uleb128 0x2
 2026 009e 01       		.byte	0x1
 2027 009f 08       		.byte	0x8
 2028 00a0 20120000 		.4byte	.LASF14
 2029 00a4 05       		.uleb128 0x5
 2030 00a5 6B000000 		.4byte	0x6b
 2031 00a9 02       		.uleb128 0x2
 2032 00aa 08       		.byte	0x8
 2033 00ab 04       		.byte	0x4
ARM GAS  C:\Users\ARTEM\AppData\Local\Temp\ccxzkR0X.s 			page 46


 2034 00ac 8B2B0000 		.4byte	.LASF15
 2035 00b0 02       		.uleb128 0x2
 2036 00b1 04       		.byte	0x4
 2037 00b2 07       		.byte	0x7
 2038 00b3 A2000000 		.4byte	.LASF16
 2039 00b7 06       		.uleb128 0x6
 2040 00b8 04       		.byte	0x4
 2041 00b9 07       		.uleb128 0x7
 2042 00ba 04       		.byte	0x4
 2043 00bb BF000000 		.4byte	0xbf
 2044 00bf 08       		.uleb128 0x8
 2045 00c0 CF000000 		.4byte	0xcf
 2046 00c4 09       		.uleb128 0x9
 2047 00c5 83000000 		.4byte	0x83
 2048 00c9 09       		.uleb128 0x9
 2049 00ca B7000000 		.4byte	0xb7
 2050 00ce 00       		.byte	0
 2051 00cf 0A       		.uleb128 0xa
 2052 00d0 01       		.byte	0x1
 2053 00d1 2C000000 		.4byte	0x2c
 2054 00d5 03       		.byte	0x3
 2055 00d6 3501     		.2byte	0x135
 2056 00d8 8D020000 		.4byte	0x28d
 2057 00dc 0B       		.uleb128 0xb
 2058 00dd 19130000 		.4byte	.LASF17
 2059 00e1 00       		.byte	0
 2060 00e2 0B       		.uleb128 0xb
 2061 00e3 070C0000 		.4byte	.LASF18
 2062 00e7 01       		.byte	0x1
 2063 00e8 0B       		.uleb128 0xb
 2064 00e9 032F0000 		.4byte	.LASF19
 2065 00ed 02       		.byte	0x2
 2066 00ee 0B       		.uleb128 0xb
 2067 00ef 220F0000 		.4byte	.LASF20
 2068 00f3 03       		.byte	0x3
 2069 00f4 0B       		.uleb128 0xb
 2070 00f5 AB3E0000 		.4byte	.LASF21
 2071 00f9 04       		.byte	0x4
 2072 00fa 0B       		.uleb128 0xb
 2073 00fb C73B0000 		.4byte	.LASF22
 2074 00ff 05       		.byte	0x5
 2075 0100 0B       		.uleb128 0xb
 2076 0101 D82B0000 		.4byte	.LASF23
 2077 0105 06       		.byte	0x6
 2078 0106 0B       		.uleb128 0xb
 2079 0107 E2370000 		.4byte	.LASF24
 2080 010b 20       		.byte	0x20
 2081 010c 0B       		.uleb128 0xb
 2082 010d 3F080000 		.4byte	.LASF25
 2083 0111 21       		.byte	0x21
 2084 0112 0B       		.uleb128 0xb
 2085 0113 78200000 		.4byte	.LASF26
 2086 0117 22       		.byte	0x22
 2087 0118 0B       		.uleb128 0xb
 2088 0119 D2290000 		.4byte	.LASF27
 2089 011d 23       		.byte	0x23
 2090 011e 0B       		.uleb128 0xb
ARM GAS  C:\Users\ARTEM\AppData\Local\Temp\ccxzkR0X.s 			page 47


 2091 011f DD1A0000 		.4byte	.LASF28
 2092 0123 24       		.byte	0x24
 2093 0124 0B       		.uleb128 0xb
 2094 0125 5D1B0000 		.4byte	.LASF29
 2095 0129 25       		.byte	0x25
 2096 012a 0B       		.uleb128 0xb
 2097 012b 7F340000 		.4byte	.LASF30
 2098 012f 26       		.byte	0x26
 2099 0130 0B       		.uleb128 0xb
 2100 0131 B5020000 		.4byte	.LASF31
 2101 0135 27       		.byte	0x27
 2102 0136 0B       		.uleb128 0xb
 2103 0137 0C400000 		.4byte	.LASF32
 2104 013b 28       		.byte	0x28
 2105 013c 0B       		.uleb128 0xb
 2106 013d D42C0000 		.4byte	.LASF33
 2107 0141 29       		.byte	0x29
 2108 0142 0B       		.uleb128 0xb
 2109 0143 201F0000 		.4byte	.LASF34
 2110 0147 2A       		.byte	0x2a
 2111 0148 0B       		.uleb128 0xb
 2112 0149 37290000 		.4byte	.LASF35
 2113 014d 2B       		.byte	0x2b
 2114 014e 0B       		.uleb128 0xb
 2115 014f 600C0000 		.4byte	.LASF36
 2116 0153 2C       		.byte	0x2c
 2117 0154 0B       		.uleb128 0xb
 2118 0155 91010000 		.4byte	.LASF37
 2119 0159 2D       		.byte	0x2d
 2120 015a 0B       		.uleb128 0xb
 2121 015b 7E350000 		.4byte	.LASF38
 2122 015f 2E       		.byte	0x2e
 2123 0160 0B       		.uleb128 0xb
 2124 0161 96090000 		.4byte	.LASF39
 2125 0165 2F       		.byte	0x2f
 2126 0166 0B       		.uleb128 0xb
 2127 0167 DA110000 		.4byte	.LASF40
 2128 016b 30       		.byte	0x30
 2129 016c 0B       		.uleb128 0xb
 2130 016d BE230000 		.4byte	.LASF41
 2131 0171 31       		.byte	0x31
 2132 0172 0B       		.uleb128 0xb
 2133 0173 4E130000 		.4byte	.LASF42
 2134 0177 32       		.byte	0x32
 2135 0178 0B       		.uleb128 0xb
 2136 0179 7F100000 		.4byte	.LASF43
 2137 017d 33       		.byte	0x33
 2138 017e 0B       		.uleb128 0xb
 2139 017f A6100000 		.4byte	.LASF44
 2140 0183 34       		.byte	0x34
 2141 0184 0B       		.uleb128 0xb
 2142 0185 57390000 		.4byte	.LASF45
 2143 0189 35       		.byte	0x35
 2144 018a 0B       		.uleb128 0xb
 2145 018b 26090000 		.4byte	.LASF46
 2146 018f 36       		.byte	0x36
 2147 0190 0B       		.uleb128 0xb
ARM GAS  C:\Users\ARTEM\AppData\Local\Temp\ccxzkR0X.s 			page 48


 2148 0191 FE2D0000 		.4byte	.LASF47
 2149 0195 37       		.byte	0x37
 2150 0196 0B       		.uleb128 0xb
 2151 0197 E9360000 		.4byte	.LASF48
 2152 019b 40       		.byte	0x40
 2153 019c 0B       		.uleb128 0xb
 2154 019d F7020000 		.4byte	.LASF49
 2155 01a1 41       		.byte	0x41
 2156 01a2 0B       		.uleb128 0xb
 2157 01a3 E63E0000 		.4byte	.LASF50
 2158 01a7 42       		.byte	0x42
 2159 01a8 0B       		.uleb128 0xb
 2160 01a9 4E2D0000 		.4byte	.LASF51
 2161 01ad 43       		.byte	0x43
 2162 01ae 0B       		.uleb128 0xb
 2163 01af B60F0000 		.4byte	.LASF52
 2164 01b3 44       		.byte	0x44
 2165 01b4 0B       		.uleb128 0xb
 2166 01b5 4A0F0000 		.4byte	.LASF53
 2167 01b9 45       		.byte	0x45
 2168 01ba 0B       		.uleb128 0xb
 2169 01bb 44320000 		.4byte	.LASF54
 2170 01bf 46       		.byte	0x46
 2171 01c0 0B       		.uleb128 0xb
 2172 01c1 26320000 		.4byte	.LASF55
 2173 01c5 47       		.byte	0x47
 2174 01c6 0B       		.uleb128 0xb
 2175 01c7 8E110000 		.4byte	.LASF56
 2176 01cb 48       		.byte	0x48
 2177 01cc 0B       		.uleb128 0xb
 2178 01cd 512A0000 		.4byte	.LASF57
 2179 01d1 49       		.byte	0x49
 2180 01d2 0B       		.uleb128 0xb
 2181 01d3 AF130000 		.4byte	.LASF58
 2182 01d7 4A       		.byte	0x4a
 2183 01d8 0B       		.uleb128 0xb
 2184 01d9 C0120000 		.4byte	.LASF59
 2185 01dd 4B       		.byte	0x4b
 2186 01de 0B       		.uleb128 0xb
 2187 01df 7A290000 		.4byte	.LASF60
 2188 01e3 4C       		.byte	0x4c
 2189 01e4 0B       		.uleb128 0xb
 2190 01e5 D4330000 		.4byte	.LASF61
 2191 01e9 4D       		.byte	0x4d
 2192 01ea 0B       		.uleb128 0xb
 2193 01eb 0A0B0000 		.4byte	.LASF62
 2194 01ef 4E       		.byte	0x4e
 2195 01f0 0B       		.uleb128 0xb
 2196 01f1 5D260000 		.4byte	.LASF63
 2197 01f5 4F       		.byte	0x4f
 2198 01f6 0B       		.uleb128 0xb
 2199 01f7 C3370000 		.4byte	.LASF64
 2200 01fb 50       		.byte	0x50
 2201 01fc 0B       		.uleb128 0xb
 2202 01fd 13140000 		.4byte	.LASF65
 2203 0201 51       		.byte	0x51
 2204 0202 0B       		.uleb128 0xb
ARM GAS  C:\Users\ARTEM\AppData\Local\Temp\ccxzkR0X.s 			page 49


 2205 0203 1E080000 		.4byte	.LASF66
 2206 0207 52       		.byte	0x52
 2207 0208 0B       		.uleb128 0xb
 2208 0209 473B0000 		.4byte	.LASF67
 2209 020d 53       		.byte	0x53
 2210 020e 0B       		.uleb128 0xb
 2211 020f 4E400000 		.4byte	.LASF68
 2212 0213 54       		.byte	0x54
 2213 0214 0B       		.uleb128 0xb
 2214 0215 2D060000 		.4byte	.LASF69
 2215 0219 55       		.byte	0x55
 2216 021a 0B       		.uleb128 0xb
 2217 021b 0F150000 		.4byte	.LASF70
 2218 021f 56       		.byte	0x56
 2219 0220 0B       		.uleb128 0xb
 2220 0221 64250000 		.4byte	.LASF71
 2221 0225 57       		.byte	0x57
 2222 0226 0B       		.uleb128 0xb
 2223 0227 CD3F0000 		.4byte	.LASF72
 2224 022b 58       		.byte	0x58
 2225 022c 0B       		.uleb128 0xb
 2226 022d 823C0000 		.4byte	.LASF73
 2227 0231 70       		.byte	0x70
 2228 0232 0B       		.uleb128 0xb
 2229 0233 A1190000 		.4byte	.LASF74
 2230 0237 71       		.byte	0x71
 2231 0238 0B       		.uleb128 0xb
 2232 0239 030E0000 		.4byte	.LASF75
 2233 023d 72       		.byte	0x72
 2234 023e 0B       		.uleb128 0xb
 2235 023f A5370000 		.4byte	.LASF76
 2236 0243 73       		.byte	0x73
 2237 0244 0B       		.uleb128 0xb
 2238 0245 C42A0000 		.4byte	.LASF77
 2239 0249 74       		.byte	0x74
 2240 024a 0B       		.uleb128 0xb
 2241 024b BC1F0000 		.4byte	.LASF78
 2242 024f 75       		.byte	0x75
 2243 0250 0B       		.uleb128 0xb
 2244 0251 6D110000 		.4byte	.LASF79
 2245 0255 76       		.byte	0x76
 2246 0256 0B       		.uleb128 0xb
 2247 0257 AC2F0000 		.4byte	.LASF80
 2248 025b 77       		.byte	0x77
 2249 025c 0B       		.uleb128 0xb
 2250 025d 51060000 		.4byte	.LASF81
 2251 0261 78       		.byte	0x78
 2252 0262 0B       		.uleb128 0xb
 2253 0263 4C0B0000 		.4byte	.LASF82
 2254 0267 79       		.byte	0x79
 2255 0268 0B       		.uleb128 0xb
 2256 0269 2A3F0000 		.4byte	.LASF83
 2257 026d 7A       		.byte	0x7a
 2258 026e 0B       		.uleb128 0xb
 2259 026f 01230000 		.4byte	.LASF84
 2260 0273 FA       		.byte	0xfa
 2261 0274 0B       		.uleb128 0xb
ARM GAS  C:\Users\ARTEM\AppData\Local\Temp\ccxzkR0X.s 			page 50


 2262 0275 7B3A0000 		.4byte	.LASF85
 2263 0279 FB       		.byte	0xfb
 2264 027a 0B       		.uleb128 0xb
 2265 027b C7190000 		.4byte	.LASF86
 2266 027f FC       		.byte	0xfc
 2267 0280 0B       		.uleb128 0xb
 2268 0281 732B0000 		.4byte	.LASF87
 2269 0285 FD       		.byte	0xfd
 2270 0286 0B       		.uleb128 0xb
 2271 0287 29290000 		.4byte	.LASF88
 2272 028b FF       		.byte	0xff
 2273 028c 00       		.byte	0
 2274 028d 0A       		.uleb128 0xa
 2275 028e 02       		.byte	0x2
 2276 028f 3A000000 		.4byte	0x3a
 2277 0293 03       		.byte	0x3
 2278 0294 EA03     		.2byte	0x3ea
 2279 0296 6C030000 		.4byte	0x36c
 2280 029a 0B       		.uleb128 0xb
 2281 029b 3B0F0000 		.4byte	.LASF89
 2282 029f 00       		.byte	0
 2283 02a0 0B       		.uleb128 0xb
 2284 02a1 89160000 		.4byte	.LASF90
 2285 02a5 01       		.byte	0x1
 2286 02a6 0B       		.uleb128 0xb
 2287 02a7 8D3E0000 		.4byte	.LASF91
 2288 02ab 02       		.byte	0x2
 2289 02ac 0B       		.uleb128 0xb
 2290 02ad 02180000 		.4byte	.LASF92
 2291 02b1 03       		.byte	0x3
 2292 02b2 0B       		.uleb128 0xb
 2293 02b3 D51B0000 		.4byte	.LASF93
 2294 02b7 04       		.byte	0x4
 2295 02b8 0B       		.uleb128 0xb
 2296 02b9 74220000 		.4byte	.LASF94
 2297 02bd 05       		.byte	0x5
 2298 02be 0B       		.uleb128 0xb
 2299 02bf 3E3A0000 		.4byte	.LASF95
 2300 02c3 06       		.byte	0x6
 2301 02c4 0B       		.uleb128 0xb
 2302 02c5 92130000 		.4byte	.LASF96
 2303 02c9 07       		.byte	0x7
 2304 02ca 0B       		.uleb128 0xb
 2305 02cb 5D240000 		.4byte	.LASF97
 2306 02cf 08       		.byte	0x8
 2307 02d0 0B       		.uleb128 0xb
 2308 02d1 C7380000 		.4byte	.LASF98
 2309 02d5 09       		.byte	0x9
 2310 02d6 0B       		.uleb128 0xb
 2311 02d7 E9400000 		.4byte	.LASF99
 2312 02db 0A       		.byte	0xa
 2313 02dc 0B       		.uleb128 0xb
 2314 02dd B5080000 		.4byte	.LASF100
 2315 02e1 0B       		.byte	0xb
 2316 02e2 0B       		.uleb128 0xb
 2317 02e3 B03B0000 		.4byte	.LASF101
 2318 02e7 0C       		.byte	0xc
ARM GAS  C:\Users\ARTEM\AppData\Local\Temp\ccxzkR0X.s 			page 51


 2319 02e8 0B       		.uleb128 0xb
 2320 02e9 53280000 		.4byte	.LASF102
 2321 02ed 0D       		.byte	0xd
 2322 02ee 0B       		.uleb128 0xb
 2323 02ef 031E0000 		.4byte	.LASF103
 2324 02f3 0E       		.byte	0xe
 2325 02f4 0B       		.uleb128 0xb
 2326 02f5 4F220000 		.4byte	.LASF104
 2327 02f9 0F       		.byte	0xf
 2328 02fa 0B       		.uleb128 0xb
 2329 02fb 9A050000 		.4byte	.LASF105
 2330 02ff 10       		.byte	0x10
 2331 0300 0B       		.uleb128 0xb
 2332 0301 2C240000 		.4byte	.LASF106
 2333 0305 11       		.byte	0x11
 2334 0306 0B       		.uleb128 0xb
 2335 0307 1A0C0000 		.4byte	.LASF107
 2336 030b 12       		.byte	0x12
 2337 030c 0B       		.uleb128 0xb
 2338 030d 840E0000 		.4byte	.LASF108
 2339 0311 13       		.byte	0x13
 2340 0312 0B       		.uleb128 0xb
 2341 0313 BC220000 		.4byte	.LASF109
 2342 0317 27       		.byte	0x27
 2343 0318 0B       		.uleb128 0xb
 2344 0319 19250000 		.4byte	.LASF110
 2345 031d 28       		.byte	0x28
 2346 031e 0B       		.uleb128 0xb
 2347 031f C8050000 		.4byte	.LASF111
 2348 0323 29       		.byte	0x29
 2349 0324 0B       		.uleb128 0xb
 2350 0325 3D360000 		.4byte	.LASF112
 2351 0329 2A       		.byte	0x2a
 2352 032a 0B       		.uleb128 0xb
 2353 032b 441D0000 		.4byte	.LASF113
 2354 032f 2B       		.byte	0x2b
 2355 0330 0B       		.uleb128 0xb
 2356 0331 79300000 		.4byte	.LASF114
 2357 0335 2C       		.byte	0x2c
 2358 0336 0B       		.uleb128 0xb
 2359 0337 76330000 		.4byte	.LASF115
 2360 033b 2D       		.byte	0x2d
 2361 033c 0B       		.uleb128 0xb
 2362 033d 4C160000 		.4byte	.LASF116
 2363 0341 FE       		.byte	0xfe
 2364 0342 0B       		.uleb128 0xb
 2365 0343 6E190000 		.4byte	.LASF117
 2366 0347 FF       		.byte	0xff
 2367 0348 0C       		.uleb128 0xc
 2368 0349 112A0000 		.4byte	.LASF118
 2369 034d 0001     		.2byte	0x100
 2370 034f 0C       		.uleb128 0xc
 2371 0350 F8290000 		.4byte	.LASF119
 2372 0354 0101     		.2byte	0x101
 2373 0356 0C       		.uleb128 0xc
 2374 0357 180D0000 		.4byte	.LASF120
 2375 035b 0201     		.2byte	0x102
ARM GAS  C:\Users\ARTEM\AppData\Local\Temp\ccxzkR0X.s 			page 52


 2376 035d 0C       		.uleb128 0xc
 2377 035e 532F0000 		.4byte	.LASF121
 2378 0362 0301     		.2byte	0x103
 2379 0364 0C       		.uleb128 0xc
 2380 0365 941B0000 		.4byte	.LASF122
 2381 0369 0401     		.2byte	0x104
 2382 036b 00       		.byte	0
 2383 036c 04       		.uleb128 0x4
 2384 036d 9A3A0000 		.4byte	.LASF123
 2385 0371 03       		.byte	0x3
 2386 0372 5C04     		.2byte	0x45c
 2387 0374 8D020000 		.4byte	0x28d
 2388 0378 07       		.uleb128 0x7
 2389 0379 04       		.byte	0x4
 2390 037a 6B000000 		.4byte	0x6b
 2391 037e 0D       		.uleb128 0xd
 2392 037f 6B000000 		.4byte	0x6b
 2393 0383 8E030000 		.4byte	0x38e
 2394 0387 0E       		.uleb128 0xe
 2395 0388 B0000000 		.4byte	0xb0
 2396 038c 0F       		.byte	0xf
 2397 038d 00       		.byte	0
 2398 038e 0F       		.uleb128 0xf
 2399 038f 01       		.byte	0x1
 2400 0390 2C000000 		.4byte	0x2c
 2401 0394 04       		.byte	0x4
 2402 0395 A5       		.byte	0xa5
 2403 0396 85040000 		.4byte	0x485
 2404 039a 0B       		.uleb128 0xb
 2405 039b CB2F0000 		.4byte	.LASF124
 2406 039f 00       		.byte	0
 2407 03a0 0B       		.uleb128 0xb
 2408 03a1 E52E0000 		.4byte	.LASF125
 2409 03a5 01       		.byte	0x1
 2410 03a6 0B       		.uleb128 0xb
 2411 03a7 2D050000 		.4byte	.LASF126
 2412 03ab 02       		.byte	0x2
 2413 03ac 0B       		.uleb128 0xb
 2414 03ad 1E3D0000 		.4byte	.LASF127
 2415 03b1 03       		.byte	0x3
 2416 03b2 0B       		.uleb128 0xb
 2417 03b3 FD0C0000 		.4byte	.LASF128
 2418 03b7 04       		.byte	0x4
 2419 03b8 0B       		.uleb128 0xb
 2420 03b9 89260000 		.4byte	.LASF129
 2421 03bd 05       		.byte	0x5
 2422 03be 0B       		.uleb128 0xb
 2423 03bf C4360000 		.4byte	.LASF130
 2424 03c3 06       		.byte	0x6
 2425 03c4 0B       		.uleb128 0xb
 2426 03c5 842A0000 		.4byte	.LASF131
 2427 03c9 07       		.byte	0x7
 2428 03ca 0B       		.uleb128 0xb
 2429 03cb BD250000 		.4byte	.LASF132
 2430 03cf 08       		.byte	0x8
 2431 03d0 0B       		.uleb128 0xb
 2432 03d1 05220000 		.4byte	.LASF133
ARM GAS  C:\Users\ARTEM\AppData\Local\Temp\ccxzkR0X.s 			page 53


 2433 03d5 09       		.byte	0x9
 2434 03d6 0B       		.uleb128 0xb
 2435 03d7 9D280000 		.4byte	.LASF134
 2436 03db 0A       		.byte	0xa
 2437 03dc 0B       		.uleb128 0xb
 2438 03dd 8C140000 		.4byte	.LASF135
 2439 03e1 0B       		.byte	0xb
 2440 03e2 0B       		.uleb128 0xb
 2441 03e3 1F230000 		.4byte	.LASF136
 2442 03e7 0C       		.byte	0xc
 2443 03e8 0B       		.uleb128 0xb
 2444 03e9 C10D0000 		.4byte	.LASF137
 2445 03ed 0D       		.byte	0xd
 2446 03ee 0B       		.uleb128 0xb
 2447 03ef 30130000 		.4byte	.LASF138
 2448 03f3 0E       		.byte	0xe
 2449 03f4 0B       		.uleb128 0xb
 2450 03f5 543D0000 		.4byte	.LASF139
 2451 03f9 0F       		.byte	0xf
 2452 03fa 0B       		.uleb128 0xb
 2453 03fb 74050000 		.4byte	.LASF140
 2454 03ff 10       		.byte	0x10
 2455 0400 0B       		.uleb128 0xb
 2456 0401 4F050000 		.4byte	.LASF141
 2457 0405 11       		.byte	0x11
 2458 0406 0B       		.uleb128 0xb
 2459 0407 5D070000 		.4byte	.LASF142
 2460 040b 80       		.byte	0x80
 2461 040c 0B       		.uleb128 0xb
 2462 040d 32140000 		.4byte	.LASF143
 2463 0411 80       		.byte	0x80
 2464 0412 0B       		.uleb128 0xb
 2465 0413 911A0000 		.4byte	.LASF144
 2466 0417 80       		.byte	0x80
 2467 0418 0B       		.uleb128 0xb
 2468 0419 5A360000 		.4byte	.LASF145
 2469 041d 80       		.byte	0x80
 2470 041e 0B       		.uleb128 0xb
 2471 041f B4300000 		.4byte	.LASF146
 2472 0423 80       		.byte	0x80
 2473 0424 0B       		.uleb128 0xb
 2474 0425 DD270000 		.4byte	.LASF147
 2475 0429 80       		.byte	0x80
 2476 042a 0B       		.uleb128 0xb
 2477 042b 421C0000 		.4byte	.LASF148
 2478 042f 80       		.byte	0x80
 2479 0430 0B       		.uleb128 0xb
 2480 0431 382F0000 		.4byte	.LASF149
 2481 0435 80       		.byte	0x80
 2482 0436 0B       		.uleb128 0xb
 2483 0437 00190000 		.4byte	.LASF150
 2484 043b 81       		.byte	0x81
 2485 043c 0B       		.uleb128 0xb
 2486 043d D2320000 		.4byte	.LASF151
 2487 0441 81       		.byte	0x81
 2488 0442 0B       		.uleb128 0xb
 2489 0443 64000000 		.4byte	.LASF152
ARM GAS  C:\Users\ARTEM\AppData\Local\Temp\ccxzkR0X.s 			page 54


 2490 0447 81       		.byte	0x81
 2491 0448 0B       		.uleb128 0xb
 2492 0449 840C0000 		.4byte	.LASF153
 2493 044d 81       		.byte	0x81
 2494 044e 0B       		.uleb128 0xb
 2495 044f C8090000 		.4byte	.LASF154
 2496 0453 82       		.byte	0x82
 2497 0454 0B       		.uleb128 0xb
 2498 0455 B2390000 		.4byte	.LASF155
 2499 0459 A0       		.byte	0xa0
 2500 045a 0B       		.uleb128 0xb
 2501 045b 531E0000 		.4byte	.LASF156
 2502 045f A0       		.byte	0xa0
 2503 0460 0B       		.uleb128 0xb
 2504 0461 360A0000 		.4byte	.LASF157
 2505 0465 A1       		.byte	0xa1
 2506 0466 0B       		.uleb128 0xb
 2507 0467 A1380000 		.4byte	.LASF158
 2508 046b A2       		.byte	0xa2
 2509 046c 0B       		.uleb128 0xb
 2510 046d 70150000 		.4byte	.LASF159
 2511 0471 A3       		.byte	0xa3
 2512 0472 0B       		.uleb128 0xb
 2513 0473 AB1B0000 		.4byte	.LASF160
 2514 0477 FD       		.byte	0xfd
 2515 0478 0B       		.uleb128 0xb
 2516 0479 6D230000 		.4byte	.LASF161
 2517 047d FE       		.byte	0xfe
 2518 047e 0B       		.uleb128 0xb
 2519 047f 3D2B0000 		.4byte	.LASF162
 2520 0483 FF       		.byte	0xff
 2521 0484 00       		.byte	0
 2522 0485 04       		.uleb128 0x4
 2523 0486 81380000 		.4byte	.LASF163
 2524 048a 04       		.byte	0x4
 2525 048b 5F01     		.2byte	0x15f
 2526 048d 8E030000 		.4byte	0x38e
 2527 0491 04       		.uleb128 0x4
 2528 0492 6D2F0000 		.4byte	.LASF164
 2529 0496 04       		.byte	0x4
 2530 0497 8901     		.2byte	0x189
 2531 0499 77000000 		.4byte	0x77
 2532 049d 10       		.uleb128 0x10
 2533 049e 02       		.byte	0x2
 2534 049f 04       		.byte	0x4
 2535 04a0 9301     		.2byte	0x193
 2536 04a2 C1040000 		.4byte	0x4c1
 2537 04a6 11       		.uleb128 0x11
 2538 04a7 BF090000 		.4byte	.LASF165
 2539 04ab 04       		.byte	0x4
 2540 04ac 9A01     		.2byte	0x19a
 2541 04ae 6B000000 		.4byte	0x6b
 2542 04b2 00       		.byte	0
 2543 04b3 11       		.uleb128 0x11
 2544 04b4 873E0000 		.4byte	.LASF166
 2545 04b8 04       		.byte	0x4
 2546 04b9 A001     		.2byte	0x1a0
ARM GAS  C:\Users\ARTEM\AppData\Local\Temp\ccxzkR0X.s 			page 55


 2547 04bb 6B000000 		.4byte	0x6b
 2548 04bf 01       		.byte	0x1
 2549 04c0 00       		.byte	0
 2550 04c1 04       		.uleb128 0x4
 2551 04c2 7E080000 		.4byte	.LASF167
 2552 04c6 04       		.byte	0x4
 2553 04c7 A201     		.2byte	0x1a2
 2554 04c9 9D040000 		.4byte	0x49d
 2555 04cd 10       		.uleb128 0x10
 2556 04ce 08       		.byte	0x8
 2557 04cf 04       		.byte	0x4
 2558 04d0 BE01     		.2byte	0x1be
 2559 04d2 FE040000 		.4byte	0x4fe
 2560 04d6 12       		.uleb128 0x12
 2561 04d7 76616C00 		.ascii	"val\000"
 2562 04db 04       		.byte	0x4
 2563 04dc C101     		.2byte	0x1c1
 2564 04de 78030000 		.4byte	0x378
 2565 04e2 00       		.byte	0
 2566 04e3 12       		.uleb128 0x12
 2567 04e4 6C656E00 		.ascii	"len\000"
 2568 04e8 04       		.byte	0x4
 2569 04e9 C401     		.2byte	0x1c4
 2570 04eb 77000000 		.4byte	0x77
 2571 04ef 04       		.byte	0x4
 2572 04f0 11       		.uleb128 0x11
 2573 04f1 D73D0000 		.4byte	.LASF168
 2574 04f5 04       		.byte	0x4
 2575 04f6 CB01     		.2byte	0x1cb
 2576 04f8 77000000 		.4byte	0x77
 2577 04fc 06       		.byte	0x6
 2578 04fd 00       		.byte	0
 2579 04fe 04       		.uleb128 0x4
 2580 04ff 74060000 		.4byte	.LASF169
 2581 0503 04       		.byte	0x4
 2582 0504 CD01     		.2byte	0x1cd
 2583 0506 CD040000 		.4byte	0x4cd
 2584 050a 10       		.uleb128 0x10
 2585 050b 0C       		.byte	0xc
 2586 050c 04       		.byte	0x4
 2587 050d D001     		.2byte	0x1d0
 2588 050f 2E050000 		.4byte	0x52e
 2589 0513 11       		.uleb128 0x11
 2590 0514 DF2F0000 		.4byte	.LASF170
 2591 0518 04       		.byte	0x4
 2592 0519 D301     		.2byte	0x1d3
 2593 051b FE040000 		.4byte	0x4fe
 2594 051f 00       		.byte	0
 2595 0520 11       		.uleb128 0x11
 2596 0521 E7250000 		.4byte	.LASF171
 2597 0525 04       		.byte	0x4
 2598 0526 D601     		.2byte	0x1d6
 2599 0528 91040000 		.4byte	0x491
 2600 052c 08       		.byte	0x8
 2601 052d 00       		.byte	0
 2602 052e 04       		.uleb128 0x4
 2603 052f 780D0000 		.4byte	.LASF172
ARM GAS  C:\Users\ARTEM\AppData\Local\Temp\ccxzkR0X.s 			page 56


 2604 0533 04       		.byte	0x4
 2605 0534 D801     		.2byte	0x1d8
 2606 0536 0A050000 		.4byte	0x50a
 2607 053a 13       		.uleb128 0x13
 2608 053b 10       		.byte	0x10
 2609 053c 05       		.byte	0x5
 2610 053d 8A       		.byte	0x8a
 2611 053e 5B050000 		.4byte	0x55b
 2612 0542 14       		.uleb128 0x14
 2613 0543 69310000 		.4byte	.LASF173
 2614 0547 05       		.byte	0x5
 2615 0548 8D       		.byte	0x8d
 2616 0549 C1040000 		.4byte	0x4c1
 2617 054d 00       		.byte	0
 2618 054e 14       		.uleb128 0x14
 2619 054f D1350000 		.4byte	.LASF174
 2620 0553 05       		.byte	0x5
 2621 0554 90       		.byte	0x90
 2622 0555 2E050000 		.4byte	0x52e
 2623 0559 04       		.byte	0x4
 2624 055a 00       		.byte	0
 2625 055b 15       		.uleb128 0x15
 2626 055c 32260000 		.4byte	.LASF175
 2627 0560 05       		.byte	0x5
 2628 0561 92       		.byte	0x92
 2629 0562 3A050000 		.4byte	0x53a
 2630 0566 13       		.uleb128 0x13
 2631 0567 08       		.byte	0x8
 2632 0568 06       		.byte	0x6
 2633 0569 CE       		.byte	0xce
 2634 056a 87050000 		.4byte	0x587
 2635 056e 14       		.uleb128 0x14
 2636 056f 74310000 		.4byte	.LASF176
 2637 0573 06       		.byte	0x6
 2638 0574 D1       		.byte	0xd1
 2639 0575 77000000 		.4byte	0x77
 2640 0579 00       		.byte	0
 2641 057a 14       		.uleb128 0x14
 2642 057b 0C350000 		.4byte	.LASF177
 2643 057f 06       		.byte	0x6
 2644 0580 D6       		.byte	0xd6
 2645 0581 B7000000 		.4byte	0xb7
 2646 0585 04       		.byte	0x4
 2647 0586 00       		.byte	0
 2648 0587 15       		.uleb128 0x15
 2649 0588 E22A0000 		.4byte	.LASF178
 2650 058c 06       		.byte	0x6
 2651 058d D8       		.byte	0xd8
 2652 058e 66050000 		.4byte	0x566
 2653 0592 13       		.uleb128 0x13
 2654 0593 08       		.byte	0x8
 2655 0594 06       		.byte	0x6
 2656 0595 DB       		.byte	0xdb
 2657 0596 B3050000 		.4byte	0x5b3
 2658 059a 14       		.uleb128 0x14
 2659 059b 25120000 		.4byte	.LASF179
 2660 059f 06       		.byte	0x6
ARM GAS  C:\Users\ARTEM\AppData\Local\Temp\ccxzkR0X.s 			page 57


 2661 05a0 DE       		.byte	0xde
 2662 05a1 77000000 		.4byte	0x77
 2663 05a5 00       		.byte	0
 2664 05a6 14       		.uleb128 0x14
 2665 05a7 F9350000 		.4byte	.LASF180
 2666 05ab 06       		.byte	0x6
 2667 05ac E3       		.byte	0xe3
 2668 05ad B3050000 		.4byte	0x5b3
 2669 05b1 04       		.byte	0x4
 2670 05b2 00       		.byte	0
 2671 05b3 07       		.uleb128 0x7
 2672 05b4 04       		.byte	0x4
 2673 05b5 87050000 		.4byte	0x587
 2674 05b9 15       		.uleb128 0x15
 2675 05ba 60340000 		.4byte	.LASF181
 2676 05be 06       		.byte	0x6
 2677 05bf E5       		.byte	0xe5
 2678 05c0 92050000 		.4byte	0x592
 2679 05c4 16       		.uleb128 0x16
 2680 05c5 08       		.byte	0x8
 2681 05c6 06       		.byte	0x6
 2682 05c7 E8       		.byte	0xe8
 2683 05c8 E3050000 		.4byte	0x5e3
 2684 05cc 17       		.uleb128 0x17
 2685 05cd 0A360000 		.4byte	.LASF182
 2686 05d1 06       		.byte	0x6
 2687 05d2 EF       		.byte	0xef
 2688 05d3 B9050000 		.4byte	0x5b9
 2689 05d7 17       		.uleb128 0x17
 2690 05d8 461E0000 		.4byte	.LASF183
 2691 05dc 06       		.byte	0x6
 2692 05dd F2       		.byte	0xf2
 2693 05de 77000000 		.4byte	0x77
 2694 05e2 00       		.byte	0
 2695 05e3 15       		.uleb128 0x15
 2696 05e4 2B340000 		.4byte	.LASF184
 2697 05e8 06       		.byte	0x6
 2698 05e9 F4       		.byte	0xf4
 2699 05ea C4050000 		.4byte	0x5c4
 2700 05ee 13       		.uleb128 0x13
 2701 05ef 14       		.byte	0x14
 2702 05f0 06       		.byte	0x6
 2703 05f1 F7       		.byte	0xf7
 2704 05f2 37060000 		.4byte	0x637
 2705 05f6 14       		.uleb128 0x14
 2706 05f7 BE100000 		.4byte	.LASF185
 2707 05fb 06       		.byte	0x6
 2708 05fc FA       		.byte	0xfa
 2709 05fd 77000000 		.4byte	0x77
 2710 0601 00       		.byte	0
 2711 0602 11       		.uleb128 0x11
 2712 0603 970D0000 		.4byte	.LASF186
 2713 0607 06       		.byte	0x6
 2714 0608 0001     		.2byte	0x100
 2715 060a 77000000 		.4byte	0x77
 2716 060e 02       		.byte	0x2
 2717 060f 11       		.uleb128 0x11
ARM GAS  C:\Users\ARTEM\AppData\Local\Temp\ccxzkR0X.s 			page 58


 2718 0610 38070000 		.4byte	.LASF187
 2719 0614 06       		.byte	0x6
 2720 0615 0B01     		.2byte	0x10b
 2721 0617 83000000 		.4byte	0x83
 2722 061b 04       		.byte	0x4
 2723 061c 11       		.uleb128 0x11
 2724 061d 7C260000 		.4byte	.LASF188
 2725 0621 06       		.byte	0x6
 2726 0622 0E01     		.2byte	0x10e
 2727 0624 77000000 		.4byte	0x77
 2728 0628 08       		.byte	0x8
 2729 0629 11       		.uleb128 0x11
 2730 062a 25300000 		.4byte	.LASF189
 2731 062e 06       		.byte	0x6
 2732 062f 1701     		.2byte	0x117
 2733 0631 E3050000 		.4byte	0x5e3
 2734 0635 0C       		.byte	0xc
 2735 0636 00       		.byte	0
 2736 0637 04       		.uleb128 0x4
 2737 0638 B7150000 		.4byte	.LASF190
 2738 063c 06       		.byte	0x6
 2739 063d 1801     		.2byte	0x118
 2740 063f EE050000 		.4byte	0x5ee
 2741 0643 04       		.uleb128 0x4
 2742 0644 F2070000 		.4byte	.LASF191
 2743 0648 07       		.byte	0x7
 2744 0649 0402     		.2byte	0x204
 2745 064b B9000000 		.4byte	0xb9
 2746 064f 13       		.uleb128 0x13
 2747 0650 06       		.byte	0x6
 2748 0651 08       		.byte	0x8
 2749 0652 86       		.byte	0x86
 2750 0653 7C060000 		.4byte	0x67c
 2751 0657 14       		.uleb128 0x14
 2752 0658 CB0C0000 		.4byte	.LASF192
 2753 065c 08       		.byte	0x8
 2754 065d 88       		.byte	0x88
 2755 065e 91040000 		.4byte	0x491
 2756 0662 00       		.byte	0
 2757 0663 14       		.uleb128 0x14
 2758 0664 0C310000 		.4byte	.LASF193
 2759 0668 08       		.byte	0x8
 2760 0669 89       		.byte	0x89
 2761 066a 91040000 		.4byte	0x491
 2762 066e 02       		.byte	0x2
 2763 066f 14       		.uleb128 0x14
 2764 0670 E13D0000 		.4byte	.LASF194
 2765 0674 08       		.byte	0x8
 2766 0675 8A       		.byte	0x8a
 2767 0676 91040000 		.4byte	0x491
 2768 067a 04       		.byte	0x4
 2769 067b 00       		.byte	0
 2770 067c 15       		.uleb128 0x15
 2771 067d 23200000 		.4byte	.LASF195
 2772 0681 08       		.byte	0x8
 2773 0682 8B       		.byte	0x8b
 2774 0683 4F060000 		.4byte	0x64f
ARM GAS  C:\Users\ARTEM\AppData\Local\Temp\ccxzkR0X.s 			page 59


 2775 0687 18       		.uleb128 0x18
 2776 0688 CB02     		.2byte	0x2cb
 2777 068a 08       		.byte	0x8
 2778 068b 9D       		.byte	0x9d
 2779 068c C4060000 		.4byte	0x6c4
 2780 0690 14       		.uleb128 0x14
 2781 0691 FE190000 		.4byte	.LASF196
 2782 0695 08       		.byte	0x8
 2783 0696 A0       		.byte	0xa0
 2784 0697 C4060000 		.4byte	0x6c4
 2785 069b 00       		.byte	0
 2786 069c 19       		.uleb128 0x19
 2787 069d 6F180000 		.4byte	.LASF197
 2788 06a1 08       		.byte	0x8
 2789 06a2 A3       		.byte	0xa3
 2790 06a3 D5060000 		.4byte	0x6d5
 2791 06a7 7902     		.2byte	0x279
 2792 06a9 19       		.uleb128 0x19
 2793 06aa 97380000 		.4byte	.LASF198
 2794 06ae 08       		.byte	0x8
 2795 06af A6       		.byte	0xa6
 2796 06b0 6B000000 		.4byte	0x6b
 2797 06b4 C902     		.2byte	0x2c9
 2798 06b6 19       		.uleb128 0x19
 2799 06b7 2E170000 		.4byte	.LASF199
 2800 06bb 08       		.byte	0x8
 2801 06bc A9       		.byte	0xa9
 2802 06bd 6B000000 		.4byte	0x6b
 2803 06c1 CA02     		.2byte	0x2ca
 2804 06c3 00       		.byte	0
 2805 06c4 0D       		.uleb128 0xd
 2806 06c5 6B000000 		.4byte	0x6b
 2807 06c9 D5060000 		.4byte	0x6d5
 2808 06cd 1A       		.uleb128 0x1a
 2809 06ce B0000000 		.4byte	0xb0
 2810 06d2 7802     		.2byte	0x278
 2811 06d4 00       		.byte	0
 2812 06d5 0D       		.uleb128 0xd
 2813 06d6 6B000000 		.4byte	0x6b
 2814 06da EB060000 		.4byte	0x6eb
 2815 06de 0E       		.uleb128 0xe
 2816 06df B0000000 		.4byte	0xb0
 2817 06e3 04       		.byte	0x4
 2818 06e4 0E       		.uleb128 0xe
 2819 06e5 B0000000 		.4byte	0xb0
 2820 06e9 0F       		.byte	0xf
 2821 06ea 00       		.byte	0
 2822 06eb 15       		.uleb128 0x15
 2823 06ec 9C200000 		.4byte	.LASF200
 2824 06f0 08       		.byte	0x8
 2825 06f1 AA       		.byte	0xaa
 2826 06f2 87060000 		.4byte	0x687
 2827 06f6 0F       		.uleb128 0xf
 2828 06f7 01       		.byte	0x1
 2829 06f8 2C000000 		.4byte	0x2c
 2830 06fc 09       		.byte	0x9
 2831 06fd 2B       		.byte	0x2b
ARM GAS  C:\Users\ARTEM\AppData\Local\Temp\ccxzkR0X.s 			page 60


 2832 06fe 1B070000 		.4byte	0x71b
 2833 0702 0B       		.uleb128 0xb
 2834 0703 B4260000 		.4byte	.LASF201
 2835 0707 00       		.byte	0
 2836 0708 0B       		.uleb128 0xb
 2837 0709 35030000 		.4byte	.LASF202
 2838 070d 01       		.byte	0x1
 2839 070e 0B       		.uleb128 0xb
 2840 070f 69090000 		.4byte	.LASF203
 2841 0713 02       		.byte	0x2
 2842 0714 0B       		.uleb128 0xb
 2843 0715 0F270000 		.4byte	.LASF204
 2844 0719 03       		.byte	0x3
 2845 071a 00       		.byte	0
 2846 071b 0F       		.uleb128 0xf
 2847 071c 01       		.byte	0x1
 2848 071d 2C000000 		.4byte	0x2c
 2849 0721 09       		.byte	0x9
 2850 0722 34       		.byte	0x34
 2851 0723 5E070000 		.4byte	0x75e
 2852 0727 0B       		.uleb128 0xb
 2853 0728 683E0000 		.4byte	.LASF205
 2854 072c 00       		.byte	0
 2855 072d 0B       		.uleb128 0xb
 2856 072e 1E1C0000 		.4byte	.LASF206
 2857 0732 01       		.byte	0x1
 2858 0733 0B       		.uleb128 0xb
 2859 0734 2A2A0000 		.4byte	.LASF207
 2860 0738 02       		.byte	0x2
 2861 0739 0B       		.uleb128 0xb
 2862 073a 9C120000 		.4byte	.LASF208
 2863 073e 03       		.byte	0x3
 2864 073f 0B       		.uleb128 0xb
 2865 0740 CE3C0000 		.4byte	.LASF209
 2866 0744 04       		.byte	0x4
 2867 0745 0B       		.uleb128 0xb
 2868 0746 9A1D0000 		.4byte	.LASF210
 2869 074a 05       		.byte	0x5
 2870 074b 0B       		.uleb128 0xb
 2871 074c 783E0000 		.4byte	.LASF211
 2872 0750 06       		.byte	0x6
 2873 0751 0B       		.uleb128 0xb
 2874 0752 2B190000 		.4byte	.LASF212
 2875 0756 06       		.byte	0x6
 2876 0757 0B       		.uleb128 0xb
 2877 0758 943F0000 		.4byte	.LASF213
 2878 075c 07       		.byte	0x7
 2879 075d 00       		.byte	0
 2880 075e 0F       		.uleb128 0xf
 2881 075f 02       		.byte	0x2
 2882 0760 3A000000 		.4byte	0x3a
 2883 0764 0A       		.byte	0xa
 2884 0765 B4       		.byte	0xb4
 2885 0766 C90F0000 		.4byte	0xfc9
 2886 076a 0C       		.uleb128 0xc
 2887 076b 30280000 		.4byte	.LASF214
 2888 076f 0001     		.2byte	0x100
ARM GAS  C:\Users\ARTEM\AppData\Local\Temp\ccxzkR0X.s 			page 61


 2889 0771 0C       		.uleb128 0xc
 2890 0772 4E3F0000 		.4byte	.LASF215
 2891 0776 0101     		.2byte	0x101
 2892 0778 0C       		.uleb128 0xc
 2893 0779 E50B0000 		.4byte	.LASF216
 2894 077d 0201     		.2byte	0x102
 2895 077f 0C       		.uleb128 0xc
 2896 0780 043F0000 		.4byte	.LASF217
 2897 0784 0301     		.2byte	0x103
 2898 0786 0C       		.uleb128 0xc
 2899 0787 AB2E0000 		.4byte	.LASF218
 2900 078b 0401     		.2byte	0x104
 2901 078d 0C       		.uleb128 0xc
 2902 078e 1A3A0000 		.4byte	.LASF219
 2903 0792 0501     		.2byte	0x105
 2904 0794 0C       		.uleb128 0xc
 2905 0795 C8100000 		.4byte	.LASF220
 2906 0799 0601     		.2byte	0x106
 2907 079b 0C       		.uleb128 0xc
 2908 079c 4E010000 		.4byte	.LASF221
 2909 07a0 0701     		.2byte	0x107
 2910 07a2 0C       		.uleb128 0xc
 2911 07a3 F83C0000 		.4byte	.LASF222
 2912 07a7 0801     		.2byte	0x108
 2913 07a9 0C       		.uleb128 0xc
 2914 07aa E4050000 		.4byte	.LASF223
 2915 07ae 0901     		.2byte	0x109
 2916 07b0 0C       		.uleb128 0xc
 2917 07b1 70030000 		.4byte	.LASF224
 2918 07b5 0A01     		.2byte	0x10a
 2919 07b7 0C       		.uleb128 0xc
 2920 07b8 68160000 		.4byte	.LASF225
 2921 07bc 0B01     		.2byte	0x10b
 2922 07be 0C       		.uleb128 0xc
 2923 07bf 9C210000 		.4byte	.LASF226
 2924 07c3 0C01     		.2byte	0x10c
 2925 07c5 0C       		.uleb128 0xc
 2926 07c6 142D0000 		.4byte	.LASF227
 2927 07ca 0D01     		.2byte	0x10d
 2928 07cc 0C       		.uleb128 0xc
 2929 07cd 3F040000 		.4byte	.LASF228
 2930 07d1 0E01     		.2byte	0x10e
 2931 07d3 0C       		.uleb128 0xc
 2932 07d4 4F120000 		.4byte	.LASF229
 2933 07d8 0F01     		.2byte	0x10f
 2934 07da 0C       		.uleb128 0xc
 2935 07db 56080000 		.4byte	.LASF230
 2936 07df 1001     		.2byte	0x110
 2937 07e1 0C       		.uleb128 0xc
 2938 07e2 073E0000 		.4byte	.LASF231
 2939 07e6 1101     		.2byte	0x111
 2940 07e8 0C       		.uleb128 0xc
 2941 07e9 E53A0000 		.4byte	.LASF232
 2942 07ed 1201     		.2byte	0x112
 2943 07ef 0C       		.uleb128 0xc
 2944 07f0 1F0E0000 		.4byte	.LASF233
 2945 07f4 1301     		.2byte	0x113
ARM GAS  C:\Users\ARTEM\AppData\Local\Temp\ccxzkR0X.s 			page 62


 2946 07f6 0C       		.uleb128 0xc
 2947 07f7 B0410000 		.4byte	.LASF234
 2948 07fb 1401     		.2byte	0x114
 2949 07fd 0C       		.uleb128 0xc
 2950 07fe 892F0000 		.4byte	.LASF235
 2951 0802 1501     		.2byte	0x115
 2952 0804 0C       		.uleb128 0xc
 2953 0805 540D0000 		.4byte	.LASF236
 2954 0809 1601     		.2byte	0x116
 2955 080b 0C       		.uleb128 0xc
 2956 080c B52D0000 		.4byte	.LASF237
 2957 0810 1701     		.2byte	0x117
 2958 0812 0C       		.uleb128 0xc
 2959 0813 F1300000 		.4byte	.LASF238
 2960 0817 1801     		.2byte	0x118
 2961 0819 0C       		.uleb128 0xc
 2962 081a 3B390000 		.4byte	.LASF239
 2963 081e 1901     		.2byte	0x119
 2964 0820 0C       		.uleb128 0xc
 2965 0821 BA010000 		.4byte	.LASF240
 2966 0825 1A01     		.2byte	0x11a
 2967 0827 0C       		.uleb128 0xc
 2968 0828 FE120000 		.4byte	.LASF241
 2969 082c 1B01     		.2byte	0x11b
 2970 082e 0C       		.uleb128 0xc
 2971 082f F12B0000 		.4byte	.LASF242
 2972 0833 1C01     		.2byte	0x11c
 2973 0835 0C       		.uleb128 0xc
 2974 0836 19360000 		.4byte	.LASF243
 2975 083a 1D01     		.2byte	0x11d
 2976 083c 0C       		.uleb128 0xc
 2977 083d 491A0000 		.4byte	.LASF244
 2978 0841 1E01     		.2byte	0x11e
 2979 0843 0C       		.uleb128 0xc
 2980 0844 0B280000 		.4byte	.LASF245
 2981 0848 1F01     		.2byte	0x11f
 2982 084a 0C       		.uleb128 0xc
 2983 084b DF120000 		.4byte	.LASF246
 2984 084f 2001     		.2byte	0x120
 2985 0851 0C       		.uleb128 0xc
 2986 0852 B5110000 		.4byte	.LASF247
 2987 0856 2101     		.2byte	0x121
 2988 0858 0C       		.uleb128 0xc
 2989 0859 43310000 		.4byte	.LASF248
 2990 085d 2201     		.2byte	0x122
 2991 085f 0C       		.uleb128 0xc
 2992 0860 EC3D0000 		.4byte	.LASF249
 2993 0864 2301     		.2byte	0x123
 2994 0866 0C       		.uleb128 0xc
 2995 0867 EF340000 		.4byte	.LASF250
 2996 086b 2401     		.2byte	0x124
 2997 086d 0C       		.uleb128 0xc
 2998 086e C5400000 		.4byte	.LASF251
 2999 0872 2501     		.2byte	0x125
 3000 0874 0C       		.uleb128 0xc
 3001 0875 8D250000 		.4byte	.LASF252
 3002 0879 2601     		.2byte	0x126
ARM GAS  C:\Users\ARTEM\AppData\Local\Temp\ccxzkR0X.s 			page 63


 3003 087b 0C       		.uleb128 0xc
 3004 087c C1160000 		.4byte	.LASF253
 3005 0880 2701     		.2byte	0x127
 3006 0882 0C       		.uleb128 0xc
 3007 0883 26370000 		.4byte	.LASF254
 3008 0887 2801     		.2byte	0x128
 3009 0889 0C       		.uleb128 0xc
 3010 088a 56290000 		.4byte	.LASF255
 3011 088e 2901     		.2byte	0x129
 3012 0890 0C       		.uleb128 0xc
 3013 0891 28410000 		.4byte	.LASF256
 3014 0895 2A01     		.2byte	0x12a
 3015 0897 0C       		.uleb128 0xc
 3016 0898 8B370000 		.4byte	.LASF257
 3017 089c 2B01     		.2byte	0x12b
 3018 089e 0C       		.uleb128 0xc
 3019 089f F03F0000 		.4byte	.LASF258
 3020 08a3 2C01     		.2byte	0x12c
 3021 08a5 0C       		.uleb128 0xc
 3022 08a6 E11D0000 		.4byte	.LASF259
 3023 08aa 2D01     		.2byte	0x12d
 3024 08ac 0C       		.uleb128 0xc
 3025 08ad 7B3D0000 		.4byte	.LASF260
 3026 08b1 2E01     		.2byte	0x12e
 3027 08b3 0C       		.uleb128 0xc
 3028 08b4 0A050000 		.4byte	.LASF261
 3029 08b8 2F01     		.2byte	0x12f
 3030 08ba 0C       		.uleb128 0xc
 3031 08bb 332E0000 		.4byte	.LASF262
 3032 08bf 3001     		.2byte	0x130
 3033 08c1 0C       		.uleb128 0xc
 3034 08c2 771E0000 		.4byte	.LASF263
 3035 08c6 3101     		.2byte	0x131
 3036 08c8 0C       		.uleb128 0xc
 3037 08c9 81310000 		.4byte	.LASF264
 3038 08cd 3201     		.2byte	0x132
 3039 08cf 0C       		.uleb128 0xc
 3040 08d0 932C0000 		.4byte	.LASF265
 3041 08d4 3301     		.2byte	0x133
 3042 08d6 0C       		.uleb128 0xc
 3043 08d7 74390000 		.4byte	.LASF266
 3044 08db 3401     		.2byte	0x134
 3045 08dd 0C       		.uleb128 0xc
 3046 08de FF0E0000 		.4byte	.LASF267
 3047 08e2 3501     		.2byte	0x135
 3048 08e4 0C       		.uleb128 0xc
 3049 08e5 45370000 		.4byte	.LASF268
 3050 08e9 3601     		.2byte	0x136
 3051 08eb 0C       		.uleb128 0xc
 3052 08ec DE180000 		.4byte	.LASF269
 3053 08f0 3701     		.2byte	0x137
 3054 08f2 0C       		.uleb128 0xc
 3055 08f3 3D0C0000 		.4byte	.LASF270
 3056 08f7 3801     		.2byte	0x138
 3057 08f9 0C       		.uleb128 0xc
 3058 08fa BC030000 		.4byte	.LASF271
 3059 08fe 3901     		.2byte	0x139
ARM GAS  C:\Users\ARTEM\AppData\Local\Temp\ccxzkR0X.s 			page 64


 3060 0900 0C       		.uleb128 0xc
 3061 0901 E0030000 		.4byte	.LASF272
 3062 0905 3A01     		.2byte	0x13a
 3063 0907 0C       		.uleb128 0xc
 3064 0908 AB000000 		.4byte	.LASF273
 3065 090c 3B01     		.2byte	0x13b
 3066 090e 0C       		.uleb128 0xc
 3067 090f B80E0000 		.4byte	.LASF274
 3068 0913 3C01     		.2byte	0x13c
 3069 0915 0C       		.uleb128 0xc
 3070 0916 703F0000 		.4byte	.LASF275
 3071 091a 3D01     		.2byte	0x13d
 3072 091c 0C       		.uleb128 0xc
 3073 091d B4070000 		.4byte	.LASF276
 3074 0921 3E01     		.2byte	0x13e
 3075 0923 0C       		.uleb128 0xc
 3076 0924 25270000 		.4byte	.LASF277
 3077 0928 3F01     		.2byte	0x13f
 3078 092a 0C       		.uleb128 0xc
 3079 092b A7340000 		.4byte	.LASF278
 3080 092f 4001     		.2byte	0x140
 3081 0931 0C       		.uleb128 0xc
 3082 0932 EA150000 		.4byte	.LASF279
 3083 0936 4101     		.2byte	0x141
 3084 0938 0C       		.uleb128 0xc
 3085 0939 78280000 		.4byte	.LASF280
 3086 093d 4201     		.2byte	0x142
 3087 093f 0C       		.uleb128 0xc
 3088 0940 88180000 		.4byte	.LASF281
 3089 0944 4301     		.2byte	0x143
 3090 0946 0C       		.uleb128 0xc
 3091 0947 D6070000 		.4byte	.LASF282
 3092 094b 4401     		.2byte	0x144
 3093 094d 0C       		.uleb128 0xc
 3094 094e 93020000 		.4byte	.LASF283
 3095 0952 4501     		.2byte	0x145
 3096 0954 0C       		.uleb128 0xc
 3097 0955 5A0A0000 		.4byte	.LASF284
 3098 0959 4601     		.2byte	0x146
 3099 095b 0C       		.uleb128 0xc
 3100 095c 01300000 		.4byte	.LASF285
 3101 0960 4701     		.2byte	0x147
 3102 0962 0C       		.uleb128 0xc
 3103 0963 DF350000 		.4byte	.LASF286
 3104 0967 4801     		.2byte	0x148
 3105 0969 0C       		.uleb128 0xc
 3106 096a 47090000 		.4byte	.LASF287
 3107 096e 4901     		.2byte	0x149
 3108 0970 0C       		.uleb128 0xc
 3109 0971 C7260000 		.4byte	.LASF288
 3110 0975 4A01     		.2byte	0x14a
 3111 0977 0C       		.uleb128 0xc
 3112 0978 583A0000 		.4byte	.LASF289
 3113 097c 4B01     		.2byte	0x14b
 3114 097e 0C       		.uleb128 0xc
 3115 097f 92220000 		.4byte	.LASF290
 3116 0983 4C01     		.2byte	0x14c
ARM GAS  C:\Users\ARTEM\AppData\Local\Temp\ccxzkR0X.s 			page 65


 3117 0985 0C       		.uleb128 0xc
 3118 0986 AD3A0000 		.4byte	.LASF291
 3119 098a 4D01     		.2byte	0x14d
 3120 098c 0C       		.uleb128 0xc
 3121 098d EE090000 		.4byte	.LASF292
 3122 0991 4E01     		.2byte	0x14e
 3123 0993 0C       		.uleb128 0xc
 3124 0994 972B0000 		.4byte	.LASF293
 3125 0998 4F01     		.2byte	0x14f
 3126 099a 0C       		.uleb128 0xc
 3127 099b A83C0000 		.4byte	.LASF294
 3128 099f 5001     		.2byte	0x150
 3129 09a1 0C       		.uleb128 0xc
 3130 09a2 083B0000 		.4byte	.LASF295
 3131 09a6 5101     		.2byte	0x151
 3132 09a8 0C       		.uleb128 0xc
 3133 09a9 CD000000 		.4byte	.LASF296
 3134 09ad 5201     		.2byte	0x152
 3135 09af 0C       		.uleb128 0xc
 3136 09b0 A7360000 		.4byte	.LASF297
 3137 09b4 5301     		.2byte	0x153
 3138 09b6 0C       		.uleb128 0xc
 3139 09b7 491F0000 		.4byte	.LASF298
 3140 09bb 5401     		.2byte	0x154
 3141 09bd 0C       		.uleb128 0xc
 3142 09be 32350000 		.4byte	.LASF299
 3143 09c2 5501     		.2byte	0x155
 3144 09c4 0C       		.uleb128 0xc
 3145 09c5 8B320000 		.4byte	.LASF300
 3146 09c9 5601     		.2byte	0x156
 3147 09cb 0C       		.uleb128 0xc
 3148 09cc 3E020000 		.4byte	.LASF301
 3149 09d0 5701     		.2byte	0x157
 3150 09d2 0C       		.uleb128 0xc
 3151 09d3 C1310000 		.4byte	.LASF302
 3152 09d7 5801     		.2byte	0x158
 3153 09d9 0C       		.uleb128 0xc
 3154 09da F80F0000 		.4byte	.LASF303
 3155 09de 5901     		.2byte	0x159
 3156 09e0 0C       		.uleb128 0xc
 3157 09e1 C40A0000 		.4byte	.LASF304
 3158 09e5 5A01     		.2byte	0x15a
 3159 09e7 0C       		.uleb128 0xc
 3160 09e8 A10A0000 		.4byte	.LASF305
 3161 09ec 5B01     		.2byte	0x15b
 3162 09ee 0C       		.uleb128 0xc
 3163 09ef D40F0000 		.4byte	.LASF306
 3164 09f3 5C01     		.2byte	0x15c
 3165 09f5 0C       		.uleb128 0xc
 3166 09f6 B1200000 		.4byte	.LASF307
 3167 09fa 5D01     		.2byte	0x15d
 3168 09fc 0C       		.uleb128 0xc
 3169 09fd 463E0000 		.4byte	.LASF308
 3170 0a01 5E01     		.2byte	0x15e
 3171 0a03 0C       		.uleb128 0xc
 3172 0a04 31150000 		.4byte	.LASF309
 3173 0a08 5F01     		.2byte	0x15f
ARM GAS  C:\Users\ARTEM\AppData\Local\Temp\ccxzkR0X.s 			page 66


 3174 0a0a 0C       		.uleb128 0xc
 3175 0a0b E52F0000 		.4byte	.LASF310
 3176 0a0f 6001     		.2byte	0x160
 3177 0a11 0C       		.uleb128 0xc
 3178 0a12 6A2A0000 		.4byte	.LASF311
 3179 0a16 6101     		.2byte	0x161
 3180 0a18 0C       		.uleb128 0xc
 3181 0a19 F9010000 		.4byte	.LASF312
 3182 0a1d 6201     		.2byte	0x162
 3183 0a1f 0C       		.uleb128 0xc
 3184 0a20 D91E0000 		.4byte	.LASF313
 3185 0a24 6301     		.2byte	0x163
 3186 0a26 0C       		.uleb128 0xc
 3187 0a27 E8000000 		.4byte	.LASF314
 3188 0a2b 6401     		.2byte	0x164
 3189 0a2d 0C       		.uleb128 0xc
 3190 0a2e 280B0000 		.4byte	.LASF315
 3191 0a32 6501     		.2byte	0x165
 3192 0a34 0C       		.uleb128 0xc
 3193 0a35 683B0000 		.4byte	.LASF316
 3194 0a39 6601     		.2byte	0x166
 3195 0a3b 0C       		.uleb128 0xc
 3196 0a3c 4A180000 		.4byte	.LASF317
 3197 0a40 6701     		.2byte	0x167
 3198 0a42 0C       		.uleb128 0xc
 3199 0a43 3E170000 		.4byte	.LASF318
 3200 0a47 6801     		.2byte	0x168
 3201 0a49 0C       		.uleb128 0xc
 3202 0a4a 15070000 		.4byte	.LASF319
 3203 0a4e 6901     		.2byte	0x169
 3204 0a50 0C       		.uleb128 0xc
 3205 0a51 9D0B0000 		.4byte	.LASF320
 3206 0a55 6A01     		.2byte	0x16a
 3207 0a57 0C       		.uleb128 0xc
 3208 0a58 04240000 		.4byte	.LASF321
 3209 0a5c 6B01     		.2byte	0x16b
 3210 0a5e 0C       		.uleb128 0xc
 3211 0a5f ED1F0000 		.4byte	.LASF322
 3212 0a63 6C01     		.2byte	0x16c
 3213 0a65 0C       		.uleb128 0xc
 3214 0a66 D5080000 		.4byte	.LASF323
 3215 0a6a 6D01     		.2byte	0x16d
 3216 0a6c 0C       		.uleb128 0xc
 3217 0a6d 03080000 		.4byte	.LASF324
 3218 0a71 6E01     		.2byte	0x16e
 3219 0a73 0C       		.uleb128 0xc
 3220 0a74 1B020000 		.4byte	.LASF325
 3221 0a78 6F01     		.2byte	0x16f
 3222 0a7a 0C       		.uleb128 0xc
 3223 0a7b 981F0000 		.4byte	.LASF326
 3224 0a7f 7001     		.2byte	0x170
 3225 0a81 0C       		.uleb128 0xc
 3226 0a82 9A400000 		.4byte	.LASF327
 3227 0a86 7101     		.2byte	0x171
 3228 0a88 0C       		.uleb128 0xc
 3229 0a89 AF2C0000 		.4byte	.LASF328
 3230 0a8d 7201     		.2byte	0x172
ARM GAS  C:\Users\ARTEM\AppData\Local\Temp\ccxzkR0X.s 			page 67


 3231 0a8f 0C       		.uleb128 0xc
 3232 0a90 64170000 		.4byte	.LASF329
 3233 0a94 7301     		.2byte	0x173
 3234 0a96 0C       		.uleb128 0xc
 3235 0a97 EA260000 		.4byte	.LASF330
 3236 0a9b 7401     		.2byte	0x174
 3237 0a9d 0C       		.uleb128 0xc
 3238 0a9e 29380000 		.4byte	.LASF331
 3239 0aa2 7501     		.2byte	0x175
 3240 0aa4 0C       		.uleb128 0xc
 3241 0aa5 5D300000 		.4byte	.LASF332
 3242 0aa9 7601     		.2byte	0x176
 3243 0aab 0C       		.uleb128 0xc
 3244 0aac 1D040000 		.4byte	.LASF333
 3245 0ab0 7701     		.2byte	0x177
 3246 0ab2 0C       		.uleb128 0xc
 3247 0ab3 152F0000 		.4byte	.LASF334
 3248 0ab7 7801     		.2byte	0x178
 3249 0ab9 0C       		.uleb128 0xc
 3250 0aba AE140000 		.4byte	.LASF335
 3251 0abe 7901     		.2byte	0x179
 3252 0ac0 0C       		.uleb128 0xc
 3253 0ac1 9B1E0000 		.4byte	.LASF336
 3254 0ac5 7A01     		.2byte	0x17a
 3255 0ac7 0C       		.uleb128 0xc
 3256 0ac8 A22A0000 		.4byte	.LASF337
 3257 0acc 7B01     		.2byte	0x17b
 3258 0ace 0C       		.uleb128 0xc
 3259 0acf EE330000 		.4byte	.LASF338
 3260 0ad3 7C01     		.2byte	0x17c
 3261 0ad5 0C       		.uleb128 0xc
 3262 0ad6 92150000 		.4byte	.LASF339
 3263 0ada 7D01     		.2byte	0x17d
 3264 0adc 0C       		.uleb128 0xc
 3265 0add 96240000 		.4byte	.LASF340
 3266 0ae1 7E01     		.2byte	0x17e
 3267 0ae3 0C       		.uleb128 0xc
 3268 0ae4 DE220000 		.4byte	.LASF341
 3269 0ae8 7F01     		.2byte	0x17f
 3270 0aea 0C       		.uleb128 0xc
 3271 0aeb B6270000 		.4byte	.LASF342
 3272 0aef 8001     		.2byte	0x180
 3273 0af1 0C       		.uleb128 0xc
 3274 0af2 BA330000 		.4byte	.LASF343
 3275 0af6 8101     		.2byte	0x181
 3276 0af8 0C       		.uleb128 0xc
 3277 0af9 7B240000 		.4byte	.LASF344
 3278 0afd 8201     		.2byte	0x182
 3279 0aff 0C       		.uleb128 0xc
 3280 0b00 FD240000 		.4byte	.LASF345
 3281 0b04 8301     		.2byte	0x183
 3282 0b06 0C       		.uleb128 0xc
 3283 0b07 A7160000 		.4byte	.LASF346
 3284 0b0b 8401     		.2byte	0x184
 3285 0b0d 0C       		.uleb128 0xc
 3286 0b0e 9F0D0000 		.4byte	.LASF347
 3287 0b12 8501     		.2byte	0x185
ARM GAS  C:\Users\ARTEM\AppData\Local\Temp\ccxzkR0X.s 			page 68


 3288 0b14 0C       		.uleb128 0xc
 3289 0b15 03370000 		.4byte	.LASF348
 3290 0b19 8601     		.2byte	0x186
 3291 0b1b 0C       		.uleb128 0xc
 3292 0b1c 3A1B0000 		.4byte	.LASF349
 3293 0b20 8701     		.2byte	0x187
 3294 0b22 0C       		.uleb128 0xc
 3295 0b23 7D0A0000 		.4byte	.LASF350
 3296 0b27 8801     		.2byte	0x188
 3297 0b29 0C       		.uleb128 0xc
 3298 0b2a 69370000 		.4byte	.LASF351
 3299 0b2e 8901     		.2byte	0x189
 3300 0b30 0C       		.uleb128 0xc
 3301 0b31 91300000 		.4byte	.LASF352
 3302 0b35 8A01     		.2byte	0x18a
 3303 0b37 0C       		.uleb128 0xc
 3304 0b38 792E0000 		.4byte	.LASF353
 3305 0b3c 8B01     		.2byte	0x18b
 3306 0b3e 0C       		.uleb128 0xc
 3307 0b3f BD210000 		.4byte	.LASF354
 3308 0b43 8C01     		.2byte	0x18c
 3309 0b45 0C       		.uleb128 0xc
 3310 0b46 63020000 		.4byte	.LASF355
 3311 0b4a 8D01     		.2byte	0x18d
 3312 0b4c 0C       		.uleb128 0xc
 3313 0b4d 592B0000 		.4byte	.LASF356
 3314 0b51 8E01     		.2byte	0x18e
 3315 0b53 0C       		.uleb128 0xc
 3316 0b54 2C3E0000 		.4byte	.LASF357
 3317 0b58 8F01     		.2byte	0x18f
 3318 0b5a 0C       		.uleb128 0xc
 3319 0b5b 96390000 		.4byte	.LASF358
 3320 0b5f 9001     		.2byte	0x190
 3321 0b61 0C       		.uleb128 0xc
 3322 0b62 09210000 		.4byte	.LASF359
 3323 0b66 9101     		.2byte	0x191
 3324 0b68 0C       		.uleb128 0xc
 3325 0b69 12030000 		.4byte	.LASF360
 3326 0b6d 9201     		.2byte	0x192
 3327 0b6f 0C       		.uleb128 0xc
 3328 0b70 6F130000 		.4byte	.LASF361
 3329 0b74 9301     		.2byte	0x193
 3330 0b76 0C       		.uleb128 0xc
 3331 0b77 233B0000 		.4byte	.LASF362
 3332 0b7b 9401     		.2byte	0x194
 3333 0b7d 0C       		.uleb128 0xc
 3334 0b7e 67410000 		.4byte	.LASF363
 3335 0b82 9501     		.2byte	0x195
 3336 0b84 0C       		.uleb128 0xc
 3337 0b85 3E250000 		.4byte	.LASF364
 3338 0b89 9601     		.2byte	0x196
 3339 0b8b 0C       		.uleb128 0xc
 3340 0b8c 2E400000 		.4byte	.LASF365
 3341 0b90 9701     		.2byte	0x197
 3342 0b92 0C       		.uleb128 0xc
 3343 0b93 DB240000 		.4byte	.LASF366
 3344 0b97 9801     		.2byte	0x198
ARM GAS  C:\Users\ARTEM\AppData\Local\Temp\ccxzkR0X.s 			page 69


 3345 0b99 0C       		.uleb128 0xc
 3346 0b9a 6C0E0000 		.4byte	.LASF367
 3347 0b9e 9901     		.2byte	0x199
 3348 0ba0 0C       		.uleb128 0xc
 3349 0ba1 771B0000 		.4byte	.LASF368
 3350 0ba5 9A01     		.2byte	0x19a
 3351 0ba7 0C       		.uleb128 0xc
 3352 0ba8 BC180000 		.4byte	.LASF369
 3353 0bac 9B01     		.2byte	0x19b
 3354 0bae 0C       		.uleb128 0xc
 3355 0baf E60D0000 		.4byte	.LASF370
 3356 0bb3 9C01     		.2byte	0x19c
 3357 0bb5 0C       		.uleb128 0xc
 3358 0bb6 AF320000 		.4byte	.LASF371
 3359 0bba 9D01     		.2byte	0x19d
 3360 0bbc 0C       		.uleb128 0xc
 3361 0bbd 671C0000 		.4byte	.LASF372
 3362 0bc1 9E01     		.2byte	0x19e
 3363 0bc3 0C       		.uleb128 0xc
 3364 0bc4 4D2C0000 		.4byte	.LASF373
 3365 0bc8 9F01     		.2byte	0x19f
 3366 0bca 0C       		.uleb128 0xc
 3367 0bcb C1040000 		.4byte	.LASF374
 3368 0bcf A001     		.2byte	0x1a0
 3369 0bd1 0C       		.uleb128 0xc
 3370 0bd2 E3100000 		.4byte	.LASF375
 3371 0bd6 A101     		.2byte	0x1a1
 3372 0bd8 0C       		.uleb128 0xc
 3373 0bd9 6C2D0000 		.4byte	.LASF376
 3374 0bdd A201     		.2byte	0x1a2
 3375 0bdf 0C       		.uleb128 0xc
 3376 0be0 A2180000 		.4byte	.LASF377
 3377 0be4 A301     		.2byte	0x1a3
 3378 0be6 0C       		.uleb128 0xc
 3379 0be7 65380000 		.4byte	.LASF378
 3380 0beb A401     		.2byte	0x1a4
 3381 0bed 0C       		.uleb128 0xc
 3382 0bee 2D220000 		.4byte	.LASF379
 3383 0bf2 A501     		.2byte	0x1a5
 3384 0bf4 0C       		.uleb128 0xc
 3385 0bf5 06380000 		.4byte	.LASF380
 3386 0bf9 A601     		.2byte	0x1a6
 3387 0bfb 0C       		.uleb128 0xc
 3388 0bfc 0E160000 		.4byte	.LASF381
 3389 0c00 A701     		.2byte	0x1a7
 3390 0c02 0C       		.uleb128 0xc
 3391 0c03 06290000 		.4byte	.LASF382
 3392 0c07 A801     		.2byte	0x1a8
 3393 0c09 0C       		.uleb128 0xc
 3394 0c0a 4B150000 		.4byte	.LASF383
 3395 0c0e A901     		.2byte	0x1a9
 3396 0c10 0C       		.uleb128 0xc
 3397 0c11 6D1A0000 		.4byte	.LASF384
 3398 0c15 AA01     		.2byte	0x1aa
 3399 0c17 0C       		.uleb128 0xc
 3400 0c18 FB410000 		.4byte	.LASF385
 3401 0c1c AB01     		.2byte	0x1ab
ARM GAS  C:\Users\ARTEM\AppData\Local\Temp\ccxzkR0X.s 			page 70


 3402 0c1e 0C       		.uleb128 0xc
 3403 0c1f BC2B0000 		.4byte	.LASF386
 3404 0c23 AC01     		.2byte	0x1ac
 3405 0c25 0C       		.uleb128 0xc
 3406 0c26 712C0000 		.4byte	.LASF387
 3407 0c2a AD01     		.2byte	0x1ad
 3408 0c2c 0C       		.uleb128 0xc
 3409 0c2d 92080000 		.4byte	.LASF388
 3410 0c31 AE01     		.2byte	0x1ae
 3411 0c33 0C       		.uleb128 0xc
 3412 0c34 27180000 		.4byte	.LASF389
 3413 0c38 AF01     		.2byte	0x1af
 3414 0c3a 0C       		.uleb128 0xc
 3415 0c3b 52330000 		.4byte	.LASF390
 3416 0c3f B001     		.2byte	0x1b0
 3417 0c41 0C       		.uleb128 0xc
 3418 0c42 D90C0000 		.4byte	.LASF391
 3419 0c46 B101     		.2byte	0x1b1
 3420 0c48 0C       		.uleb128 0xc
 3421 0c49 3F000000 		.4byte	.LASF392
 3422 0c4d B201     		.2byte	0x1b2
 3423 0c4f 0C       		.uleb128 0xc
 3424 0c50 DC380000 		.4byte	.LASF393
 3425 0c54 B301     		.2byte	0x1b3
 3426 0c56 0C       		.uleb128 0xc
 3427 0c57 CD130000 		.4byte	.LASF394
 3428 0c5b B401     		.2byte	0x1b4
 3429 0c5d 0C       		.uleb128 0xc
 3430 0c5e 8C410000 		.4byte	.LASF395
 3431 0c62 B501     		.2byte	0x1b5
 3432 0c64 0C       		.uleb128 0xc
 3433 0c65 2C1E0000 		.4byte	.LASF396
 3434 0c69 B601     		.2byte	0x1b6
 3435 0c6b 0C       		.uleb128 0xc
 3436 0c6c 50210000 		.4byte	.LASF397
 3437 0c70 B701     		.2byte	0x1b7
 3438 0c72 0C       		.uleb128 0xc
 3439 0c73 4D410000 		.4byte	.LASF398
 3440 0c77 B801     		.2byte	0x1b8
 3441 0c79 0C       		.uleb128 0xc
 3442 0c7a 5C350000 		.4byte	.LASF399
 3443 0c7e B901     		.2byte	0x1b9
 3444 0c80 0C       		.uleb128 0xc
 3445 0c81 C0280000 		.4byte	.LASF400
 3446 0c85 BA01     		.2byte	0x1ba
 3447 0c87 0C       		.uleb128 0xc
 3448 0c88 002B0000 		.4byte	.LASF401
 3449 0c8c BB01     		.2byte	0x1bb
 3450 0c8e 0C       		.uleb128 0xc
 3451 0c8f 013C0000 		.4byte	.LASF402
 3452 0c93 BC01     		.2byte	0x1bc
 3453 0c95 0C       		.uleb128 0xc
 3454 0c96 C01C0000 		.4byte	.LASF403
 3455 0c9a BD01     		.2byte	0x1bd
 3456 0c9c 0C       		.uleb128 0xc
 3457 0c9d 0C090000 		.4byte	.LASF404
 3458 0ca1 BE01     		.2byte	0x1be
ARM GAS  C:\Users\ARTEM\AppData\Local\Temp\ccxzkR0X.s 			page 71


 3459 0ca3 0C       		.uleb128 0xc
 3460 0ca4 4B110000 		.4byte	.LASF405
 3461 0ca8 BF01     		.2byte	0x1bf
 3462 0caa 0C       		.uleb128 0xc
 3463 0cab 6F400000 		.4byte	.LASF406
 3464 0caf C001     		.2byte	0x1c0
 3465 0cb1 0C       		.uleb128 0xc
 3466 0cb2 A80C0000 		.4byte	.LASF407
 3467 0cb6 C101     		.2byte	0x1c1
 3468 0cb8 0C       		.uleb128 0xc
 3469 0cb9 9D1C0000 		.4byte	.LASF408
 3470 0cbd C201     		.2byte	0x1c2
 3471 0cbf 0C       		.uleb128 0xc
 3472 0cc0 E5200000 		.4byte	.LASF409
 3473 0cc4 C301     		.2byte	0x1c3
 3474 0cc6 0C       		.uleb128 0xc
 3475 0cc7 E33B0000 		.4byte	.LASF410
 3476 0ccb C401     		.2byte	0x1c4
 3477 0ccd 0C       		.uleb128 0xc
 3478 0cce F91A0000 		.4byte	.LASF411
 3479 0cd2 C501     		.2byte	0x1c5
 3480 0cd4 0C       		.uleb128 0xc
 3481 0cd5 E4170000 		.4byte	.LASF412
 3482 0cd9 C601     		.2byte	0x1c6
 3483 0cdb 0C       		.uleb128 0xc
 3484 0cdc E2230000 		.4byte	.LASF413
 3485 0ce0 C701     		.2byte	0x1c7
 3486 0ce2 0C       		.uleb128 0xc
 3487 0ce3 D4020000 		.4byte	.LASF414
 3488 0ce7 C801     		.2byte	0x1c8
 3489 0ce9 0C       		.uleb128 0xc
 3490 0cea 21310000 		.4byte	.LASF415
 3491 0cee C901     		.2byte	0x1c9
 3492 0cf0 0C       		.uleb128 0xc
 3493 0cf1 FA030000 		.4byte	.LASF416
 3494 0cf5 CA01     		.2byte	0x1ca
 3495 0cf7 0C       		.uleb128 0xc
 3496 0cf8 DA2D0000 		.4byte	.LASF417
 3497 0cfc CB01     		.2byte	0x1cb
 3498 0cfe 0C       		.uleb128 0xc
 3499 0cff E60A0000 		.4byte	.LASF418
 3500 0d03 CC01     		.2byte	0x1cc
 3501 0d05 0C       		.uleb128 0xc
 3502 0d06 780B0000 		.4byte	.LASF419
 3503 0d0a CD01     		.2byte	0x1cd
 3504 0d0c 0C       		.uleb128 0xc
 3505 0d0d A0330000 		.4byte	.LASF420
 3506 0d11 CE01     		.2byte	0x1ce
 3507 0d13 0C       		.uleb128 0xc
 3508 0d14 43070000 		.4byte	.LASF421
 3509 0d18 CF01     		.2byte	0x1cf
 3510 0d1a 0C       		.uleb128 0xc
 3511 0d1b 2E300000 		.4byte	.LASF422
 3512 0d1f D001     		.2byte	0x1d0
 3513 0d21 0C       		.uleb128 0xc
 3514 0d22 572E0000 		.4byte	.LASF423
 3515 0d26 D101     		.2byte	0x1d1
ARM GAS  C:\Users\ARTEM\AppData\Local\Temp\ccxzkR0X.s 			page 72


 3516 0d28 0C       		.uleb128 0xc
 3517 0d29 7E190000 		.4byte	.LASF424
 3518 0d2d D201     		.2byte	0x1d2
 3519 0d2f 0C       		.uleb128 0xc
 3520 0d30 9E3D0000 		.4byte	.LASF425
 3521 0d34 D301     		.2byte	0x1d3
 3522 0d36 0C       		.uleb128 0xc
 3523 0d37 9A230000 		.4byte	.LASF426
 3524 0d3b D401     		.2byte	0x1d4
 3525 0d3d 0C       		.uleb128 0xc
 3526 0d3e F12C0000 		.4byte	.LASF427
 3527 0d42 D501     		.2byte	0x1d5
 3528 0d44 0C       		.uleb128 0xc
 3529 0d45 C8150000 		.4byte	.LASF428
 3530 0d49 D601     		.2byte	0x1d6
 3531 0d4b 0C       		.uleb128 0xc
 3532 0d4c 48270000 		.4byte	.LASF429
 3533 0d50 D701     		.2byte	0x1d7
 3534 0d52 0C       		.uleb128 0xc
 3535 0d53 E1210000 		.4byte	.LASF430
 3536 0d57 D801     		.2byte	0x1d8
 3537 0d59 0C       		.uleb128 0xc
 3538 0d5a FE380000 		.4byte	.LASF431
 3539 0d5e D901     		.2byte	0x1d9
 3540 0d60 0C       		.uleb128 0xc
 3541 0d61 08200000 		.4byte	.LASF432
 3542 0d65 DA01     		.2byte	0x1da
 3543 0d67 0C       		.uleb128 0xc
 3544 0d68 D2140000 		.4byte	.LASF433
 3545 0d6c DB01     		.2byte	0x1db
 3546 0d6e 0C       		.uleb128 0xc
 3547 0d6f 4E030000 		.4byte	.LASF434
 3548 0d73 DC01     		.2byte	0x1dc
 3549 0d75 0C       		.uleb128 0xc
 3550 0d76 D4300000 		.4byte	.LASF435
 3551 0d7a DD01     		.2byte	0x1dd
 3552 0d7c 0C       		.uleb128 0xc
 3553 0d7d 130A0000 		.4byte	.LASF436
 3554 0d81 DE01     		.2byte	0x1de
 3555 0d83 0C       		.uleb128 0xc
 3556 0d84 0A060000 		.4byte	.LASF437
 3557 0d88 DF01     		.2byte	0x1df
 3558 0d8a 0C       		.uleb128 0xc
 3559 0d8b DE1C0000 		.4byte	.LASF438
 3560 0d8f E001     		.2byte	0x1e0
 3561 0d91 0C       		.uleb128 0xc
 3562 0d92 BF1A0000 		.4byte	.LASF439
 3563 0d96 E101     		.2byte	0x1e1
 3564 0d98 0C       		.uleb128 0xc
 3565 0d99 021D0000 		.4byte	.LASF440
 3566 0d9d E201     		.2byte	0x1e2
 3567 0d9f 0C       		.uleb128 0xc
 3568 0da0 65320000 		.4byte	.LASF441
 3569 0da4 E301     		.2byte	0x1e3
 3570 0da6 0C       		.uleb128 0xc
 3571 0da7 BE1E0000 		.4byte	.LASF442
 3572 0dab E401     		.2byte	0x1e4
ARM GAS  C:\Users\ARTEM\AppData\Local\Temp\ccxzkR0X.s 			page 73


 3573 0dad 0C       		.uleb128 0xc
 3574 0dae 271D0000 		.4byte	.LASF443
 3575 0db2 E501     		.2byte	0x1e5
 3576 0db4 0C       		.uleb128 0xc
 3577 0db5 91070000 		.4byte	.LASF444
 3578 0db9 E601     		.2byte	0x1e6
 3579 0dbb 0C       		.uleb128 0xc
 3580 0dbc 161B0000 		.4byte	.LASF445
 3581 0dc0 E701     		.2byte	0x1e7
 3582 0dc2 0C       		.uleb128 0xc
 3583 0dc3 A2350000 		.4byte	.LASF446
 3584 0dc7 E801     		.2byte	0x1e8
 3585 0dc9 0C       		.uleb128 0xc
 3586 0dca A6310000 		.4byte	.LASF447
 3587 0dce E901     		.2byte	0x1e9
 3588 0dd0 0C       		.uleb128 0xc
 3589 0dd1 77120000 		.4byte	.LASF448
 3590 0dd5 EA01     		.2byte	0x1ea
 3591 0dd7 0C       		.uleb128 0xc
 3592 0dd8 BB1D0000 		.4byte	.LASF449
 3593 0ddc EB01     		.2byte	0x1eb
 3594 0dde 0C       		.uleb128 0xc
 3595 0ddf 7F000000 		.4byte	.LASF450
 3596 0de3 EC01     		.2byte	0x1ec
 3597 0de5 0C       		.uleb128 0xc
 3598 0de6 31200000 		.4byte	.LASF451
 3599 0dea ED01     		.2byte	0x1ed
 3600 0dec 0C       		.uleb128 0xc
 3601 0ded 6B270000 		.4byte	.LASF452
 3602 0df1 EE01     		.2byte	0x1ee
 3603 0df3 0C       		.uleb128 0xc
 3604 0df4 22000000 		.4byte	.LASF453
 3605 0df8 EF01     		.2byte	0x1ef
 3606 0dfa 0C       		.uleb128 0xc
 3607 0dfb 82040000 		.4byte	.LASF454
 3608 0dff F001     		.2byte	0x1f0
 3609 0e01 0C       		.uleb128 0xc
 3610 0e02 261A0000 		.4byte	.LASF455
 3611 0e06 F101     		.2byte	0x1f1
 3612 0e08 0C       		.uleb128 0xc
 3613 0e09 FC1E0000 		.4byte	.LASF456
 3614 0e0d F201     		.2byte	0x1f2
 3615 0e0f 0C       		.uleb128 0xc
 3616 0e10 0B010000 		.4byte	.LASF457
 3617 0e14 F301     		.2byte	0x1f3
 3618 0e16 0C       		.uleb128 0xc
 3619 0e17 2B210000 		.4byte	.LASF458
 3620 0e1b F401     		.2byte	0x1f4
 3621 0e1d 0C       		.uleb128 0xc
 3622 0e1e 1A350000 		.4byte	.LASF459
 3623 0e22 F501     		.2byte	0x1f5
 3624 0e24 0C       		.uleb128 0xc
 3625 0e25 03410000 		.4byte	.LASF460
 3626 0e29 F601     		.2byte	0x1f6
 3627 0e2b 0C       		.uleb128 0xc
 3628 0e2c F81B0000 		.4byte	.LASF461
 3629 0e30 F701     		.2byte	0x1f7
ARM GAS  C:\Users\ARTEM\AppData\Local\Temp\ccxzkR0X.s 			page 74


 3630 0e32 0C       		.uleb128 0xc
 3631 0e33 850F0000 		.4byte	.LASF462
 3632 0e37 F801     		.2byte	0x1f8
 3633 0e39 0C       		.uleb128 0xc
 3634 0e3a 88170000 		.4byte	.LASF463
 3635 0e3e F901     		.2byte	0x1f9
 3636 0e40 0C       		.uleb128 0xc
 3637 0e41 252C0000 		.4byte	.LASF464
 3638 0e45 FA01     		.2byte	0x1fa
 3639 0e47 0C       		.uleb128 0xc
 3640 0e48 67040000 		.4byte	.LASF465
 3641 0e4c FB01     		.2byte	0x1fb
 3642 0e4e 0C       		.uleb128 0xc
 3643 0e4f 43340000 		.4byte	.LASF466
 3644 0e53 FC01     		.2byte	0x1fc
 3645 0e55 0C       		.uleb128 0xc
 3646 0e56 1D100000 		.4byte	.LASF467
 3647 0e5a FD01     		.2byte	0x1fd
 3648 0e5c 0C       		.uleb128 0xc
 3649 0e5d 55200000 		.4byte	.LASF468
 3650 0e61 FE01     		.2byte	0x1fe
 3651 0e63 0C       		.uleb128 0xc
 3652 0e64 0A170000 		.4byte	.LASF469
 3653 0e68 FF01     		.2byte	0x1ff
 3654 0e6a 0C       		.uleb128 0xc
 3655 0e6b 8C3B0000 		.4byte	.LASF470
 3656 0e6f 0002     		.2byte	0x200
 3657 0e71 0C       		.uleb128 0xc
 3658 0e72 97030000 		.4byte	.LASF471
 3659 0e76 0102     		.2byte	0x201
 3660 0e78 0C       		.uleb128 0xc
 3661 0e79 2F010000 		.4byte	.LASF472
 3662 0e7d 0202     		.2byte	0x202
 3663 0e7f 0C       		.uleb128 0xc
 3664 0e80 F0130000 		.4byte	.LASF473
 3665 0e84 0302     		.2byte	0x203
 3666 0e86 0C       		.uleb128 0xc
 3667 0e87 26110000 		.4byte	.LASF474
 3668 0e8b 0402     		.2byte	0x204
 3669 0e8d 0C       		.uleb128 0xc
 3670 0e8e 90270000 		.4byte	.LASF475
 3671 0e92 0502     		.2byte	0x205
 3672 0e94 0C       		.uleb128 0xc
 3673 0e95 DB390000 		.4byte	.LASF476
 3674 0e99 0602     		.2byte	0x206
 3675 0e9b 0C       		.uleb128 0xc
 3676 0e9c BE240000 		.4byte	.LASF477
 3677 0ea0 0702     		.2byte	0x207
 3678 0ea2 0C       		.uleb128 0xc
 3679 0ea3 2E330000 		.4byte	.LASF478
 3680 0ea7 0802     		.2byte	0x208
 3681 0ea9 0C       		.uleb128 0xc
 3682 0eaa FB110000 		.4byte	.LASF479
 3683 0eae 0902     		.2byte	0x209
 3684 0eb0 0C       		.uleb128 0xc
 3685 0eb1 E6040000 		.4byte	.LASF480
 3686 0eb5 0A02     		.2byte	0x20a
ARM GAS  C:\Users\ARTEM\AppData\Local\Temp\ccxzkR0X.s 			page 75


 3687 0eb7 0C       		.uleb128 0xc
 3688 0eb8 09330000 		.4byte	.LASF481
 3689 0ebc 0B02     		.2byte	0x20b
 3690 0ebe 0C       		.uleb128 0xc
 3691 0ebf 33120000 		.4byte	.LASF482
 3692 0ec3 0C02     		.2byte	0x20c
 3693 0ec5 0C       		.uleb128 0xc
 3694 0ec6 7A210000 		.4byte	.LASF483
 3695 0eca 0D02     		.2byte	0x20d
 3696 0ecc 0C       		.uleb128 0xc
 3697 0ecd E5310000 		.4byte	.LASF484
 3698 0ed1 0E02     		.2byte	0x20e
 3699 0ed3 0C       		.uleb128 0xc
 3700 0ed4 E6160000 		.4byte	.LASF485
 3701 0ed8 0F02     		.2byte	0x20f
 3702 0eda 0C       		.uleb128 0xc
 3703 0edb 43380000 		.4byte	.LASF486
 3704 0edf 1002     		.2byte	0x210
 3705 0ee1 0C       		.uleb128 0xc
 3706 0ee2 EC140000 		.4byte	.LASF487
 3707 0ee6 1102     		.2byte	0x211
 3708 0ee8 0C       		.uleb128 0xc
 3709 0ee9 C10B0000 		.4byte	.LASF488
 3710 0eed 1202     		.2byte	0x212
 3711 0eef 0C       		.uleb128 0xc
 3712 0ef0 912D0000 		.4byte	.LASF489
 3713 0ef4 1302     		.2byte	0x213
 3714 0ef6 0C       		.uleb128 0xc
 3715 0ef7 D9190000 		.4byte	.LASF490
 3716 0efb 1402     		.2byte	0x214
 3717 0efd 0C       		.uleb128 0xc
 3718 0efe 3B0D0000 		.4byte	.LASF491
 3719 0f02 1502     		.2byte	0x215
 3720 0f04 0C       		.uleb128 0xc
 3721 0f05 0C1A0000 		.4byte	.LASF492
 3722 0f09 1602     		.2byte	0x216
 3723 0f0b 0C       		.uleb128 0xc
 3724 0f0c F2080000 		.4byte	.LASF493
 3725 0f10 1702     		.2byte	0x217
 3726 0f12 0C       		.uleb128 0xc
 3727 0f13 F2250000 		.4byte	.LASF494
 3728 0f17 1802     		.2byte	0x218
 3729 0f19 0C       		.uleb128 0xc
 3730 0f1a 00000000 		.4byte	.LASF495
 3731 0f1e 1902     		.2byte	0x219
 3732 0f20 0C       		.uleb128 0xc
 3733 0f21 94290000 		.4byte	.LASF496
 3734 0f25 1A02     		.2byte	0x21a
 3735 0f27 0C       		.uleb128 0xc
 3736 0f28 18390000 		.4byte	.LASF497
 3737 0f2c 1B02     		.2byte	0x21b
 3738 0f2e 0C       		.uleb128 0xc
 3739 0f2f 9D040000 		.4byte	.LASF498
 3740 0f33 1C02     		.2byte	0x21c
 3741 0f35 0C       		.uleb128 0xc
 3742 0f36 08320000 		.4byte	.LASF499
 3743 0f3a 1D02     		.2byte	0x21d
ARM GAS  C:\Users\ARTEM\AppData\Local\Temp\ccxzkR0X.s 			page 76


 3744 0f3c 0C       		.uleb128 0xc
 3745 0f3d 48230000 		.4byte	.LASF500
 3746 0f41 1E02     		.2byte	0x21e
 3747 0f43 0C       		.uleb128 0xc
 3748 0f44 C03E0000 		.4byte	.LASF501
 3749 0f48 1F02     		.2byte	0x21f
 3750 0f4a 0C       		.uleb128 0xc
 3751 0f4b 771D0000 		.4byte	.LASF502
 3752 0f4f 2002     		.2byte	0x220
 3753 0f51 0C       		.uleb128 0xc
 3754 0f52 5B100000 		.4byte	.LASF503
 3755 0f56 2102     		.2byte	0x221
 3756 0f58 0C       		.uleb128 0xc
 3757 0f59 D6410000 		.4byte	.LASF504
 3758 0f5d 2202     		.2byte	0x222
 3759 0f5f 0C       		.uleb128 0xc
 3760 0f60 C9170000 		.4byte	.LASF505
 3761 0f64 2302     		.2byte	0x223
 3762 0f66 0C       		.uleb128 0xc
 3763 0f67 74010000 		.4byte	.LASF506
 3764 0f6b 2402     		.2byte	0x224
 3765 0f6d 0C       		.uleb128 0xc
 3766 0f6e B7290000 		.4byte	.LASF507
 3767 0f72 2502     		.2byte	0x225
 3768 0f74 0C       		.uleb128 0xc
 3769 0f75 0E260000 		.4byte	.LASF508
 3770 0f79 2602     		.2byte	0x226
 3771 0f7b 0C       		.uleb128 0xc
 3772 0f7c 4B190000 		.4byte	.LASF509
 3773 0f80 2702     		.2byte	0x227
 3774 0f82 0C       		.uleb128 0xc
 3775 0f83 CB340000 		.4byte	.LASF510
 3776 0f87 2802     		.2byte	0x228
 3777 0f89 0C       		.uleb128 0xc
 3778 0f8a 5D3C0000 		.4byte	.LASF511
 3779 0f8e 2902     		.2byte	0x229
 3780 0f90 0C       		.uleb128 0xc
 3781 0f91 D7010000 		.4byte	.LASF512
 3782 0f95 2A02     		.2byte	0x22a
 3783 0f97 0C       		.uleb128 0xc
 3784 0f98 E3280000 		.4byte	.LASF513
 3785 0f9c 2B02     		.2byte	0x22b
 3786 0f9e 0C       		.uleb128 0xc
 3787 0f9f 68140000 		.4byte	.LASF514
 3788 0fa3 2C02     		.2byte	0x22c
 3789 0fa5 0C       		.uleb128 0xc
 3790 0fa6 32160000 		.4byte	.LASF515
 3791 0faa 2D02     		.2byte	0x22d
 3792 0fac 0C       		.uleb128 0xc
 3793 0fad AB3F0000 		.4byte	.LASF516
 3794 0fb1 2E02     		.2byte	0x22e
 3795 0fb3 0C       		.uleb128 0xc
 3796 0fb4 38100000 		.4byte	.LASF517
 3797 0fb8 2F02     		.2byte	0x22f
 3798 0fba 0C       		.uleb128 0xc
 3799 0fbb DB0E0000 		.4byte	.LASF518
 3800 0fbf 3002     		.2byte	0x230
ARM GAS  C:\Users\ARTEM\AppData\Local\Temp\ccxzkR0X.s 			page 77


 3801 0fc1 0C       		.uleb128 0xc
 3802 0fc2 232B0000 		.4byte	.LASF519
 3803 0fc6 00E0     		.2byte	0xe000
 3804 0fc8 00       		.byte	0
 3805 0fc9 0A       		.uleb128 0xa
 3806 0fca 01       		.byte	0x1
 3807 0fcb 2C000000 		.4byte	0x2c
 3808 0fcf 0A       		.byte	0xa
 3809 0fd0 A808     		.2byte	0x8a8
 3810 0fd2 F50F0000 		.4byte	0xff5
 3811 0fd6 0B       		.uleb128 0xb
 3812 0fd7 710F0000 		.4byte	.LASF520
 3813 0fdb 00       		.byte	0
 3814 0fdc 0B       		.uleb128 0xb
 3815 0fdd 6C1F0000 		.4byte	.LASF521
 3816 0fe1 01       		.byte	0x1
 3817 0fe2 0B       		.uleb128 0xb
 3818 0fe3 C13D0000 		.4byte	.LASF522
 3819 0fe7 02       		.byte	0x2
 3820 0fe8 0B       		.uleb128 0xb
 3821 0fe9 7E090000 		.4byte	.LASF523
 3822 0fed 03       		.byte	0x3
 3823 0fee 0B       		.uleb128 0xb
 3824 0fef 12340000 		.4byte	.LASF524
 3825 0ff3 04       		.byte	0x4
 3826 0ff4 00       		.byte	0
 3827 0ff5 04       		.uleb128 0x4
 3828 0ff6 9D2E0000 		.4byte	.LASF525
 3829 0ffa 0A       		.byte	0xa
 3830 0ffb B608     		.2byte	0x8b6
 3831 0ffd C90F0000 		.4byte	0xfc9
 3832 1001 1B       		.uleb128 0x1b
 3833 1002 362D0000 		.4byte	.LASF526
 3834 1006 01       		.byte	0x1
 3835 1007 D801     		.2byte	0x1d8
 3836 1009 6C030000 		.4byte	0x36c
 3837 100d 00000000 		.4byte	.LFB2
 3838 1011 24000000 		.4byte	.LFE2-.LFB2
 3839 1015 01       		.uleb128 0x1
 3840 1016 9C       		.byte	0x9c
 3841 1017 4A100000 		.4byte	0x104a
 3842 101b 1C       		.uleb128 0x1c
 3843 101c F3320000 		.4byte	.LASF528
 3844 1020 01       		.byte	0x1
 3845 1021 DA01     		.2byte	0x1da
 3846 1023 6C030000 		.4byte	0x36c
 3847 1027 00000000 		.4byte	.LLST0
 3848 102b 1D       		.uleb128 0x1d
 3849 102c 14000000 		.4byte	.LVL0
 3850 1030 B4110000 		.4byte	0x11b4
 3851 1034 1E       		.uleb128 0x1e
 3852 1035 01       		.uleb128 0x1
 3853 1036 50       		.byte	0x50
 3854 1037 05       		.uleb128 0x5
 3855 1038 03       		.byte	0x3
 3856 1039 00000000 		.4byte	.LANCHOR0
 3857 103d 1E       		.uleb128 0x1e
ARM GAS  C:\Users\ARTEM\AppData\Local\Temp\ccxzkR0X.s 			page 78


 3858 103e 01       		.uleb128 0x1
 3859 103f 51       		.byte	0x51
 3860 1040 02       		.uleb128 0x2
 3861 1041 08       		.byte	0x8
 3862 1042 49       		.byte	0x49
 3863 1043 1E       		.uleb128 0x1e
 3864 1044 01       		.uleb128 0x1
 3865 1045 52       		.byte	0x52
 3866 1046 01       		.uleb128 0x1
 3867 1047 42       		.byte	0x42
 3868 1048 00       		.byte	0
 3869 1049 00       		.byte	0
 3870 104a 1B       		.uleb128 0x1b
 3871 104b AC170000 		.4byte	.LASF527
 3872 104f 01       		.byte	0x1
 3873 1050 FA01     		.2byte	0x1fa
 3874 1052 85040000 		.4byte	0x485
 3875 1056 00000000 		.4byte	.LFB3
 3876 105a 58000000 		.4byte	.LFE3-.LFB3
 3877 105e 01       		.uleb128 0x1
 3878 105f 9C       		.byte	0x9c
 3879 1060 D7100000 		.4byte	0x10d7
 3880 1064 1F       		.uleb128 0x1f
 3881 1065 88020000 		.4byte	.LASF545
 3882 1069 01       		.byte	0x1
 3883 106a FA01     		.2byte	0x1fa
 3884 106c D7100000 		.4byte	0x10d7
 3885 1070 1E000000 		.4byte	.LLST1
 3886 1074 1C       		.uleb128 0x1c
 3887 1075 F03C0000 		.4byte	.LASF529
 3888 1079 01       		.byte	0x1
 3889 107a FC01     		.2byte	0x1fc
 3890 107c 85040000 		.4byte	0x485
 3891 1080 60000000 		.4byte	.LLST2
 3892 1084 20       		.uleb128 0x20
 3893 1085 16000000 		.4byte	.LVL6
 3894 1089 C0110000 		.4byte	0x11c0
 3895 108d A3100000 		.4byte	0x10a3
 3896 1091 1E       		.uleb128 0x1e
 3897 1092 01       		.uleb128 0x1
 3898 1093 50       		.byte	0x50
 3899 1094 02       		.uleb128 0x2
 3900 1095 75       		.byte	0x75
 3901 1096 04       		.sleb128 4
 3902 1097 1E       		.uleb128 0x1e
 3903 1098 01       		.uleb128 0x1
 3904 1099 51       		.byte	0x51
 3905 109a 01       		.uleb128 0x1
 3906 109b 30       		.byte	0x30
 3907 109c 1E       		.uleb128 0x1e
 3908 109d 01       		.uleb128 0x1
 3909 109e 52       		.byte	0x52
 3910 109f 02       		.uleb128 0x2
 3911 10a0 75       		.byte	0x75
 3912 10a1 00       		.sleb128 0
 3913 10a2 00       		.byte	0
 3914 10a3 21       		.uleb128 0x21
ARM GAS  C:\Users\ARTEM\AppData\Local\Temp\ccxzkR0X.s 			page 79


 3915 10a4 20000000 		.4byte	.LVL9
 3916 10a8 CC110000 		.4byte	0x11cc
 3917 10ac 22       		.uleb128 0x22
 3918 10ad 30000000 		.4byte	.LVL10
 3919 10b1 C3100000 		.4byte	0x10c3
 3920 10b5 1E       		.uleb128 0x1e
 3921 10b6 01       		.uleb128 0x1
 3922 10b7 50       		.byte	0x50
 3923 10b8 03       		.uleb128 0x3
 3924 10b9 0A       		.byte	0xa
 3925 10ba 0401     		.2byte	0x104
 3926 10bc 1E       		.uleb128 0x1e
 3927 10bd 01       		.uleb128 0x1
 3928 10be 51       		.byte	0x51
 3929 10bf 02       		.uleb128 0x2
 3930 10c0 75       		.byte	0x75
 3931 10c1 00       		.sleb128 0
 3932 10c2 00       		.byte	0
 3933 10c3 23       		.uleb128 0x23
 3934 10c4 3E000000 		.4byte	.LVL11
 3935 10c8 1E       		.uleb128 0x1e
 3936 10c9 01       		.uleb128 0x1
 3937 10ca 50       		.byte	0x50
 3938 10cb 03       		.uleb128 0x3
 3939 10cc 0A       		.byte	0xa
 3940 10cd 0501     		.2byte	0x105
 3941 10cf 1E       		.uleb128 0x1e
 3942 10d0 01       		.uleb128 0x1
 3943 10d1 51       		.byte	0x51
 3944 10d2 02       		.uleb128 0x2
 3945 10d3 75       		.byte	0x75
 3946 10d4 00       		.sleb128 0
 3947 10d5 00       		.byte	0
 3948 10d6 00       		.byte	0
 3949 10d7 07       		.uleb128 0x7
 3950 10d8 04       		.byte	0x4
 3951 10d9 5B050000 		.4byte	0x55b
 3952 10dd 0D       		.uleb128 0xd
 3953 10de 6B000000 		.4byte	0x6b
 3954 10e2 EE100000 		.4byte	0x10ee
 3955 10e6 1A       		.uleb128 0x1a
 3956 10e7 B0000000 		.4byte	0xb0
 3957 10eb 1701     		.2byte	0x117
 3958 10ed 00       		.byte	0
 3959 10ee 24       		.uleb128 0x24
 3960 10ef DD1F0000 		.4byte	.LASF530
 3961 10f3 01       		.byte	0x1
 3962 10f4 92       		.byte	0x92
 3963 10f5 DD100000 		.4byte	0x10dd
 3964 10f9 05       		.uleb128 0x5
 3965 10fa 03       		.byte	0x3
 3966 10fb C8010000 		.4byte	cyBle_attValues
 3967 10ff 25       		.uleb128 0x25
 3968 1100 4A300000 		.4byte	.LASF531
 3969 1104 07       		.byte	0x7
 3970 1105 9D02     		.2byte	0x29d
 3971 1107 43060000 		.4byte	0x643
ARM GAS  C:\Users\ARTEM\AppData\Local\Temp\ccxzkR0X.s 			page 80


 3972 110b 25       		.uleb128 0x25
 3973 110c 033A0000 		.4byte	.LASF532
 3974 1110 07       		.byte	0x7
 3975 1111 A402     		.2byte	0x2a4
 3976 1113 A4000000 		.4byte	0xa4
 3977 1117 26       		.uleb128 0x26
 3978 1118 B1250000 		.4byte	.LASF533
 3979 111c 01       		.byte	0x1
 3980 111d 8B       		.byte	0x8b
 3981 111e 28110000 		.4byte	0x1128
 3982 1122 05       		.uleb128 0x5
 3983 1123 03       		.byte	0x3
 3984 1124 00000000 		.4byte	cyBle_gatts
 3985 1128 27       		.uleb128 0x27
 3986 1129 7C060000 		.4byte	0x67c
 3987 112d 0D       		.uleb128 0xd
 3988 112e 3D110000 		.4byte	0x113d
 3989 1132 3D110000 		.4byte	0x113d
 3990 1136 0E       		.uleb128 0xe
 3991 1137 B0000000 		.4byte	0xb0
 3992 113b 48       		.byte	0x48
 3993 113c 00       		.byte	0
 3994 113d 27       		.uleb128 0x27
 3995 113e 37060000 		.4byte	0x637
 3996 1142 28       		.uleb128 0x28
 3997 1143 50240000 		.4byte	.LASF534
 3998 1147 01       		.byte	0x1
 3999 1148 6D01     		.2byte	0x16d
 4000 114a 54110000 		.4byte	0x1154
 4001 114e 05       		.uleb128 0x5
 4002 114f 03       		.byte	0x3
 4003 1150 00000000 		.4byte	cyBle_gattDB
 4004 1154 27       		.uleb128 0x27
 4005 1155 2D110000 		.4byte	0x112d
 4006 1159 28       		.uleb128 0x28
 4007 115a D13A0000 		.4byte	.LASF535
 4008 115e 01       		.byte	0x1
 4009 115f 2E01     		.2byte	0x12e
 4010 1161 7E030000 		.4byte	0x37e
 4011 1165 05       		.uleb128 0x5
 4012 1166 03       		.byte	0x3
 4013 1167 00000000 		.4byte	cyBle_attValuesCCCD
 4014 116b 0D       		.uleb128 0xd
 4015 116c 87050000 		.4byte	0x587
 4016 1170 7B110000 		.4byte	0x117b
 4017 1174 0E       		.uleb128 0xe
 4018 1175 B0000000 		.4byte	0xb0
 4019 1179 38       		.byte	0x38
 4020 117a 00       		.byte	0
 4021 117b 28       		.uleb128 0x28
 4022 117c 851F0000 		.4byte	.LASF536
 4023 1180 01       		.byte	0x1
 4024 1181 3101     		.2byte	0x131
 4025 1183 6B110000 		.4byte	0x116b
 4026 1187 05       		.uleb128 0x5
 4027 1188 03       		.byte	0x3
 4028 1189 00000000 		.4byte	cyBle_attValuesLen
ARM GAS  C:\Users\ARTEM\AppData\Local\Temp\ccxzkR0X.s 			page 81


 4029 118d 26       		.uleb128 0x26
 4030 118e D2200000 		.4byte	.LASF537
 4031 1192 01       		.byte	0x1
 4032 1193 20       		.byte	0x20
 4033 1194 9E110000 		.4byte	0x119e
 4034 1198 05       		.uleb128 0x5
 4035 1199 03       		.byte	0x3
 4036 119a 00000000 		.4byte	cyBle_flashStorage
 4037 119e 27       		.uleb128 0x27
 4038 119f EB060000 		.4byte	0x6eb
 4039 11a3 26       		.uleb128 0x26
 4040 11a4 FD320000 		.4byte	.LASF538
 4041 11a8 01       		.byte	0x1
 4042 11a9 18       		.byte	0x18
 4043 11aa F50F0000 		.4byte	0xff5
 4044 11ae 05       		.uleb128 0x5
 4045 11af 03       		.byte	0x3
 4046 11b0 00000000 		.4byte	cyBle_state
 4047 11b4 29       		.uleb128 0x29
 4048 11b5 91360000 		.4byte	.LASF539
 4049 11b9 91360000 		.4byte	.LASF539
 4050 11bd 06       		.byte	0x6
 4051 11be 5A01     		.2byte	0x15a
 4052 11c0 29       		.uleb128 0x29
 4053 11c1 07110000 		.4byte	.LASF540
 4054 11c5 07110000 		.4byte	.LASF540
 4055 11c9 06       		.byte	0x6
 4056 11ca 8401     		.2byte	0x184
 4057 11cc 29       		.uleb128 0x29
 4058 11cd 142C0000 		.4byte	.LASF541
 4059 11d1 142C0000 		.4byte	.LASF541
 4060 11d5 07       		.byte	0x7
 4061 11d6 6302     		.2byte	0x263
 4062 11d8 00       		.byte	0
 4063              		.section	.debug_abbrev,"",%progbits
 4064              	.Ldebug_abbrev0:
 4065 0000 01       		.uleb128 0x1
 4066 0001 11       		.uleb128 0x11
 4067 0002 01       		.byte	0x1
 4068 0003 25       		.uleb128 0x25
 4069 0004 0E       		.uleb128 0xe
 4070 0005 13       		.uleb128 0x13
 4071 0006 0B       		.uleb128 0xb
 4072 0007 03       		.uleb128 0x3
 4073 0008 0E       		.uleb128 0xe
 4074 0009 1B       		.uleb128 0x1b
 4075 000a 0E       		.uleb128 0xe
 4076 000b 55       		.uleb128 0x55
 4077 000c 17       		.uleb128 0x17
 4078 000d 11       		.uleb128 0x11
 4079 000e 01       		.uleb128 0x1
 4080 000f 10       		.uleb128 0x10
 4081 0010 17       		.uleb128 0x17
 4082 0011 00       		.byte	0
 4083 0012 00       		.byte	0
 4084 0013 02       		.uleb128 0x2
 4085 0014 24       		.uleb128 0x24
ARM GAS  C:\Users\ARTEM\AppData\Local\Temp\ccxzkR0X.s 			page 82


 4086 0015 00       		.byte	0
 4087 0016 0B       		.uleb128 0xb
 4088 0017 0B       		.uleb128 0xb
 4089 0018 3E       		.uleb128 0x3e
 4090 0019 0B       		.uleb128 0xb
 4091 001a 03       		.uleb128 0x3
 4092 001b 0E       		.uleb128 0xe
 4093 001c 00       		.byte	0
 4094 001d 00       		.byte	0
 4095 001e 03       		.uleb128 0x3
 4096 001f 24       		.uleb128 0x24
 4097 0020 00       		.byte	0
 4098 0021 0B       		.uleb128 0xb
 4099 0022 0B       		.uleb128 0xb
 4100 0023 3E       		.uleb128 0x3e
 4101 0024 0B       		.uleb128 0xb
 4102 0025 03       		.uleb128 0x3
 4103 0026 08       		.uleb128 0x8
 4104 0027 00       		.byte	0
 4105 0028 00       		.byte	0
 4106 0029 04       		.uleb128 0x4
 4107 002a 16       		.uleb128 0x16
 4108 002b 00       		.byte	0
 4109 002c 03       		.uleb128 0x3
 4110 002d 0E       		.uleb128 0xe
 4111 002e 3A       		.uleb128 0x3a
 4112 002f 0B       		.uleb128 0xb
 4113 0030 3B       		.uleb128 0x3b
 4114 0031 05       		.uleb128 0x5
 4115 0032 49       		.uleb128 0x49
 4116 0033 13       		.uleb128 0x13
 4117 0034 00       		.byte	0
 4118 0035 00       		.byte	0
 4119 0036 05       		.uleb128 0x5
 4120 0037 35       		.uleb128 0x35
 4121 0038 00       		.byte	0
 4122 0039 49       		.uleb128 0x49
 4123 003a 13       		.uleb128 0x13
 4124 003b 00       		.byte	0
 4125 003c 00       		.byte	0
 4126 003d 06       		.uleb128 0x6
 4127 003e 0F       		.uleb128 0xf
 4128 003f 00       		.byte	0
 4129 0040 0B       		.uleb128 0xb
 4130 0041 0B       		.uleb128 0xb
 4131 0042 00       		.byte	0
 4132 0043 00       		.byte	0
 4133 0044 07       		.uleb128 0x7
 4134 0045 0F       		.uleb128 0xf
 4135 0046 00       		.byte	0
 4136 0047 0B       		.uleb128 0xb
 4137 0048 0B       		.uleb128 0xb
 4138 0049 49       		.uleb128 0x49
 4139 004a 13       		.uleb128 0x13
 4140 004b 00       		.byte	0
 4141 004c 00       		.byte	0
 4142 004d 08       		.uleb128 0x8
ARM GAS  C:\Users\ARTEM\AppData\Local\Temp\ccxzkR0X.s 			page 83


 4143 004e 15       		.uleb128 0x15
 4144 004f 01       		.byte	0x1
 4145 0050 27       		.uleb128 0x27
 4146 0051 19       		.uleb128 0x19
 4147 0052 01       		.uleb128 0x1
 4148 0053 13       		.uleb128 0x13
 4149 0054 00       		.byte	0
 4150 0055 00       		.byte	0
 4151 0056 09       		.uleb128 0x9
 4152 0057 05       		.uleb128 0x5
 4153 0058 00       		.byte	0
 4154 0059 49       		.uleb128 0x49
 4155 005a 13       		.uleb128 0x13
 4156 005b 00       		.byte	0
 4157 005c 00       		.byte	0
 4158 005d 0A       		.uleb128 0xa
 4159 005e 04       		.uleb128 0x4
 4160 005f 01       		.byte	0x1
 4161 0060 0B       		.uleb128 0xb
 4162 0061 0B       		.uleb128 0xb
 4163 0062 49       		.uleb128 0x49
 4164 0063 13       		.uleb128 0x13
 4165 0064 3A       		.uleb128 0x3a
 4166 0065 0B       		.uleb128 0xb
 4167 0066 3B       		.uleb128 0x3b
 4168 0067 05       		.uleb128 0x5
 4169 0068 01       		.uleb128 0x1
 4170 0069 13       		.uleb128 0x13
 4171 006a 00       		.byte	0
 4172 006b 00       		.byte	0
 4173 006c 0B       		.uleb128 0xb
 4174 006d 28       		.uleb128 0x28
 4175 006e 00       		.byte	0
 4176 006f 03       		.uleb128 0x3
 4177 0070 0E       		.uleb128 0xe
 4178 0071 1C       		.uleb128 0x1c
 4179 0072 0B       		.uleb128 0xb
 4180 0073 00       		.byte	0
 4181 0074 00       		.byte	0
 4182 0075 0C       		.uleb128 0xc
 4183 0076 28       		.uleb128 0x28
 4184 0077 00       		.byte	0
 4185 0078 03       		.uleb128 0x3
 4186 0079 0E       		.uleb128 0xe
 4187 007a 1C       		.uleb128 0x1c
 4188 007b 05       		.uleb128 0x5
 4189 007c 00       		.byte	0
 4190 007d 00       		.byte	0
 4191 007e 0D       		.uleb128 0xd
 4192 007f 01       		.uleb128 0x1
 4193 0080 01       		.byte	0x1
 4194 0081 49       		.uleb128 0x49
 4195 0082 13       		.uleb128 0x13
 4196 0083 01       		.uleb128 0x1
 4197 0084 13       		.uleb128 0x13
 4198 0085 00       		.byte	0
 4199 0086 00       		.byte	0
ARM GAS  C:\Users\ARTEM\AppData\Local\Temp\ccxzkR0X.s 			page 84


 4200 0087 0E       		.uleb128 0xe
 4201 0088 21       		.uleb128 0x21
 4202 0089 00       		.byte	0
 4203 008a 49       		.uleb128 0x49
 4204 008b 13       		.uleb128 0x13
 4205 008c 2F       		.uleb128 0x2f
 4206 008d 0B       		.uleb128 0xb
 4207 008e 00       		.byte	0
 4208 008f 00       		.byte	0
 4209 0090 0F       		.uleb128 0xf
 4210 0091 04       		.uleb128 0x4
 4211 0092 01       		.byte	0x1
 4212 0093 0B       		.uleb128 0xb
 4213 0094 0B       		.uleb128 0xb
 4214 0095 49       		.uleb128 0x49
 4215 0096 13       		.uleb128 0x13
 4216 0097 3A       		.uleb128 0x3a
 4217 0098 0B       		.uleb128 0xb
 4218 0099 3B       		.uleb128 0x3b
 4219 009a 0B       		.uleb128 0xb
 4220 009b 01       		.uleb128 0x1
 4221 009c 13       		.uleb128 0x13
 4222 009d 00       		.byte	0
 4223 009e 00       		.byte	0
 4224 009f 10       		.uleb128 0x10
 4225 00a0 13       		.uleb128 0x13
 4226 00a1 01       		.byte	0x1
 4227 00a2 0B       		.uleb128 0xb
 4228 00a3 0B       		.uleb128 0xb
 4229 00a4 3A       		.uleb128 0x3a
 4230 00a5 0B       		.uleb128 0xb
 4231 00a6 3B       		.uleb128 0x3b
 4232 00a7 05       		.uleb128 0x5
 4233 00a8 01       		.uleb128 0x1
 4234 00a9 13       		.uleb128 0x13
 4235 00aa 00       		.byte	0
 4236 00ab 00       		.byte	0
 4237 00ac 11       		.uleb128 0x11
 4238 00ad 0D       		.uleb128 0xd
 4239 00ae 00       		.byte	0
 4240 00af 03       		.uleb128 0x3
 4241 00b0 0E       		.uleb128 0xe
 4242 00b1 3A       		.uleb128 0x3a
 4243 00b2 0B       		.uleb128 0xb
 4244 00b3 3B       		.uleb128 0x3b
 4245 00b4 05       		.uleb128 0x5
 4246 00b5 49       		.uleb128 0x49
 4247 00b6 13       		.uleb128 0x13
 4248 00b7 38       		.uleb128 0x38
 4249 00b8 0B       		.uleb128 0xb
 4250 00b9 00       		.byte	0
 4251 00ba 00       		.byte	0
 4252 00bb 12       		.uleb128 0x12
 4253 00bc 0D       		.uleb128 0xd
 4254 00bd 00       		.byte	0
 4255 00be 03       		.uleb128 0x3
 4256 00bf 08       		.uleb128 0x8
ARM GAS  C:\Users\ARTEM\AppData\Local\Temp\ccxzkR0X.s 			page 85


 4257 00c0 3A       		.uleb128 0x3a
 4258 00c1 0B       		.uleb128 0xb
 4259 00c2 3B       		.uleb128 0x3b
 4260 00c3 05       		.uleb128 0x5
 4261 00c4 49       		.uleb128 0x49
 4262 00c5 13       		.uleb128 0x13
 4263 00c6 38       		.uleb128 0x38
 4264 00c7 0B       		.uleb128 0xb
 4265 00c8 00       		.byte	0
 4266 00c9 00       		.byte	0
 4267 00ca 13       		.uleb128 0x13
 4268 00cb 13       		.uleb128 0x13
 4269 00cc 01       		.byte	0x1
 4270 00cd 0B       		.uleb128 0xb
 4271 00ce 0B       		.uleb128 0xb
 4272 00cf 3A       		.uleb128 0x3a
 4273 00d0 0B       		.uleb128 0xb
 4274 00d1 3B       		.uleb128 0x3b
 4275 00d2 0B       		.uleb128 0xb
 4276 00d3 01       		.uleb128 0x1
 4277 00d4 13       		.uleb128 0x13
 4278 00d5 00       		.byte	0
 4279 00d6 00       		.byte	0
 4280 00d7 14       		.uleb128 0x14
 4281 00d8 0D       		.uleb128 0xd
 4282 00d9 00       		.byte	0
 4283 00da 03       		.uleb128 0x3
 4284 00db 0E       		.uleb128 0xe
 4285 00dc 3A       		.uleb128 0x3a
 4286 00dd 0B       		.uleb128 0xb
 4287 00de 3B       		.uleb128 0x3b
 4288 00df 0B       		.uleb128 0xb
 4289 00e0 49       		.uleb128 0x49
 4290 00e1 13       		.uleb128 0x13
 4291 00e2 38       		.uleb128 0x38
 4292 00e3 0B       		.uleb128 0xb
 4293 00e4 00       		.byte	0
 4294 00e5 00       		.byte	0
 4295 00e6 15       		.uleb128 0x15
 4296 00e7 16       		.uleb128 0x16
 4297 00e8 00       		.byte	0
 4298 00e9 03       		.uleb128 0x3
 4299 00ea 0E       		.uleb128 0xe
 4300 00eb 3A       		.uleb128 0x3a
 4301 00ec 0B       		.uleb128 0xb
 4302 00ed 3B       		.uleb128 0x3b
 4303 00ee 0B       		.uleb128 0xb
 4304 00ef 49       		.uleb128 0x49
 4305 00f0 13       		.uleb128 0x13
 4306 00f1 00       		.byte	0
 4307 00f2 00       		.byte	0
 4308 00f3 16       		.uleb128 0x16
 4309 00f4 17       		.uleb128 0x17
 4310 00f5 01       		.byte	0x1
 4311 00f6 0B       		.uleb128 0xb
 4312 00f7 0B       		.uleb128 0xb
 4313 00f8 3A       		.uleb128 0x3a
ARM GAS  C:\Users\ARTEM\AppData\Local\Temp\ccxzkR0X.s 			page 86


 4314 00f9 0B       		.uleb128 0xb
 4315 00fa 3B       		.uleb128 0x3b
 4316 00fb 0B       		.uleb128 0xb
 4317 00fc 01       		.uleb128 0x1
 4318 00fd 13       		.uleb128 0x13
 4319 00fe 00       		.byte	0
 4320 00ff 00       		.byte	0
 4321 0100 17       		.uleb128 0x17
 4322 0101 0D       		.uleb128 0xd
 4323 0102 00       		.byte	0
 4324 0103 03       		.uleb128 0x3
 4325 0104 0E       		.uleb128 0xe
 4326 0105 3A       		.uleb128 0x3a
 4327 0106 0B       		.uleb128 0xb
 4328 0107 3B       		.uleb128 0x3b
 4329 0108 0B       		.uleb128 0xb
 4330 0109 49       		.uleb128 0x49
 4331 010a 13       		.uleb128 0x13
 4332 010b 00       		.byte	0
 4333 010c 00       		.byte	0
 4334 010d 18       		.uleb128 0x18
 4335 010e 13       		.uleb128 0x13
 4336 010f 01       		.byte	0x1
 4337 0110 0B       		.uleb128 0xb
 4338 0111 05       		.uleb128 0x5
 4339 0112 3A       		.uleb128 0x3a
 4340 0113 0B       		.uleb128 0xb
 4341 0114 3B       		.uleb128 0x3b
 4342 0115 0B       		.uleb128 0xb
 4343 0116 01       		.uleb128 0x1
 4344 0117 13       		.uleb128 0x13
 4345 0118 00       		.byte	0
 4346 0119 00       		.byte	0
 4347 011a 19       		.uleb128 0x19
 4348 011b 0D       		.uleb128 0xd
 4349 011c 00       		.byte	0
 4350 011d 03       		.uleb128 0x3
 4351 011e 0E       		.uleb128 0xe
 4352 011f 3A       		.uleb128 0x3a
 4353 0120 0B       		.uleb128 0xb
 4354 0121 3B       		.uleb128 0x3b
 4355 0122 0B       		.uleb128 0xb
 4356 0123 49       		.uleb128 0x49
 4357 0124 13       		.uleb128 0x13
 4358 0125 38       		.uleb128 0x38
 4359 0126 05       		.uleb128 0x5
 4360 0127 00       		.byte	0
 4361 0128 00       		.byte	0
 4362 0129 1A       		.uleb128 0x1a
 4363 012a 21       		.uleb128 0x21
 4364 012b 00       		.byte	0
 4365 012c 49       		.uleb128 0x49
 4366 012d 13       		.uleb128 0x13
 4367 012e 2F       		.uleb128 0x2f
 4368 012f 05       		.uleb128 0x5
 4369 0130 00       		.byte	0
 4370 0131 00       		.byte	0
ARM GAS  C:\Users\ARTEM\AppData\Local\Temp\ccxzkR0X.s 			page 87


 4371 0132 1B       		.uleb128 0x1b
 4372 0133 2E       		.uleb128 0x2e
 4373 0134 01       		.byte	0x1
 4374 0135 3F       		.uleb128 0x3f
 4375 0136 19       		.uleb128 0x19
 4376 0137 03       		.uleb128 0x3
 4377 0138 0E       		.uleb128 0xe
 4378 0139 3A       		.uleb128 0x3a
 4379 013a 0B       		.uleb128 0xb
 4380 013b 3B       		.uleb128 0x3b
 4381 013c 05       		.uleb128 0x5
 4382 013d 27       		.uleb128 0x27
 4383 013e 19       		.uleb128 0x19
 4384 013f 49       		.uleb128 0x49
 4385 0140 13       		.uleb128 0x13
 4386 0141 11       		.uleb128 0x11
 4387 0142 01       		.uleb128 0x1
 4388 0143 12       		.uleb128 0x12
 4389 0144 06       		.uleb128 0x6
 4390 0145 40       		.uleb128 0x40
 4391 0146 18       		.uleb128 0x18
 4392 0147 9742     		.uleb128 0x2117
 4393 0149 19       		.uleb128 0x19
 4394 014a 01       		.uleb128 0x1
 4395 014b 13       		.uleb128 0x13
 4396 014c 00       		.byte	0
 4397 014d 00       		.byte	0
 4398 014e 1C       		.uleb128 0x1c
 4399 014f 34       		.uleb128 0x34
 4400 0150 00       		.byte	0
 4401 0151 03       		.uleb128 0x3
 4402 0152 0E       		.uleb128 0xe
 4403 0153 3A       		.uleb128 0x3a
 4404 0154 0B       		.uleb128 0xb
 4405 0155 3B       		.uleb128 0x3b
 4406 0156 05       		.uleb128 0x5
 4407 0157 49       		.uleb128 0x49
 4408 0158 13       		.uleb128 0x13
 4409 0159 02       		.uleb128 0x2
 4410 015a 17       		.uleb128 0x17
 4411 015b 00       		.byte	0
 4412 015c 00       		.byte	0
 4413 015d 1D       		.uleb128 0x1d
 4414 015e 898201   		.uleb128 0x4109
 4415 0161 01       		.byte	0x1
 4416 0162 11       		.uleb128 0x11
 4417 0163 01       		.uleb128 0x1
 4418 0164 31       		.uleb128 0x31
 4419 0165 13       		.uleb128 0x13
 4420 0166 00       		.byte	0
 4421 0167 00       		.byte	0
 4422 0168 1E       		.uleb128 0x1e
 4423 0169 8A8201   		.uleb128 0x410a
 4424 016c 00       		.byte	0
 4425 016d 02       		.uleb128 0x2
 4426 016e 18       		.uleb128 0x18
 4427 016f 9142     		.uleb128 0x2111
ARM GAS  C:\Users\ARTEM\AppData\Local\Temp\ccxzkR0X.s 			page 88


 4428 0171 18       		.uleb128 0x18
 4429 0172 00       		.byte	0
 4430 0173 00       		.byte	0
 4431 0174 1F       		.uleb128 0x1f
 4432 0175 05       		.uleb128 0x5
 4433 0176 00       		.byte	0
 4434 0177 03       		.uleb128 0x3
 4435 0178 0E       		.uleb128 0xe
 4436 0179 3A       		.uleb128 0x3a
 4437 017a 0B       		.uleb128 0xb
 4438 017b 3B       		.uleb128 0x3b
 4439 017c 05       		.uleb128 0x5
 4440 017d 49       		.uleb128 0x49
 4441 017e 13       		.uleb128 0x13
 4442 017f 02       		.uleb128 0x2
 4443 0180 17       		.uleb128 0x17
 4444 0181 00       		.byte	0
 4445 0182 00       		.byte	0
 4446 0183 20       		.uleb128 0x20
 4447 0184 898201   		.uleb128 0x4109
 4448 0187 01       		.byte	0x1
 4449 0188 11       		.uleb128 0x11
 4450 0189 01       		.uleb128 0x1
 4451 018a 31       		.uleb128 0x31
 4452 018b 13       		.uleb128 0x13
 4453 018c 01       		.uleb128 0x1
 4454 018d 13       		.uleb128 0x13
 4455 018e 00       		.byte	0
 4456 018f 00       		.byte	0
 4457 0190 21       		.uleb128 0x21
 4458 0191 898201   		.uleb128 0x4109
 4459 0194 00       		.byte	0
 4460 0195 11       		.uleb128 0x11
 4461 0196 01       		.uleb128 0x1
 4462 0197 31       		.uleb128 0x31
 4463 0198 13       		.uleb128 0x13
 4464 0199 00       		.byte	0
 4465 019a 00       		.byte	0
 4466 019b 22       		.uleb128 0x22
 4467 019c 898201   		.uleb128 0x4109
 4468 019f 01       		.byte	0x1
 4469 01a0 11       		.uleb128 0x11
 4470 01a1 01       		.uleb128 0x1
 4471 01a2 01       		.uleb128 0x1
 4472 01a3 13       		.uleb128 0x13
 4473 01a4 00       		.byte	0
 4474 01a5 00       		.byte	0
 4475 01a6 23       		.uleb128 0x23
 4476 01a7 898201   		.uleb128 0x4109
 4477 01aa 01       		.byte	0x1
 4478 01ab 11       		.uleb128 0x11
 4479 01ac 01       		.uleb128 0x1
 4480 01ad 00       		.byte	0
 4481 01ae 00       		.byte	0
 4482 01af 24       		.uleb128 0x24
 4483 01b0 34       		.uleb128 0x34
 4484 01b1 00       		.byte	0
ARM GAS  C:\Users\ARTEM\AppData\Local\Temp\ccxzkR0X.s 			page 89


 4485 01b2 03       		.uleb128 0x3
 4486 01b3 0E       		.uleb128 0xe
 4487 01b4 3A       		.uleb128 0x3a
 4488 01b5 0B       		.uleb128 0xb
 4489 01b6 3B       		.uleb128 0x3b
 4490 01b7 0B       		.uleb128 0xb
 4491 01b8 49       		.uleb128 0x49
 4492 01b9 13       		.uleb128 0x13
 4493 01ba 02       		.uleb128 0x2
 4494 01bb 18       		.uleb128 0x18
 4495 01bc 00       		.byte	0
 4496 01bd 00       		.byte	0
 4497 01be 25       		.uleb128 0x25
 4498 01bf 34       		.uleb128 0x34
 4499 01c0 00       		.byte	0
 4500 01c1 03       		.uleb128 0x3
 4501 01c2 0E       		.uleb128 0xe
 4502 01c3 3A       		.uleb128 0x3a
 4503 01c4 0B       		.uleb128 0xb
 4504 01c5 3B       		.uleb128 0x3b
 4505 01c6 05       		.uleb128 0x5
 4506 01c7 49       		.uleb128 0x49
 4507 01c8 13       		.uleb128 0x13
 4508 01c9 3F       		.uleb128 0x3f
 4509 01ca 19       		.uleb128 0x19
 4510 01cb 3C       		.uleb128 0x3c
 4511 01cc 19       		.uleb128 0x19
 4512 01cd 00       		.byte	0
 4513 01ce 00       		.byte	0
 4514 01cf 26       		.uleb128 0x26
 4515 01d0 34       		.uleb128 0x34
 4516 01d1 00       		.byte	0
 4517 01d2 03       		.uleb128 0x3
 4518 01d3 0E       		.uleb128 0xe
 4519 01d4 3A       		.uleb128 0x3a
 4520 01d5 0B       		.uleb128 0xb
 4521 01d6 3B       		.uleb128 0x3b
 4522 01d7 0B       		.uleb128 0xb
 4523 01d8 49       		.uleb128 0x49
 4524 01d9 13       		.uleb128 0x13
 4525 01da 3F       		.uleb128 0x3f
 4526 01db 19       		.uleb128 0x19
 4527 01dc 02       		.uleb128 0x2
 4528 01dd 18       		.uleb128 0x18
 4529 01de 00       		.byte	0
 4530 01df 00       		.byte	0
 4531 01e0 27       		.uleb128 0x27
 4532 01e1 26       		.uleb128 0x26
 4533 01e2 00       		.byte	0
 4534 01e3 49       		.uleb128 0x49
 4535 01e4 13       		.uleb128 0x13
 4536 01e5 00       		.byte	0
 4537 01e6 00       		.byte	0
 4538 01e7 28       		.uleb128 0x28
 4539 01e8 34       		.uleb128 0x34
 4540 01e9 00       		.byte	0
 4541 01ea 03       		.uleb128 0x3
ARM GAS  C:\Users\ARTEM\AppData\Local\Temp\ccxzkR0X.s 			page 90


 4542 01eb 0E       		.uleb128 0xe
 4543 01ec 3A       		.uleb128 0x3a
 4544 01ed 0B       		.uleb128 0xb
 4545 01ee 3B       		.uleb128 0x3b
 4546 01ef 05       		.uleb128 0x5
 4547 01f0 49       		.uleb128 0x49
 4548 01f1 13       		.uleb128 0x13
 4549 01f2 3F       		.uleb128 0x3f
 4550 01f3 19       		.uleb128 0x19
 4551 01f4 02       		.uleb128 0x2
 4552 01f5 18       		.uleb128 0x18
 4553 01f6 00       		.byte	0
 4554 01f7 00       		.byte	0
 4555 01f8 29       		.uleb128 0x29
 4556 01f9 2E       		.uleb128 0x2e
 4557 01fa 00       		.byte	0
 4558 01fb 3F       		.uleb128 0x3f
 4559 01fc 19       		.uleb128 0x19
 4560 01fd 3C       		.uleb128 0x3c
 4561 01fe 19       		.uleb128 0x19
 4562 01ff 6E       		.uleb128 0x6e
 4563 0200 0E       		.uleb128 0xe
 4564 0201 03       		.uleb128 0x3
 4565 0202 0E       		.uleb128 0xe
 4566 0203 3A       		.uleb128 0x3a
 4567 0204 0B       		.uleb128 0xb
 4568 0205 3B       		.uleb128 0x3b
 4569 0206 05       		.uleb128 0x5
 4570 0207 00       		.byte	0
 4571 0208 00       		.byte	0
 4572 0209 00       		.byte	0
 4573              		.section	.debug_loc,"",%progbits
 4574              	.Ldebug_loc0:
 4575              	.LLST0:
 4576 0000 14000000 		.4byte	.LVL0
 4577 0004 16000000 		.4byte	.LVL1
 4578 0008 0100     		.2byte	0x1
 4579 000a 50       		.byte	0x50
 4580 000b 1A000000 		.4byte	.LVL2
 4581 000f 24000000 		.4byte	.LFE2
 4582 0013 0100     		.2byte	0x1
 4583 0015 50       		.byte	0x50
 4584 0016 00000000 		.4byte	0
 4585 001a 00000000 		.4byte	0
 4586              	.LLST1:
 4587 001e 00000000 		.4byte	.LVL3
 4588 0022 0C000000 		.4byte	.LVL5
 4589 0026 0100     		.2byte	0x1
 4590 0028 50       		.byte	0x50
 4591 0029 0C000000 		.4byte	.LVL5
 4592 002d 4A000000 		.4byte	.LVL12
 4593 0031 0100     		.2byte	0x1
 4594 0033 55       		.byte	0x55
 4595 0034 4A000000 		.4byte	.LVL12
 4596 0038 4C000000 		.4byte	.LVL13
 4597 003c 0100     		.2byte	0x1
 4598 003e 50       		.byte	0x50
ARM GAS  C:\Users\ARTEM\AppData\Local\Temp\ccxzkR0X.s 			page 91


 4599 003f 4C000000 		.4byte	.LVL13
 4600 0043 4E000000 		.4byte	.LVL15
 4601 0047 0100     		.2byte	0x1
 4602 0049 55       		.byte	0x55
 4603 004a 4E000000 		.4byte	.LVL15
 4604 004e 58000000 		.4byte	.LFE3
 4605 0052 0400     		.2byte	0x4
 4606 0054 F3       		.byte	0xf3
 4607 0055 01       		.uleb128 0x1
 4608 0056 50       		.byte	0x50
 4609 0057 9F       		.byte	0x9f
 4610 0058 00000000 		.4byte	0
 4611 005c 00000000 		.4byte	0
 4612              	.LLST2:
 4613 0060 04000000 		.4byte	.LVL4
 4614 0064 18000000 		.4byte	.LVL7
 4615 0068 0200     		.2byte	0x2
 4616 006a 30       		.byte	0x30
 4617 006b 9F       		.byte	0x9f
 4618 006c 18000000 		.4byte	.LVL7
 4619 0070 1C000000 		.4byte	.LVL8
 4620 0074 0100     		.2byte	0x1
 4621 0076 50       		.byte	0x50
 4622 0077 1C000000 		.4byte	.LVL8
 4623 007b 4A000000 		.4byte	.LVL12
 4624 007f 0100     		.2byte	0x1
 4625 0081 54       		.byte	0x54
 4626 0082 4A000000 		.4byte	.LVL12
 4627 0086 4C000000 		.4byte	.LVL13
 4628 008a 0200     		.2byte	0x2
 4629 008c 30       		.byte	0x30
 4630 008d 9F       		.byte	0x9f
 4631 008e 4C000000 		.4byte	.LVL13
 4632 0092 4E000000 		.4byte	.LVL14
 4633 0096 0100     		.2byte	0x1
 4634 0098 54       		.byte	0x54
 4635 0099 00000000 		.4byte	0
 4636 009d 00000000 		.4byte	0
 4637              		.section	.debug_aranges,"",%progbits
 4638 0000 24000000 		.4byte	0x24
 4639 0004 0200     		.2byte	0x2
 4640 0006 00000000 		.4byte	.Ldebug_info0
 4641 000a 04       		.byte	0x4
 4642 000b 00       		.byte	0
 4643 000c 0000     		.2byte	0
 4644 000e 0000     		.2byte	0
 4645 0010 00000000 		.4byte	.LFB2
 4646 0014 24000000 		.4byte	.LFE2-.LFB2
 4647 0018 00000000 		.4byte	.LFB3
 4648 001c 58000000 		.4byte	.LFE3-.LFB3
 4649 0020 00000000 		.4byte	0
 4650 0024 00000000 		.4byte	0
 4651              		.section	.debug_ranges,"",%progbits
 4652              	.Ldebug_ranges0:
 4653 0000 00000000 		.4byte	.LFB2
 4654 0004 24000000 		.4byte	.LFE2
 4655 0008 00000000 		.4byte	.LFB3
ARM GAS  C:\Users\ARTEM\AppData\Local\Temp\ccxzkR0X.s 			page 92


 4656 000c 58000000 		.4byte	.LFE3
 4657 0010 00000000 		.4byte	0
 4658 0014 00000000 		.4byte	0
 4659              		.section	.debug_line,"",%progbits
 4660              	.Ldebug_line0:
 4661 0000 3D010000 		.section	.debug_str,"MS",%progbits,1
 4661      02000601 
 4661      00000201 
 4661      FB0E0D00 
 4661      01010101 
 4662              	.LASF495:
 4663 0000 4359424C 		.ascii	"CYBLE_EVT_UDSC_READ_CHAR_RESPONSE\000"
 4663      455F4556 
 4663      545F5544 
 4663      53435F52 
 4663      4541445F 
 4664              	.LASF453:
 4665 0022 4359424C 		.ascii	"CYBLE_EVT_PLXSC_NOTIFICATION\000"
 4665      455F4556 
 4665      545F504C 
 4665      5853435F 
 4665      4E4F5449 
 4666              	.LASF392:
 4667 003f 4359424C 		.ascii	"CYBLE_EVT_HTSS_NOTIFICATION_DISABLED\000"
 4667      455F4556 
 4667      545F4854 
 4667      53535F4E 
 4667      4F544946 
 4668              	.LASF152:
 4669 0064 4359424C 		.ascii	"CYBLE_GATT_ERR_INVALID_CRC\000"
 4669      455F4741 
 4669      54545F45 
 4669      52525F49 
 4669      4E56414C 
 4670              	.LASF450:
 4671 007f 4359424C 		.ascii	"CYBLE_EVT_PLXSS_INDICATION_ENABLED\000"
 4671      455F4556 
 4671      545F504C 
 4671      5853535F 
 4671      494E4449 
 4672              	.LASF16:
 4673 00a2 73697A65 		.ascii	"sizetype\000"
 4673      74797065 
 4673      00
 4674              	.LASF273:
 4675 00ab 4359424C 		.ascii	"CYBLE_EVT_BCSC_READ_CHAR_RESPONSE\000"
 4675      455F4556 
 4675      545F4243 
 4675      53435F52 
 4675      4541445F 
 4676              	.LASF296:
 4677 00cd 4359424C 		.ascii	"CYBLE_EVT_CGMSC_INDICATION\000"
 4677      455F4556 
 4677      545F4347 
 4677      4D53435F 
 4677      494E4449 
 4678              	.LASF314:
ARM GAS  C:\Users\ARTEM\AppData\Local\Temp\ccxzkR0X.s 			page 93


 4679 00e8 4359424C 		.ascii	"CYBLE_EVT_CPSC_READ_DESCR_RESPONSE\000"
 4679      455F4556 
 4679      545F4350 
 4679      53435F52 
 4679      4541445F 
 4680              	.LASF457:
 4681 010b 4359424C 		.ascii	"CYBLE_EVT_PLXSC_READ_DESCR_RESPONSE\000"
 4681      455F4556 
 4681      545F504C 
 4681      5853435F 
 4681      52454144 
 4682              	.LASF472:
 4683 012f 4359424C 		.ascii	"CYBLE_EVT_RTUSS_WRITE_CHAR_CMD\000"
 4683      455F4556 
 4683      545F5254 
 4683      5553535F 
 4683      57524954 
 4684              	.LASF221:
 4685 014e 4359424C 		.ascii	"CYBLE_EVT_GATTC_SRVC_DISCOVERY_FAILED\000"
 4685      455F4556 
 4685      545F4741 
 4685      5454435F 
 4685      53525643 
 4686              	.LASF506:
 4687 0174 4359424C 		.ascii	"CYBLE_EVT_WPTSC_NOTIFICATION\000"
 4687      455F4556 
 4687      545F5750 
 4687      5453435F 
 4687      4E4F5449 
 4688              	.LASF37:
 4689 0191 4359424C 		.ascii	"CYBLE_EVT_GAP_NUMERIC_COMPARISON_REQUEST\000"
 4689      455F4556 
 4689      545F4741 
 4689      505F4E55 
 4689      4D455249 
 4690              	.LASF240:
 4691 01ba 4359424C 		.ascii	"CYBLE_EVT_AIOSC_NOTIFICATION\000"
 4691      455F4556 
 4691      545F4149 
 4691      4F53435F 
 4691      4E4F5449 
 4692              	.LASF512:
 4693 01d7 4359424C 		.ascii	"CYBLE_EVT_WSSS_INDICATION_ENABLED\000"
 4693      455F4556 
 4693      545F5753 
 4693      53535F49 
 4693      4E444943 
 4694              	.LASF312:
 4695 01f9 4359424C 		.ascii	"CYBLE_EVT_CPSC_READ_CHAR_RESPONSE\000"
 4695      455F4556 
 4695      545F4350 
 4695      53435F52 
 4695      4541445F 
 4696              	.LASF325:
 4697 021b 4359424C 		.ascii	"CYBLE_EVT_CSCSC_READ_CHAR_RESPONSE\000"
 4697      455F4556 
 4697      545F4353 
ARM GAS  C:\Users\ARTEM\AppData\Local\Temp\ccxzkR0X.s 			page 94


 4697      4353435F 
 4697      52454144 
 4698              	.LASF301:
 4699 023e 4359424C 		.ascii	"CYBLE_EVT_CGMSC_WRITE_DESCR_RESPONSE\000"
 4699      455F4556 
 4699      545F4347 
 4699      4D53435F 
 4699      57524954 
 4700              	.LASF355:
 4701 0263 4359424C 		.ascii	"CYBLE_EVT_GLSS_NOTIFICATION_DISABLED\000"
 4701      455F4556 
 4701      545F474C 
 4701      53535F4E 
 4701      4F544946 
 4702              	.LASF545:
 4703 0288 6576656E 		.ascii	"eventParam\000"
 4703      74506172 
 4703      616D00
 4704              	.LASF283:
 4705 0293 4359424C 		.ascii	"CYBLE_EVT_BLSC_READ_CHAR_RESPONSE\000"
 4705      455F4556 
 4705      545F424C 
 4705      53435F52 
 4705      4541445F 
 4706              	.LASF31:
 4707 02b5 4359424C 		.ascii	"CYBLE_EVT_GAP_DEVICE_CONNECTED\000"
 4707      455F4556 
 4707      545F4741 
 4707      505F4445 
 4707      56494345 
 4708              	.LASF414:
 4709 02d4 4359424C 		.ascii	"CYBLE_EVT_LLSC_WRITE_CHAR_RESPONSE\000"
 4709      455F4556 
 4709      545F4C4C 
 4709      53435F57 
 4709      52495445 
 4710              	.LASF49:
 4711 02f7 4359424C 		.ascii	"CYBLE_EVT_GATT_CONNECT_IND\000"
 4711      455F4556 
 4711      545F4741 
 4711      54545F43 
 4711      4F4E4E45 
 4712              	.LASF360:
 4713 0312 4359424C 		.ascii	"CYBLE_EVT_GLSC_WRITE_CHAR_RESPONSE\000"
 4713      455F4556 
 4713      545F474C 
 4713      53435F57 
 4713      52495445 
 4714              	.LASF202:
 4715 0335 4359424C 		.ascii	"CYBLE_AIOS_ANALOG\000"
 4715      455F4149 
 4715      4F535F41 
 4715      4E414C4F 
 4715      4700
 4716              	.LASF11:
 4717 0347 75696E74 		.ascii	"uint32\000"
 4717      333200
ARM GAS  C:\Users\ARTEM\AppData\Local\Temp\ccxzkR0X.s 			page 95


 4718              	.LASF434:
 4719 034e 4359424C 		.ascii	"CYBLE_EVT_OTSC_READ_CHAR_RESPONSE\000"
 4719      455F4556 
 4719      545F4F54 
 4719      53435F52 
 4719      4541445F 
 4720              	.LASF224:
 4721 0370 4359424C 		.ascii	"CYBLE_EVT_GATTC_DESCR_DISCOVERY_FAILED\000"
 4721      455F4556 
 4721      545F4741 
 4721      5454435F 
 4721      44455343 
 4722              	.LASF471:
 4723 0397 4359424C 		.ascii	"CYBLE_EVT_RSCSC_WRITE_DESCR_RESPONSE\000"
 4723      455F4556 
 4723      545F5253 
 4723      4353435F 
 4723      57524954 
 4724              	.LASF271:
 4725 03bc 4359424C 		.ascii	"CYBLE_EVT_BCSS_INDICATION_CONFIRMED\000"
 4725      455F4556 
 4725      545F4243 
 4725      53535F49 
 4725      4E444943 
 4726              	.LASF272:
 4727 03e0 4359424C 		.ascii	"CYBLE_EVT_BCSC_INDICATION\000"
 4727      455F4556 
 4727      545F4243 
 4727      53435F49 
 4727      4E444943 
 4728              	.LASF416:
 4729 03fa 4359424C 		.ascii	"CYBLE_EVT_LNSS_INDICATION_DISABLED\000"
 4729      455F4556 
 4729      545F4C4E 
 4729      53535F49 
 4729      4E444943 
 4730              	.LASF333:
 4731 041d 4359424C 		.ascii	"CYBLE_EVT_CTSC_READ_CHAR_RESPONSE\000"
 4731      455F4556 
 4731      545F4354 
 4731      53435F52 
 4731      4541445F 
 4732              	.LASF228:
 4733 043f 4359424C 		.ascii	"CYBLE_EVT_GATTC_SRVC_DISCOVERY_COMPLETE\000"
 4733      455F4556 
 4733      545F4741 
 4733      5454435F 
 4733      53525643 
 4734              	.LASF465:
 4735 0467 4359424C 		.ascii	"CYBLE_EVT_RSCSS_CHAR_WRITE\000"
 4735      455F4556 
 4735      545F5253 
 4735      4353535F 
 4735      43484152 
 4736              	.LASF454:
 4737 0482 4359424C 		.ascii	"CYBLE_EVT_PLXSC_INDICATION\000"
 4737      455F4556 
ARM GAS  C:\Users\ARTEM\AppData\Local\Temp\ccxzkR0X.s 			page 96


 4737      545F504C 
 4737      5853435F 
 4737      494E4449 
 4738              	.LASF498:
 4739 049d 4359424C 		.ascii	"CYBLE_EVT_UDSC_WRITE_DESCR_RESPONSE\000"
 4739      455F4556 
 4739      545F5544 
 4739      53435F57 
 4739      52495445 
 4740              	.LASF374:
 4741 04c1 4359424C 		.ascii	"CYBLE_EVT_HIDSC_WRITE_DESCR_RESPONSE\000"
 4741      455F4556 
 4741      545F4849 
 4741      4453435F 
 4741      57524954 
 4742              	.LASF480:
 4743 04e6 4359424C 		.ascii	"CYBLE_EVT_TPSS_NOTIFICATION_ENABLED\000"
 4743      455F4556 
 4743      545F5450 
 4743      53535F4E 
 4743      4F544946 
 4744              	.LASF261:
 4745 050a 4359424C 		.ascii	"CYBLE_EVT_ANSC_READ_DESCR_RESPONSE\000"
 4745      455F4556 
 4745      545F414E 
 4745      53435F52 
 4745      4541445F 
 4746              	.LASF126:
 4747 052d 4359424C 		.ascii	"CYBLE_GATT_ERR_READ_NOT_PERMITTED\000"
 4747      455F4741 
 4747      54545F45 
 4747      52525F52 
 4747      4541445F 
 4748              	.LASF141:
 4749 054f 4359424C 		.ascii	"CYBLE_GATT_ERR_INSUFFICIENT_RESOURCE\000"
 4749      455F4741 
 4749      54545F45 
 4749      52525F49 
 4749      4E535546 
 4750              	.LASF140:
 4751 0574 4359424C 		.ascii	"CYBLE_GATT_ERR_UNSUPPORTED_GROUP_TYPE\000"
 4751      455F4741 
 4751      54545F45 
 4751      52525F55 
 4751      4E535550 
 4752              	.LASF105:
 4753 059a 4359424C 		.ascii	"CYBLE_ERROR_L2CAP_CONNECTION_ENTITY_NOT_FOUND\000"
 4753      455F4552 
 4753      524F525F 
 4753      4C324341 
 4753      505F434F 
 4754              	.LASF111:
 4755 05c8 4359424C 		.ascii	"CYBLE_ERROR_MIC_AUTH_FAILED\000"
 4755      455F4552 
 4755      524F525F 
 4755      4D49435F 
 4755      41555448 
ARM GAS  C:\Users\ARTEM\AppData\Local\Temp\ccxzkR0X.s 			page 97


 4756              	.LASF223:
 4757 05e4 4359424C 		.ascii	"CYBLE_EVT_GATTC_CHAR_DISCOVERY_FAILED\000"
 4757      455F4556 
 4757      545F4741 
 4757      5454435F 
 4757      43484152 
 4758              	.LASF437:
 4759 060a 4359424C 		.ascii	"CYBLE_EVT_OTSC_READ_DESCR_RESPONSE\000"
 4759      455F4556 
 4759      545F4F54 
 4759      53435F52 
 4759      4541445F 
 4760              	.LASF69:
 4761 062d 4359424C 		.ascii	"CYBLE_EVT_GATTS_DATA_SIGNED_CMD_REQ\000"
 4761      455F4556 
 4761      545F4741 
 4761      5454535F 
 4761      44415441 
 4762              	.LASF81:
 4763 0651 4359424C 		.ascii	"CYBLE_EVT_L2CAP_CBFC_RX_CREDIT_IND\000"
 4763      455F4556 
 4763      545F4C32 
 4763      4341505F 
 4763      43424643 
 4764              	.LASF169:
 4765 0674 4359424C 		.ascii	"CYBLE_GATT_VALUE_T\000"
 4765      455F4741 
 4765      54545F56 
 4765      414C5545 
 4765      5F5400
 4766              	.LASF542:
 4767 0687 474E5520 		.ascii	"GNU C11 5.4.1 20160609 (release) [ARM/embedded-5-br"
 4767      43313120 
 4767      352E342E 
 4767      31203230 
 4767      31363036 
 4768 06ba 616E6368 		.ascii	"anch revision 237715] -mcpu=cortex-m0 -mthumb -g -O"
 4768      20726576 
 4768      6973696F 
 4768      6E203233 
 4768      37373135 
 4769 06ed 67202D66 		.ascii	"g -ffunction-sections -ffat-lto-objects\000"
 4769      66756E63 
 4769      74696F6E 
 4769      2D736563 
 4769      74696F6E 
 4770              	.LASF319:
 4771 0715 4359424C 		.ascii	"CYBLE_EVT_CSCSS_INDICATION_ENABLED\000"
 4771      455F4556 
 4771      545F4353 
 4771      4353535F 
 4771      494E4449 
 4772              	.LASF187:
 4773 0738 7065726D 		.ascii	"permission\000"
 4773      69737369 
 4773      6F6E00
 4774              	.LASF421:
ARM GAS  C:\Users\ARTEM\AppData\Local\Temp\ccxzkR0X.s 			page 98


 4775 0743 4359424C 		.ascii	"CYBLE_EVT_LNSC_INDICATION\000"
 4775      455F4556 
 4775      545F4C4E 
 4775      53435F49 
 4775      4E444943 
 4776              	.LASF142:
 4777 075d 4359424C 		.ascii	"CYBLE_GATT_ERR_TRIGGER_CODITION_VALUE_NOT_SUPPORTED"
 4777      455F4741 
 4777      54545F45 
 4777      52525F54 
 4777      52494747 
 4778 0790 00       		.ascii	"\000"
 4779              	.LASF444:
 4780 0791 4359424C 		.ascii	"CYBLE_EVT_PASSC_READ_CHAR_RESPONSE\000"
 4780      455F4556 
 4780      545F5041 
 4780      5353435F 
 4780      52454144 
 4781              	.LASF276:
 4782 07b4 4359424C 		.ascii	"CYBLE_EVT_BLSS_INDICATION_ENABLED\000"
 4782      455F4556 
 4782      545F424C 
 4782      53535F49 
 4782      4E444943 
 4783              	.LASF282:
 4784 07d6 4359424C 		.ascii	"CYBLE_EVT_BLSC_NOTIFICATION\000"
 4784      455F4556 
 4784      545F424C 
 4784      53435F4E 
 4784      4F544946 
 4785              	.LASF191:
 4786 07f2 4359424C 		.ascii	"CYBLE_CALLBACK_T\000"
 4786      455F4341 
 4786      4C4C4241 
 4786      434B5F54 
 4786      00
 4787              	.LASF324:
 4788 0803 4359424C 		.ascii	"CYBLE_EVT_CSCSC_INDICATION\000"
 4788      455F4556 
 4788      545F4353 
 4788      4353435F 
 4788      494E4449 
 4789              	.LASF66:
 4790 081e 4359424C 		.ascii	"CYBLE_EVT_GATTC_HANDLE_VALUE_NTF\000"
 4790      455F4556 
 4790      545F4741 
 4790      5454435F 
 4790      48414E44 
 4791              	.LASF25:
 4792 083f 4359424C 		.ascii	"CYBLE_EVT_GAP_AUTH_REQ\000"
 4792      455F4556 
 4792      545F4741 
 4792      505F4155 
 4792      54485F52 
 4793              	.LASF230:
 4794 0856 4359424C 		.ascii	"CYBLE_EVT_GATTC_CHAR_DISCOVERY_COMPLETE\000"
 4794      455F4556 
ARM GAS  C:\Users\ARTEM\AppData\Local\Temp\ccxzkR0X.s 			page 99


 4794      545F4741 
 4794      5454435F 
 4794      43484152 
 4795              	.LASF167:
 4796 087e 4359424C 		.ascii	"CYBLE_CONN_HANDLE_T\000"
 4796      455F434F 
 4796      4E4E5F48 
 4796      414E444C 
 4796      455F5400 
 4797              	.LASF388:
 4798 0892 4359424C 		.ascii	"CYBLE_EVT_HRSC_WRITE_CHAR_RESPONSE\000"
 4798      455F4556 
 4798      545F4852 
 4798      53435F57 
 4798      52495445 
 4799              	.LASF100:
 4800 08b5 4359424C 		.ascii	"CYBLE_ERROR_BT_ON_NOT_COMPLETED\000"
 4800      455F4552 
 4800      524F525F 
 4800      42545F4F 
 4800      4E5F4E4F 
 4801              	.LASF323:
 4802 08d5 4359424C 		.ascii	"CYBLE_EVT_CSCSC_NOTIFICATION\000"
 4802      455F4556 
 4802      545F4353 
 4802      4353435F 
 4802      4E4F5449 
 4803              	.LASF493:
 4804 08f2 4359424C 		.ascii	"CYBLE_EVT_UDSC_INDICATION\000"
 4804      455F4556 
 4804      545F5544 
 4804      53435F49 
 4804      4E444943 
 4805              	.LASF404:
 4806 090c 4359424C 		.ascii	"CYBLE_EVT_IPSS_WRITE_CHAR\000"
 4806      455F4556 
 4806      545F4950 
 4806      53535F57 
 4806      52495445 
 4807              	.LASF46:
 4808 0926 4359424C 		.ascii	"CYBLE_EVT_GAP_AUTH_REQ_REPLY_ERR\000"
 4808      455F4556 
 4808      545F4741 
 4808      505F4155 
 4808      54485F52 
 4809              	.LASF287:
 4810 0947 4359424C 		.ascii	"CYBLE_EVT_BMSC_READ_CHAR_RESPONSE\000"
 4810      455F4556 
 4810      545F424D 
 4810      53435F52 
 4810      4541445F 
 4811              	.LASF203:
 4812 0969 4359424C 		.ascii	"CYBLE_AIOS_AGGREGATE\000"
 4812      455F4149 
 4812      4F535F41 
 4812      47475245 
 4812      47415445 
ARM GAS  C:\Users\ARTEM\AppData\Local\Temp\ccxzkR0X.s 			page 100


 4813              	.LASF523:
 4814 097e 4359424C 		.ascii	"CYBLE_STATE_ADVERTISING\000"
 4814      455F5354 
 4814      4154455F 
 4814      41445645 
 4814      52544953 
 4815              	.LASF39:
 4816 0996 4359424C 		.ascii	"CYBLE_EVT_GAP_OOB_GENERATED_NOTIFICATION\000"
 4816      455F4556 
 4816      545F4741 
 4816      505F4F4F 
 4816      425F4745 
 4817              	.LASF165:
 4818 09bf 62644861 		.ascii	"bdHandle\000"
 4818      6E646C65 
 4818      00
 4819              	.LASF154:
 4820 09c8 4359424C 		.ascii	"CYBLE_GATTS_ERR_NETWORK_NOT_AVAILABLE\000"
 4820      455F4741 
 4820      5454535F 
 4820      4552525F 
 4820      4E455457 
 4821              	.LASF292:
 4822 09ee 4359424C 		.ascii	"CYBLE_EVT_CGMSS_INDICATION_CONFIRMED\000"
 4822      455F4556 
 4822      545F4347 
 4822      4D53535F 
 4822      494E4449 
 4823              	.LASF436:
 4824 0a13 4359424C 		.ascii	"CYBLE_EVT_OTSC_WRITE_CHAR_RESPONSE\000"
 4824      455F4556 
 4824      545F4F54 
 4824      53435F57 
 4824      52495445 
 4825              	.LASF157:
 4826 0a36 4359424C 		.ascii	"CYBLE_GATT_ERR_ANCS_INVALID_COMMAND\000"
 4826      455F4741 
 4826      54545F45 
 4826      52525F41 
 4826      4E43535F 
 4827              	.LASF284:
 4828 0a5a 4359424C 		.ascii	"CYBLE_EVT_BLSC_READ_DESCR_RESPONSE\000"
 4828      455F4556 
 4828      545F424C 
 4828      53435F52 
 4828      4541445F 
 4829              	.LASF350:
 4830 0a7d 4359424C 		.ascii	"CYBLE_EVT_ESSC_WRITE_DESCR_RESPONSE\000"
 4830      455F4556 
 4830      545F4553 
 4830      53435F57 
 4830      52495445 
 4831              	.LASF305:
 4832 0aa1 4359424C 		.ascii	"CYBLE_EVT_CPSS_INDICATION_DISABLED\000"
 4832      455F4556 
 4832      545F4350 
 4832      53535F49 
ARM GAS  C:\Users\ARTEM\AppData\Local\Temp\ccxzkR0X.s 			page 101


 4832      4E444943 
 4833              	.LASF304:
 4834 0ac4 4359424C 		.ascii	"CYBLE_EVT_CPSS_INDICATION_ENABLED\000"
 4834      455F4556 
 4834      545F4350 
 4834      53535F49 
 4834      4E444943 
 4835              	.LASF418:
 4836 0ae6 4359424C 		.ascii	"CYBLE_EVT_LNSS_NOTIFICATION_ENABLED\000"
 4836      455F4556 
 4836      545F4C4E 
 4836      53535F4E 
 4836      4F544946 
 4837              	.LASF62:
 4838 0b0a 4359424C 		.ascii	"CYBLE_EVT_GATTS_WRITE_CMD_REQ\000"
 4838      455F4556 
 4838      545F4741 
 4838      5454535F 
 4838      57524954 
 4839              	.LASF315:
 4840 0b28 4359424C 		.ascii	"CYBLE_EVT_CPSC_WRITE_DESCR_RESPONSE\000"
 4840      455F4556 
 4840      545F4350 
 4840      53435F57 
 4840      52495445 
 4841              	.LASF82:
 4842 0b4c 4359424C 		.ascii	"CYBLE_EVT_L2CAP_CBFC_TX_CREDIT_IND\000"
 4842      455F4556 
 4842      545F4C32 
 4842      4341505F 
 4842      43424643 
 4843              	.LASF4:
 4844 0b6f 6C6F6E67 		.ascii	"long int\000"
 4844      20696E74 
 4844      00
 4845              	.LASF419:
 4846 0b78 4359424C 		.ascii	"CYBLE_EVT_LNSS_NOTIFICATION_DISABLED\000"
 4846      455F4556 
 4846      545F4C4E 
 4846      53535F4E 
 4846      4F544946 
 4847              	.LASF320:
 4848 0b9d 4359424C 		.ascii	"CYBLE_EVT_CSCSS_INDICATION_DISABLED\000"
 4848      455F4556 
 4848      545F4353 
 4848      4353535F 
 4848      494E4449 
 4849              	.LASF488:
 4850 0bc1 4359424C 		.ascii	"CYBLE_EVT_UDSS_INDICATION_CONFIRMED\000"
 4850      455F4556 
 4850      545F5544 
 4850      53535F49 
 4850      4E444943 
 4851              	.LASF216:
 4852 0be5 4359424C 		.ascii	"CYBLE_LONG_TERM_KEY_REQUEST_REPLY\000"
 4852      455F4C4F 
 4852      4E475F54 
ARM GAS  C:\Users\ARTEM\AppData\Local\Temp\ccxzkR0X.s 			page 102


 4852      45524D5F 
 4852      4B45595F 
 4853              	.LASF18:
 4854 0c07 4359424C 		.ascii	"CYBLE_EVT_STACK_ON\000"
 4854      455F4556 
 4854      545F5354 
 4854      41434B5F 
 4854      4F4E00
 4855              	.LASF107:
 4856 0c1a 4359424C 		.ascii	"CYBLE_ERROR_L2CAP_PSM_NOT_IN_RANGE\000"
 4856      455F4552 
 4856      524F525F 
 4856      4C324341 
 4856      505F5053 
 4857              	.LASF270:
 4858 0c3d 4359424C 		.ascii	"CYBLE_EVT_BCSS_INDICATION_DISABLED\000"
 4858      455F4556 
 4858      545F4243 
 4858      53535F49 
 4858      4E444943 
 4859              	.LASF36:
 4860 0c60 4359424C 		.ascii	"CYBLE_EVT_GAP_KEYINFO_EXCHNGE_CMPLT\000"
 4860      455F4556 
 4860      545F4741 
 4860      505F4B45 
 4860      59494E46 
 4861              	.LASF153:
 4862 0c84 4359424C 		.ascii	"CYBLE_GATTS_ERR_HPS_INVALID_REQUEST\000"
 4862      455F4741 
 4862      5454535F 
 4862      4552525F 
 4862      4850535F 
 4863              	.LASF407:
 4864 0ca8 4359424C 		.ascii	"CYBLE_EVT_IPSC_WRITE_CHAR_RESPONSE\000"
 4864      455F4556 
 4864      545F4950 
 4864      53435F57 
 4864      52495445 
 4865              	.LASF192:
 4866 0ccb 73657276 		.ascii	"serviceHandle\000"
 4866      69636548 
 4866      616E646C 
 4866      6500
 4867              	.LASF391:
 4868 0cd9 4359424C 		.ascii	"CYBLE_EVT_HTSS_NOTIFICATION_ENABLED\000"
 4868      455F4556 
 4868      545F4854 
 4868      53535F4E 
 4868      4F544946 
 4869              	.LASF128:
 4870 0cfd 4359424C 		.ascii	"CYBLE_GATT_ERR_INVALID_PDU\000"
 4870      455F4741 
 4870      54545F45 
 4870      52525F49 
 4870      4E56414C 
 4871              	.LASF120:
 4872 0d18 4359424C 		.ascii	"CYBLE_ERROR_CHAR_IS_NOT_DISCOVERED\000"
ARM GAS  C:\Users\ARTEM\AppData\Local\Temp\ccxzkR0X.s 			page 103


 4872      455F4552 
 4872      524F525F 
 4872      43484152 
 4872      5F49535F 
 4873              	.LASF491:
 4874 0d3b 4359424C 		.ascii	"CYBLE_EVT_UDSS_READ_CHAR\000"
 4874      455F4556 
 4874      545F5544 
 4874      53535F52 
 4874      4541445F 
 4875              	.LASF236:
 4876 0d54 4359424C 		.ascii	"CYBLE_EVT_AIOSS_INDICATION_DISABLED\000"
 4876      455F4556 
 4876      545F4149 
 4876      4F53535F 
 4876      494E4449 
 4877              	.LASF172:
 4878 0d78 4359424C 		.ascii	"CYBLE_GATT_HANDLE_VALUE_PAIR_T\000"
 4878      455F4741 
 4878      54545F48 
 4878      414E444C 
 4878      455F5641 
 4879              	.LASF186:
 4880 0d97 61747454 		.ascii	"attType\000"
 4880      79706500 
 4881              	.LASF347:
 4882 0d9f 4359424C 		.ascii	"CYBLE_EVT_ESSC_READ_CHAR_RESPONSE\000"
 4882      455F4556 
 4882      545F4553 
 4882      53435F52 
 4882      4541445F 
 4883              	.LASF137:
 4884 0dc1 4359424C 		.ascii	"CYBLE_GATT_ERR_INVALID_ATTRIBUTE_LEN\000"
 4884      455F4741 
 4884      54545F45 
 4884      52525F49 
 4884      4E56414C 
 4885              	.LASF370:
 4886 0de6 4359424C 		.ascii	"CYBLE_EVT_HIDSC_NOTIFICATION\000"
 4886      455F4556 
 4886      545F4849 
 4886      4453435F 
 4886      4E4F5449 
 4887              	.LASF75:
 4888 0e03 4359424C 		.ascii	"CYBLE_EVT_L2CAP_COMMAND_REJ\000"
 4888      455F4556 
 4888      545F4C32 
 4888      4341505F 
 4888      434F4D4D 
 4889              	.LASF233:
 4890 0e1f 4359424C 		.ascii	"CYBLE_EVT_AIOSS_NOTIFICATION_ENABLED\000"
 4890      455F4556 
 4890      545F4149 
 4890      4F53535F 
 4890      4E4F5449 
 4891              	.LASF543:
 4892 0e44 47656E65 		.ascii	"Generated_Source\\PSoC4\\Bluetooth_gatt.c\000"
ARM GAS  C:\Users\ARTEM\AppData\Local\Temp\ccxzkR0X.s 			page 104


 4892      72617465 
 4892      645F536F 
 4892      75726365 
 4892      5C50536F 
 4893              	.LASF367:
 4894 0e6c 4359424C 		.ascii	"CYBLE_EVT_HIDSS_SUSPEND\000"
 4894      455F4556 
 4894      545F4849 
 4894      4453535F 
 4894      53555350 
 4895              	.LASF108:
 4896 0e84 4359424C 		.ascii	"CYBLE_ERROR_GATT_DB_INVALID_ATTR_HANDLE\000"
 4896      455F4552 
 4896      524F525F 
 4896      47415454 
 4896      5F44425F 
 4897              	.LASF0:
 4898 0eac 7369676E 		.ascii	"signed char\000"
 4898      65642063 
 4898      68617200 
 4899              	.LASF274:
 4900 0eb8 4359424C 		.ascii	"CYBLE_EVT_BCSC_READ_DESCR_RESPONSE\000"
 4900      455F4556 
 4900      545F4243 
 4900      53435F52 
 4900      4541445F 
 4901              	.LASF518:
 4902 0edb 4359424C 		.ascii	"CYBLE_EVT_WSSC_WRITE_DESCR_RESPONSE\000"
 4902      455F4556 
 4902      545F5753 
 4902      53435F57 
 4902      52495445 
 4903              	.LASF267:
 4904 0eff 4359424C 		.ascii	"CYBLE_EVT_BASC_READ_DESCR_RESPONSE\000"
 4904      455F4556 
 4904      545F4241 
 4904      53435F52 
 4904      4541445F 
 4905              	.LASF20:
 4906 0f22 4359424C 		.ascii	"CYBLE_EVT_HARDWARE_ERROR\000"
 4906      455F4556 
 4906      545F4841 
 4906      52445741 
 4906      52455F45 
 4907              	.LASF89:
 4908 0f3b 4359424C 		.ascii	"CYBLE_ERROR_OK\000"
 4908      455F4552 
 4908      524F525F 
 4908      4F4B00
 4909              	.LASF53:
 4910 0f4a 4359424C 		.ascii	"CYBLE_EVT_GATTC_READ_BY_GROUP_TYPE_RSP\000"
 4910      455F4556 
 4910      545F4741 
 4910      5454435F 
 4910      52454144 
 4911              	.LASF520:
 4912 0f71 4359424C 		.ascii	"CYBLE_STATE_STOPPED\000"
ARM GAS  C:\Users\ARTEM\AppData\Local\Temp\ccxzkR0X.s 			page 105


 4912      455F5354 
 4912      4154455F 
 4912      53544F50 
 4912      50454400 
 4913              	.LASF462:
 4914 0f85 4359424C 		.ascii	"CYBLE_EVT_RSCSS_INDICATION_ENABLED\000"
 4914      455F4556 
 4914      545F5253 
 4914      4353535F 
 4914      494E4449 
 4915              	.LASF1:
 4916 0fa8 756E7369 		.ascii	"unsigned char\000"
 4916      676E6564 
 4916      20636861 
 4916      7200
 4917              	.LASF52:
 4918 0fb6 4359424C 		.ascii	"CYBLE_EVT_GATTC_XCHNG_MTU_RSP\000"
 4918      455F4556 
 4918      545F4741 
 4918      5454435F 
 4918      5843484E 
 4919              	.LASF306:
 4920 0fd4 4359424C 		.ascii	"CYBLE_EVT_CPSS_INDICATION_CONFIRMED\000"
 4920      455F4556 
 4920      545F4350 
 4920      53535F49 
 4920      4E444943 
 4921              	.LASF303:
 4922 0ff8 4359424C 		.ascii	"CYBLE_EVT_CPSS_NOTIFICATION_DISABLED\000"
 4922      455F4556 
 4922      545F4350 
 4922      53535F4E 
 4922      4F544946 
 4923              	.LASF467:
 4924 101d 4359424C 		.ascii	"CYBLE_EVT_RSCSC_INDICATION\000"
 4924      455F4556 
 4924      545F5253 
 4924      4353435F 
 4924      494E4449 
 4925              	.LASF517:
 4926 1038 4359424C 		.ascii	"CYBLE_EVT_WSSC_READ_DESCR_RESPONSE\000"
 4926      455F4556 
 4926      545F5753 
 4926      53435F52 
 4926      4541445F 
 4927              	.LASF503:
 4928 105b 4359424C 		.ascii	"CYBLE_EVT_WPTSS_INDICATION_DISABLED\000"
 4928      455F4556 
 4928      545F5750 
 4928      5453535F 
 4928      494E4449 
 4929              	.LASF43:
 4930 107f 4359424C 		.ascii	"CYBLE_EVT_GAP_SMP_NEGOTIATED_AUTH_INFO\000"
 4930      455F4556 
 4930      545F4741 
 4930      505F534D 
 4930      505F4E45 
ARM GAS  C:\Users\ARTEM\AppData\Local\Temp\ccxzkR0X.s 			page 106


 4931              	.LASF44:
 4932 10a6 4359424C 		.ascii	"CYBLE_EVT_GAP_CONN_ESTB\000"
 4932      455F4556 
 4932      545F4741 
 4932      505F434F 
 4932      4E4E5F45 
 4933              	.LASF185:
 4934 10be 61747448 		.ascii	"attHandle\000"
 4934      616E646C 
 4934      6500
 4935              	.LASF220:
 4936 10c8 4359424C 		.ascii	"CYBLE_EVT_GATTC_INDICATION\000"
 4936      455F4556 
 4936      545F4741 
 4936      5454435F 
 4936      494E4449 
 4937              	.LASF375:
 4938 10e3 4359424C 		.ascii	"CYBLE_EVT_HPSS_NOTIFICATION_ENABLED\000"
 4938      455F4556 
 4938      545F4850 
 4938      53535F4E 
 4938      4F544946 
 4939              	.LASF540:
 4940 1107 4379426C 		.ascii	"CyBle_GattsWriteAttributeValue\000"
 4940      655F4761 
 4940      74747357 
 4940      72697465 
 4940      41747472 
 4941              	.LASF474:
 4942 1126 4359424C 		.ascii	"CYBLE_EVT_SCPSS_NOTIFICATION_ENABLED\000"
 4942      455F4556 
 4942      545F5343 
 4942      5053535F 
 4942      4E4F5449 
 4943              	.LASF405:
 4944 114b 4359424C 		.ascii	"CYBLE_EVT_IPSC_READ_CHAR_RESPONSE\000"
 4944      455F4556 
 4944      545F4950 
 4944      53435F52 
 4944      4541445F 
 4945              	.LASF79:
 4946 116d 4359424C 		.ascii	"CYBLE_EVT_L2CAP_CBFC_DISCONN_CNF\000"
 4946      455F4556 
 4946      545F4C32 
 4946      4341505F 
 4946      43424643 
 4947              	.LASF56:
 4948 118e 4359424C 		.ascii	"CYBLE_EVT_GATTC_FIND_BY_TYPE_VALUE_RSP\000"
 4948      455F4556 
 4948      545F4741 
 4948      5454435F 
 4948      46494E44 
 4949              	.LASF247:
 4950 11b5 4359424C 		.ascii	"CYBLE_EVT_ANCSS_NOTIFICATION_ENABLED\000"
 4950      455F4556 
 4950      545F414E 
 4950      4353535F 
ARM GAS  C:\Users\ARTEM\AppData\Local\Temp\ccxzkR0X.s 			page 107


 4950      4E4F5449 
 4951              	.LASF40:
 4952 11da 4359424C 		.ascii	"CYBLE_EVT_GAP_DATA_LENGTH_CHANGE\000"
 4952      455F4556 
 4952      545F4741 
 4952      505F4441 
 4952      54415F4C 
 4953              	.LASF479:
 4954 11fb 4359424C 		.ascii	"CYBLE_EVT_SCPSC_WRITE_DESCR_RESPONSE\000"
 4954      455F4556 
 4954      545F5343 
 4954      5053435F 
 4954      57524954 
 4955              	.LASF14:
 4956 1220 63686172 		.ascii	"char\000"
 4956      00
 4957              	.LASF179:
 4958 1225 6D617841 		.ascii	"maxAttrLength\000"
 4958      7474724C 
 4958      656E6774 
 4958      6800
 4959              	.LASF482:
 4960 1233 4359424C 		.ascii	"CYBLE_EVT_TPSC_NOTIFICATION\000"
 4960      455F4556 
 4960      545F5450 
 4960      53435F4E 
 4960      4F544946 
 4961              	.LASF229:
 4962 124f 4359424C 		.ascii	"CYBLE_EVT_GATTC_INCL_DISCOVERY_COMPLETE\000"
 4962      455F4556 
 4962      545F4741 
 4962      5454435F 
 4962      494E434C 
 4963              	.LASF448:
 4964 1277 4359424C 		.ascii	"CYBLE_EVT_PLXSS_NOTIFICATION_ENABLED\000"
 4964      455F4556 
 4964      545F504C 
 4964      5853535F 
 4964      4E4F5449 
 4965              	.LASF208:
 4966 129c 4359424C 		.ascii	"CYBLE_AIOS_CHAR_EXTENDED_PROPERTIES\000"
 4966      455F4149 
 4966      4F535F43 
 4966      4841525F 
 4966      45585445 
 4967              	.LASF59:
 4968 12c0 4359424C 		.ascii	"CYBLE_EVT_GATTC_READ_MULTI_RSP\000"
 4968      455F4556 
 4968      545F4741 
 4968      5454435F 
 4968      52454144 
 4969              	.LASF246:
 4970 12df 4359424C 		.ascii	"CYBLE_EVT_AIOSC_ERROR_RESPONSE\000"
 4970      455F4556 
 4970      545F4149 
 4970      4F53435F 
 4970      4552524F 
ARM GAS  C:\Users\ARTEM\AppData\Local\Temp\ccxzkR0X.s 			page 108


 4971              	.LASF241:
 4972 12fe 4359424C 		.ascii	"CYBLE_EVT_AIOSC_INDICATION\000"
 4972      455F4556 
 4972      545F4149 
 4972      4F53435F 
 4972      494E4449 
 4973              	.LASF17:
 4974 1319 4359424C 		.ascii	"CYBLE_EVT_HOST_INVALID\000"
 4974      455F4556 
 4974      545F484F 
 4974      53545F49 
 4974      4E56414C 
 4975              	.LASF138:
 4976 1330 4359424C 		.ascii	"CYBLE_GATT_ERR_UNLIKELY_ERROR\000"
 4976      455F4741 
 4976      54545F45 
 4976      52525F55 
 4976      4E4C494B 
 4977              	.LASF42:
 4978 134e 4359424C 		.ascii	"CYBLE_EVT_GAPC_DIRECT_ADV_REPORT\000"
 4978      455F4556 
 4978      545F4741 
 4978      50435F44 
 4978      49524543 
 4979              	.LASF361:
 4980 136f 4359424C 		.ascii	"CYBLE_EVT_GLSC_READ_DESCR_RESPONSE\000"
 4980      455F4556 
 4980      545F474C 
 4980      53435F52 
 4980      4541445F 
 4981              	.LASF96:
 4982 1392 4359424C 		.ascii	"CYBLE_ERROR_NO_DEVICE_ENTITY\000"
 4982      455F4552 
 4982      524F525F 
 4982      4E4F5F44 
 4982      45564943 
 4983              	.LASF58:
 4984 13af 4359424C 		.ascii	"CYBLE_EVT_GATTC_READ_BLOB_RSP\000"
 4984      455F4556 
 4984      545F4741 
 4984      5454435F 
 4984      52454144 
 4985              	.LASF394:
 4986 13cd 4359424C 		.ascii	"CYBLE_EVT_HTSS_INDICATION_DISABLED\000"
 4986      455F4556 
 4986      545F4854 
 4986      53535F49 
 4986      4E444943 
 4987              	.LASF473:
 4988 13f0 4359424C 		.ascii	"CYBLE_EVT_RTUSC_READ_CHAR_RESPONSE\000"
 4988      455F4556 
 4988      545F5254 
 4988      5553435F 
 4988      52454144 
 4989              	.LASF65:
 4990 1413 4359424C 		.ascii	"CYBLE_EVT_GATTC_EXEC_WRITE_RSP\000"
 4990      455F4556 
ARM GAS  C:\Users\ARTEM\AppData\Local\Temp\ccxzkR0X.s 			page 109


 4990      545F4741 
 4990      5454435F 
 4990      45584543 
 4991              	.LASF143:
 4992 1432 4359424C 		.ascii	"CYBLE_GATT_ERR_HEART_RATE_CONTROL_POINT_NOT_SUPPORT"
 4992      455F4741 
 4992      54545F45 
 4992      52525F48 
 4992      45415254 
 4993 1465 454400   		.ascii	"ED\000"
 4994              	.LASF514:
 4995 1468 4359424C 		.ascii	"CYBLE_EVT_WSSS_INDICATION_CONFIRMED\000"
 4995      455F4556 
 4995      545F5753 
 4995      53535F49 
 4995      4E444943 
 4996              	.LASF135:
 4997 148c 4359424C 		.ascii	"CYBLE_GATT_ERR_ATTRIBUTE_NOT_LONG\000"
 4997      455F4741 
 4997      54545F45 
 4997      52525F41 
 4997      54545249 
 4998              	.LASF335:
 4999 14ae 4359424C 		.ascii	"CYBLE_EVT_CTSC_WRITE_DESCR_RESPONSE\000"
 4999      455F4556 
 4999      545F4354 
 4999      53435F57 
 4999      52495445 
 5000              	.LASF433:
 5001 14d2 4359424C 		.ascii	"CYBLE_EVT_OTSC_INDICATION\000"
 5001      455F4556 
 5001      545F4F54 
 5001      53435F49 
 5001      4E444943 
 5002              	.LASF487:
 5003 14ec 4359424C 		.ascii	"CYBLE_EVT_UDSS_INDICATION_DISABLED\000"
 5003      455F4556 
 5003      545F5544 
 5003      53535F49 
 5003      4E444943 
 5004              	.LASF70:
 5005 150f 4359424C 		.ascii	"CYBLE_EVT_GATTC_STOP_CMD_COMPLETE\000"
 5005      455F4556 
 5005      545F4741 
 5005      5454435F 
 5005      53544F50 
 5006              	.LASF309:
 5007 1531 4359424C 		.ascii	"CYBLE_EVT_CPSS_CHAR_WRITE\000"
 5007      455F4556 
 5007      545F4350 
 5007      53535F43 
 5007      4841525F 
 5008              	.LASF383:
 5009 154b 4359424C 		.ascii	"CYBLE_EVT_HRSS_ENERGY_EXPENDED_RESET\000"
 5009      455F4556 
 5009      545F4852 
 5009      53535F45 
ARM GAS  C:\Users\ARTEM\AppData\Local\Temp\ccxzkR0X.s 			page 110


 5009      4E455247 
 5010              	.LASF159:
 5011 1570 4359424C 		.ascii	"CYBLE_GATT_ERR_ANCS_ACTION_FAILED\000"
 5011      455F4741 
 5011      54545F45 
 5011      52525F41 
 5011      4E43535F 
 5012              	.LASF339:
 5013 1592 4359424C 		.ascii	"CYBLE_EVT_ESSS_NOTIFICATION_DISABLED\000"
 5013      455F4556 
 5013      545F4553 
 5013      53535F4E 
 5013      4F544946 
 5014              	.LASF190:
 5015 15b7 4359424C 		.ascii	"CYBLE_GATTS_DB_T\000"
 5015      455F4741 
 5015      5454535F 
 5015      44425F54 
 5015      00
 5016              	.LASF428:
 5017 15c8 4359424C 		.ascii	"CYBLE_EVT_OTSS_INDICATION_ENABLED\000"
 5017      455F4556 
 5017      545F4F54 
 5017      53535F49 
 5017      4E444943 
 5018              	.LASF279:
 5019 15ea 4359424C 		.ascii	"CYBLE_EVT_BLSS_NOTIFICATION_ENABLED\000"
 5019      455F4556 
 5019      545F424C 
 5019      53535F4E 
 5019      4F544946 
 5020              	.LASF381:
 5021 160e 4359424C 		.ascii	"CYBLE_EVT_HPSC_WRITE_DESCR_RESPONSE\000"
 5021      455F4556 
 5021      545F4850 
 5021      53435F57 
 5021      52495445 
 5022              	.LASF515:
 5023 1632 4359424C 		.ascii	"CYBLE_EVT_WSSC_INDICATION\000"
 5023      455F4556 
 5023      545F5753 
 5023      53435F49 
 5023      4E444943 
 5024              	.LASF116:
 5025 164c 4359424C 		.ascii	"CYBLE_ERROR_CONTROLLER_BUSY\000"
 5025      455F4552 
 5025      524F525F 
 5025      434F4E54 
 5025      524F4C4C 
 5026              	.LASF225:
 5027 1668 4359424C 		.ascii	"CYBLE_EVT_GATTC_SRVC_DUPLICATION\000"
 5027      455F4556 
 5027      545F4741 
 5027      5454435F 
 5027      53525643 
 5028              	.LASF90:
 5029 1689 4359424C 		.ascii	"CYBLE_ERROR_INVALID_PARAMETER\000"
ARM GAS  C:\Users\ARTEM\AppData\Local\Temp\ccxzkR0X.s 			page 111


 5029      455F4552 
 5029      524F525F 
 5029      494E5641 
 5029      4C49445F 
 5030              	.LASF346:
 5031 16a7 4359424C 		.ascii	"CYBLE_EVT_ESSC_INDICATION\000"
 5031      455F4556 
 5031      545F4553 
 5031      53435F49 
 5031      4E444943 
 5032              	.LASF253:
 5033 16c1 4359424C 		.ascii	"CYBLE_EVT_ANCSC_WRITE_DESCR_RESPONSE\000"
 5033      455F4556 
 5033      545F414E 
 5033      4353435F 
 5033      57524954 
 5034              	.LASF485:
 5035 16e6 4359424C 		.ascii	"CYBLE_EVT_TPSC_WRITE_DESCR_RESPONSE\000"
 5035      455F4556 
 5035      545F5450 
 5035      53435F57 
 5035      52495445 
 5036              	.LASF469:
 5037 170a 4359424C 		.ascii	"CYBLE_EVT_RSCSC_WRITE_CHAR_RESPONSE\000"
 5037      455F4556 
 5037      545F5253 
 5037      4353435F 
 5037      57524954 
 5038              	.LASF199:
 5039 172e 626F756E 		.ascii	"boundedDevCount\000"
 5039      64656444 
 5039      6576436F 
 5039      756E7400 
 5040              	.LASF318:
 5041 173e 4359424C 		.ascii	"CYBLE_EVT_CSCSS_NOTIFICATION_DISABLED\000"
 5041      455F4556 
 5041      545F4353 
 5041      4353535F 
 5041      4E4F5449 
 5042              	.LASF329:
 5043 1764 4359424C 		.ascii	"CYBLE_EVT_CTSS_NOTIFICATION_ENABLED\000"
 5043      455F4556 
 5043      545F4354 
 5043      53535F4E 
 5043      4F544946 
 5044              	.LASF463:
 5045 1788 4359424C 		.ascii	"CYBLE_EVT_RSCSS_INDICATION_DISABLED\000"
 5045      455F4556 
 5045      545F5253 
 5045      4353535F 
 5045      494E4449 
 5046              	.LASF527:
 5047 17ac 4379426C 		.ascii	"CyBle_GattsWriteEventHandler\000"
 5047      655F4761 
 5047      74747357 
 5047      72697465 
 5047      4576656E 
ARM GAS  C:\Users\ARTEM\AppData\Local\Temp\ccxzkR0X.s 			page 112


 5048              	.LASF505:
 5049 17c9 4359424C 		.ascii	"CYBLE_EVT_WPTSS_WRITE_CHAR\000"
 5049      455F4556 
 5049      545F5750 
 5049      5453535F 
 5049      57524954 
 5050              	.LASF412:
 5051 17e4 4359424C 		.ascii	"CYBLE_EVT_LLSS_WRITE_CHAR_REQ\000"
 5051      455F4556 
 5051      545F4C4C 
 5051      53535F57 
 5051      52495445 
 5052              	.LASF92:
 5053 1802 4359424C 		.ascii	"CYBLE_ERROR_MEMORY_ALLOCATION_FAILED\000"
 5053      455F4552 
 5053      524F525F 
 5053      4D454D4F 
 5053      52595F41 
 5054              	.LASF389:
 5055 1827 4359424C 		.ascii	"CYBLE_EVT_HRSC_READ_DESCR_RESPONSE\000"
 5055      455F4556 
 5055      545F4852 
 5055      53435F52 
 5055      4541445F 
 5056              	.LASF317:
 5057 184a 4359424C 		.ascii	"CYBLE_EVT_CSCSS_NOTIFICATION_ENABLED\000"
 5057      455F4556 
 5057      545F4353 
 5057      4353535F 
 5057      4E4F5449 
 5058              	.LASF197:
 5059 186f 61747456 		.ascii	"attValuesCCCDFlashMemory\000"
 5059      616C7565 
 5059      73434343 
 5059      44466C61 
 5059      73684D65 
 5060              	.LASF281:
 5061 1888 4359424C 		.ascii	"CYBLE_EVT_BLSC_INDICATION\000"
 5061      455F4556 
 5061      545F424C 
 5061      53435F49 
 5061      4E444943 
 5062              	.LASF377:
 5063 18a2 4359424C 		.ascii	"CYBLE_EVT_HPSS_CHAR_WRITE\000"
 5063      455F4556 
 5063      545F4850 
 5063      53535F43 
 5063      4841525F 
 5064              	.LASF369:
 5065 18bc 4359424C 		.ascii	"CYBLE_EVT_HIDSS_REPORT_CHAR_WRITE\000"
 5065      455F4556 
 5065      545F4849 
 5065      4453535F 
 5065      5245504F 
 5066              	.LASF269:
 5067 18de 4359424C 		.ascii	"CYBLE_EVT_BCSS_INDICATION_ENABLED\000"
 5067      455F4556 
ARM GAS  C:\Users\ARTEM\AppData\Local\Temp\ccxzkR0X.s 			page 113


 5067      545F4243 
 5067      53535F49 
 5067      4E444943 
 5068              	.LASF150:
 5069 1900 4359424C 		.ascii	"CYBLE_GATTS_ERR_CCCD_IMPROPERLY_CONFIGURED\000"
 5069      455F4741 
 5069      5454535F 
 5069      4552525F 
 5069      43434344 
 5070              	.LASF212:
 5071 192b 4359424C 		.ascii	"CYBLE_AIOS_NUM_OF_DIGITAL_DESCR\000"
 5071      455F4149 
 5071      4F535F4E 
 5071      554D5F4F 
 5071      465F4449 
 5072              	.LASF509:
 5073 194b 4359424C 		.ascii	"CYBLE_EVT_WPTSC_READ_CHAR_RESPONSE\000"
 5073      455F4556 
 5073      545F5750 
 5073      5453435F 
 5073      52454144 
 5074              	.LASF117:
 5075 196e 4359424C 		.ascii	"CYBLE_ERROR_MAX\000"
 5075      455F4552 
 5075      524F525F 
 5075      4D415800 
 5076              	.LASF424:
 5077 197e 4359424C 		.ascii	"CYBLE_EVT_LNSC_WRITE_CHAR_RESPONSE\000"
 5077      455F4556 
 5077      545F4C4E 
 5077      53435F57 
 5077      52495445 
 5078              	.LASF74:
 5079 19a1 4359424C 		.ascii	"CYBLE_EVT_L2CAP_CONN_PARAM_UPDATE_RSP\000"
 5079      455F4556 
 5079      545F4C32 
 5079      4341505F 
 5079      434F4E4E 
 5080              	.LASF86:
 5081 19c7 4359424C 		.ascii	"CYBLE_EVT_HCI_PKT\000"
 5081      455F4556 
 5081      545F4843 
 5081      495F504B 
 5081      5400
 5082              	.LASF490:
 5083 19d9 4359424C 		.ascii	"CYBLE_EVT_UDSS_NOTIFICATION_DISABLED\000"
 5083      455F4556 
 5083      545F5544 
 5083      53535F4E 
 5083      4F544946 
 5084              	.LASF196:
 5085 19fe 73746163 		.ascii	"stackFlashptr\000"
 5085      6B466C61 
 5085      73687074 
 5085      7200
 5086              	.LASF492:
 5087 1a0c 4359424C 		.ascii	"CYBLE_EVT_UDSS_WRITE_CHAR\000"
ARM GAS  C:\Users\ARTEM\AppData\Local\Temp\ccxzkR0X.s 			page 114


 5087      455F4556 
 5087      545F5544 
 5087      53535F57 
 5087      52495445 
 5088              	.LASF455:
 5089 1a26 4359424C 		.ascii	"CYBLE_EVT_PLXSC_READ_CHAR_RESPONSE\000"
 5089      455F4556 
 5089      545F504C 
 5089      5853435F 
 5089      52454144 
 5090              	.LASF244:
 5091 1a49 4359424C 		.ascii	"CYBLE_EVT_AIOSC_READ_DESCR_RESPONSE\000"
 5091      455F4556 
 5091      545F4149 
 5091      4F53435F 
 5091      52454144 
 5092              	.LASF384:
 5093 1a6d 4359424C 		.ascii	"CYBLE_EVT_HRSS_NOTIFICATION_ENABLED\000"
 5093      455F4556 
 5093      545F4852 
 5093      53535F4E 
 5093      4F544946 
 5094              	.LASF144:
 5095 1a91 4359424C 		.ascii	"CYBLE_GATT_ERR_USER_DATA_ACCESS_NOT_PERMITTED\000"
 5095      455F4741 
 5095      54545F45 
 5095      52525F55 
 5095      5345525F 
 5096              	.LASF439:
 5097 1abf 4359424C 		.ascii	"CYBLE_EVT_OTSC_ERROR_RESPONSE\000"
 5097      455F4556 
 5097      545F4F54 
 5097      53435F45 
 5097      52524F52 
 5098              	.LASF28:
 5099 1add 4359424C 		.ascii	"CYBLE_EVT_GAP_AUTH_COMPLETE\000"
 5099      455F4556 
 5099      545F4741 
 5099      505F4155 
 5099      54485F43 
 5100              	.LASF411:
 5101 1af9 4359424C 		.ascii	"CYBLE_EVT_IPSC_READ_BLOB_RSP\000"
 5101      455F4556 
 5101      545F4950 
 5101      53435F52 
 5101      4541445F 
 5102              	.LASF445:
 5103 1b16 4359424C 		.ascii	"CYBLE_EVT_PASSC_READ_DESCR_RESPONSE\000"
 5103      455F4556 
 5103      545F5041 
 5103      5353435F 
 5103      52454144 
 5104              	.LASF349:
 5105 1b3a 4359424C 		.ascii	"CYBLE_EVT_ESSC_READ_DESCR_RESPONSE\000"
 5105      455F4556 
 5105      545F4553 
 5105      53435F52 
ARM GAS  C:\Users\ARTEM\AppData\Local\Temp\ccxzkR0X.s 			page 115


 5105      4541445F 
 5106              	.LASF29:
 5107 1b5d 4359424C 		.ascii	"CYBLE_EVT_GAP_AUTH_FAILED\000"
 5107      455F4556 
 5107      545F4741 
 5107      505F4155 
 5107      54485F46 
 5108              	.LASF368:
 5109 1b77 4359424C 		.ascii	"CYBLE_EVT_HIDSS_EXIT_SUSPEND\000"
 5109      455F4556 
 5109      545F4849 
 5109      4453535F 
 5109      45584954 
 5110              	.LASF122:
 5111 1b94 4359424C 		.ascii	"CYBLE_ERROR_STACK_BUSY\000"
 5111      455F4552 
 5111      524F525F 
 5111      53544143 
 5111      4B5F4255 
 5112              	.LASF160:
 5113 1bab 4359424C 		.ascii	"CYBLE_GATT_ERR_CCCD_IMPROPERLY_CONFIGURED\000"
 5113      455F4741 
 5113      54545F45 
 5113      52525F43 
 5113      4343445F 
 5114              	.LASF93:
 5115 1bd5 4359424C 		.ascii	"CYBLE_ERROR_INSUFFICIENT_RESOURCES\000"
 5115      455F4552 
 5115      524F525F 
 5115      494E5355 
 5115      46464943 
 5116              	.LASF461:
 5117 1bf8 4359424C 		.ascii	"CYBLE_EVT_RSCSS_NOTIFICATION_DISABLED\000"
 5117      455F4556 
 5117      545F5253 
 5117      4353535F 
 5117      4E4F5449 
 5118              	.LASF206:
 5119 1c1e 4359424C 		.ascii	"CYBLE_AIOS_CHAR_PRESENTATION_FORMAT\000"
 5119      455F4149 
 5119      4F535F43 
 5119      4841525F 
 5119      50524553 
 5120              	.LASF148:
 5121 1c42 4359424C 		.ascii	"CYBLE_GATT_ERR_OP_CODE_NOT_SUPPORTED\000"
 5121      455F4741 
 5121      54545F45 
 5121      52525F4F 
 5121      505F434F 
 5122              	.LASF372:
 5123 1c67 4359424C 		.ascii	"CYBLE_EVT_HIDSC_WRITE_CHAR_RESPONSE\000"
 5123      455F4556 
 5123      545F4849 
 5123      4453435F 
 5123      57524954 
 5124              	.LASF5:
 5125 1c8b 6C6F6E67 		.ascii	"long unsigned int\000"
ARM GAS  C:\Users\ARTEM\AppData\Local\Temp\ccxzkR0X.s 			page 116


 5125      20756E73 
 5125      69676E65 
 5125      6420696E 
 5125      7400
 5126              	.LASF408:
 5127 1c9d 4359424C 		.ascii	"CYBLE_EVT_IPSC_READ_DESCR_RESPONSE\000"
 5127      455F4556 
 5127      545F4950 
 5127      53435F52 
 5127      4541445F 
 5128              	.LASF403:
 5129 1cc0 4359424C 		.ascii	"CYBLE_EVT_IASS_WRITE_CHAR_CMD\000"
 5129      455F4556 
 5129      545F4941 
 5129      53535F57 
 5129      52495445 
 5130              	.LASF438:
 5131 1cde 4359424C 		.ascii	"CYBLE_EVT_OTSC_WRITE_DESCR_RESPONSE\000"
 5131      455F4556 
 5131      545F4F54 
 5131      53435F57 
 5131      52495445 
 5132              	.LASF440:
 5133 1d02 4359424C 		.ascii	"CYBLE_EVT_PASSS_NOTIFICATION_ENABLED\000"
 5133      455F4556 
 5133      545F5041 
 5133      5353535F 
 5133      4E4F5449 
 5134              	.LASF443:
 5135 1d27 4359424C 		.ascii	"CYBLE_EVT_PASSC_NOTIFICATION\000"
 5135      455F4556 
 5135      545F5041 
 5135      5353435F 
 5135      4E4F5449 
 5136              	.LASF113:
 5137 1d44 4359424C 		.ascii	"CYBLE_ERROR_UNSUPPORTED_FEATURE_OR_PARAMETER_VALUE\000"
 5137      455F4552 
 5137      524F525F 
 5137      554E5355 
 5137      50504F52 
 5138              	.LASF502:
 5139 1d77 4359424C 		.ascii	"CYBLE_EVT_WPTSS_INDICATION_ENABLED\000"
 5139      455F4556 
 5139      545F5750 
 5139      5453535F 
 5139      494E4449 
 5140              	.LASF210:
 5141 1d9a 4359424C 		.ascii	"CYBLE_AIOS_TIME_TRIGGER_SETTINGS\000"
 5141      455F4149 
 5141      4F535F54 
 5141      494D455F 
 5141      54524947 
 5142              	.LASF449:
 5143 1dbb 4359424C 		.ascii	"CYBLE_EVT_PLXSS_NOTIFICATION_DISABLED\000"
 5143      455F4556 
 5143      545F504C 
 5143      5853535F 
ARM GAS  C:\Users\ARTEM\AppData\Local\Temp\ccxzkR0X.s 			page 117


 5143      4E4F5449 
 5144              	.LASF259:
 5145 1de1 4359424C 		.ascii	"CYBLE_EVT_ANSC_READ_CHAR_RESPONSE\000"
 5145      455F4556 
 5145      545F414E 
 5145      53435F52 
 5145      4541445F 
 5146              	.LASF103:
 5147 1e03 4359424C 		.ascii	"CYBLE_ERROR_L2CAP_PSM_ALREADY_REGISTERED\000"
 5147      455F4552 
 5147      524F525F 
 5147      4C324341 
 5147      505F5053 
 5148              	.LASF396:
 5149 1e2c 4359424C 		.ascii	"CYBLE_EVT_HTSS_CHAR_WRITE\000"
 5149      455F4556 
 5149      545F4854 
 5149      53535F43 
 5149      4841525F 
 5150              	.LASF183:
 5151 1e46 61747456 		.ascii	"attValueUuid\000"
 5151      616C7565 
 5151      55756964 
 5151      00
 5152              	.LASF156:
 5153 1e53 4359424C 		.ascii	"CYBLE_GATT_ERR_ANCS_UNKNOWN_COMMAND\000"
 5153      455F4741 
 5153      54545F45 
 5153      52525F41 
 5153      4E43535F 
 5154              	.LASF263:
 5155 1e77 4359424C 		.ascii	"CYBLE_EVT_BASS_NOTIFICATION_ENABLED\000"
 5155      455F4556 
 5155      545F4241 
 5155      53535F4E 
 5155      4F544946 
 5156              	.LASF336:
 5157 1e9b 4359424C 		.ascii	"CYBLE_EVT_CTSC_WRITE_CHAR_RESPONSE\000"
 5157      455F4556 
 5157      545F4354 
 5157      53435F57 
 5157      52495445 
 5158              	.LASF442:
 5159 1ebe 4359424C 		.ascii	"CYBLE_EVT_PASSS_WRITE_CHAR\000"
 5159      455F4556 
 5159      545F5041 
 5159      5353535F 
 5159      57524954 
 5160              	.LASF313:
 5161 1ed9 4359424C 		.ascii	"CYBLE_EVT_CPSC_WRITE_CHAR_RESPONSE\000"
 5161      455F4556 
 5161      545F4350 
 5161      53435F57 
 5161      52495445 
 5162              	.LASF456:
 5163 1efc 4359424C 		.ascii	"CYBLE_EVT_PLXSC_WRITE_CHAR_RESPONSE\000"
 5163      455F4556 
ARM GAS  C:\Users\ARTEM\AppData\Local\Temp\ccxzkR0X.s 			page 118


 5163      545F504C 
 5163      5853435F 
 5163      57524954 
 5164              	.LASF34:
 5165 1f20 4359424C 		.ascii	"CYBLE_EVT_GAP_CONNECTION_UPDATE_COMPLETE\000"
 5165      455F4556 
 5165      545F4741 
 5165      505F434F 
 5165      4E4E4543 
 5166              	.LASF298:
 5167 1f49 4359424C 		.ascii	"CYBLE_EVT_CGMSC_READ_CHAR_RESPONSE\000"
 5167      455F4556 
 5167      545F4347 
 5167      4D53435F 
 5167      52454144 
 5168              	.LASF521:
 5169 1f6c 4359424C 		.ascii	"CYBLE_STATE_INITIALIZING\000"
 5169      455F5354 
 5169      4154455F 
 5169      494E4954 
 5169      49414C49 
 5170              	.LASF536:
 5171 1f85 6379426C 		.ascii	"cyBle_attValuesLen\000"
 5171      655F6174 
 5171      7456616C 
 5171      7565734C 
 5171      656E00
 5172              	.LASF326:
 5173 1f98 4359424C 		.ascii	"CYBLE_EVT_CSCSC_WRITE_CHAR_RESPONSE\000"
 5173      455F4556 
 5173      545F4353 
 5173      4353435F 
 5173      57524954 
 5174              	.LASF78:
 5175 1fbc 4359424C 		.ascii	"CYBLE_EVT_L2CAP_CBFC_DISCONN_IND\000"
 5175      455F4556 
 5175      545F4C32 
 5175      4341505F 
 5175      43424643 
 5176              	.LASF530:
 5177 1fdd 6379426C 		.ascii	"cyBle_attValues\000"
 5177      655F6174 
 5177      7456616C 
 5177      75657300 
 5178              	.LASF322:
 5179 1fed 4359424C 		.ascii	"CYBLE_EVT_CSCSS_CHAR_WRITE\000"
 5179      455F4556 
 5179      545F4353 
 5179      4353535F 
 5179      43484152 
 5180              	.LASF432:
 5181 2008 4359424C 		.ascii	"CYBLE_EVT_OTSS_WRITE_DESCR\000"
 5181      455F4556 
 5181      545F4F54 
 5181      53535F57 
 5181      52495445 
 5182              	.LASF195:
ARM GAS  C:\Users\ARTEM\AppData\Local\Temp\ccxzkR0X.s 			page 119


 5183 2023 4359424C 		.ascii	"CYBLE_GATTS_T\000"
 5183      455F4741 
 5183      5454535F 
 5183      5400
 5184              	.LASF451:
 5185 2031 4359424C 		.ascii	"CYBLE_EVT_PLXSS_INDICATION_DISABLED\000"
 5185      455F4556 
 5185      545F504C 
 5185      5853535F 
 5185      494E4449 
 5186              	.LASF468:
 5187 2055 4359424C 		.ascii	"CYBLE_EVT_RSCSC_READ_CHAR_RESPONSE\000"
 5187      455F4556 
 5187      545F5253 
 5187      4353435F 
 5187      52454144 
 5188              	.LASF26:
 5189 2078 4359424C 		.ascii	"CYBLE_EVT_GAP_PASSKEY_ENTRY_REQUEST\000"
 5189      455F4556 
 5189      545F4741 
 5189      505F5041 
 5189      53534B45 
 5190              	.LASF200:
 5191 209c 43595F42 		.ascii	"CY_BLE_FLASH_STORAGE\000"
 5191      4C455F46 
 5191      4C415348 
 5191      5F53544F 
 5191      52414745 
 5192              	.LASF307:
 5193 20b1 4359424C 		.ascii	"CYBLE_EVT_CPSS_BROADCAST_ENABLED\000"
 5193      455F4556 
 5193      545F4350 
 5193      53535F42 
 5193      524F4144 
 5194              	.LASF537:
 5195 20d2 6379426C 		.ascii	"cyBle_flashStorage\000"
 5195      655F666C 
 5195      61736853 
 5195      746F7261 
 5195      676500
 5196              	.LASF409:
 5197 20e5 4359424C 		.ascii	"CYBLE_EVT_IPSC_WRITE_DESCR_RESPONSE\000"
 5197      455F4556 
 5197      545F4950 
 5197      53435F57 
 5197      52495445 
 5198              	.LASF359:
 5199 2109 4359424C 		.ascii	"CYBLE_EVT_GLSC_READ_CHAR_RESPONSE\000"
 5199      455F4556 
 5199      545F474C 
 5199      53435F52 
 5199      4541445F 
 5200              	.LASF458:
 5201 212b 4359424C 		.ascii	"CYBLE_EVT_PLXSC_WRITE_DESCR_RESPONSE\000"
 5201      455F4556 
 5201      545F504C 
 5201      5853435F 
ARM GAS  C:\Users\ARTEM\AppData\Local\Temp\ccxzkR0X.s 			page 120


 5201      57524954 
 5202              	.LASF397:
 5203 2150 4359424C 		.ascii	"CYBLE_EVT_HTSC_NOTIFICATION\000"
 5203      455F4556 
 5203      545F4854 
 5203      53435F4E 
 5203      4F544946 
 5204              	.LASF6:
 5205 216c 6C6F6E67 		.ascii	"long long int\000"
 5205      206C6F6E 
 5205      6720696E 
 5205      7400
 5206              	.LASF483:
 5207 217a 4359424C 		.ascii	"CYBLE_EVT_TPSC_READ_CHAR_RESPONSE\000"
 5207      455F4556 
 5207      545F5450 
 5207      53435F52 
 5207      4541445F 
 5208              	.LASF226:
 5209 219c 4359424C 		.ascii	"CYBLE_EVT_GATTC_CHAR_DUPLICATION\000"
 5209      455F4556 
 5209      545F4741 
 5209      5454435F 
 5209      43484152 
 5210              	.LASF354:
 5211 21bd 4359424C 		.ascii	"CYBLE_EVT_GLSS_NOTIFICATION_ENABLED\000"
 5211      455F4556 
 5211      545F474C 
 5211      53535F4E 
 5211      4F544946 
 5212              	.LASF430:
 5213 21e1 4359424C 		.ascii	"CYBLE_EVT_OTSS_INDICATION_CONFIRMED\000"
 5213      455F4556 
 5213      545F4F54 
 5213      53535F49 
 5213      4E444943 
 5214              	.LASF133:
 5215 2205 4359424C 		.ascii	"CYBLE_GATT_ERR_PREPARE_WRITE_QUEUE_FULL\000"
 5215      455F4741 
 5215      54545F45 
 5215      52525F50 
 5215      52455041 
 5216              	.LASF379:
 5217 222d 4359424C 		.ascii	"CYBLE_EVT_HPSC_READ_CHAR_RESPONSE\000"
 5217      455F4556 
 5217      545F4850 
 5217      53435F52 
 5217      4541445F 
 5218              	.LASF104:
 5219 224f 4359424C 		.ascii	"CYBLE_ERROR_L2CAP_PSM_NOT_REGISTERED\000"
 5219      455F4552 
 5219      524F525F 
 5219      4C324341 
 5219      505F5053 
 5220              	.LASF94:
 5221 2274 4359424C 		.ascii	"CYBLE_ERROR_OOB_NOT_AVAILABLE\000"
 5221      455F4552 
ARM GAS  C:\Users\ARTEM\AppData\Local\Temp\ccxzkR0X.s 			page 121


 5221      524F525F 
 5221      4F4F425F 
 5221      4E4F545F 
 5222              	.LASF290:
 5223 2292 4359424C 		.ascii	"CYBLE_EVT_CGMSS_INDICATION_ENABLED\000"
 5223      455F4556 
 5223      545F4347 
 5223      4D53535F 
 5223      494E4449 
 5224              	.LASF13:
 5225 22b5 646F7562 		.ascii	"double\000"
 5225      6C6500
 5226              	.LASF109:
 5227 22bc 4359424C 		.ascii	"CYBLE_ERROR_DEVICE_ALREADY_EXISTS\000"
 5227      455F4552 
 5227      524F525F 
 5227      44455649 
 5227      43455F41 
 5228              	.LASF341:
 5229 22de 4359424C 		.ascii	"CYBLE_EVT_ESSS_INDICATION_DISABLED\000"
 5229      455F4556 
 5229      545F4553 
 5229      53535F49 
 5229      4E444943 
 5230              	.LASF84:
 5231 2301 4359424C 		.ascii	"CYBLE_EVT_PENDING_FLASH_WRITE\000"
 5231      455F4556 
 5231      545F5045 
 5231      4E44494E 
 5231      475F464C 
 5232              	.LASF136:
 5233 231f 4359424C 		.ascii	"CYBLE_GATT_ERR_INSUFFICIENT_ENC_KEY_SIZE\000"
 5233      455F4741 
 5233      54545F45 
 5233      52525F49 
 5233      4E535546 
 5234              	.LASF500:
 5235 2348 4359424C 		.ascii	"CYBLE_EVT_WPTSS_NOTIFICATION_ENABLED\000"
 5235      455F4556 
 5235      545F5750 
 5235      5453535F 
 5235      4E4F5449 
 5236              	.LASF161:
 5237 236d 4359424C 		.ascii	"CYBLE_GATT_ERR_PROCEDURE_ALREADY_IN_PROGRESS\000"
 5237      455F4741 
 5237      54545F45 
 5237      52525F50 
 5237      524F4345 
 5238              	.LASF426:
 5239 239a 4359424C 		.ascii	"CYBLE_EVT_LNSC_WRITE_DESCR_RESPONSE\000"
 5239      455F4556 
 5239      545F4C4E 
 5239      53435F57 
 5239      52495445 
 5240              	.LASF41:
 5241 23be 4359424C 		.ascii	"CYBLE_EVT_GAP_ENHANCE_CONN_COMPLETE\000"
 5241      455F4556 
ARM GAS  C:\Users\ARTEM\AppData\Local\Temp\ccxzkR0X.s 			page 122


 5241      545F4741 
 5241      505F454E 
 5241      48414E43 
 5242              	.LASF413:
 5243 23e2 4359424C 		.ascii	"CYBLE_EVT_LLSC_READ_CHAR_RESPONSE\000"
 5243      455F4556 
 5243      545F4C4C 
 5243      53435F52 
 5243      4541445F 
 5244              	.LASF321:
 5245 2404 4359424C 		.ascii	"CYBLE_EVT_CSCSS_INDICATION_CONFIRMATION\000"
 5245      455F4556 
 5245      545F4353 
 5245      4353535F 
 5245      494E4449 
 5246              	.LASF106:
 5247 242c 4359424C 		.ascii	"CYBLE_ERROR_L2CAP_CHANNEL_NOT_FOUND\000"
 5247      455F4552 
 5247      524F525F 
 5247      4C324341 
 5247      505F4348 
 5248              	.LASF534:
 5249 2450 6379426C 		.ascii	"cyBle_gattDB\000"
 5249      655F6761 
 5249      74744442 
 5249      00
 5250              	.LASF97:
 5251 245d 4359424C 		.ascii	"CYBLE_ERROR_REPEATED_ATTEMPTS\000"
 5251      455F4552 
 5251      524F525F 
 5251      52455045 
 5251      41544544 
 5252              	.LASF344:
 5253 247b 4359424C 		.ascii	"CYBLE_EVT_ESSS_DESCR_WRITE\000"
 5253      455F4556 
 5253      545F4553 
 5253      53535F44 
 5253      45534352 
 5254              	.LASF340:
 5255 2496 4359424C 		.ascii	"CYBLE_EVT_ESSS_INDICATION_ENABLED\000"
 5255      455F4556 
 5255      545F4553 
 5255      53535F49 
 5255      4E444943 
 5256              	.LASF12:
 5257 24b8 666C6F61 		.ascii	"float\000"
 5257      7400
 5258              	.LASF477:
 5259 24be 4359424C 		.ascii	"CYBLE_EVT_SCPSC_NOTIFICATION\000"
 5259      455F4556 
 5259      545F5343 
 5259      5053435F 
 5259      4E4F5449 
 5260              	.LASF366:
 5261 24db 4359424C 		.ascii	"CYBLE_EVT_HIDSS_REPORT_MODE_ENTER\000"
 5261      455F4556 
 5261      545F4849 
ARM GAS  C:\Users\ARTEM\AppData\Local\Temp\ccxzkR0X.s 			page 123


 5261      4453535F 
 5261      5245504F 
 5262              	.LASF345:
 5263 24fd 4359424C 		.ascii	"CYBLE_EVT_ESSC_NOTIFICATION\000"
 5263      455F4556 
 5263      545F4553 
 5263      53435F4E 
 5263      4F544946 
 5264              	.LASF110:
 5265 2519 4359424C 		.ascii	"CYBLE_ERROR_FLASH_WRITE_NOT_PERMITED\000"
 5265      455F4552 
 5265      524F525F 
 5265      464C4153 
 5265      485F5752 
 5266              	.LASF364:
 5267 253e 4359424C 		.ascii	"CYBLE_EVT_HIDSS_NOTIFICATION_DISABLED\000"
 5267      455F4556 
 5267      545F4849 
 5267      4453535F 
 5267      4E4F5449 
 5268              	.LASF71:
 5269 2564 4359424C 		.ascii	"CYBLE_EVT_GATTS_READ_CHAR_VAL_ACCESS_REQ\000"
 5269      455F4556 
 5269      545F4741 
 5269      5454535F 
 5269      52454144 
 5270              	.LASF252:
 5271 258d 4359424C 		.ascii	"CYBLE_EVT_ANCSC_READ_DESCR_RESPONSE\000"
 5271      455F4556 
 5271      545F414E 
 5271      4353435F 
 5271      52454144 
 5272              	.LASF533:
 5273 25b1 6379426C 		.ascii	"cyBle_gatts\000"
 5273      655F6761 
 5273      74747300 
 5274              	.LASF132:
 5275 25bd 4359424C 		.ascii	"CYBLE_GATT_ERR_INSUFFICIENT_AUTHORIZATION\000"
 5275      455F4741 
 5275      54545F45 
 5275      52525F49 
 5275      4E535546 
 5276              	.LASF171:
 5277 25e7 61747472 		.ascii	"attrHandle\000"
 5277      48616E64 
 5277      6C6500
 5278              	.LASF494:
 5279 25f2 4359424C 		.ascii	"CYBLE_EVT_UDSC_NOTIFICATION\000"
 5279      455F4556 
 5279      545F5544 
 5279      53435F4E 
 5279      4F544946 
 5280              	.LASF508:
 5281 260e 4359424C 		.ascii	"CYBLE_EVT_WPTSC_WRITE_CHAR_RESPONSE\000"
 5281      455F4556 
 5281      545F5750 
 5281      5453435F 
ARM GAS  C:\Users\ARTEM\AppData\Local\Temp\ccxzkR0X.s 			page 124


 5281      57524954 
 5282              	.LASF175:
 5283 2632 4359424C 		.ascii	"CYBLE_GATTS_WRITE_REQ_PARAM_T\000"
 5283      455F4741 
 5283      5454535F 
 5283      57524954 
 5283      455F5245 
 5284              	.LASF8:
 5285 2650 756E7369 		.ascii	"unsigned int\000"
 5285      676E6564 
 5285      20696E74 
 5285      00
 5286              	.LASF63:
 5287 265d 4359424C 		.ascii	"CYBLE_EVT_GATTS_PREP_WRITE_REQ\000"
 5287      455F4556 
 5287      545F4741 
 5287      5454535F 
 5287      50524550 
 5288              	.LASF188:
 5289 267c 61747445 		.ascii	"attEndHandle\000"
 5289      6E644861 
 5289      6E646C65 
 5289      00
 5290              	.LASF129:
 5291 2689 4359424C 		.ascii	"CYBLE_GATT_ERR_INSUFFICIENT_AUTHENTICATION\000"
 5291      455F4741 
 5291      54545F45 
 5291      52525F49 
 5291      4E535546 
 5292              	.LASF201:
 5293 26b4 4359424C 		.ascii	"CYBLE_AIOS_DIGITAL\000"
 5293      455F4149 
 5293      4F535F44 
 5293      49474954 
 5293      414C00
 5294              	.LASF288:
 5295 26c7 4359424C 		.ascii	"CYBLE_EVT_BMSC_WRITE_CHAR_RESPONSE\000"
 5295      455F4556 
 5295      545F424D 
 5295      53435F57 
 5295      52495445 
 5296              	.LASF330:
 5297 26ea 4359424C 		.ascii	"CYBLE_EVT_CTSS_NOTIFICATION_DISABLED\000"
 5297      455F4556 
 5297      545F4354 
 5297      53535F4E 
 5297      4F544946 
 5298              	.LASF204:
 5299 270f 4359424C 		.ascii	"CYBLE_AIOS_CHAR_COUNT\000"
 5299      455F4149 
 5299      4F535F43 
 5299      4841525F 
 5299      434F554E 
 5300              	.LASF277:
 5301 2725 4359424C 		.ascii	"CYBLE_EVT_BLSS_INDICATION_DISABLED\000"
 5301      455F4556 
 5301      545F424C 
ARM GAS  C:\Users\ARTEM\AppData\Local\Temp\ccxzkR0X.s 			page 125


 5301      53535F49 
 5301      4E444943 
 5302              	.LASF429:
 5303 2748 4359424C 		.ascii	"CYBLE_EVT_OTSS_INDICATION_DISABLED\000"
 5303      455F4556 
 5303      545F4F54 
 5303      53535F49 
 5303      4E444943 
 5304              	.LASF452:
 5305 276b 4359424C 		.ascii	"CYBLE_EVT_PLXSS_INDICATION_CONFIRMED\000"
 5305      455F4556 
 5305      545F504C 
 5305      5853535F 
 5305      494E4449 
 5306              	.LASF475:
 5307 2790 4359424C 		.ascii	"CYBLE_EVT_SCPSS_NOTIFICATION_DISABLED\000"
 5307      455F4556 
 5307      545F5343 
 5307      5053535F 
 5307      4E4F5449 
 5308              	.LASF342:
 5309 27b6 4359424C 		.ascii	"CYBLE_EVT_ESSS_INDICATION_CONFIRMATION\000"
 5309      455F4556 
 5309      545F4553 
 5309      53535F49 
 5309      4E444943 
 5310              	.LASF147:
 5311 27dd 4359424C 		.ascii	"CYBLE_GATTS_ERR_PROCEDURE_ALREADY_IN_PROGRESS\000"
 5311      455F4741 
 5311      5454535F 
 5311      4552525F 
 5311      50524F43 
 5312              	.LASF245:
 5313 280b 4359424C 		.ascii	"CYBLE_EVT_AIOSC_WRITE_DESCR_RESPONSE\000"
 5313      455F4556 
 5313      545F4149 
 5313      4F53435F 
 5313      57524954 
 5314              	.LASF214:
 5315 2830 4359424C 		.ascii	"CYBLE_AUTHENTICATION_REQUEST_REPLY\000"
 5315      455F4155 
 5315      5448454E 
 5315      54494341 
 5315      54494F4E 
 5316              	.LASF102:
 5317 2853 4359424C 		.ascii	"CYBLE_ERROR_L2CAP_PSM_WRONG_ENCODING\000"
 5317      455F4552 
 5317      524F525F 
 5317      4C324341 
 5317      505F5053 
 5318              	.LASF280:
 5319 2878 4359424C 		.ascii	"CYBLE_EVT_BLSS_NOTIFICATION_DISABLED\000"
 5319      455F4556 
 5319      545F424C 
 5319      53535F4E 
 5319      4F544946 
 5320              	.LASF134:
ARM GAS  C:\Users\ARTEM\AppData\Local\Temp\ccxzkR0X.s 			page 126


 5321 289d 4359424C 		.ascii	"CYBLE_GATT_ERR_ATTRIBUTE_NOT_FOUND\000"
 5321      455F4741 
 5321      54545F45 
 5321      52525F41 
 5321      54545249 
 5322              	.LASF400:
 5323 28c0 4359424C 		.ascii	"CYBLE_EVT_HTSC_WRITE_CHAR_RESPONSE\000"
 5323      455F4556 
 5323      545F4854 
 5323      53435F57 
 5323      52495445 
 5324              	.LASF513:
 5325 28e3 4359424C 		.ascii	"CYBLE_EVT_WSSS_INDICATION_DISABLED\000"
 5325      455F4556 
 5325      545F5753 
 5325      53535F49 
 5325      4E444943 
 5326              	.LASF382:
 5327 2906 4359424C 		.ascii	"CYBLE_EVT_HPSC_WRITE_CHAR_RESPONSE\000"
 5327      455F4556 
 5327      545F4850 
 5327      53435F57 
 5327      52495445 
 5328              	.LASF88:
 5329 2929 4359424C 		.ascii	"CYBLE_EVT_MAX\000"
 5329      455F4556 
 5329      545F4D41 
 5329      5800
 5330              	.LASF35:
 5331 2937 4359424C 		.ascii	"CYBLE_EVT_GAPC_SCAN_START_STOP\000"
 5331      455F4556 
 5331      545F4741 
 5331      50435F53 
 5331      43414E5F 
 5332              	.LASF255:
 5333 2956 4359424C 		.ascii	"CYBLE_EVT_ANSS_NOTIFICATION_ENABLED\000"
 5333      455F4556 
 5333      545F414E 
 5333      53535F4E 
 5333      4F544946 
 5334              	.LASF60:
 5335 297a 4359424C 		.ascii	"CYBLE_EVT_GATTS_WRITE_REQ\000"
 5335      455F4556 
 5335      545F4741 
 5335      5454535F 
 5335      57524954 
 5336              	.LASF496:
 5337 2994 4359424C 		.ascii	"CYBLE_EVT_UDSC_WRITE_CHAR_RESPONSE\000"
 5337      455F4556 
 5337      545F5544 
 5337      53435F57 
 5337      52495445 
 5338              	.LASF507:
 5339 29b7 4359424C 		.ascii	"CYBLE_EVT_WPTSC_INDICATION\000"
 5339      455F4556 
 5339      545F5750 
 5339      5453435F 
ARM GAS  C:\Users\ARTEM\AppData\Local\Temp\ccxzkR0X.s 			page 127


 5339      494E4449 
 5340              	.LASF27:
 5341 29d2 4359424C 		.ascii	"CYBLE_EVT_GAP_PASSKEY_DISPLAY_REQUEST\000"
 5341      455F4556 
 5341      545F4741 
 5341      505F5041 
 5341      53534B45 
 5342              	.LASF119:
 5343 29f8 4359424C 		.ascii	"CYBLE_ERROR_IND_DISABLED\000"
 5343      455F4552 
 5343      524F525F 
 5343      494E445F 
 5343      44495341 
 5344              	.LASF118:
 5345 2a11 4359424C 		.ascii	"CYBLE_ERROR_NTF_DISABLED\000"
 5345      455F4552 
 5345      524F525F 
 5345      4E54465F 
 5345      44495341 
 5346              	.LASF207:
 5347 2a2a 4359424C 		.ascii	"CYBLE_AIOS_CHAR_USER_DESCRIPTION_DESCR\000"
 5347      455F4149 
 5347      4F535F43 
 5347      4841525F 
 5347      55534552 
 5348              	.LASF57:
 5349 2a51 4359424C 		.ascii	"CYBLE_EVT_GATTC_READ_RSP\000"
 5349      455F4556 
 5349      545F4741 
 5349      5454435F 
 5349      52454144 
 5350              	.LASF311:
 5351 2a6a 4359424C 		.ascii	"CYBLE_EVT_CPSC_INDICATION\000"
 5351      455F4556 
 5351      545F4350 
 5351      53435F49 
 5351      4E444943 
 5352              	.LASF131:
 5353 2a84 4359424C 		.ascii	"CYBLE_GATT_ERR_INVALID_OFFSET\000"
 5353      455F4741 
 5353      54545F45 
 5353      52525F49 
 5353      4E56414C 
 5354              	.LASF337:
 5355 2aa2 4359424C 		.ascii	"CYBLE_EVT_DISC_READ_CHAR_RESPONSE\000"
 5355      455F4556 
 5355      545F4449 
 5355      53435F52 
 5355      4541445F 
 5356              	.LASF77:
 5357 2ac4 4359424C 		.ascii	"CYBLE_EVT_L2CAP_CBFC_CONN_CNF\000"
 5357      455F4556 
 5357      545F4C32 
 5357      4341505F 
 5357      43424643 
 5358              	.LASF178:
 5359 2ae2 4359424C 		.ascii	"CYBLE_GATTS_ATT_GEN_VAL_LEN_T\000"
ARM GAS  C:\Users\ARTEM\AppData\Local\Temp\ccxzkR0X.s 			page 128


 5359      455F4741 
 5359      5454535F 
 5359      4154545F 
 5359      47454E5F 
 5360              	.LASF401:
 5361 2b00 4359424C 		.ascii	"CYBLE_EVT_HTSC_READ_DESCR_RESPONSE\000"
 5361      455F4556 
 5361      545F4854 
 5361      53435F52 
 5361      4541445F 
 5362              	.LASF519:
 5363 2b23 4359424C 		.ascii	"CYBLE_DEBUG_EVT_BLESS_INT\000"
 5363      455F4445 
 5363      4255475F 
 5363      4556545F 
 5363      424C4553 
 5364              	.LASF162:
 5365 2b3d 4359424C 		.ascii	"CYBLE_GATT_ERR_OUT_OF_RANGE\000"
 5365      455F4741 
 5365      54545F45 
 5365      52525F4F 
 5365      55545F4F 
 5366              	.LASF356:
 5367 2b59 4359424C 		.ascii	"CYBLE_EVT_GLSS_WRITE_CHAR\000"
 5367      455F4556 
 5367      545F474C 
 5367      53535F57 
 5367      52495445 
 5368              	.LASF87:
 5369 2b73 4359424C 		.ascii	"CYBLE_EVT_FLASH_CORRUPT\000"
 5369      455F4556 
 5369      545F464C 
 5369      4153485F 
 5369      434F5252 
 5370              	.LASF15:
 5371 2b8b 6C6F6E67 		.ascii	"long double\000"
 5371      20646F75 
 5371      626C6500 
 5372              	.LASF293:
 5373 2b97 4359424C 		.ascii	"CYBLE_EVT_CGMSS_NOTIFICATION_ENABLED\000"
 5373      455F4556 
 5373      545F4347 
 5373      4D53535F 
 5373      4E4F5449 
 5374              	.LASF386:
 5375 2bbc 4359424C 		.ascii	"CYBLE_EVT_HRSC_NOTIFICATION\000"
 5375      455F4556 
 5375      545F4852 
 5375      53435F4E 
 5375      4F544946 
 5376              	.LASF23:
 5377 2bd8 4359424C 		.ascii	"CYBLE_EVT_MEMORY_REQUEST\000"
 5377      455F4556 
 5377      545F4D45 
 5377      4D4F5259 
 5377      5F524551 
 5378              	.LASF242:
ARM GAS  C:\Users\ARTEM\AppData\Local\Temp\ccxzkR0X.s 			page 129


 5379 2bf1 4359424C 		.ascii	"CYBLE_EVT_AIOSC_READ_CHAR_RESPONSE\000"
 5379      455F4556 
 5379      545F4149 
 5379      4F53435F 
 5379      52454144 
 5380              	.LASF541:
 5381 2c14 4379426C 		.ascii	"CyBle_Get16ByPtr\000"
 5381      655F4765 
 5381      74313642 
 5381      79507472 
 5381      00
 5382              	.LASF464:
 5383 2c25 4359424C 		.ascii	"CYBLE_EVT_RSCSS_INDICATION_CONFIRMATION\000"
 5383      455F4556 
 5383      545F5253 
 5383      4353535F 
 5383      494E4449 
 5384              	.LASF373:
 5385 2c4d 4359424C 		.ascii	"CYBLE_EVT_HIDSC_READ_DESCR_RESPONSE\000"
 5385      455F4556 
 5385      545F4849 
 5385      4453435F 
 5385      52454144 
 5386              	.LASF387:
 5387 2c71 4359424C 		.ascii	"CYBLE_EVT_HRSC_READ_CHAR_RESPONSE\000"
 5387      455F4556 
 5387      545F4852 
 5387      53435F52 
 5387      4541445F 
 5388              	.LASF265:
 5389 2c93 4359424C 		.ascii	"CYBLE_EVT_BASC_NOTIFICATION\000"
 5389      455F4556 
 5389      545F4241 
 5389      53435F4E 
 5389      4F544946 
 5390              	.LASF328:
 5391 2caf 4359424C 		.ascii	"CYBLE_EVT_CSCSC_WRITE_DESCR_RESPONSE\000"
 5391      455F4556 
 5391      545F4353 
 5391      4353435F 
 5391      57524954 
 5392              	.LASF33:
 5393 2cd4 4359424C 		.ascii	"CYBLE_EVT_GAP_ENCRYPT_CHANGE\000"
 5393      455F4556 
 5393      545F4741 
 5393      505F454E 
 5393      43525950 
 5394              	.LASF427:
 5395 2cf1 4359424C 		.ascii	"CYBLE_EVT_NDCSC_READ_CHAR_RESPONSE\000"
 5395      455F4556 
 5395      545F4E44 
 5395      4353435F 
 5395      52454144 
 5396              	.LASF227:
 5397 2d14 4359424C 		.ascii	"CYBLE_EVT_GATTC_DESCR_DUPLICATION\000"
 5397      455F4556 
 5397      545F4741 
ARM GAS  C:\Users\ARTEM\AppData\Local\Temp\ccxzkR0X.s 			page 130


 5397      5454435F 
 5397      44455343 
 5398              	.LASF526:
 5399 2d36 4379426C 		.ascii	"CyBle_GattsReInitGattDb\000"
 5399      655F4761 
 5399      74747352 
 5399      65496E69 
 5399      74476174 
 5400              	.LASF51:
 5401 2d4e 4359424C 		.ascii	"CYBLE_EVT_GATTS_XCNHG_MTU_REQ\000"
 5401      455F4556 
 5401      545F4741 
 5401      5454535F 
 5401      58434E48 
 5402              	.LASF376:
 5403 2d6c 4359424C 		.ascii	"CYBLE_EVT_HPSS_NOTIFICATION_DISABLED\000"
 5403      455F4556 
 5403      545F4850 
 5403      53535F4E 
 5403      4F544946 
 5404              	.LASF489:
 5405 2d91 4359424C 		.ascii	"CYBLE_EVT_UDSS_NOTIFICATION_ENABLED\000"
 5405      455F4556 
 5405      545F5544 
 5405      53535F4E 
 5405      4F544946 
 5406              	.LASF237:
 5407 2db5 4359424C 		.ascii	"CYBLE_EVT_AIOSS_INDICATION_CONFIRMED\000"
 5407      455F4556 
 5407      545F4149 
 5407      4F53535F 
 5407      494E4449 
 5408              	.LASF417:
 5409 2dda 4359424C 		.ascii	"CYBLE_EVT_LNSS_INDICATION_CONFIRMED\000"
 5409      455F4556 
 5409      545F4C4E 
 5409      53535F49 
 5409      4E444943 
 5410              	.LASF47:
 5411 2dfe 4359424C 		.ascii	"CYBLE_EVT_GAP_SMP_LOC_P256_KEYS_GEN_AND_SET_COMPLET"
 5411      455F4556 
 5411      545F4741 
 5411      505F534D 
 5411      505F4C4F 
 5412 2e31 4500     		.ascii	"E\000"
 5413              	.LASF262:
 5414 2e33 4359424C 		.ascii	"CYBLE_EVT_ANSC_WRITE_DESCR_RESPONSE\000"
 5414      455F4556 
 5414      545F414E 
 5414      53435F57 
 5414      52495445 
 5415              	.LASF423:
 5416 2e57 4359424C 		.ascii	"CYBLE_EVT_LNSC_READ_CHAR_RESPONSE\000"
 5416      455F4556 
 5416      545F4C4E 
 5416      53435F52 
 5416      4541445F 
ARM GAS  C:\Users\ARTEM\AppData\Local\Temp\ccxzkR0X.s 			page 131


 5417              	.LASF353:
 5418 2e79 4359424C 		.ascii	"CYBLE_EVT_GLSS_INDICATION_CONFIRMED\000"
 5418      455F4556 
 5418      545F474C 
 5418      53535F49 
 5418      4E444943 
 5419              	.LASF525:
 5420 2e9d 4359424C 		.ascii	"CYBLE_STATE_T\000"
 5420      455F5354 
 5420      4154455F 
 5420      5400
 5421              	.LASF218:
 5422 2eab 4359424C 		.ascii	"CYBLE_EVT_GATTS_INDICATION_ENABLED\000"
 5422      455F4556 
 5422      545F4741 
 5422      5454535F 
 5422      494E4449 
 5423              	.LASF7:
 5424 2ece 6C6F6E67 		.ascii	"long long unsigned int\000"
 5424      206C6F6E 
 5424      6720756E 
 5424      7369676E 
 5424      65642069 
 5425              	.LASF125:
 5426 2ee5 4359424C 		.ascii	"CYBLE_GATT_ERR_INVALID_HANDLE\000"
 5426      455F4741 
 5426      54545F45 
 5426      52525F49 
 5426      4E56414C 
 5427              	.LASF19:
 5428 2f03 4359424C 		.ascii	"CYBLE_EVT_TIMEOUT\000"
 5428      455F4556 
 5428      545F5449 
 5428      4D454F55 
 5428      5400
 5429              	.LASF334:
 5430 2f15 4359424C 		.ascii	"CYBLE_EVT_CTSC_READ_DESCR_RESPONSE\000"
 5430      455F4556 
 5430      545F4354 
 5430      53435F52 
 5430      4541445F 
 5431              	.LASF149:
 5432 2f38 4359424C 		.ascii	"CYBLE_GATT_ERR_MISSING_CRC\000"
 5432      455F4741 
 5432      54545F45 
 5432      52525F4D 
 5432      49535349 
 5433              	.LASF121:
 5434 2f53 4359424C 		.ascii	"CYBLE_ERROR_INVALID_STATE\000"
 5434      455F4552 
 5434      524F525F 
 5434      494E5641 
 5434      4C49445F 
 5435              	.LASF164:
 5436 2f6d 4359424C 		.ascii	"CYBLE_GATT_DB_ATTR_HANDLE_T\000"
 5436      455F4741 
 5436      54545F44 
ARM GAS  C:\Users\ARTEM\AppData\Local\Temp\ccxzkR0X.s 			page 132


 5436      425F4154 
 5436      54525F48 
 5437              	.LASF235:
 5438 2f89 4359424C 		.ascii	"CYBLE_EVT_AIOSS_INDICATION_ENABLED\000"
 5438      455F4556 
 5438      545F4149 
 5438      4F53535F 
 5438      494E4449 
 5439              	.LASF80:
 5440 2fac 4359424C 		.ascii	"CYBLE_EVT_L2CAP_CBFC_DATA_READ\000"
 5440      455F4556 
 5440      545F4C32 
 5440      4341505F 
 5440      43424643 
 5441              	.LASF124:
 5442 2fcb 4359424C 		.ascii	"CYBLE_GATT_ERR_NONE\000"
 5442      455F4741 
 5442      54545F45 
 5442      52525F4E 
 5442      4F4E4500 
 5443              	.LASF170:
 5444 2fdf 76616C75 		.ascii	"value\000"
 5444      6500
 5445              	.LASF310:
 5446 2fe5 4359424C 		.ascii	"CYBLE_EVT_CPSC_NOTIFICATION\000"
 5446      455F4556 
 5446      545F4350 
 5446      53435F4E 
 5446      4F544946 
 5447              	.LASF285:
 5448 3001 4359424C 		.ascii	"CYBLE_EVT_BLSC_WRITE_DESCR_RESPONSE\000"
 5448      455F4556 
 5448      545F424C 
 5448      53435F57 
 5448      52495445 
 5449              	.LASF189:
 5450 3025 61747456 		.ascii	"attValue\000"
 5450      616C7565 
 5450      00
 5451              	.LASF422:
 5452 302e 4359424C 		.ascii	"CYBLE_EVT_LNSC_NOTIFICATION\000"
 5452      455F4556 
 5452      545F4C4E 
 5452      53435F4E 
 5452      4F544946 
 5453              	.LASF531:
 5454 304a 4379426C 		.ascii	"CyBle_ApplCallback\000"
 5454      655F4170 
 5454      706C4361 
 5454      6C6C6261 
 5454      636B00
 5455              	.LASF332:
 5456 305d 4359424C 		.ascii	"CYBLE_EVT_CTSC_NOTIFICATION\000"
 5456      455F4556 
 5456      545F4354 
 5456      53435F4E 
 5456      4F544946 
ARM GAS  C:\Users\ARTEM\AppData\Local\Temp\ccxzkR0X.s 			page 133


 5457              	.LASF114:
 5458 3079 4359424C 		.ascii	"CYBLE_ERROR_FLASH_WRITE\000"
 5458      455F4552 
 5458      524F525F 
 5458      464C4153 
 5458      485F5752 
 5459              	.LASF352:
 5460 3091 4359424C 		.ascii	"CYBLE_EVT_GLSS_INDICATION_DISABLED\000"
 5460      455F4556 
 5460      545F474C 
 5460      53535F49 
 5460      4E444943 
 5461              	.LASF146:
 5462 30b4 4359424C 		.ascii	"CYBLE_GATT_ERR_HTS_OUT_OF_RANGE\000"
 5462      455F4741 
 5462      54545F45 
 5462      52525F48 
 5462      54535F4F 
 5463              	.LASF435:
 5464 30d4 4359424C 		.ascii	"CYBLE_EVT_OTSC_READ_BLOB_RSP\000"
 5464      455F4556 
 5464      545F4F54 
 5464      53435F52 
 5464      4541445F 
 5465              	.LASF238:
 5466 30f1 4359424C 		.ascii	"CYBLE_EVT_AIOSS_CHAR_WRITE\000"
 5466      455F4556 
 5466      545F4149 
 5466      4F53535F 
 5466      43484152 
 5467              	.LASF193:
 5468 310c 73657276 		.ascii	"serviceChangedHandle\000"
 5468      69636543 
 5468      68616E67 
 5468      65644861 
 5468      6E646C65 
 5469              	.LASF415:
 5470 3121 4359424C 		.ascii	"CYBLE_EVT_LNSS_INDICATION_ENABLED\000"
 5470      455F4556 
 5470      545F4C4E 
 5470      53535F49 
 5470      4E444943 
 5471              	.LASF248:
 5472 3143 4359424C 		.ascii	"CYBLE_EVT_ANCSS_NOTIFICATION_DISABLED\000"
 5472      455F4556 
 5472      545F414E 
 5472      4353535F 
 5472      4E4F5449 
 5473              	.LASF173:
 5474 3169 636F6E6E 		.ascii	"connHandle\000"
 5474      48616E64 
 5474      6C6500
 5475              	.LASF176:
 5476 3174 61637475 		.ascii	"actualLength\000"
 5476      616C4C65 
 5476      6E677468 
 5476      00
ARM GAS  C:\Users\ARTEM\AppData\Local\Temp\ccxzkR0X.s 			page 134


 5477              	.LASF264:
 5478 3181 4359424C 		.ascii	"CYBLE_EVT_BASS_NOTIFICATION_DISABLED\000"
 5478      455F4556 
 5478      545F4241 
 5478      53535F4E 
 5478      4F544946 
 5479              	.LASF447:
 5480 31a6 4359424C 		.ascii	"CYBLE_EVT_PLXSS_WRITE_CHAR\000"
 5480      455F4556 
 5480      545F504C 
 5480      5853535F 
 5480      57524954 
 5481              	.LASF302:
 5482 31c1 4359424C 		.ascii	"CYBLE_EVT_CPSS_NOTIFICATION_ENABLED\000"
 5482      455F4556 
 5482      545F4350 
 5482      53535F4E 
 5482      4F544946 
 5483              	.LASF484:
 5484 31e5 4359424C 		.ascii	"CYBLE_EVT_TPSC_READ_DESCR_RESPONSE\000"
 5484      455F4556 
 5484      545F5450 
 5484      53435F52 
 5484      4541445F 
 5485              	.LASF499:
 5486 3208 4359424C 		.ascii	"CYBLE_EVT_UDSC_ERROR_RESPONSE\000"
 5486      455F4556 
 5486      545F5544 
 5486      53435F45 
 5486      52524F52 
 5487              	.LASF55:
 5488 3226 4359424C 		.ascii	"CYBLE_EVT_GATTC_FIND_INFO_RSP\000"
 5488      455F4556 
 5488      545F4741 
 5488      5454435F 
 5488      46494E44 
 5489              	.LASF54:
 5490 3244 4359424C 		.ascii	"CYBLE_EVT_GATTC_READ_BY_TYPE_RSP\000"
 5490      455F4556 
 5490      545F4741 
 5490      5454435F 
 5490      52454144 
 5491              	.LASF441:
 5492 3265 4359424C 		.ascii	"CYBLE_EVT_PASSS_NOTIFICATION_DISABLED\000"
 5492      455F4556 
 5492      545F5041 
 5492      5353535F 
 5492      4E4F5449 
 5493              	.LASF300:
 5494 328b 4359424C 		.ascii	"CYBLE_EVT_CGMSC_READ_DESCR_RESPONSE\000"
 5494      455F4556 
 5494      545F4347 
 5494      4D53435F 
 5494      52454144 
 5495              	.LASF371:
 5496 32af 4359424C 		.ascii	"CYBLE_EVT_HIDSC_READ_CHAR_RESPONSE\000"
 5496      455F4556 
ARM GAS  C:\Users\ARTEM\AppData\Local\Temp\ccxzkR0X.s 			page 135


 5496      545F4849 
 5496      4453435F 
 5496      52454144 
 5497              	.LASF151:
 5498 32d2 4359424C 		.ascii	"CYBLE_GATTS_ERR_OPERATION_FAILED\000"
 5498      455F4741 
 5498      5454535F 
 5498      4552525F 
 5498      4F504552 
 5499              	.LASF528:
 5500 32f3 61706952 		.ascii	"apiResult\000"
 5500      6573756C 
 5500      7400
 5501              	.LASF538:
 5502 32fd 6379426C 		.ascii	"cyBle_state\000"
 5502      655F7374 
 5502      61746500 
 5503              	.LASF481:
 5504 3309 4359424C 		.ascii	"CYBLE_EVT_TPSS_NOTIFICATION_DISABLED\000"
 5504      455F4556 
 5504      545F5450 
 5504      53535F4E 
 5504      4F544946 
 5505              	.LASF478:
 5506 332e 4359424C 		.ascii	"CYBLE_EVT_SCPSC_READ_DESCR_RESPONSE\000"
 5506      455F4556 
 5506      545F5343 
 5506      5053435F 
 5506      52454144 
 5507              	.LASF390:
 5508 3352 4359424C 		.ascii	"CYBLE_EVT_HRSC_WRITE_DESCR_RESPONSE\000"
 5508      455F4556 
 5508      545F4852 
 5508      53435F57 
 5508      52495445 
 5509              	.LASF115:
 5510 3376 4359424C 		.ascii	"CYBLE_ERROR_LL_SAME_TRANSACTION_COLLISION\000"
 5510      455F4552 
 5510      524F525F 
 5510      4C4C5F53 
 5510      414D455F 
 5511              	.LASF420:
 5512 33a0 4359424C 		.ascii	"CYBLE_EVT_LNSS_WRITE_CHAR\000"
 5512      455F4556 
 5512      545F4C4E 
 5512      53535F57 
 5512      52495445 
 5513              	.LASF343:
 5514 33ba 4359424C 		.ascii	"CYBLE_EVT_ESSS_CHAR_WRITE\000"
 5514      455F4556 
 5514      545F4553 
 5514      53535F43 
 5514      4841525F 
 5515              	.LASF61:
 5516 33d4 4359424C 		.ascii	"CYBLE_EVT_GATTC_WRITE_RSP\000"
 5516      455F4556 
 5516      545F4741 
ARM GAS  C:\Users\ARTEM\AppData\Local\Temp\ccxzkR0X.s 			page 136


 5516      5454435F 
 5516      57524954 
 5517              	.LASF338:
 5518 33ee 4359424C 		.ascii	"CYBLE_EVT_ESSS_NOTIFICATION_ENABLED\000"
 5518      455F4556 
 5518      545F4553 
 5518      53535F4E 
 5518      4F544946 
 5519              	.LASF524:
 5520 3412 4359424C 		.ascii	"CYBLE_STATE_DISCONNECTED\000"
 5520      455F5354 
 5520      4154455F 
 5520      44495343 
 5520      4F4E4E45 
 5521              	.LASF184:
 5522 342b 4359424C 		.ascii	"CYBLE_GATTS_ATT_VALUE_T\000"
 5522      455F4741 
 5522      5454535F 
 5522      4154545F 
 5522      56414C55 
 5523              	.LASF466:
 5524 3443 4359424C 		.ascii	"CYBLE_EVT_RSCSC_NOTIFICATION\000"
 5524      455F4556 
 5524      545F5253 
 5524      4353435F 
 5524      4E4F5449 
 5525              	.LASF181:
 5526 3460 4359424C 		.ascii	"CYBLE_GATTS_ATT_PACK_VAL_LEN_T\000"
 5526      455F4741 
 5526      5454535F 
 5526      4154545F 
 5526      5041434B 
 5527              	.LASF30:
 5528 347f 4359424C 		.ascii	"CYBLE_EVT_GAPP_ADVERTISEMENT_START_STOP\000"
 5528      455F4556 
 5528      545F4741 
 5528      50505F41 
 5528      44564552 
 5529              	.LASF278:
 5530 34a7 4359424C 		.ascii	"CYBLE_EVT_BLSS_INDICATION_CONFIRMED\000"
 5530      455F4556 
 5530      545F424C 
 5530      53535F49 
 5530      4E444943 
 5531              	.LASF510:
 5532 34cb 4359424C 		.ascii	"CYBLE_EVT_WPTSC_READ_DESCR_RESPONSE\000"
 5532      455F4556 
 5532      545F5750 
 5532      5453435F 
 5532      52454144 
 5533              	.LASF250:
 5534 34ef 4359424C 		.ascii	"CYBLE_EVT_ANCSC_NOTIFICATION\000"
 5534      455F4556 
 5534      545F414E 
 5534      4353435F 
 5534      4E4F5449 
 5535              	.LASF177:
ARM GAS  C:\Users\ARTEM\AppData\Local\Temp\ccxzkR0X.s 			page 137


 5536 350c 61747447 		.ascii	"attGenericVal\000"
 5536      656E6572 
 5536      69635661 
 5536      6C00
 5537              	.LASF459:
 5538 351a 4359424C 		.ascii	"CYBLE_EVT_PLXSC_TIMEOUT\000"
 5538      455F4556 
 5538      545F504C 
 5538      5853435F 
 5538      54494D45 
 5539              	.LASF299:
 5540 3532 4359424C 		.ascii	"CYBLE_EVT_CGMSC_WRITE_CHAR_RESPONSE\000"
 5540      455F4556 
 5540      545F4347 
 5540      4D53435F 
 5540      57524954 
 5541              	.LASF9:
 5542 3556 75696E74 		.ascii	"uint8\000"
 5542      3800
 5543              	.LASF399:
 5544 355c 4359424C 		.ascii	"CYBLE_EVT_HTSC_READ_CHAR_RESPONSE\000"
 5544      455F4556 
 5544      545F4854 
 5544      53435F52 
 5544      4541445F 
 5545              	.LASF38:
 5546 357e 4359424C 		.ascii	"CYBLE_EVT_GAP_KEYPRESS_NOTIFICATION\000"
 5546      455F4556 
 5546      545F4741 
 5546      505F4B45 
 5546      59505245 
 5547              	.LASF446:
 5548 35a2 4359424C 		.ascii	"CYBLE_EVT_PASSC_WRITE_DESCR_RESPONSE\000"
 5548      455F4556 
 5548      545F5041 
 5548      5353435F 
 5548      57524954 
 5549              	.LASF2:
 5550 35c7 73686F72 		.ascii	"short int\000"
 5550      7420696E 
 5550      7400
 5551              	.LASF174:
 5552 35d1 68616E64 		.ascii	"handleValPair\000"
 5552      6C655661 
 5552      6C506169 
 5552      7200
 5553              	.LASF286:
 5554 35df 4359424C 		.ascii	"CYBLE_EVT_BMSS_WRITE_CHAR\000"
 5554      455F4556 
 5554      545F424D 
 5554      53535F57 
 5554      52495445 
 5555              	.LASF180:
 5556 35f9 61747447 		.ascii	"attGenericValLen\000"
 5556      656E6572 
 5556      69635661 
 5556      6C4C656E 
ARM GAS  C:\Users\ARTEM\AppData\Local\Temp\ccxzkR0X.s 			page 138


 5556      00
 5557              	.LASF182:
 5558 360a 61747446 		.ascii	"attFormatValue\000"
 5558      6F726D61 
 5558      7456616C 
 5558      756500
 5559              	.LASF243:
 5560 3619 4359424C 		.ascii	"CYBLE_EVT_AIOSC_WRITE_CHAR_RESPONSE\000"
 5560      455F4556 
 5560      545F4149 
 5560      4F53435F 
 5560      57524954 
 5561              	.LASF112:
 5562 363d 4359424C 		.ascii	"CYBLE_ERROR_HARDWARE_FAILURE\000"
 5562      455F4552 
 5562      524F525F 
 5562      48415244 
 5562      57415245 
 5563              	.LASF145:
 5564 365a 4359424C 		.ascii	"CYBLE_GATT_ERR_CPS_INAPPROPRIATE_CONNECTION_PARAMET"
 5564      455F4741 
 5564      54545F45 
 5564      52525F43 
 5564      50535F49 
 5565 368d 45525300 		.ascii	"ERS\000"
 5566              	.LASF539:
 5567 3691 4379426C 		.ascii	"CyBle_GattsDbRegister\000"
 5567      655F4761 
 5567      74747344 
 5567      62526567 
 5567      69737465 
 5568              	.LASF297:
 5569 36a7 4359424C 		.ascii	"CYBLE_EVT_CGMSC_NOTIFICATION\000"
 5569      455F4556 
 5569      545F4347 
 5569      4D53435F 
 5569      4E4F5449 
 5570              	.LASF130:
 5571 36c4 4359424C 		.ascii	"CYBLE_GATT_ERR_REQUEST_NOT_SUPPORTED\000"
 5571      455F4741 
 5571      54545F45 
 5571      52525F52 
 5571      45515545 
 5572              	.LASF48:
 5573 36e9 4359424C 		.ascii	"CYBLE_EVT_GATTC_ERROR_RSP\000"
 5573      455F4556 
 5573      545F4741 
 5573      5454435F 
 5573      4552524F 
 5574              	.LASF348:
 5575 3703 4359424C 		.ascii	"CYBLE_EVT_ESSC_WRITE_CHAR_RESPONSE\000"
 5575      455F4556 
 5575      545F4553 
 5575      53435F57 
 5575      52495445 
 5576              	.LASF254:
 5577 3726 4359424C 		.ascii	"CYBLE_EVT_ANCSC_ERROR_RESPONSE\000"
ARM GAS  C:\Users\ARTEM\AppData\Local\Temp\ccxzkR0X.s 			page 139


 5577      455F4556 
 5577      545F414E 
 5577      4353435F 
 5577      4552524F 
 5578              	.LASF268:
 5579 3745 4359424C 		.ascii	"CYBLE_EVT_BASC_WRITE_DESCR_RESPONSE\000"
 5579      455F4556 
 5579      545F4241 
 5579      53435F57 
 5579      52495445 
 5580              	.LASF351:
 5581 3769 4359424C 		.ascii	"CYBLE_EVT_GLSS_INDICATION_ENABLED\000"
 5581      455F4556 
 5581      545F474C 
 5581      53535F49 
 5581      4E444943 
 5582              	.LASF257:
 5583 378b 4359424C 		.ascii	"CYBLE_EVT_ANSS_CHAR_WRITE\000"
 5583      455F4556 
 5583      545F414E 
 5583      53535F43 
 5583      4841525F 
 5584              	.LASF76:
 5585 37a5 4359424C 		.ascii	"CYBLE_EVT_L2CAP_CBFC_CONN_IND\000"
 5585      455F4556 
 5585      545F4C32 
 5585      4341505F 
 5585      43424643 
 5586              	.LASF64:
 5587 37c3 4359424C 		.ascii	"CYBLE_EVT_GATTS_EXEC_WRITE_REQ\000"
 5587      455F4556 
 5587      545F4741 
 5587      5454535F 
 5587      45584543 
 5588              	.LASF24:
 5589 37e2 4359424C 		.ascii	"CYBLE_EVT_GAPC_SCAN_PROGRESS_RESULT\000"
 5589      455F4556 
 5589      545F4741 
 5589      50435F53 
 5589      43414E5F 
 5590              	.LASF380:
 5591 3806 4359424C 		.ascii	"CYBLE_EVT_HPSC_READ_DESCR_RESPONSE\000"
 5591      455F4556 
 5591      545F4850 
 5591      53435F52 
 5591      4541445F 
 5592              	.LASF331:
 5593 3829 4359424C 		.ascii	"CYBLE_EVT_CTSS_CHAR_WRITE\000"
 5593      455F4556 
 5593      545F4354 
 5593      53535F43 
 5593      4841525F 
 5594              	.LASF486:
 5595 3843 4359424C 		.ascii	"CYBLE_EVT_UDSS_INDICATION_ENABLED\000"
 5595      455F4556 
 5595      545F5544 
 5595      53535F49 
ARM GAS  C:\Users\ARTEM\AppData\Local\Temp\ccxzkR0X.s 			page 140


 5595      4E444943 
 5596              	.LASF378:
 5597 3865 4359424C 		.ascii	"CYBLE_EVT_HPSC_NOTIFICATION\000"
 5597      455F4556 
 5597      545F4850 
 5597      53435F4E 
 5597      4F544946 
 5598              	.LASF163:
 5599 3881 4359424C 		.ascii	"CYBLE_GATT_ERR_CODE_T\000"
 5599      455F4741 
 5599      54545F45 
 5599      52525F43 
 5599      4F44455F 
 5600              	.LASF198:
 5601 3897 63636364 		.ascii	"cccdCount\000"
 5601      436F756E 
 5601      7400
 5602              	.LASF158:
 5603 38a1 4359424C 		.ascii	"CYBLE_GATT_ERR_ANCS_INVALID_PARAMETER\000"
 5603      455F4741 
 5603      54545F45 
 5603      52525F41 
 5603      4E43535F 
 5604              	.LASF98:
 5605 38c7 4359424C 		.ascii	"CYBLE_ERROR_GAP_ROLE\000"
 5605      455F4552 
 5605      524F525F 
 5605      4741505F 
 5605      524F4C45 
 5606              	.LASF393:
 5607 38dc 4359424C 		.ascii	"CYBLE_EVT_HTSS_INDICATION_ENABLED\000"
 5607      455F4556 
 5607      545F4854 
 5607      53535F49 
 5607      4E444943 
 5608              	.LASF431:
 5609 38fe 4359424C 		.ascii	"CYBLE_EVT_OTSS_WRITE_CHAR\000"
 5609      455F4556 
 5609      545F4F54 
 5609      53535F57 
 5609      52495445 
 5610              	.LASF497:
 5611 3918 4359424C 		.ascii	"CYBLE_EVT_UDSC_READ_DESCR_RESPONSE\000"
 5611      455F4556 
 5611      545F5544 
 5611      53435F52 
 5611      4541445F 
 5612              	.LASF239:
 5613 393b 4359424C 		.ascii	"CYBLE_EVT_AIOSS_DESCR_WRITE\000"
 5613      455F4556 
 5613      545F4149 
 5613      4F53535F 
 5613      44455343 
 5614              	.LASF45:
 5615 3957 4359424C 		.ascii	"CYBLE_EVT_GAP_SCAN_REQ_RECVD\000"
 5615      455F4556 
 5615      545F4741 
ARM GAS  C:\Users\ARTEM\AppData\Local\Temp\ccxzkR0X.s 			page 141


 5615      505F5343 
 5615      414E5F52 
 5616              	.LASF266:
 5617 3974 4359424C 		.ascii	"CYBLE_EVT_BASC_READ_CHAR_RESPONSE\000"
 5617      455F4556 
 5617      545F4241 
 5617      53435F52 
 5617      4541445F 
 5618              	.LASF358:
 5619 3996 4359424C 		.ascii	"CYBLE_EVT_GLSC_NOTIFICATION\000"
 5619      455F4556 
 5619      545F474C 
 5619      53435F4E 
 5619      4F544946 
 5620              	.LASF155:
 5621 39b2 4359424C 		.ascii	"CYBLE_GATT_ERR_ANS_COMMAND_NOT_SUPPORTED\000"
 5621      455F4741 
 5621      54545F45 
 5621      52525F41 
 5621      4E535F43 
 5622              	.LASF476:
 5623 39db 4359424C 		.ascii	"CYBLE_EVT_SCPSS_SCAN_INT_WIN_CHAR_WRITE\000"
 5623      455F4556 
 5623      545F5343 
 5623      5053535F 
 5623      5343414E 
 5624              	.LASF532:
 5625 3a03 6379426C 		.ascii	"cyBle_eventHandlerFlag\000"
 5625      655F6576 
 5625      656E7448 
 5625      616E646C 
 5625      6572466C 
 5626              	.LASF219:
 5627 3a1a 4359424C 		.ascii	"CYBLE_EVT_GATTS_INDICATION_DISABLED\000"
 5627      455F4556 
 5627      545F4741 
 5627      5454535F 
 5627      494E4449 
 5628              	.LASF95:
 5629 3a3e 4359424C 		.ascii	"CYBLE_ERROR_NO_CONNECTION\000"
 5629      455F4552 
 5629      524F525F 
 5629      4E4F5F43 
 5629      4F4E4E45 
 5630              	.LASF289:
 5631 3a58 4359424C 		.ascii	"CYBLE_EVT_BMSC_READ_DESCR_RESPONSE\000"
 5631      455F4556 
 5631      545F424D 
 5631      53435F52 
 5631      4541445F 
 5632              	.LASF85:
 5633 3a7b 4359424C 		.ascii	"CYBLE_EVT_LE_PING_AUTH_TIMEOUT\000"
 5633      455F4556 
 5633      545F4C45 
 5633      5F50494E 
 5633      475F4155 
 5634              	.LASF123:
ARM GAS  C:\Users\ARTEM\AppData\Local\Temp\ccxzkR0X.s 			page 142


 5635 3a9a 4359424C 		.ascii	"CYBLE_API_RESULT_T\000"
 5635      455F4150 
 5635      495F5245 
 5635      53554C54 
 5635      5F5400
 5636              	.LASF291:
 5637 3aad 4359424C 		.ascii	"CYBLE_EVT_CGMSS_INDICATION_DISABLED\000"
 5637      455F4556 
 5637      545F4347 
 5637      4D53535F 
 5637      494E4449 
 5638              	.LASF535:
 5639 3ad1 6379426C 		.ascii	"cyBle_attValuesCCCD\000"
 5639      655F6174 
 5639      7456616C 
 5639      75657343 
 5639      43434400 
 5640              	.LASF232:
 5641 3ae5 4359424C 		.ascii	"CYBLE_EVT_GATTC_DISCOVERY_COMPLETE\000"
 5641      455F4556 
 5641      545F4741 
 5641      5454435F 
 5641      44495343 
 5642              	.LASF295:
 5643 3b08 4359424C 		.ascii	"CYBLE_EVT_CGMSS_WRITE_CHAR\000"
 5643      455F4556 
 5643      545F4347 
 5643      4D53535F 
 5643      57524954 
 5644              	.LASF362:
 5645 3b23 4359424C 		.ascii	"CYBLE_EVT_GLSC_WRITE_DESCR_RESPONSE\000"
 5645      455F4556 
 5645      545F474C 
 5645      53435F57 
 5645      52495445 
 5646              	.LASF67:
 5647 3b47 4359424C 		.ascii	"CYBLE_EVT_GATTC_HANDLE_VALUE_IND\000"
 5647      455F4556 
 5647      545F4741 
 5647      5454435F 
 5647      48414E44 
 5648              	.LASF316:
 5649 3b68 4359424C 		.ascii	"CYBLE_EVT_CPSC_SCAN_PROGRESS_RESULT\000"
 5649      455F4556 
 5649      545F4350 
 5649      53435F53 
 5649      43414E5F 
 5650              	.LASF470:
 5651 3b8c 4359424C 		.ascii	"CYBLE_EVT_RSCSC_READ_DESCR_RESPONSE\000"
 5651      455F4556 
 5651      545F5253 
 5651      4353435F 
 5651      52454144 
 5652              	.LASF101:
 5653 3bb0 4359424C 		.ascii	"CYBLE_ERROR_SEC_FAILED\000"
 5653      455F4552 
 5653      524F525F 
ARM GAS  C:\Users\ARTEM\AppData\Local\Temp\ccxzkR0X.s 			page 143


 5653      5345435F 
 5653      4641494C 
 5654              	.LASF22:
 5655 3bc7 4359424C 		.ascii	"CYBLE_EVT_STACK_BUSY_STATUS\000"
 5655      455F4556 
 5655      545F5354 
 5655      41434B5F 
 5655      42555359 
 5656              	.LASF410:
 5657 3be3 4359424C 		.ascii	"CYBLE_EVT_IPSC_ERROR_RESPONSE\000"
 5657      455F4556 
 5657      545F4950 
 5657      53435F45 
 5657      52524F52 
 5658              	.LASF402:
 5659 3c01 4359424C 		.ascii	"CYBLE_EVT_HTSC_WRITE_DESCR_RESPONSE\000"
 5659      455F4556 
 5659      545F4854 
 5659      53435F57 
 5659      52495445 
 5660              	.LASF544:
 5661 3c25 423A5C55 		.ascii	"B:\\UCU Second year\\Term 1\\POC\\Cyberpong\\CyberP"
 5661      43552053 
 5661      65636F6E 
 5661      64207965 
 5661      61725C54 
 5662 3c53 6F6E672E 		.ascii	"ong.cydsn\000"
 5662      63796473 
 5662      6E00
 5663              	.LASF511:
 5664 3c5d 4359424C 		.ascii	"CYBLE_EVT_WPTSC_WRITE_DESCR_RESPONSE\000"
 5664      455F4556 
 5664      545F5750 
 5664      5453435F 
 5664      57524954 
 5665              	.LASF73:
 5666 3c82 4359424C 		.ascii	"CYBLE_EVT_L2CAP_CONN_PARAM_UPDATE_REQ\000"
 5666      455F4556 
 5666      545F4C32 
 5666      4341505F 
 5666      434F4E4E 
 5667              	.LASF294:
 5668 3ca8 4359424C 		.ascii	"CYBLE_EVT_CGMSS_NOTIFICATION_DISABLED\000"
 5668      455F4556 
 5668      545F4347 
 5668      4D53535F 
 5668      4E4F5449 
 5669              	.LASF209:
 5670 3cce 4359424C 		.ascii	"CYBLE_AIOS_VALUE_TRIGGER_SETTINGS\000"
 5670      455F4149 
 5670      4F535F56 
 5670      414C5545 
 5670      5F545249 
 5671              	.LASF529:
 5672 3cf0 67617474 		.ascii	"gattErr\000"
 5672      45727200 
 5673              	.LASF222:
ARM GAS  C:\Users\ARTEM\AppData\Local\Temp\ccxzkR0X.s 			page 144


 5674 3cf8 4359424C 		.ascii	"CYBLE_EVT_GATTC_INCL_DISCOVERY_FAILED\000"
 5674      455F4556 
 5674      545F4741 
 5674      5454435F 
 5674      494E434C 
 5675              	.LASF127:
 5676 3d1e 4359424C 		.ascii	"CYBLE_GATT_ERR_WRITE_NOT_PERMITTED\000"
 5676      455F4741 
 5676      54545F45 
 5676      52525F57 
 5676      52495445 
 5677              	.LASF3:
 5678 3d41 73686F72 		.ascii	"short unsigned int\000"
 5678      7420756E 
 5678      7369676E 
 5678      65642069 
 5678      6E7400
 5679              	.LASF139:
 5680 3d54 4359424C 		.ascii	"CYBLE_GATT_ERR_INSUFFICIENT_ENCRYPTION\000"
 5680      455F4741 
 5680      54545F45 
 5680      52525F49 
 5680      4E535546 
 5681              	.LASF260:
 5682 3d7b 4359424C 		.ascii	"CYBLE_EVT_ANSC_WRITE_CHAR_RESPONSE\000"
 5682      455F4556 
 5682      545F414E 
 5682      53435F57 
 5682      52495445 
 5683              	.LASF425:
 5684 3d9e 4359424C 		.ascii	"CYBLE_EVT_LNSC_READ_DESCR_RESPONSE\000"
 5684      455F4556 
 5684      545F4C4E 
 5684      53435F52 
 5684      4541445F 
 5685              	.LASF522:
 5686 3dc1 4359424C 		.ascii	"CYBLE_STATE_CONNECTED\000"
 5686      455F5354 
 5686      4154455F 
 5686      434F4E4E 
 5686      45435445 
 5687              	.LASF168:
 5688 3dd7 61637475 		.ascii	"actualLen\000"
 5688      616C4C65 
 5688      6E00
 5689              	.LASF194:
 5690 3de1 63636364 		.ascii	"cccdHandle\000"
 5690      48616E64 
 5690      6C6500
 5691              	.LASF249:
 5692 3dec 4359424C 		.ascii	"CYBLE_EVT_ANCSS_WRITE_CHAR\000"
 5692      455F4556 
 5692      545F414E 
 5692      4353535F 
 5692      57524954 
 5693              	.LASF231:
 5694 3e07 4359424C 		.ascii	"CYBLE_EVT_GATTC_DISC_SKIPPED_SERVICE\000"
ARM GAS  C:\Users\ARTEM\AppData\Local\Temp\ccxzkR0X.s 			page 145


 5694      455F4556 
 5694      545F4741 
 5694      5454435F 
 5694      44495343 
 5695              	.LASF357:
 5696 3e2c 4359424C 		.ascii	"CYBLE_EVT_GLSC_INDICATION\000"
 5696      455F4556 
 5696      545F474C 
 5696      53435F49 
 5696      4E444943 
 5697              	.LASF308:
 5698 3e46 4359424C 		.ascii	"CYBLE_EVT_CPSS_BROADCAST_DISABLED\000"
 5698      455F4556 
 5698      545F4350 
 5698      53535F42 
 5698      524F4144 
 5699              	.LASF205:
 5700 3e68 4359424C 		.ascii	"CYBLE_AIOS_CCCD\000"
 5700      455F4149 
 5700      4F535F43 
 5700      43434400 
 5701              	.LASF211:
 5702 3e78 4359424C 		.ascii	"CYBLE_AIOS_VRD\000"
 5702      455F4149 
 5702      4F535F56 
 5702      524400
 5703              	.LASF166:
 5704 3e87 61747449 		.ascii	"attId\000"
 5704      6400
 5705              	.LASF91:
 5706 3e8d 4359424C 		.ascii	"CYBLE_ERROR_INVALID_OPERATION\000"
 5706      455F4552 
 5706      524F525F 
 5706      494E5641 
 5706      4C49445F 
 5707              	.LASF21:
 5708 3eab 4359424C 		.ascii	"CYBLE_EVT_HCI_STATUS\000"
 5708      455F4556 
 5708      545F4843 
 5708      495F5354 
 5708      41545553 
 5709              	.LASF501:
 5710 3ec0 4359424C 		.ascii	"CYBLE_EVT_WPTSS_NOTIFICATION_DISABLED\000"
 5710      455F4556 
 5710      545F5750 
 5710      5453535F 
 5710      4E4F5449 
 5711              	.LASF50:
 5712 3ee6 4359424C 		.ascii	"CYBLE_EVT_GATT_DISCONNECT_IND\000"
 5712      455F4556 
 5712      545F4741 
 5712      54545F44 
 5712      4953434F 
 5713              	.LASF217:
 5714 3f04 4359424C 		.ascii	"CYBLE_KEY_EXCHANGE_INFO_REQUEST_REPLY\000"
 5714      455F4B45 
 5714      595F4558 
ARM GAS  C:\Users\ARTEM\AppData\Local\Temp\ccxzkR0X.s 			page 146


 5714      4348414E 
 5714      47455F49 
 5715              	.LASF83:
 5716 3f2a 4359424C 		.ascii	"CYBLE_EVT_L2CAP_CBFC_DATA_WRITE_IND\000"
 5716      455F4556 
 5716      545F4C32 
 5716      4341505F 
 5716      43424643 
 5717              	.LASF215:
 5718 3f4e 4359424C 		.ascii	"CYBLE_PASSKEY_ENTRY_REQUEST_REPLY\000"
 5718      455F5041 
 5718      53534B45 
 5718      595F454E 
 5718      5452595F 
 5719              	.LASF275:
 5720 3f70 4359424C 		.ascii	"CYBLE_EVT_BCSC_WRITE_DESCR_RESPONSE\000"
 5720      455F4556 
 5720      545F4243 
 5720      53435F57 
 5720      52495445 
 5721              	.LASF213:
 5722 3f94 4359424C 		.ascii	"CYBLE_AIOS_DESCR_COUNT\000"
 5722      455F4149 
 5722      4F535F44 
 5722      45534352 
 5722      5F434F55 
 5723              	.LASF516:
 5724 3fab 4359424C 		.ascii	"CYBLE_EVT_WSSC_READ_CHAR_RESPONSE\000"
 5724      455F4556 
 5724      545F5753 
 5724      53435F52 
 5724      4541445F 
 5725              	.LASF72:
 5726 3fcd 4359424C 		.ascii	"CYBLE_EVT_GATTC_LONG_PROCEDURE_END\000"
 5726      455F4556 
 5726      545F4741 
 5726      5454435F 
 5726      4C4F4E47 
 5727              	.LASF258:
 5728 3ff0 4359424C 		.ascii	"CYBLE_EVT_ANSC_NOTIFICATION\000"
 5728      455F4556 
 5728      545F414E 
 5728      53435F4E 
 5728      4F544946 
 5729              	.LASF32:
 5730 400c 4359424C 		.ascii	"CYBLE_EVT_GAP_DEVICE_DISCONNECTED\000"
 5730      455F4556 
 5730      545F4741 
 5730      505F4445 
 5730      56494345 
 5731              	.LASF365:
 5732 402e 4359424C 		.ascii	"CYBLE_EVT_HIDSS_BOOT_MODE_ENTER\000"
 5732      455F4556 
 5732      545F4849 
 5732      4453535F 
 5732      424F4F54 
 5733              	.LASF68:
ARM GAS  C:\Users\ARTEM\AppData\Local\Temp\ccxzkR0X.s 			page 147


 5734 404e 4359424C 		.ascii	"CYBLE_EVT_GATTS_HANDLE_VALUE_CNF\000"
 5734      455F4556 
 5734      545F4741 
 5734      5454535F 
 5734      48414E44 
 5735              	.LASF406:
 5736 406f 4359424C 		.ascii	"CYBLE_EVT_IPSC_READ_MULTIPLE_CHAR_RESPONSE\000"
 5736      455F4556 
 5736      545F4950 
 5736      53435F52 
 5736      4541445F 
 5737              	.LASF327:
 5738 409a 4359424C 		.ascii	"CYBLE_EVT_CSCSC_READ_DESCR_RESPONSE\000"
 5738      455F4556 
 5738      545F4353 
 5738      4353435F 
 5738      52454144 
 5739              	.LASF10:
 5740 40be 75696E74 		.ascii	"uint16\000"
 5740      313600
 5741              	.LASF251:
 5742 40c5 4359424C 		.ascii	"CYBLE_EVT_ANCSC_WRITE_CHAR_RESPONSE\000"
 5742      455F4556 
 5742      545F414E 
 5742      4353435F 
 5742      57524954 
 5743              	.LASF99:
 5744 40e9 4359424C 		.ascii	"CYBLE_ERROR_TX_POWER_READ\000"
 5744      455F4552 
 5744      524F525F 
 5744      54585F50 
 5744      4F574552 
 5745              	.LASF460:
 5746 4103 4359424C 		.ascii	"CYBLE_EVT_RSCSS_NOTIFICATION_ENABLED\000"
 5746      455F4556 
 5746      545F5253 
 5746      4353535F 
 5746      4E4F5449 
 5747              	.LASF256:
 5748 4128 4359424C 		.ascii	"CYBLE_EVT_ANSS_NOTIFICATION_DISABLED\000"
 5748      455F4556 
 5748      545F414E 
 5748      53535F4E 
 5748      4F544946 
 5749              	.LASF398:
 5750 414d 4359424C 		.ascii	"CYBLE_EVT_HTSC_INDICATION\000"
 5750      455F4556 
 5750      545F4854 
 5750      53435F49 
 5750      4E444943 
 5751              	.LASF363:
 5752 4167 4359424C 		.ascii	"CYBLE_EVT_HIDSS_NOTIFICATION_ENABLED\000"
 5752      455F4556 
 5752      545F4849 
 5752      4453535F 
 5752      4E4F5449 
 5753              	.LASF395:
ARM GAS  C:\Users\ARTEM\AppData\Local\Temp\ccxzkR0X.s 			page 148


 5754 418c 4359424C 		.ascii	"CYBLE_EVT_HTSS_INDICATION_CONFIRMED\000"
 5754      455F4556 
 5754      545F4854 
 5754      53535F49 
 5754      4E444943 
 5755              	.LASF234:
 5756 41b0 4359424C 		.ascii	"CYBLE_EVT_AIOSS_NOTIFICATION_DISABLED\000"
 5756      455F4556 
 5756      545F4149 
 5756      4F53535F 
 5756      4E4F5449 
 5757              	.LASF504:
 5758 41d6 4359424C 		.ascii	"CYBLE_EVT_WPTSS_INDICATION_CONFIRMED\000"
 5758      455F4556 
 5758      545F5750 
 5758      5453535F 
 5758      494E4449 
 5759              	.LASF385:
 5760 41fb 4359424C 		.ascii	"CYBLE_EVT_HRSS_NOTIFICATION_DISABLED\000"
 5760      455F4556 
 5760      545F4852 
 5760      53535F4E 
 5760      4F544946 
 5761              		.ident	"GCC: (GNU Tools for ARM Embedded Processors) 5.4.1 20160609 (release) [ARM/embedded-5-bran
