:4000000000800020110000006D0E00006D0E000010B500F04BFFC04670B512222F4B1A6001F0BCF82E4802F02BF8012001F0D6F8302000F0CDFF2B4A2B4B1A602B4C80252A
:40004000ED0525602A4A116802230B431360294A294B1A600022294B1A60294A136808218B431360FA20C00001F064F8254800F0A5FF8022D200244B1A60244B2449196093
:4000800024490A60244A1A60E8214901234A1160234A1A6088218901224A1160224A1A6082221206214B1A608022D202204B1A604022204B1A6001321F4B1A6001321F4B7B
:4000C0001A6001321E4B1A601E49082000F04CFF082000F03DFF256070BDC04630001040001BB7000600008004010B400C020B4078002E402D3E00007C002E4064F02E401C
:400100006CF02E40DC050000000301400000014040FF00800403014041FF00800803014042FF00800C03014043FF008008010B4000010B40200101401C01014018010140EF
:4001400004010140F512000010B572B600223D4B1A6001323C4B1A7000240FE03B486200131959000B00411889881A5AC31858880004104300F040FE0134E4B2012CEDD979
:4001800032490C3132481C3000F01CFE314A324B1A60324A324B1A60324B334A1360334A136099231B04324A1360D4218903314A1160314A13608A21C905304A1160304A72
:4001C0001360D82149032F4A11602F4A1360B42292032E4B1A600E232D4A13602D4A13602D490B783C22934314221343DBB20B702A4A117816230B43DBB213700C22284B18
:400200001A60284A284B1A600822284B1A605832274B1A60274A284B1A602022274B1A60013A274B1A60274A274B1A600F22274B1A60274A274B1A60FFF7EEFE00F0F2FD0D
:4002400010BDC0466CF02E401C700F408063010000660100006300EE00000240000099030001024033330000000202400003024000500F4008500F4010500F4018500F40AE
:4002800020500F4028500F4030500F4038500F402000104000800F4001700F4000700F4000000440B601D80008000440180004400001044000101B000801044018010440BF
:4002C00000020440B62D03000802044000030440B66D00000803044010B5064C2378002B07D1054B002B02D0044800E000BF0123237010BD5016002000000000346301003C
:40030000084B10B5002B03D00749084800E000BF07480368002B00D110BD064B002BFBD09847F9E7000000005416002034630100400E00200000000010B562B601F0B2F8D7
:400340001B4801F0C5F900F03FFA1A4801F01CFA194800F065FA0022184B1A700132184B1A7001F0C7FD022001F088FD154B1C6E200001F055FD200001F03CFD22000021D3
:40038000002001F055FD002000F082F8012001F075FC012001F07EFC02F0CAFD00F018F800F050F800F0F6F900F018FAF4E7C046150800009D060000B106000020280020AF
:4003C00021280020086D010010B501F017F910BD70B5174B1B68174A934203DC0133144A136024E0124B00221A605A6801325A60012414E0A200104BD0580D4B596802F072
:4004000001F8FA21890001F0FDFF02000B4D0C49280002F02FF92800FFF7D6FF0134042CE8DD0A2001F05CF80D2001F059F870BD6C160020A7610000482800204428002053
:400440003863010010B501F0C3F8C0B2612805D10B4A117801234B4013700FE0732803D10122084B1A7009E0642807D1064A0023136053609360D360044A536010BDC04650
:400480002028002022280020482800206C16002010B50400054B1B78834205D0002801D100F092F9014B1C7010BDC04621280020F0B557464E46C0B485B081468A4600242F
:4004C0000EE0B4235B003F4AD2580021200001F0AFFC012001F058FC322000F057FD0134062CEEDD0021002001F0B4FC02908708354B1F407E08354A16400196B5081D4030
:4005000003950026012528001730182101F076FF08002C4B1A6E002101F08AFCE81C182101F06CFF0800029A002101F081FC1821280001F063FF0800039C2200002101F0CF
:4005400077FCA81D182101F059FF08002200002101F06EFC681C182101F050FF0C00019A0021200001F064FC681D182101F046FF0800019A002101F05BFCA81C182101F0F7
:400580003DFF08003A00002101F052FC281D182101F034FF08003A00002101F049FC012001F0F2FB0A2000F0F1FC544501D1731CDEB225004E45A6D105B00CBC91469A462F
:4005C000F0BDC046086D01003F3F3F007F7F7F0010B504000368002B0BD12D4BD9780220FFF766FF002001F015F8002001F096F805E0012001F00EF8012001F08FF86368F9
:40060000002B0BD1224B59780220FFF751FF002001F018F8002001F08DF805E0012001F011F8012001F086F8A368002B0BD1184B19780220FFF73CFF002001F00FF8002035
:4006400001F060F805E0012001F008F8012001F059F8012000F0EAFF012001F047F800F0FDFEE368FA22D200934204D1AF20800000F0A2FE0AE0074A934203D1064800F0BD
:400680009BFE03E0FA20800000F096FE10BDC046440E0020881300005203000010B5012801D0282802D1002001F0C8F810BDC04630B5A3B00C008C235B0098425ED110225C
:4006C000002105A801F0CEFF2D4B05936368186801F0FEF8059063681868023001F0F8F8069063681868043001F0F2F8079063681868063001F0ECF80890069B02930190FD
:40070000079B03930093029B059A1E4909A801F0B1FF09A800F072FF05A8FFF759FF1A4800F034FC0B2502AB9C46654400232B7063681868083001F0CBF8431E9841134B75
:4007400018702B0002220421012000F005FB636818680A3001F0BCF8431E9841C0B2FFF797FE636818680C3001F0B2F80200084909A801F07FFF09A800F040FF23B030BDD6
:400780008813000040630100DC050000222800206063010010B5094B1B78002B0CD00022064B1A70064B1B78002B05D00132054B1A70012001F062FA10BDC046222800209F
:4007C000212800202328002010B5002001F056FA0022014B1A7010BD2328002010B50B4B1B78002B10D00A4803685A1CD317590F521807231A40531A03600120052B00DCA6
:400800000020C0B201F03AFA10BDC046232800206C16002010B5FFF7D7FF00F02BFF10BD014B18607047C04674160020F0B585B00500204B1B68002B39D01E4B9B88002BC6
:400840002FD134E09B001C4AD3185A682301D25A184B9B889A4216D101AF02222900380001F0F7FEBE70FC7000227A6013490B78012083430B700F4B9A801B6839001820C3
:40088000FF30984701210134E4B200E0002433000B4A925D944201D20029D3D00136F6B201E000210026022E01D80029EED005B0F0BDC04674160020706301007F280020A9
:4008C000480E0020F0B55F4656464D464446F0B491B0002304E0002106AAD1540133DBB2132BF8D9002304E000210BAAD1540133DBB2062BF8D9754B9B88002B00D0C2E088
:400900000020DBE0AB00724AD3185A68002A12D02301D3181A88002A0FD09B88002B0ED00DA80381072383800BAB0D930022002111F006F904E0012002E0012000E00120CE
:4009400000280CD10BAA93791B02527913439E4205D99A4503D2A2B293461E0000930134E4B201E05B4E0024584B5B5D9C4201D20028C7D04346002B50D15B461C01E389E0
:400980000DA803810123838004AB07330D930022002111F0D5F800285BD123880DA8038104AB07331B789B08013383804C464B46013306AA944663440D930022002111F043
:4009C000BFF8002814D044E0039BCE18751C06AB5A5D0198824092469A5D544614439C550826361A5A5D32415A550131C9B202E000210290039404ABDD79AB080133994290
:400A0000E2D30298019B5B08EB189A084A44D2B29146032213405B0001931AE04346012B17D1AD002A4B5D196A685B461B01D35A0DA803810223838006AB4B440D93002225
:400A4000002111F07DF8002803D14B460233DBB299460137FFB2009B9A4604E000239B469A46B8461F004546184B5B5D9F4202D2002800D176E747464B460133DBB29946F9
:400A80007B1CDFB206E000239946124A0092002700200193012F01D80028DFD000280DD10A4B9B880DA803814B46013B838006AB0D9300230022002111F073F811B03CBC1A
:400AC00090469946A246AB46F0BDC046480E002070630100FFFF000010B5FFF7F3FE10BDF0B55F4656464D464446F0B487B082468689924B1B68002B00D0FDE000240027BC
:400B000007E1C8464B469B008D4AD3185B68002B00D0E5E0EBE043469B00894AD31859682B01C9180B889E4204D1072203AB1A71012412E0072203AB1A71002309E05A004A
:400B40008A185288964202D103AA137102240133DBB2062B01D8022CF1D1002F6FD1022C6DD103AB1B79022B42D002D8002B05D065E0042B50D0052B54D060E00B88013B0F
:400B80009A00D3189A006F4B9A185368DA0216D55346586800F09CFEC30703D51423FF339B4602E08A235B009B46674B1B78012B45D1664A117802230B4313703FE09B021C
:400BC00036D55346586800F083FE830703D51623FF339B4602E08B235B009B465A4B1B78012B2CD1594A117802230B43137026E0CB88013B9900C9188A0052498A18918933
:400C000052461289914215D39900CB1899004D4B59180B691A8012E053465B681B78062B0AD80CE053465B681B78022B06D806E0062704E00D2702E0802700E08027002F56
:400C40004BD1631EDBB2012B47D8534698894222514610F0F3F8071E39D1012C14D153461B886A4613806B464A469A70DD7000236A461372534604330193304B1B6869469E
:400C80008C204000984712E0022C10D103A953461B880B804B468B70CD7000234B71534604338B60254B1B681A20FF3098475346181D40235246002110F073FF07005B4653
:400CC000002B04D01D4B1B6803A958469847204A137801218B43137009E00135EDB200E000251C4B42469B5C9D4200D213E74B460133DBB2994604E000239B4600240027C1
:400D000099464B46022B04D8002C02D1002F00D1F7E6002F05D00E4A137801218B43137004E0012C02D1FFF7CDFD0700380007B03CBC90469946A246AB46F0BD741600208D
:400D4000706301008866010060280020582800207F280020480E002010B584B002281CD8164C245C8C421AD98000154C20184068002816D00901415A002914D001A80181C5
:400D80008280019300230022002110F00AFF002801D0012408E0002406E0012404E0012402E0132400E01324002C04D1FFF78AFD002800D01334200004B010BD480E0020EC
:400DC00070630100F0B50025002711E0BB00C658F3B2FF22964308E06A008A181478A419527822700135013BDBB2002BF4D10137092FEBD9F0BDC04610B50A00002101F075
:400E000031FC10BD064B1B68002803D080221206134301E05B005B08014A13607047C04680033A4010B503230A4A13600A4A13600A4A136080221206094B1A608022D20284
:400E4000084B1A600022084B1A600120FFF7DAFF10BDC04608210240300030403000314000003A4000033A40000E3F4010B501F0B5FB03680C2B00D1FEE7FEE710B5030058
:400E8000084A1068C318084A9A1A802A02DC054A136005E001F0A2FB0C2303600120404210BDC046BC0E00200029002070B50F4E0F4D13E029686B68AC68002202E001C978
:400EC00001C30432A242FAD1E868002202E0002102C304328242FAD11035013E002EE9D101F082FBFFF728FAFEE7C046010000002471010010B50E4A136801218B431360DB
:400F000000230AE0032B03D89A000A49505800E009489900094A885001332F2BF2D9FFF713F9034A116801230B43136010BDC04600001040000000006D0E0000000000204D
:400F4000024B1B68012018407047C0460C002E401F2318401E3B8340014A13607047C04600E100E001BE704770B504000D001F2802D90020FFF7F6FF1034A40080239B05FB
:400F80009C4664442068256070BDC04610B5040006E0084B586801F073F8074B9C46644480231B029C42F4D8024B9868604301F067F810BDC00E00200080FFFF10B5034B77
:400FC0001B7B584301F05CF810BDC046C00E0020F0B557464E46C0B483B0040001F059F80190E71E2D2F74D83F4B1B78DBB29C4208D83E4B1B78DBB29A463D4B1B78DBB220
:40100000994631E03B4B1B78DBB29C4208D83A4B1B78DBB29A46394B1B78DBB2994623E0374B1B78DBB29C4208D8364B1B78DBB29A46354B1B78DBB2994615E0334B1B78EB
:40104000DBB29C4208D8324B1B78DBB29A46314B1B78DBB2994607E02F4B1B78DBB29A462E4B1B78DBB299462D4BDE5D2F2E09D92A2C07D919222B4B1A60052001F000F8F3
:40108000192503E0274B1D683F231D40B54206D9234BDA5D234B1A60052000F0F1FF1F4B9C4664442378DBB21F4A13601F4B52461A601F4B4A461A600520FFF77FFFB54279
:4010C0000AD2174BDA5D174B1A60052000F0D8FF02E00020FFF746FF019800F0DEFF03B00CBC91469A46F0BD40F3FF0F41F3FF0F42F3FF0F43F3FF0F44F3FF0F45F3FF0F9C
:4011000046F3FF0F47F3FF0F48F3FF0F49F3FF0F4AF3FF0F4BF3FF0F4CF3FF0F4DF3FF0F446601002CFF0B4028FF0B401CFF0B4020FF0B4010B504000F4A116801230B43EB
:4011400013600E4A0E4B1A600E4A1368802109020B431360002809D100200CE00120FFF72DFFFFF7EDFE002804D1013C002CF5D1102000E0002010BD60F02E400220000056
:4011800078002E4010002E40034B1868C0231B02184000D00120704700010B4010B50D4B1A6801218A431A601A68022082431A60094A10683024A043203C2043106010681D
:4011C000093CA043014311601A68802109060A431A6010BD00F02E4000FF2E4070B51D4B1B6801241C40002802D0012816D02BE0184B196801229143196019680220814321
:401200001960154B19682E3081432038014319601968093881430A431A6018E00D4B1A6802218A431A600C4A10680725A843014311601168302081431038014311601968EF
:4012400001220A431A6002E00020FFF78BFE200070BDC04600F02E4000FF2E4010B500F018FF044A1368C02109020B43136000F014FF10BD00010B4010B500F00AFF084978
:401280000A68084B1A408024E40122430A600A6813408022120213430B6000F0FEFE10BD00010B40FF3FFFFF70B5050000F0F1FE0400FFF769FF002803D0FFF7DDFF0121E0
:4012C00000E0002108482840084A1568084B2B40184310601368012901D1FFF7BFFF200000F0DBFE70BDC0460404040010020B40FBFBFBFF10B5244B1B685B0715D5234BCC
:401300005B685B070ED5224B596A042001401F4C62688A4362605A6A82435A629B69002B00D098470420FFF7BFFF174B1B685B0518D5164B5B685B0510D5154B596A8022F1
:40134000D2001140114842688A434260596A114A0A405A62DB69002B00D098478020C000FFF7A2FF084B1B685B030CD5074B5B685B0304D5064B1B6A002B00D098478020EE
:40138000C002FFF791FF10BD10020B40D40E00207C160020FFFBFFFF0004000C014B18607047C046480120400004000C014B18607047C046540120400004000C014B1860BB
:4013C0007047C0464C01204070B504000D0000F060FEAC40024B1C6000F05FFE70BDC0460800204010B500F054FE064A116802230B43136000F051FE18210220FFF7E4FF39
:4014000010BDC04600002040014B18607047C0467801204010B50E4C8023DB042360236823600020FFF7B8FF236823600C22094B1A600120FFF7E8FF3122074B1A60FA20DF
:401440008000FFF7B1FFFA204000FFF7B5FF10BD40012040640120406801204010B5064B1B78002B04D1FFF7D5FF0122024B1A70FFF7B8FF10BDC046A416002010B500F0CA
:4014800091F810BD10B500F039F810BD10B5044A1368802109060B431360FFF7EFFF10BD0000244010B5064B1B78002B04D1FFF7E9FF0122024B1A70FFF7E8FF10BDC046DE
:4014C000A6160020014B18687047C04640032440024B1B681F2018407047C04608032440044B1B681F221340082BF9D0024B18607047C0460802244040022440154A164B95
:401500001A600023154A13601549164A1160164A16490A6007201649086016490B6006381549086015490A60154A13600421154A1160154A1360154A1360154A1360154AC4
:401540001360154A1360154A13601268144B1A807047C0460B000002000024404000244001000A00480024400700008000032440040324401003244044002440000224407A
:401580000402244050002440880E2440C80E2440480F2440080F2440C80F2440880F2440A8160020064A1168064B0B40902109040B431360044B1A88044B1A607047C04634
:4015C00000010240FFFF0FFFA8160020880F244010B5FFF77DFF002802D0FFF773FF00E00020054B1A68D8239B001A4203D01A00014B1A60002010BDC00F244070B5050069
:40160000002402E0FFF76CFF0134285D0028F9D170BDC046044A1368DBB201218B430840184310607047C0460002044004490A68D2B208239A43C000184010430860704733
:401640000002044004490A68D2B202239A43400018401043086070470002044004490A68D2B204239A438000184010430860704700020440034A10681023184010600009EF
:40168000C0B2704710020440014B58647047C0460000002010B5040000F0FBFC044A1168044B0B40A4031C43146000F0F6FC10BD00E400E0FF3FFFFF0222014B1A607047EB
:4016C00000E100E00222014B1A60704780E100E010B50400FFF7F6FF2000FFF7D5FF0320FFF7D8FFFFF7E8FF10BDC04604490A68D2B208239A43C000184010430860704734
:401700000003044004490A68D2B204239A438000184010430860704700030440044A1368DBB201218B430840184310607047C0460003044004490A68D2B202239A434000A8
:4017400018401043086070470003044010B5FFF7C3F910BD10B50024064B1C70064B1C70064B1C70FFF7F2FF054B1C70054B1C7010BDC0467F280020782800207E280020D5
:40178000582800206028002010B590B00400142221490BA800F05DFF204B1B78002B04D1FFF7D8FF01221D4B1A70002C30D01C4B1C6008AC05AA099206AB0893022121813B
:4017C000193119805980173919710823137001F0A5FB16216944200001F086FC002818D1104B0293104B0193052300930BABD82212010E490E4801F0CDFB002809D10122A4
:401800000C4B1A70113252210B4810F081F900E0012010B010BDC04674660100AA1600205C28002079020000007F0100C0000020CD190000762800208866010010B50228F4
:4018400033D81E4B1B78042B31D11D4B1B785B0730D400280BD11B4B1A004032002111822022596C0A805B6C10325A800EE001280CD1144B1A00403296211182C822D200CC
:40188000596C0A805B6C8022D2015A800E4B18700C4840300DF06AFD00280DD1084A117804230B43DBB2137006E0012004E00420FF3001E00420FF3010BDC0467628002051
:4018C0007F280020DC0E00207E2800207047C04603784078000218437047C04670B5050083890F2B1FD1043031332A00002110F058F9041E11D16868FFF7EAFF830706D59B
:401900000A4B1B68290082204000984705E0074B1B6829000620FF309847054A137801218B43137000E00024200070BD5C2800207F280020024B00225A701A707047C04645
:401940007C28002010B582B00400FFF7C7FF0F4B1B78DB0704D5002802D12000FFF7C0F80A4B1B78DB070ED4002809D001A912238B70A3890B80C87020680EF04BFE02E054
:4019800020680EF0BFFE02B010BDC0467F28002010B5002805D0034B1B78DB0701D5FEF745FF10BD7F2800208379002B07D000200BE0C25C002A07D10133DBB200E0002383
:4019C000052BF6D9002000E001207047F0B583B004000D00994A117801230B43DBB21370282800D1B5E014D8212800D184E007D8052869D006286BD0012800D00CE124E081
:401A0000262800D1A9E000D99FE0242800D194E002E1432800D1E2E008D8412800D1C4E000D9D9E0312800D18BE0F5E04E2800D1E1E003D84C2800D1D9E0EDE0542800D17F
:401A4000E1E0FA2800D1E2E0E6E001AE0727377000237370300003F099FA377001237370300003F093FA01F055FA754B1E683000FFF79AFF00280CD0300001F05DFA704E0D
:401A800000213068FFF722FF30680121FFF71EFF0BE06C4E300001F04FFA00213000FFF715FF01213000FFF711FF00200DF002FB0222654901A800F0CCFD01A80DF018FBC0
:401AC0000422624B1A70A7E02A78614B1A70A3E02B78002B00D09FE06B78002B06D15D4B0022DA809A805C4A1A606B60534A137801218B4313708FE0504B1B789B0600D5CE
:401B00008AE0564B1B78102B02D10522534BDA70534B187851490DF0EBFB01AB1880002804D0504B1B6801A936209847434A117801230B43DBB213706EE06A784A4B1A701B
:401B40006AE00222414B1A7066E002223F4B1A7062E004223D4B1A705EE03C4B1B78022B5AD0364A1278D20756D5344A1278520708D50322354B1A70304A137804218B43C7
:401B8000137049E02D4A1278120708D504222F4B1A702A4A137808218B4313703CE0032B3AD10422294B1A7036E02D4E02222900300000F04EFD0022254B1A703378DA007C
:401BC000D21853002949C918294B9C4661441222284800F03EFD1FE0FFF7ACFE1CE06988162900D9172128880EF01EFD14E02800FFF7A8FE10E0114B1B78DB070CD5280064
:401C0000FEF76EFF08E02800FFF7C2FE04E01A4A117801230B431370084B1A7811231A4209D0064A137801218B4313700D4B1B6829002000984703B0F0BDC0467F280020EA
:401C4000300F0020340F0020F86C01007628002078280020AC160020400E0020901200207C2800205C28002060280020007F010079020000642800205828002004490A6897
:401C8000D2B210239A43000118401043086070470003044004490A68D2B220239A434001184010430860704700020440114B1B68172B1BD80F494A68581C086050008218E6
:401CC000D200D3189B000C4A9B580C4A1268D3400B4A12681340D8B20A4A1070180AC0B210701B0C8B60DBB2137002E01122064B1A707047B416002080280020E428002025
:401D0000E028002042000F4072000F402122164B1A70164A536801335360002B1FD1DBB2134A1370114A53685900CB185B0111495B5811490968CB40104909680B40D8B241
:401D40000F490870180AC0B208701B0CD360DBB20B70012313600922034B1A7002E00122084B1A607047C04672000F40B416002071000F4080280020E4280020E028002075
:401D800042000F40E8280020002804D00023114A5360114A13700F4843685A00D3185A010E4BD3580E4A1268D3400E4A12681340D9B20D4A1170190AC9B211701B0CDBB2F1
:401DC0001370012303601922084B1A700022084B1A607047B416002071000F4080280020E4280020E028002042000F4072000F40E828002010B500240CE062001219D3009E
:401E00005B189B00054A9850013100E000211729F3D90134002CF9D010BDC0468028002010B5FFF7E7FF0120FFF7AEFF10BDC04600280CDB00290ADB172808DC002906DCD6
:401E40004B005918CB0018188000014BC25070478028002000280CDB00290ADB172808DC002906DC4B005918CB0018188000024BC35818007047C0468028002002280FD0BE
:401E800002D8012805D020E0032810D0042815D01BE0114A114B1A600122114B1A601AE0104A0E4B1A6002220D4B1A6013E00E4A0A4B1A6003220A4B1A600CE00B4A074B4B
:401EC0001A600422064B1A6005E0094A034B1A600022034B1A6070477F7F7F00E0280020E42800203F3F3F001F1F1F000F0F0F00FFFFFF0010B50322144B1A703832144B25
:401F00001A700B3A134B1A70143A134B1A70134C012323700020FFF76DFF00232370002000F026F80020FFF7A9FF0D4B1B7D002B08D101220A4B1A750A4800F063F80A4890
:401F400000F090F80122094B1A6010BD91000F4041000F4021000F4031000F4072000F40B41600200D1D0000AD1C0000E828002000280CD10C4A0D4B1A6005220C4B1A60D8
:401F800002320C4B1A6019320B4B1A600BE0064A064B1A600522064B1A600232054B1A601932054B1A607047E86E0100F4280020EC280020F8280020F0280020014B9864B8
:401FC0007047C0460000002010B5040000F061F8044A1168044B0B40A4051C43146000F05CF810BD00E400E0FFFF3FFF0422014B1A60704700E100E00422014B1A607047FD
:4020000080E100E010B50400FFF7F6FF2000FFF7D5FF0320FFF7D8FFFFF7E8FF10BDC046014BD8647047C0460000002010B5040000F02FF8044A13689B009B08A4071C43CB
:40204000146000F02AF810BD00E400E00822014B1A60704700E100E00822014B1A60704780E100E010B50400FFF7F6FF2000FFF7D7FF0320FFF7DAFFFFF7E8FF10BDC046B7
:402080000230800803D00138FDD1C046C046C0467047EFF3108072B6704780F31088704710B5FFF7F6FF044A136804218B43136030BFFFF7F2FF10BD10ED00E00160704739
:4020C00001607047324B1A781202324B1B781A43314B1B781B02314909780B4330498B4201D1072A06D0D42109018B4206D1042A04D102E02B4B042200E02A4B2A490B604D
:402100002A4B1A602A4B1B781B022A4A1278134380229201934202D0002B02D002E0264B00E0254B254A1360254B1B781B02254A12781343244A934205D0244A934204D03B
:40214000052B05D103E0224B02E0214B00E0204B204A1360204B1B681B09204A1268AA2A15D1012B13D9164B1B780E2B0FD11C4B1B781B021B4A127813431B4A13601B4B24
:402180001B781B021A4A127813431A4A1360704759F1FF0F58F1FF0F5FF1FF0F5EF1FF0F580B0000580D00006C002E4074002E405BF1FF0F5AF1FF0F0220000078002E40F4
:4021C0005DF1FF0F5CF1FF0F0F0F000005050000050F000080002E40EC0F00F0E00F00F06DF2FF0F6CF2FF0F84002E406FF2FF0F6EF2FF0F94002E4010B5FEF7DFFE10BD26
:4022000010B5FEF7C3FE10BD10B500F04FF810BD10B500F053F810BD10B500F04FF8034800F02EF8032000F031F810BDE922000010B5024800F04AF810BDC046E922000030
:4022400000487047020200002B2070472B2070472B2070472B2070472B2070472B2070472B2070472B2070472B2070472B2070472B2070477047C0460120704701207047D8
:40228000014B18677047C0460000002010B50400FFF7FFFE044A1368C0218B43A4011C431460FFF7FAFE10BD0CE400E080225201014B1A607047C04600E100E08022520111
:4022C000014B1A607047C04680E100E010B50400FFF7F4FF2000FFF7D3FF0320FFF7D6FFFFF7E4FF10BDC04610B514F00FF810BD002243088B4274D303098B425FD3030AB0
:402300008B4244D3030B8B4228D3030C8B420DD3FF22090212BA030C8B4202D31212090265D0030B8B4219D300E0090AC30B8B4201D3CB03C01A5241830B8B4201D38B03F9
:40234000C01A5241430B8B4201D34B03C01A5241030B8B4201D30B03C01A5241C30A8B4201D3CB02C01A5241830A8B4201D38B02C01A5241430A8B4201D34B02C01A5241A4
:40238000030A8B4201D30B02C01A5241CDD2C3098B4201D3CB01C01A524183098B4201D38B01C01A524143098B4201D34B01C01A524103098B4201D30B01C01A5241C308F3
:4023C0008B4201D3CB00C01A524183088B4201D38B00C01A524143088B4201D34B00C01A5241411A00D20146524110467047FFE701B5002000F0F0F802BDC0460029F7D0DF
:4024000076E7704703460B437FD4002243088B4274D303098B425FD3030A8B4244D3030B8B4228D3030C8B420DD3FF22090212BA030C8B4202D31212090265D0030B8B42A7
:4024400019D300E0090AC30B8B4201D3CB03C01A5241830B8B4201D38B03C01A5241430B8B4201D34B03C01A5241030B8B4201D30B03C01A5241C30A8B4201D3CB02C01AC0
:402480005241830A8B4201D38B02C01A5241430A8B4201D34B02C01A5241030A8B4201D30B02C01A5241CDD2C3098B4201D3CB01C01A524183098B4201D38B01C01A524126
:4024C00043098B4201D34B01C01A524103098B4201D30B01C01A5241C3088B4201D3CB00C01A524183088B4201D38B00C01A524143088B4201D34B00C01A5241411A00D277
:4025000001465241104670475DE0CA0F00D04942031000D34042534000229C4603098B422DD3030A8B4212D3FC22890112BA030A8B420CD3890192118B4208D3890192117D
:402540008B4204D389013AD0921100E08909C3098B4201D3CB01C01A524183098B4201D38B01C01A524143098B4201D34B01C01A524103098B4201D30B01C01A5241C308AB
:402580008B4201D3CB00C01A524183088B4201D38B00C01A5241D9D243088B4201D34B00C01A5241411A00D20146634652415B10104601D34042002B00D54942704763461D
:4025C0005B1000D3404201B5002000F005F802BD0029F8D016E770477047C046014B18687047C0464C1600200E4B70B500251E000D4CE41AA410A54204D0AB00F3589847D0
:402600000135F8E714F07CFD084B00251E00084CE41AA410A54204D0AB00F35898470135F8E770BD0C7101000C7101000C7101001471010030B50024A24208D0035D651CF4
:402640000C5DA34201D0181B02E02C00F4E7002030BD002310B59A4203D0CC5CC4540133F9E710BD03008218934202D019700133FAE770470EB410B59DB002A90290086147
:402680000B48822488604861012040421FABC881084804CBA400006801938C8100F06EF80023029A13701DB010BC08BC03B01847FFFFFF7F4C160020F0B58E6885B0070032
:4026C0000C00039201939E4243D890238A89DB001A423ED003250969236801985B1A029363695D43EB0F5D19029B6D1001331B18AB4200D91D00530510D52900380000F009
:4027000037FB061E14D0029A2169FFF7A2FFA289194B134080221343A38112E02A00380000F086FB061E0CD12169380000F0D4FA0C23402201203B60A38940421343A381E9
:4027400017E0029B2661F61826606561019EED1AA560019BB34200D21E0032000399206800F0A5FA0020A3689B1BA36023689E19266005B0F0BDC0467FFBFFFFF0B59FB053
:40278000029005938B890F0016001B0610D50B69002B0DD1402100F0EBFA38603861002804D10C23029A01381360D8E040237B61002306AD6B6120336B761033AB763400F3
:4027C0002378002B03D1A31B049312D003E0252BF9D00134F4E7A31B320039000298FFF76BFF431C00D1B4E06A69049B944663446B612378002B00D1ABE00122002352425A
:402800006A6002A95432521801342B60EB60AB601370AB65534E21780522300000F03CFA002807D00123801B83402A68013413432B60EFE72B68DA0604D55322202102A828
:40284000121811701A0704D553222B2102A81218117022782A2A03D0099B00200A210EE0059A111D12680591002A01DB099204E05242EA60022213432B6001340BE0227800
:40288000303A092A04D84B4301349B180120F6E7002800D0099323782E2B1ED163782A2B0AD1059B02341A1D1B680592002B01DA01235B42079310E000230A201A00013495
:4028C0006B6021783039092904D84243013452180123F6E7002B00D00792234E21780322300000F0D9F9002806D04023801B83402A68013413432B60217806221B48661C16
:40290000297600F0C9F9002812D0194B002B06D10722059B073393430833059314E005AB00933A00134B2900029800E000BF07E005AB00933A000F4B2900029800F08AF806
:402940000390039B013304D06B69039A9B186B6135E7BB890B985B0601D5012040421FB0F0BDC046CA700100D0700100D470010000000000B9260000F7B5170001938A68E6
:402980000B6900900C00934200DA130022003B6043321278002A01D001333B6023689B0602D53B6802333B60062523681D401ED0230043331B785A1E9341226892061CD5BD
:4029C0003020E1184331087021005A1C45310978A2184332023311700FE022000123193201990098089EB047431C0ED00135E3683A689B1A9D42F0DBDAE72200019943322F
:402A00000098089DA847431C02D10120404220E006232068E1683A6803400025042B03D18D1AEB43DB171D40A3682269934201DD9B1AED180027BD420AD0220001231A32D5
:402A400001990098089EB047431CDED00137F2E70020FEBDF0B58BB006920A0043320793059004920A7E0C00109B6E2A00D1ABE011D8632A22D009D8002A00D1B5E0582A44
:402A800000D0C5E045310A70814A4FE0642A1DD0692A1BD0BCE0732A00D1AAE009D86F2A29D0702A00D0B3E0202209680A43226037E0752A1FD0782A33D0A9E00E001A68D5
:402AC0004236111D196013683370A4E021681A68080606D4490604D5111D19600023D55E02E0111D19601568002D3BDA2D23049A6D42137036E021681A68080606D449063D
:402B000004D51568111D1960ADB202E0111D196015685F4B227E039308276F2A1DD00A271BE022007821453211705A4A19680392081D226818600D68100602D4500600D552
:402B4000ADB2D30702D520231A4322601027002D03D1202322689A4322602300002243331A7002E00A274A4B03936368A360002B09DB0422216891432160002D05D1049EB6
:402B8000002B11D07BE0002D79D0049E28003900FFF734FC039B013E5B5C280033703900FFF7A6FB051EF1D1082F09D12368DB0706D563682269934202DC3023013E337064
:402BC000049B9B1B23612BE009681A68080607D4490605D5111D19601368A28A1A8004E0111D1960136862691A600023049E236116E01A68111D19601668002162683000B8
:402C000000F04AF8002801D0801B6060636803E0260042363270012323610023049A1370079B09AA00932100069B0598FFF7A4FE431C02D10120404227E02369320006991C
:402C40000598079DA847431CF4D0236800259B070FD4099BE068984217DA180015E022000123193206990598079EB047431CE1D00135E368099A9B1A9D42F0DBE9E7260016
:402C8000039B42361B7833708EE70BB0F0BDC046DB700100EC700100C9B28218904204D003788B4202D00130F8E70020704710B5884202D98B18984201D3002305E09B1A08
:402CC000013A08D3995C8154FAE7934203D0CC5CC4540133F9E710BD70B50500002944D00C1F2368002B00DAE418280000F0D8F81E4A13681100002B02D16360146031E00A
:402D0000A3420DD92268A018834203D118685B688218226063600C6024E0A24203D813005A68002AF9D11E689819A0420BD12168711858181960824214D1106852684118AF
:402D400019605A600EE0A04202D90C232B6009E021686018824203D1106852684118216062605C60280000F09CF870BD1C280020032370B5CD1C9D43083506000C2D01D20F
:402D80000C2501E0002D01DBA94202D90C23336048E0300000F084F8234B1C681A002100002913D00B685B1B0DD40B2B02D90B60CC181EE08C4202D1636813601AE04B68BF
:402DC00063600C0016E00C004968E9E7174C2368002B03D1300000F051F820602900300000F04CF8431C18D00323C41C9C43A0420DD12560300000F054F8200007220B30BD
:402E0000231D9043C31A0ED05A42E2500BE0211A300000F033F8431CEBD10C233000336000F03FF8002070BD1C28002018280020F8B506000C001500002904D11100FFF767
:402E400097FF040018E0002A03D1FFF745FF2C0012E000F027F885420ED929003000FFF787FF071E07D021002A00FFF7F2FB21003000FFF731FF3C002000F8BD002370B5DE
:402E8000064C050008002360FDF7F8FF431C03D12368002B00D02B6070BDC046FC280020704770470B1F1A68101F002A04DA891804390B68D018043870470000134A108818
:402EC000810703D08107890F401A001D11791030484381B25088820703D08207920F801A001D800040180A494030098980B2CA0701D0503080B2890706D504495422091F3A
:402F000009785143081880B2704700009C120020D816002010B501F017FF10BD10B501F0D5FF0BF02BFF10BD10B501F013FF10BD10B500F05BFA10BD10B507490446097836
:402F40000220002907D1204601F060FF002802D120460CF0B3F910BD3814002070B504460120002C12D02368002B0FD0616800290CD0074D06222889208118462968FFF782
:402F800068FB6968606809780170002070BD0000D8160020FFB585B0002768460E9D07734F481C460078002802D0082009B0F0BD10990F9801900095029105A807C800F077
:402FC00007F90028F2D16946264603AB84460873002C19D0002115E08A00B75A082F09D990198078002805D0083FB7521878401C187005E0002914D00027B75290198770D5
:40300000491CC9B2A942E7D360460028CED10F98002809D0109901F047FA002804D00120C4E701208446EFE701F094FE2D480021416081600599016021888180022D07D345
:40304000A1798171A17AC171A1890181218A418100211EE0481C19E082008B00A75AE65ABE46BE4211D26F463E80B4461E190296B678BE7001967646E6521719029EBB7807
:40308000B3706646A652019EBE70401CA842E3D3491CA942DED3134822460C3000906846037B0799069800F01BF90028B8D168460B4C007B60700B480C3001F087FE002854
:4030C000AED1084907480C3109F062F90028A7D109F07CF90028A3D10121217066E7000096120020CC160020F8B5054636480F460078002802D002242046F8BD002F60D0CF
:4031000000243249002D16D02A89D0070DD02868002808D003881B3BE12B04D24088FB2801D81B2801D2012409E0900707D56868002804D1F7E70020088108604860002C38
:40314000DAD122482E8906811F481B21801D01804180042101711C490020891C0870F00705D019480622801D2968FFF772FA1749B00703D56A68144812788270124D0E4610
:40318000AD1D281F0D60486001F066FE284601F055FE30890FF016FE30890EF0FFFF28880FF002F830890FF077FF03461033FFF785FE1F21C018890140183880A91F888003
:4031C0009AE7012498E7000096120020D8160020FFB58446384F1C460020BB883F78054602460646002F11D100290ED0029999420BD36146002908D0002C06D00A99002992
:4032000006D02E4B0B99994202D2012004B0F0BD002144E0AB001F19BF78002F3BD0E35A002B38D07B43591889B22B0000F04AF8050410161C253100A7782388BC46FF2707
:40324000233BEB37BB4222D26346032B1FD322E0A388002B1FD0302B19D31CE02389002B19D0282B13D316E0A289002A13D01346134F233BBB420AD20DE0268A002A0AD0D0
:4032800033460F4F233BBB4201D2964203D901200EE0002001E000280AD16D1CEDB2099B9D42B7D31C2463435B1802998B42ACD89642AAD8AAE7000096120020790200009A
:4032C000BAFF000030B47446641E2578641CAB4200D21D46635D5B00E31830BC18470000FFB583B0002469460C801F4606468C80002806D00598002803D004983043800726
:4033000001D0012466E0002FFBD03449049809888842F6D3FEF78CFFFEF77AFF00F016FC002855D100F07EFD002851D12C49084601F0EEF805042D0C4AD12A4804990660BB
:4033400081800021C18007810C98007AC00704D0684601F018FD040007D10C98007A800703D501A801F024FD0446BF1DFEB2002C20D13146059800F05DF804001AD10FF0A7
:4033800099FE040016D16A461088928808368518144AF1B29088D288AEB29319984207D3401B801A80B201F0A3FB050007D000E0FF25012400F062FA002D04D008E0F8B281
:4033C00000F01CF9F6E700F085FA07490120087000F0CEFB204607B0F0BD00009A12002021350000E4160020A212002010B503480078012801D101F01DFA10BDA2120020D4
:4034000070B5084B0446DA889E8803205518B54206D8186880182060D8884018D880002070BD0000E41600200148008970470000E4160020F0B587B007460D460020890006
:40344000009006916846FFF7DBFF844600285DD1304800990160002117E02E4B88001A680629115406D22C4C0419667882185670628805E0C419203CA67A82185670228908
:403480001B68C018491C4280C9B2A942E5D300242DE0601CC2B2059025E01E4FA30039689600581840887118039604904E88B04217D938466F46FE80B6464F786E467771B4
:4034C0000297049F4F800168039F5E18767879184E700168764659184E800068029F18184770521CD2B2AA42D7D30598C4B2AC42CFD36046002809D168460699FFF780FF1A
:403500008446002802D1054900980860604607B0F0BD0000A412002038710100A81200207047000010B5002809D005494A68002A05D0011F08788000105801F087FA10BDD1
:40354000A412002010B50446FFF76EFFC0B2801DA0420CD307484068002808D0A100405801F0E6F9002801D00470001D10BD002010BD0000A4120020F8B516460D46044673
:40358000FFF752FFC0B2801DA04203D20020C0430090F8BDB2B2E9B2684601F0EFF90099481C03D0024AA000526811500098F8BDA4120020F8B50746FFF736FF801DC6B2DC
:4035C0000A49002005460C680DE06178002907D06188B94202D32078FFF7B4FF002804D1241D6D1CEDB2B542EFD3F8BDA412002010B5002801D0FFF795FF10BD70B50646A9
:403600000948002504680BE06178002905D062882078121D0023FFF7AFFF241D6D1CEDB2B542F1D370BD0000A4120020FFB581B00A9F16000C4620D000F0F6F8054604280C
:403640001BD0002F0CD03846FFF7B4FF20492A0151184860002810D03A460499FEF7F9FF1B4928010E504618778101980570200406D47D20C000444304E0FF2005B0F0BDE0
:403680006404640C00F0BEF80746042807D000F053FAA0420BD800F04FFA201A03E0204600F0AEFA0020F06035720020E6E700F043FA009000F0BAFA00980121001B00901C
:4036C00000F0F0F802493A0151180098C860E6E7F0160020F8B5042801D3FF20F8BD060116483418217A042903D0E068002802D017E00020F8BD00F01FFA054600F096FAA1
:4037000000F0A0F804280CD001010C480F18F8680021451900F0C6F80020F860284600F06FFA6068054D002801D0FFF761FF042020720020A8516081E060DAE7F016002070
:40374000FEB500266A46304601232549050169180D7A042D02D0C96800291BD000211154401CC0B20428F0D300246846005D002830D01B48210108184189476805680291AA
:40378000002101604160042241810272C160002E02D015E01354E3E700F054F804280ED001010F4808180190C6680021304600F079F801980021C160304600F021FA01264A
:4037C000002D07D038460299A847002F02D03846FFF70EFF641CE4B2042CC6D3FEBD0000F01600200EB5002005216A4600901181508103486946006810F0E3FA0EBD0000C5
:40380000AC120020074A0020010189180B7A042B02D0C968002903D0401CC0B20428F3D370470000F01600200549002002015218127A042A03D0401CC0B20428F6D3704764
:40384000F016002030B50A4B04200A4C00210A011219157A042D06D0D268002A03D09A4201D808461346491CC9B20429EFD330BDFFFF0000F01600207047000030B5002052
:40388000074C05460423020111190B72A5504D60401C4D81C0B2CD600428F4D330BD0000F016002030B5094C00231A011219157A042D04D0D568002906D02D18D5605B1CC4
:4038C000DBB2042BF1D330BD2D1AF7E7F0160020002070471CB5002469460C70142001902346054A054810F071FA04480068401C00D1FF2420461CBD51390000AC12002039
:403900003EB5124A0146FF2000230124126800290DD0012914D0042908D104206946009308814B81104610F04CFA80B23EBD68460093048143816946104610F03DFAF4E7D1
:4039400068460093048143816946EBE7AC12002070B545890468416800890300FFF7B2FC08280509091E22282628002007F0AEF91EE0022908D0C8B22A4621460EF062FBBE
:403980002046FFF735FE13E002202A4621460EF059FB2946204600F00DF809E000200FF00FFF05E02046FFF7CBFE01E0FEF762FC002070BD014B0022DB681847B0120020DD
:4039C00070B5448905680089022803D0032809D0FF2070BD2246094C0023A46829460120A04708E0FFF7A0FA241DA2B200232946022008F080FB002070BD0000B0120020CC
:403A000070470000024800214160018041807047B012002070B50C46002186B016460391012802D0022859D116E003A9012008F0B7FB01281BD1039D324621462846FEF777
:403A400008FE0095287801900220694608814E816846FFF7B5FF41E0214D002B686809D0049004A9022008F09BFB01281DD0022006B070BD002812D0298840182146FEF71B
:403A8000E8FD28880024801980B228806988091D884206D12C801348FFF792FF03E00320E6E788421AD96C6018E004986860E278A378110219430B4A698000231060E356EE
:403AC0005360032313815181A1788170E178C1706178417021780170042028800020C7E7B0120020301700203EB515460C46022803D004280CD000203EBD00910190022078
:403B00006946088107484A81006810F05AF907E00EF098FA044B0022DB6829462046984701203EBDAC120020B0120020014AD16090607047B0120020034801688068081AFA
:403B40000A214843000970473C17002010B5FEF763FB4C2204490548FEF77BFD03490120C870002010BD000054710100401B002010B5FEF749FB10BD70B5134C2368002BF7
:403B800008D0207B1149C20705D04008400020738868A08070BD88680B4AA18880B29268814203D90A4D691A091802E0814202D2411A5118A160A080A0689842EAD310F011
:403BC0001DF900F013F870BD3C170020C0102E40FFFF000010B508461946FFF7A7FF10BD704710B5FFF780FF10BD000003480021016041608160C160704700003C170020A5
:403C0000024610B5FF20002A0CD0FFF7EFFF064C0321207B0843207310010A21FEF7EEFB2060002010BD00003C17002000B504480A21806848430209FFF7D8FF104600BDFB
:403C40003C1700200248007B8007C00F704700003C17002010B54B490868002802DA4A4B01221A70022290430860484800694549C00B4031096A0246C907C90F0A4259D083
:403C8000012000F097FA3F480E216C30FEF718FA3E4820218430FEF713FA3C4814219C30FEF70EFA3948FF21C131A430FEF708FA3648FF212F31B030FEF702FA33483449E5
:403CC000BC30FEF7FDF931483249AC30FEF7F8F930492E48491CB430FEF7F2F92B482E49B830FEF7EDF929482C49CC30FEF7E8F926482B490830FEF7E3F924482949A83019
:403D0000FEF7DEF9214828498830FEF7D9F91F4826498C30FEF7D4F91C481921C9029030FEF7CEF9FEF7CEF9FEF78AFAC0B2022812D01FE000290BD0002101420AD01148D8
:403D400001216030FEF7BCF90120FEF759FA97E70121F2E7FF2010BD15491648FEF7B0F914481549001DFEF7ABF9124800210830FEF7A6F954200449C043891C0870002007
:403D800010BD000000F02E40C012002000002E40320300002F3F00003102000010520000EC160000FA12000031D000003AE300009956000080012E40F80F000070B50646BE
:403DC000581C80B245086D00002408E0304600F0C1F81055000A1119A41C4870A4B2AC42F4D3D80705D0D0182038D15CC47FD454C17770BD30B50A4C002100195B1E07E056
:403E0000541864782502545C2C430480891C89B29942F5DB994201D1515C018030BD000000102E4010B5FF2000F0C4F90F49FF2048700E481021801D4180012141700170B6
:403E40000A490020C91C4870FFF704FF04000AD100F010F907210648FEF730F9044807211830FEF72BF9204610BD0000C0120020CC112E4070B5002405465B1E0AE0284623
:403E800000F068F8010A161971702D1D1055A41CADB2A4B29C42F2DB9C4203D1284600F059F8105570BD000070B500210A4D5B1E0AE0541864782602545C3443461934802B
:403EC000001D891C80B289B29942F2DB994202D1515C4019018070BD00102E40F0B50599091FCFB200217E1E0BE0541864782502545C2C43164D45192C80001D891C80B288
:403F000089B2B142F1DBFC0712D01C78515C24020F4A0C4381180C809C785D78001D210280B2294384182180001D80B2D9780CE059781A7809021143054A84182180001D73
:403F4000D9789B78090280B2194380180180F0BD00102E40014940180088704700102E4010B50B490020487000F084F8002000F047F9002000F034F907210648FEF79EF8B6
:403F8000044807211830FEF799F8002010BD0000C3120020CC112E4010B50B46062812D006DC01280CD0032801D1FFF7D9FF10BD0A28FCD00B28FAD105480078107010BDDF
:403FC000FFF730FF10BD1146184600F035F910BDC6120020F8B5244DAC6A0127A007234E002816DA307806280ED1286A384328621F480069F903084381B21D481030FEF77B
:404000005FF8042000F0D6F8174802212830FEF755F8E00718D000F061FF01280FD1002000F0AEFF062000F0C5F81049FF20C91E48707078002802D1686B384368630A480E
:4040400001212830FEF73AF8E0050BD53078042802D1052000F0AEF80348FF2101312830FEF72CF8F8BD000040F02E40C312002000002E4010B503212348FEF721F8012031
:40408000FEF7BAF820483038406A204C80076178800F890001431C480C38FEF711F86078002808D0401E022181401820FEF790FAC000083800E0B82081B21548FEF700F80B
:4040C0001348032109021438FDF7FAFF10481149B830FDF7F5FF612189010F48FDF7F0FF0D480321001FFDF7EBFF0C490C48FDF7E7FF0B480B496038FDF7E2FF08480121B6
:404100008838FDF7DDFF10BD70F02E40C6120020D8102E4090890000041E2E40FF0F000058122E40209000000848017806290BD140780749002803D1486B40084000486309
:40414000C86A01221043C86270470000C312002040F02E400148007870470000C312002000B50300FFF7AEF8080D050D0B070507090D012000BD032000BD042000BD022046
:4041800000BDFF2000BD0000074A9168D26889B2064B92B2994204D105498A4201D1012100E000210170704780002E4033D000003FE3000010B50446FEF72AF8072C01D9E5
:4041C000FF2C01D102480470FEF71EF810BD0000C31200200149487070470000C012002010B5064A012805D01921C9021046FDF767FF10BD1D21C902F8E7000090002E4011
:4042000010B50A4A141D012808D009491046FDF757FF08492046FDF753FF10BD04491046891CFDF74DFF0349491DF3E788002E4031D000003AE3000070B50C460546FDF799
:40424000FFFFC0B202280E49287804D0FF2810D04C280CD810E0FF2809D10A4AD0680004800F032801D0087807E09069000A553803E00878207070BD4F382070087070BD9B
:40428000C212002000002E40F0B50122002834D0002932D00424420600D00524792342065B06D21800D0641C034600221EE00C2516466E43124D00277519AF72104F002A30
:4042C000BB51696007D0661EB24209D10D4E86197606760E05E05E06760E8027BE1B00E080269B198919521C2E81D2B2A242DED303480549006B002288611046F0BD000055
:40430000C819002079020000CC12002018B50020694608700A48006900280ED0132149014018047E684604704F21C900054800F05BF8A04201D0012018BD002018BD00004D
:40434000CC1200204C170020074900200C2242435218927A012A05D0401CC0B20628F5D30020704701207047C8190020F8B50F000446164609D01A4D1A496868A04202D91D
:404380004018A04201D38E4201D90120F8BD39462046FEF74FF9002820D0324639462046FEF757F90E49F0B2012620318E7600210C220B4653430A4A9A1813895568EF1882
:4043C000A74207D9641B1B1B9672834206DAC01A1469C0B2491CC9B20629E9D30020F8BDC819002079020000034610B50020024604E09C5C2018521CC0B292B28A42F8D368
:4044000010BD000070B500F05FF8084C064A216907480D46FEF71DF905492846FFF734FFFFF774FF207070BD79020000CC1200204C170020002070470020054A002902D020
:40444000012902D002E0906000E0D06000207047CC12002070B5084C154608460549E26889182A46FEF7F5F8E0684019E06028B270BD00004C170020CC1200203EB50A2254
:404480006946FFF7E7FF044606480A2200686946FEF7D0F8002802D00020C0433EBD20463EBD0000D0120020002802D0044A914201D2FF20704703494A6108610020704763
:4044C00079020000CC120020024800218160C16070470000CC12002070B5074C15460548A26880182A46FFF741FFA0684019A06028B270BD4C170020CC12002010B50349BF
:404500000A220968FFF7E8FF10BD0000D012002010B50F4A002313600E4A13600E4B18600E4801600E49012008600E490860000290600E490C4808600D4914300860FF384E
:404540001538506000F0BCF800F0CAF9002010BD00130020E8120020141300201813002004130020F4120020101B0020F81200200C130020014610B50020002910D0094B81
:404580001A689C685118A14209D25868196080188A0704D08A07920F891A091D196010BD002010BDE8120020F8B50024164E671E321F3D463168136806E01422624310322B
:4045C0008A58521C1BD0641C9C42F6D36A1C14D02C461422544322460C3288500C214843FFF7C8FF3168002808510AD031680020103408517068401C70602846F8BD2546E1
:40460000E4E73846F8BD0000F8120020F3B50026F64381B000281BDB1E490968884217D80299002914D01B4F142204463F1D54432546396810354859401C09D0FDF7E8FDE6
:4046400038682F1F4159C359994203DBFDF7DCFD3046FEBD214608310091465801590C20704308180C220299FDF7F3FF0948761C001D0068C159B14200D100260549009AB4
:40468000091D865008684159491C4151FDF7BCFD0020FEBDF4120020002803DB07490968884202D90020C043704704491422091D096850431030085870470000F4120020DF
:4046C000F0B500200D4A451E0346171F50600FE014260146714314680E1DA3510C461668083433511668083435511468401C635039688842ECD30020F0BD0000F8120020D1
:40470000F3B50026F64381B0002841DB2349096888423DD8029900293AD0204F142204463F1D54432546396810354859401C2FD0FDF76EFD3868415900292BD0211D0091B8
:4047400046580C21005971430F46C1190C220298FDF77FFF11480021001D0068761C00590C34C0190160416081600C48001D00680159B14200D100260849009A091D86500E
:4047800008684159491E4151FDF73EFD0020FEBD3046FEBDFDF738FDFAE70000F4120020FEB504460D4600201E49089E0860471E009001900290002C11D0486885420ED22A
:4047C000002A0CD0002E0AD0642E08D808460C3001681C2068430C18207A002801D03846FEBD0120226020721846FFF7DDFE6060401C13D06681A6810A4827610C30676120
:404800000179A94200D205710021684601810A462846029B00F040F82846FEBD00202072DDE700000013002038B50124009400F039F838BDFEB50027164EFF433D46002442
:404840000EE01C20316860430818017A002906D04068FFF721FF002801D0254603E0641C3079A042EDDA681C12D01C2130684D434419FDF7CDFC69466068FFF741FF054684
:40488000FDF7C2FC002DD9D1216868468847D5E7FEBD00000C13002038B50024009400F001F838BD1FB500220C49541E0A60002811DB496888420ED808491C220C31096857
:4048C00050430818406801A9FFF7A0FE401C02D0002004B010BD2046FBE7000000130020F0B50021114A4D1E174611710C3F0B46BD6016E008461C2460431668041D355165
:4049000014680646235014680836A3551468361DA353044616680A34335318301468491C255078688142E5D30020F0BD0C13002038B500210091002811DB0F4909788842DE
:404940000DDA0D4D04010C3529680859002807D0201D0818694600F06FF9002801D0002038BDFDF755FC28680F34015D491E0155FDF74AFC009838BD1C130020F7B582B026
:40498000002502986E1E06602E48D21C024017462D4A2C4610460C380178106805E02301C358002B0FD0641CE4B28C42F7D3711C28D03401211D40180191039900F02AF962
:4049C00000281FD101E02646F1E71F48016820460C300F521C480399026820460E30115419480399026820460F3011540398784300F0A0F8144900280968085102D00024A0
:404A0000009011E001251AE00F48016801980818009900F02CF9002801D0012502E00098C0190090641CE4B203988442ECD3002D05D10298066004480179491C0171284668
:404A400005B0F0BDFCFF000028130020F8B50D4600216A468C461180002839DB23490978884235DA214B04010C3319680A59002A2ED020460C300B5A801C0E5C184670436E
:404A80008018954224D3854222D2002006E007465F43BF18AF4206D0401CC0B2B042F6D36046002814D0114E271DC8190C366A46294600F006F900280AD1684600880128D1
:404AC00008D030682946C01900F0D1F8002803D00120F8BD0020F8BDFDF79AFB30680F34015D491C0155FDF78FFBF3E71C130020F8B50F46002400F031F8002817D10C49D7
:404B000000220B460C334A600EE021011D680E466A501D680C36AA53B61C1D680F31AA551D68641C6A54E4B2BC42EED31A71F8BD1C13002000280BD0C01C074A8108506804
:404B4000890053884118994203D893685160181870470020704700001C130020F8B5064600200F4D009029700C0121466846FEF747FC00280CD129460C3100980860301B15
:404B8000001F84B221466846FEF73AFC002801D0FF20F8BD6C800098A8600020F8BD00001C130020F8B5002827DB19490978884223DA174C05010C342168485900281CD07B
:404BC00028460C30085A009028460E300E5C401C0E5420682F1DC01900F064F800280CD12068002445590EE0094829460C300068C01900F03CF8002801D00120F8BD009847
:404C00002D18641CE4B2B442EED30020F8BD00001C13002030B50D4604000BD0A800FFF789FF6060002805D000202570C0436080002030BD012030BD70B50D46040005D040
:404C4000002D03D00220205E002801DA012070BDFDF7DEFA0221615E60688900405828606088401E6080FDF7CFFA002070BD70B50D46040007D0002D05D002212078615E25
:404C8000401E814201DB012070BDFDF7C1FA6088401C00B26080616880000D50FDF7B4FA002070BD10B5040009D0227800216068FDF7D8FC0020C0436080002010BD012091
:404CC00010BDF0B500231D46002802D00224045F0AE00120F0BD46689F00F6598E4201D1012503E05B1CDBB29C42F4DA15700020F0BD00000148007870470000301300205D
:404D00007CB505460024FEF70FF9A8796946087000A8062229460130FDF79BFC0021684606F0D0FA0C2806D0072806D01F2806D0122806D006E0022404E0042402E0272483
:404D400000E0012420467CBD01480121417270474C1C002010B500F0A1F9FFF7FBF9FFF7FFF910BD70B504460025FEF7DDF8002C06D0A079012803D8214602F00BFE00E07F
:404D80000125284670BD01460120002902D05020088000207047000001460120002903D00248007808700020704700003213002001460120002905D00348542200785043F4
:404DC00008800020704700003213002010B502460D49FE204870032410460FF015FB002810D10FF0B9FA00280CD107F035FA002808D100F02FFB002804D106F009FD002808
:404E000000D10024204610BD3013002070B50025044600280ED0A07901280BD8FEF784F8A0790028204602D003F0BCF903E003F091F900E00125284670BD0000014610B589
:404E40000120002904D006220248FDF702FC002010BD00003C13002001460120002903D008780249087000207047000032130020F0B589B015460F4606460124FEF754F831
:404E8000002E20D0002F1ED0002D1CD0102239466846FDF7DEFB1022314604A8FDF7D9FB102168460FF0D2F9102104A80FF0CEF92B46102204A9684604F062FA102128461C
:404EC0000FF0C4F90024204609B0F0BD10B506F075F904F04BFB07F007F810BD0148007A704700004C1C002038B504460120002C20D0617801291DD800290BD0FF25E53530
:404F0000FEF712F80C4828180088C0B22070072803D00EE0FF25CD35F2E70020694608706846FFF731F969460878012801D108202070002038BD000000102E40014A00216F
:404F4000926810473013002008B500226B461A7026280CD0094A342852680BD0352805D1900703D50021352007F052FA08BD19462620F9E7D007F9D03420F5E7301300201D
:404F800001490872704700004C1C0020F8B504460120002C26D06178012902D92278092A20D8002905D0FF25E5352078092803D004E0FF25CD35F8E708202070FDF7B4FFF1
:404FC0002078114F114E08280DD00020FFF718F970780128207810D00D4969180880FE2070700020F8BD0120FFF70AF90720B8810549203188800120F2E7B8810248217834
:4050000020308180EBE70000C0112E403013002000102E4070B50E46050001D0002400E00C4C002C11D0E28A500609D5D107C90F022003F0B3F9E08A40218843E08204E088
:40504000D107C90F012003F0A9F93146284602F015FE70BDAC1B0020F8B50546002004460D4E009013E022466946284601F032F80098002801D00FF0A9F9A878214602F041
:40508000C7FBA878214602F0B5FB641CE4B2308AA042E8D8F8BD0000781C002038B51E4CFFF758F8042813D0052811D0062812D003282AD007280AD10020694608700246A2
:4050C0000120FEF769FFFFF745F80128FBD138BD00F09CFB38BD02F011FC00F097FB02F07BFC8007800F0228F4D10C4841880029F0D05B21095D0029ECD101210170A07D2C
:405100000140022003F04AF938BD02F0FBFB0120FFF750F838BD0000AC1B002056130020F8B50646002403F0B7F90546304603F0CDF903460A480021068A0DE001228A40D5
:405140001046174628401F40002803D0002F01D1224394B2491CC9B28E42EFD82046F8BD781C00201CB50020694648706846FFF7BBFE01AA69460A20FEF70EFF69460420BA
:4051800008561CBD70B50D4601F08AFB04000BD02079002808D0FDF7C7FEE178A0782A4602F0F2FD002070BD022070BD0148007970470000801B00204030C07E002800D061
:4051C0000120704700B500F001F800BD902148430749084A40186030417F491CC9B24177D289914201D300214177C8B2704700008C1B0020781C002013B501F051FB0400CE
:405200000BD001F008FF002807D0214601AA0A310620FEF7C1FE00201CBD02201CBD000010B50C4601F03CFB00280AD001F0F3FE002806D0224604490A20FEF7ADFE0020C1
:4052400010BD022010BD00006D1B0020F3B581B0074601460026029803F016F90446002F01D0002500E0154D002D21D0284601F04DFB032C04D13946029803F061F906466F
:405280003846029902F0B6FA032C06D0002C10D00121384601F040FC03E03146384603F05FFB284602F062F90221284602F078F9FEBD3846029902F09DFAFEBDAC1B002082
:4052C00010B5044600F04CFA002804D104F02AF8002801D00C2010BD2078611C02F06AFEFF2801D01F2010BD02F0B0FEFF280AD02178621C02F00CFA044821780068026B87
:40530000601C904710BD072010BD00007C13002010B504F007F8002801D00C2010BD02F02BFE03480068C06A8047002010BD00007C13002070B50D46044610210EF086FF2F
:405340001021601806460EF081FF334610221946204604F015F8102130460EF077FF02202870204606F08AF970BD0000FEB504464078217802028006870FE0781143A57831
:405380000E050002360D0543304601F089FAEAB23B4621460096019000F0FAF90006000E14D10B48224600680199436928469847C0B2FF280AD10198EAB24030817EFF23EC
:4053C000491C81762146019800F0E1F8FEBD0000981300200020704710B5044603F0A2FF002801D00C2010BD2078611C02F0E2FDFF2808D002F016FD044821780068426BB2
:40540000601C904710BD1F2010BD00007C13002010B500F06BF906F0FBF9002010BD10B5044600786178E2780843A17811430843217908436179084305D003F065FF002886
:4054400003D00C2010BD122010BD204602F0AAFE002010BD10B5FCF7F3FE03F03FF8044803F0CCFF02F0E8FC012000F003F810BD541B0020F1B586B003A8009005A8019004
:4054800028489F22017B114001736846FDF766FD002845D169460989C90705D0224806990068C2686846904769460989890706D5002835D11D480068816A0698884700280A
:4054C0002ED11B4E0025757075737571F575357675767575B570F570B5713746F5730120D03738731F20F880FF2130467972A0300176457600F014FB00242046069901F0C7
:4055000035FD002803D1641C2406240EF5D0FD720749BD72B573C0310D704D704D600D7207B0F0BD401B0020981300207C1300208C1B002070B505460E46084602F0ACFF60
:405540000446304602F0C2FF0121A9400A46224001400A4301D0012070BD002070BD10B50446084602F0B2FF0121A140014201D0012010BD002010BD10B5FEF7EBFD032842
:4055800004D102F0BFF90120FEF714FE10BDFEB51C4616460F46054601F0E8FFA878FFF711FE02460190334639460094284600F00DF8002808D1A8780199FFF72BFDFF2C9D
:4055C00002D138460EF002FFFEBD0000FFB585B005460E980C46FF2810D02B49C00009680A5840180179C0795278814201D9012601E09006860F6846038108E06078A178B6
:405600008006860FE0780002014368460181284601F032FD070007D021462846079A00F0EDFC384609B0F0BD304600F09BFD04AE0346039002AA29460096204600F005FC4E
:405640003C20405D002818D0284601F015FD012813D0684600890096C0B20190A878231DFF22079902F0BEFA68460089039BC2B2A878079902F064FED3E76846008900219A
:40568000C0B20091E9E7000094130020F8B5002600253046FFF744FD07001DD090201149704340186030447F12E0601CFCF7A6FECCB23846E040C007C00F07D021463046E4
:4056C00002F090F821463046FFF7C0FD6D1CEDB20548018AA942E8D8761C3606360ED7D0F8BD00008C1B0020781C002010B502F0A3FB0020FFF7BEFE0EF0FEFE002010BDFE
:40570000F8B5002400F0FCF80123012800D10124104F00203E4620360425082203E0002801D0002100E031460979002907D001290BD002290BD0114681402143CCB2401C8E
:405740000006000EEBD07C70F8BD1C43F7E72C43F5E700008C1B002010B5FFF7D1FF10BD10B5044606F0B1F9002802D1601C00F001F810BD1CB50024009406226946019441
:40578000FCF758FF002800D1122420461CBD0000F8B5044600201E4617460D46002C12D0002D10D0022E0ED0032E0CD0002F0AD02179092907D0002905D013494A7F5A2186
:4057C000095D8A4207D82089002105F08CFE28460EF0FCFDFF20E18F012905D1002F03D0012E06D0002E04D0374301D10121E187F8BD0021E187069A2A70069A120A6A706E
:40580000AF70E970F8BD0000401B002010B5FCF740FC0446FEF79EFC012809D0FEF79AFC022805D0FCF73CFC2046FCF736FCEEE72046FCF732FC10BD10B50B46817919431C
:40584000817103D08078114602F016FD10BD10B582798A43827102D1807802F021FD10BD30B50C4C0220A28A0B4B9978002901D0022906D11D785B78EB18282B01D9032071
:4058800002E0032900D101205105490DC0020143A18230BDC0112E404C13002000B500F035F8002807D0012805D0032801D0042801D0002000BD012000BD00000246044851
:4058C000018B0020C908114200D001207047000000102E40014600B50020C90701D000F00FF800BD014600B50020C90701D000F007F800BD014800687047000044130020F9
:4059000001480088000A704720102E400448008B410501D5042070474007800F7047000000102E400148406870470000441300207CB50446002568460570200610D5FFF77B
:40594000E5FF01280CD101A801F0ECFF6846007900F058FB012001F071FE0220FFF7FCFE600712D50C48017901290ED10571684601F0D8FF6846007800F078FB0220FFF709
:40598000EBFE00212620FFF7DFFA044800680169204688477CBD0000501300207C13002010B501460A4A007800241070FFF7A8FF0128084603D002F061FB204610BD00F036
:4059C000E7F80400F9D1034801210170F5E700004C1300204C1C002070B50446FFF790FF002801D00C2070BDA27B01211F48002A827801D00A4301E05208520082706279B1
:405A0000012A14D0C17849084900C170184D2868016820468847207901280CD06188208803F02EFA2080207904280FD015E0C2780A43C270EAE72868C168E01D8847E01D31
:405A400002F09CFB0B48008D208006E02868C168E01D8847E01D02F091FB074920798870204602F019FB002070BD00008C1B00207C130020401B00204C13002008B50178F7
:405A8000FFF73EFF814201D10C2008BD002914D0072069460870FFF701FF012807D10121684600F0E5F8012801D0092008BDFFF7D7FE02F025FB012011E0FFF7EFFE01285B
:405AC00006D1684601F02EFF6846007800F0CEFA02F00CFBFFF714FF0028FBD10220FFF73BFE002008BD000010B501460A4A007800245070FFF704FF0128084603D002F008
:405B00009BFB204610BD00F065F80400F9D1034801214170F5E700004C1300204C1C002038B568460EF0E8FB002801D01F2038BD01210098C90201804180002505714571BF
:405B4000857107214173857302F0A6FA009C202200212046FCF786FD25702A460021601CFCF780FD204602F089FA204602F064FB00980EF02BFC062200210448FCF772FD96
:405B800002480C388560002038BD000050130020F8B5044600250D4800950078012806D068460EF0A9FB002803D007250CE00C250AE0074E009830602278611C401CFCF7FC
:405BC00048FD3168207808702846F8BD4C1C002044130020F8B5044600250D4800954078012806D068460EF087FB002803D007250CE00C250AE0074E009870602278611CA8
:405C0000401CFCF726FD7168207808702846F8BD4C1C0020441300200346084800B5834209D8184600F03CFE002804D00089984201D1012000BD002000BD0000FF0E000072
:405C4000074A9179491C8906890E917138220A4092014907090E114308430249084070478C1B0020FF0E0000C006C00E70470000F8B507460E4600240D4803E0002C01D0EF
:405C8000002500E005462979002905D0641C2406240EF3D00020F8BD0021204601F066F92E712046FFF7CCFF28813C700120F8BDAC1B002010B503F097FB0222002100F052
:405CC00003F802F055F810BD10B5094B40074907000F090F185A595A40185043C0086421FCF78CFB002800D1012080B210BD0000A0710100F7B53D20405C88B015460C463A
:405D0000002802D02878042802D200200BB0F0BD6946087200262046FFF74EFA012800D00126204603A938300191009023460327A17E34333246206A03F07AFB02A80899C4
:405D400000900B46019120463A4603A9243003F0F7FA02466846007A2870204601F0F2F81046D3E7FFB587B00C4605461078694608723D20005D1746002826D00026204693
:405D8000FFF71AFA012800D00126204603A93830019100902346A17E34333246206A03F047FB02A80090291D019120462B1D03A924300A9A03F0C4FA02006846007A388000
:405DC00002D1204601F0BEF810460BB0F0BDF0B505463C20405C89B016460C4600280CD0307869460873002806D000272046FFF7E3F9012803D003E01F2009B0F0BD012757
:405E000003200890204604A93830019100902346E17E34333A46E06903F00AFB6846007B03A928180290009120462B46019504A92430089A03F0B8FA02466846007B30701C
:405E4000204601F089F81046D7E7FFB505463C20405C89B016460C46002810D0084601F00BF901280BD0308869468883002809D000272046FFF7A0F9012805D005E0002077
:405E80000DB0F0BD0220FBE70127204603A93830019100902346E17E34333A46E06903F0C7FA291D2B1D07A8129A6D4607C5204603A924300C9A03F077FA02466846808B2B
:405EC0003080204601F048F81046D9E770B50C460646FFF771F9012824D06079227900020243E079A37900020343607A921F0102207A0843E17A0D02A17A154C294335464D
:405F00004035A24207D20A38221F904203D2FF20F43083420DD91E202873304600F0C8FB1E2070BD00222421304602F0EFFE242070BDB07801F018FE012801D0002070BD07
:405F400028202873304600F0B3FB282070BD00007B0C0000002801D0002000E003484030C07F012800D0002070470000AC1B00200146002049070ED50021084B03E000296A
:405F800001D0002200E01A461279022A04D0491C0906090EF3D0704701207047AC1B00200146002049070ED50021084B03E0002901D0002200E01A461279022A04D0491C22
:405FC0000906090EF3D0704701207047AC1B002010B5044680346068002803D00EF00AFA0020606010BD4030417070474030817070474030017070470171704792001018A2
:40600000C166704770B53C2501F030FA040004D020460021433001F0F5FCFF222946204600F0E8FB002C02D0A07801F0A1F970BD10B5002801D0002000E00348002802D093
:40604000008905F097FA10BDAC1B002010B5002801D0002000E00448002804D00179072901D100F047F810BDAC1B002010B501F0FDF9002802D0807801F07AF910BD002009
:406080007047000070B50546008A00281ED01049F122097B1140C90618D5294640314A8A098A521C4A4392B2D10800D10121540801E0621A94B2A042FBD9FEF71BFE0128DE
:4060C00004D1298AA878224601F014FE70BD0000401B002010B50023054C0B60248A944204D992001018C26E0A60C36610BD0000781C002038B5044600200090A0790028BA
:4061000014D14020015D052901D00E290ED168460EF002F9002809D12046009902F0D4FD03481021428B2046FFF786FB38BD0000401B002010B50B4604460146184602F0AF
:4061400033FA002802D020460EF04AF910BD13B5044601AA11460620FDF71EFF6846818861811CBD002800D10220704770470000F8B504462346401D543300909A1EA0789A
:40618000911E01F0EBFB25464035A88A298A8000FCF734F9401E81B2688A884203D96982A07802F045F9698A8C20015120460021433001F027FC27480088E88103F014F939
:4061C000E989891C8AB26179FFF77EFD01F0D0FD03F00AF92A8A6179FFF776FD074601F0BBFD688A002806D01B49088A032212021043088202E0002002F00EF91648803853
:4062000001886E8A002E0CD0304648431349FCF7DFF90004000C01D0401C80B21049488002E00F4800214180288A704381B2A07802F010F8FF2228374932B9B21346204631
:4062400002F022FEE98AA07801F064FFA07801F003FBF8BD80102E40E0112E4071020000561300207FB504468034616805460E46183108226846FCF7ECF931462031082293
:4062800002A8FCF7E6F9102168460DF0DFFF6068102108300DF0DAFF60682B46083024331022694603F06CF87FBD10B504460821FFF7CDFA10212046FFF7C9FA207905285A
:4062C0001FD006281DD008281AD12189002005F0C9F8072020712046FEF76EFF014620464030012913D00E21017000210176204601F050F82046FFF76BFE2046FFF7C2FE97
:4063000010BD20890122002105F090F8E1E70521EAE70000FFB581B01F4604460821FFF796FA10212046FFF792FA2079082803D0092804D0042203E00422012501E0092209
:406340000025204600F05EFE264600204036307022712046FFF73CFE0398002D02D0012808D00BE001280AD120890022029905F05DF804E02189029805F074F80127002070
:406380003076012F04D0204601F004F805B0F0BD02983073204602F0E5FC054605480121428B2046FFF748FA002DEFD109202071ECE70000401B002070B50C460546FEF737
:4063C000FBFE012809D108212846FFF740FA0023012221462846FFF79DFF70BD10B5044600F010FE2046FFF7F3FD00214034217010BD70B505461A24FEF7DEFE012809D132
:4064000008212846FFF723FA0023012221462846FFF780FF70BD0000F8B50446002000900E4668460DF078FF002801D00D20F8BD8420005908212030009D00F02CFA20466E
:406440000421383000F027FA002E02D1204600F03BFE2946204602F0C2FB0E480821428B2046FFF7E9F9204601F005F825464035002808D0204600F023F8002801D0092019
:4064800028700020F8BD08202870204601F06EF8F7E70000401B0020014610B540310A460978082906D0092907D00A2901D100F091F810BD0B20107010BD00F001F810BDC2
:4064C00070B50446007925464035052805D0062803D008280FD00C2070BD03220621204602F014FC0D480821428B2046FFF7A4F91120287010E006202873204602F032FC71
:406500000646AA8A0A20424301212046FFF794F9002E01D109202071002070BD401B002038B504460020009068460DF0F5FE002801D00D2038BD2046009D00F0C3F9082028
:406540002071204600F0C0FD2946204602F07EFB00213D2001550F2040210855204601F005F8002038BD00B5024600F04BFD10214032117000BD10B50446FEF71DFE0128AF
:4065800009D04020005D112805D100231A4606212046FFF7BFFE10BD10B5FFF786FE10BD38B504460021684600910DF0B5FE00280CD12046009902F0CAFB05480821428B55
:4065C0002046FFF739F90D204034207038BD0000401B002038B504460021684600910DF09BFE002801D00D2038BD2046009902F0A3FB05480821428B2046FFF71DF90C20B4
:4066000040342070002038BD401B002000787047F8B5002569460D70002801D0002400E01F4C002C18D0204600F0F5FC002813D0207903280BD005280CD026464036B18A06
:40664000A07801F011FEB078012806D01DE0042020711DE006202071F8BD0021204601F0C0FF274680373868002802D00DF0C2FE3D600020B0702079072802D12046FFF73A
:4066800001FD0221204600F08BFF20790428E3D1207A694608703420FEF756FCF8BD0000AC1B002010B54C22115400F052F810BD10B50446FF21FFF7CAF809202071A07810
:4066C00001F0F8FD10BD000038B5FF216A461180002801D0002400E00B4C002C12D011460620FDF759FC684601882046FFF72FFD204600F0C7FC002804D104480068C169BE
:406700002046884738BD0000AC1B00209813002010B504468079002809D022214C200155FF212046FFF793F8204600F012F810BD10B5037902464032002B03D01173092B8A
:4067400002D003E0002100E02221117300F001F810BDFEB504460089002700902781207926464036002817D0012815D002280AD112E002AA01A9204601F004FF002807D1C2
:4067800001980DF02DFE204601F024FF0028F0D02046FEF761FCB776254680352868002802D00DF027FE2F606868002802D00DF021FE6F60317B002919D0009800F064F81F
:4067C000A078002101F064F82046FFF773FAA07801F0B4F9A07800F0CBFDFF212046FFF736F80B20FEF7B8FF00F0A8FCFEBD1F213173E2E7F8B517460E46054602F0F0FDBF
:4068000004003CD020460C3001F0ECF82046062200211830FBF726FF2046062200211230FBF720FF1648224600683946436A28469847074626702846FEF7BEFC0121484070
:406840006070002D10D02889608028464030C1782171002E0FD169796171018AE180418A2181808A608106E00648008BC005C00F2071002060803946204604F076FDF8BD16
:406880007C13002000102E400A4610B50146002004F088FE10BD10B50DF0B4FA10BD000000B50146FFF7E0F9002801D0002000E00348002802D002898A4200D0002000BD9E
:4068C000AC1B002038B5044680346068002806D168460DF031FD002801D100986060606838BD000010B5014600F0C6FB0128887802D0FEF76BFC10BD902148430249401857
:406900006030007F10BD00008C1B002070B5054604464035A87F012811D1A1789020084A484380186030067F3046FEF703FE002805D10220A877A078314601F0A9F970BD06
:406940008C1B002010B50C4CA07A002813D0FEF79DFE0A48027F417F408B00F0F7FB012809D10020A07200F0F3FF05498989090B01D000F03BFA10BD5C1C00208C1B002091
:40698000A0102E4070477047490510B5490F0B00FCF798FC060704080C0C0F073E21FFF781FE10BD0821FFF7C3FE10BDFFF7D1FE10BDFFF7ADFE10BDF8B507460025002D6D
:4069C00001D0002600E0204E00F086FF3046403044890021418100F089FF304600F01BFB01282BD1A00702D52846FFF711FEE00602D52846FFF768FEA00601D5FEF746FE01
:406A0000600601D500F054FB200602D5284600F01DF8600702D5284600F046FA380402D52846FFF713FB780402D52846FFF700FBE00703D021463046FFF7A6FF6D1C2D066A
:406A40002D0EBCD0F8BD0000AC1B0020F8B5002801D0002400E0284C002C4BD025464035A878012846D1FF278820493700593E46002805D02149097B890601D5878AC68A32
:406A80002046FEF799FB012834D002F0ADFC2A8A6179FFF719F9009001F05EF900983346283081B23A46204602F0EEF9E98AA07801F030FB12480188688A124E002810D072
:406AC00048431149FBF784FD0004000C01D0401C80B27080A07DC107C90F002001F05EFC01E000207080288A698A484381B2A07801F0B0FBF8BD0000AC1B0020401B002098
:406B000060112E40561300207102000001490968096808479813002070B50D460026194A0146002801D0002401E014462034002C26D0204600F0A0FA01280AD190204843EF
:406B400080186030007FFEF7F5FC002801D102F089F80D48006881692046884700280CD020464030817EA94202D3491B817600E086762089294604F0B6FC204600F0F6FC69
:406B800070BD00008C1B00209813002070B503460088FFF785FE040013D000F03CFA00280FD02079092819D02546997840352973204602F0D7F80646A878012803D0AA8A90
:406BC00002E0022070BDEA880A20424301212046FEF732FE002E01D109202071002070BD0EB5002217216B460292198100905A810120029B00990DF09DFC0EBDF8B5184863
:406C00000024807A002822D1164E0025B089000B22E0204600F06CFF1249A039401807882A462146384600F091FA012810D00E480122478305770A4944778A72002D01D0D0
:406C4000002000E02030002801D000F08FFCF8BDB089000B641CE4B20028DAD1F8BD00005C1C0020A0102E408C1B002010B50088FFF716FE002809D0014640310C46097859
:406C8000082905D00B2903D00C2010BD022010BDFFF716FC002801D009202070002010BD70B503460088FFF7FBFD040008D0254640352878082805D00B2803D00C2070BD94
:406CC000022070BD8420005910220830991CFBF7C0FC2046FFF7C6FA2878082804D02046FFF778FC002801D00A202870204600F03DFC002070BD000010B50C46002121708B
:406D00000088FFF7CDFD03000BD000F084F9002807D00948F121007B0840C00603D4112010BD022010BD022020701A8A1889002104F054FC002010BD401B0020F8B50F464B
:406D4000002100910088FFF7ABFD040012D000F062F900280ED0E079410641D4617E02264A07002A08DB8907402500291ADA2843E07135E00220F8BD02F032FB002101707F
:406D800021894180A1898180217E4170E189C1803E7005460178134804F0CAF8284604F0C1FB1DE0204600F06DF9012806D068460DF0B2FA002803D00720F8BD2A20F8BDBC
:406DC000E07900992843E071204601F0F5FF607E0421304360760448428B2046FEF72CFD0020F8BD1D040000401B00203EB500220F236C460292238100910190628169465B
:406E00000EC900200DF096FB3EBD0000F8B50F46054600F02BFB04002AD000F007F900282AD003202071254600264035EE76E6702046FFF79DF901F059F90920FEF78CFC10
:406E4000A07800F069FE0121204600F0A9FB2E706E70AE703A4600212046FFF7CBFC0F49887B401C8873A078FFF750FE022012E0284601F01FFAF8BD002001F01BFA084864
:406E8000008B4007800F012802D1064801F076F901F036F90120FEF75FFCF8BD8C1B002000102E408413002010B5002801D0002000E0094800280DD0014640310A464978A8
:406EC000022901D100215170807DC107C90F002001F064FA10BD0000AC1B002070B503460D460088FFF7DCFC04000BD000F093F8002807D01248F121007B0840C00603D4B7
:406F0000112070BD022070BD20464030418A008A491C41430804C10C5888884201D2122070BD20822079072802D12046FFF7AAF8022028702089002104F078FB002070BD68
:406F4000401B0020016A491C016204D1817E491C4906490E81767047C169491CC16104D1C17E491C4906490EC1767047F0B5074687B003A8009005A800260D460190002FCE
:406F800001D0002400E01B4C002C05D06846FBF7E5FF002803D00BE0022007B0F0BD68460089C00704D1902200212046FBF75AFB114829460068826820469047050016D10E
:406FC000A77066762746267140373E70204600F019F8204601F0FAFA084820820848BE77007BF121084000D001202075E682E8B2D3E70000AC1B002098130020B80B0000C0
:40700000401B0020002101628176C161C17620300177417770470079002805D0012803D0022801D001207047002070470F49008908820E49603108880D4A801F904210D221
:407040008888121F0A3890420BD20889FF21F431884206D8074800890006C00E401F0C2801D300207047012070470000A0102E407B0C0000E0112E404030807F002800D033
:407080000120704740300078002807D0012805D0052803D00E2801D0012070470020704710B5807801F012FA002800D0012010BD10B500F04DFC03498989090B01D0FFF786
:4070C00095FE10BDA0102E4070B5054604464035A87F002825D1FF206075A0789021154A484380186030417F9023491CC9B24177A0785843104B8018DB896030994201D37B
:4071000000214177A0789021484380186030467F0677A1783046FEF70DFA002802D00120A87770BD0220A877A078314600F0B0FD70BD00008C1B0020781C00200020401C35
:407140000006000EFBD0002070470000F0B516468207920F87B0000A02926A469080002E01D0002400E07F4C002C21D0084600F0BFFC074668468088002810D002980328E5
:4071800017D0002000906846808821890491214620310391497F0546012964D067E07248381801882046FEF7D2FF304600F060FBD6E00020029002A80DF08EF8002807D02B
:4071C0003D20005D0128F3D12046FFF7BBFEC7E00298009068468388202B14D31F2300213846009AFCF7EAFD684680881F3885B2012305AA00213846FCF7E0FD6D1E2D0480
:407200002D0CF5D104E000213846009AFCF7D6FD5548381801882046FEF799FF304600F027FB01AA21460098FEF764FD0028009805D00DF0C1F83D204C2108555EE0C6778E
:40724000009869460078898801F00EFE00280099204602D001F02CFB82E001F03EFC00980DF0AAF87CE0042820D3281F80B23F49097B890605D5882109594989814202D38E
:4072800014E01B2812D9012305AA00213846FCF795FD6D1E2D042D0CF5D10398407F012800D07CE72046FFF74DFE78E768460DF003F8002802D0002007B0F0BD6846009DCF
:4072C00083882A1D00213846FCF778FD2648381801882046FEF73BFF304600F0C9FA2046FFF799FE002805D026464036307E00281DD107E028460DF055F831E02046FFF78E
:40730000D7F92DE00298012809D0022807D00398407F0128EED12046FFF714FEEAE7034601AA21462846FEF71DFD002805D028460DF038F83D203073E0E70298FEF716FF77
:4073400001460498287004980901000A0843687068468088A870000AE8702846FFF740FC0120A9E7AC1B002000102E40401B002010B5074A917B002901D0491E91730021B6
:40738000FFF7F4FD002801D0002010BD012010BD8C1B0020F8B5074606464037B87F00282DD0B078902100904843234945186035287F0099FEF7D3F801281ED0287F401CC6
:4073C000C4B21E48C089A04200D800240020B877FF276F772F77A87702460146009800F0D7FD717DFF2903D0304601F0B0F8777501F038FC0025114F19E00320B877F8BDF1
:4074000000200090224669463046FEF763FE0099002904D0FF231A463046FEF7B8F8641CF889E4B2A04200D800246D1CEDB2F889A842E5D8F8BD00008C1B0020781C002091
:4074400010B502460021084B03E0002901D0002000E018460479944204D0491C0906090EF3D0002010BD0000AC1B002000B50120FFF7E6FF00BD10B5044601F0B1FF21893F
:40748000018080346168416061682831816004F003F810BDF7B50646087982B00C46092807D0A078F0770846FFF7E6FD012806D010E030460CF094FF022005B0F0BDA17832
:4074C0009020294A484380186030007FFEF732F8012810D0A078FEF73DFD01280BD037780121304601F066FB25462035062F38D00B2F0FD107E06846027C21463046FEF72F
:4075000019FE0D20D9E72046FDF756FE012801D1002028772046FFF7E5F9054604AA21463046FEF754FC01205F2108556946097C002001910090A07833463A46294600F0A6
:4075400051FB69460A7CA0780323294600F0F8FEA0782946FDF75EFD30460CF041FF0020ABE70120D5E700008C1B002010B502464032937F0021002B03D1927E002A00D05E
:407580000121064A927A002A00D000210279092A00D10121807800F021FF10BD5C1C002070B50C460546FDF707FE00280BD1012C06D92879092806D02846FFF771FD044695
:4075C000002C02D004E0012402E0A87DC007FAD1A87DC107C90F204600F0E0FE70BD0000012807D0082804D104480282034808300180704701488038FAE70000A0102E4035
:40760000014908817047000000102E4010B50446FF20F130012C01D1FF20D530002200F01FFF044A108A044980B2A0430880108210BD000000102E405A130020034B198A73
:40764000034A89B2814311801982704700102E405A13002010B50446012802D0082C07D102E0FF20D53001E0FF20F13000F0F0FE0348018A034A89B221431180018210BD12
:4076800000102E405A130020034B198A034A89B2014311801982704700102E405A13002070B5054604462035A87FF122800012018018164A86183088400840003080002989
:4076C00006D10121AB7FFF220903601D00F006FE89212046AB7F80224901113000F0FEFD83212046AB7F202249010B3000F0F6FD43212046AB7F40228901173000F0EEFD97
:40770000208801210843308070BD000000102E40F8B505460120A84086B214460F46012231467C2000F09CFE3A463146782000F097FE6078267800020643E078A2780002E8
:40774000024360792379000203430C2045430D2080010549281844182680001D44182280001D40180380F8BD00102E40CB065B0E0343480901021943D00108430121C90296
:40778000084301490881704780142E404278037812021343084A1382C37880781B021843908248780B78000203431383C8788978000201439183704700142E40024A1080DE
:4077C000000C90801181704700142E40044A002180180288491C89B21029FAD37047000000102E40024A10820148803081817047A0102E4010B5054A1082084600F054FE52
:40780000024A0021A03A8018018010BDA0102E4010B50B46044600F017F819462046FFF7E1FF10BD002310B5F121064A090118468C182380091D401CC0B289B20828F7D314
:4078400010BD000000102E40024A10820148803001817047A0102E4010B504490882FF20002220211D3000F0FBFD10BDA0102E40000202494D3008807047000000102E40CA
:407880000249888A0422904388827047C0112E4010B5084B074C0202A03B0029208202D075321A8010BD04490020088088807632F7E70000A0102E40201A2E40054B198843
:4078C00007229202002801D0114300E09143198070470000001F2E4000B5034908884880FFF7ACFE00BD00005A13002000B502484088FFF7C9FE00BD5A13002010B5FCF724
:4079000013FC10BD014952200880704700102E40034908880122D2031043088070470000001F2E4000210170704700000748808806492039098B884201D8081A03E0002259
:40794000D243101A401880B27047000020112E400148008AC0B27047A0102E4070B5084C049D2082074804890548603006880E8001891180808818806007400F287070BD07
:40798000A0102E40E0112E400148008970470000C0102E4000280FD00D4A108B0870000A4870908B8870000AC8700948203000880871000A48717047064A10880870000A75
:4079C000487090888870000AC8701089F0E7000040102E40C0112E400148008A70470000001A2E40064B1A8999891B8A0270120A42708170090AC1700371190A41717047CE
:407A000060102E40012904D00549098BC90B017070470349403109898907C90FF7E7000000102E40FFB581B00024FF232B4D0B9E002805D0022803D003283CD006281CD1E1
:407A40002C8B2F46A004850E2007000F012802D0252D1AD916E00C2D14D106230021F820FCF7ACF906230021F820029AFCF7A6F9002E01D0388B1CE0002304980480184630
:407A800005B0F0BDFFF744FFF9E706230021F820FCF794F9062DEFD30A98002806D0AD1F0246ABB20021F820FCF788F9388B002EE2D03080E0E72C8BA004800E0C28E1D1CD
:407AC00006230021F820FCF779F906230021F820029AFCF773F9288BCEE70000E0102E40024800884005C00F70470000001F2E400148408970470000781C0020044A108215
:407B00000448028980894843101880B270470000A0102E40781C00209021074B414300B5C918FF2260314A770A7700228A77114600F02EFA00BD00008C1B0020902250438B
:407B4000074A10B58018FF21603041770177002181770448C18EFF201D3000F079FC10BD8C1B0020401B002000B5044A1082034880308088022200F003F800BDA0102E4061
:407B800010B50023884201D8081A03E00024E443201A4018044980B2884201D8824200D90123184610BD0000FF7F000070B55478157824022543D47888232602947834431E
:407BC0005679127936023243002900D09823044908820348A038181805808480028170BDA0102E40FFB581B014460D4607460A9E0B9BFFF783FF002E0AD00093334600216F
:407C0000049AFCF76BF905484019C45505B0F0BD0021049AFCF748F9F5E700005E13002070B502460448054D808808242C800B460021FCF739F970BD781C0020A0142E4049
:407C400010B5212402466401044953200880102300212046FCF728F910BD000000102E40417802780902044B0A431A83C1788078090208439883704760142E40034A10825B
:407C8000802001430148803001817047A0102E40054A1082044A6032908B0009000108439115084390837047A0102E4030B500210F4B0A46012809D0032802D005280AD1CF
:407CC00007E04021198102210A2204E004210C2201E004210D221882054C20342088C0B205460D42FAD022800021198230BD000080142E4010B50446074804820748018029
:407D00008280032189030820FFF7A4FC200202497530A039088010BDA0102E40201A2E40054A1082044A60321183000202494B30A039088070470000A0102E40054A491EC4
:407D40001082044A60321183000202494C30A03908807047A0102E400349884200D908460249088070470000FF0F000060112E400349884200D90846024988807047000003
:407D8000FF0F000060112E408823002900D09823084908820748A038191808881070000A507088889070000AD07008891071000A50717047A0102E4010B5144602460648A9
:407DC0000B46C0880021FCF755F8012C02D103495420088010BD0000781C002000102E40064A11880170090A417091888170090AC1700349542008807047000080142E40D5
:407E000000102E403E21095CF1238A001B01D218082903D202490088511808807047000000102E400121814010B589B200227C2000F016FB10BD0000FEB5FF210120FFF704
:407E4000E5FBFF210820FFF7E1FB3020FFF7F6FB4148802101804148414D00784007400F022873D001286FD100202880002211460320FCF791F83B4E3B49308E88823A4FED
:407E8000002420373448A0300482B08F38822046FFF754FE641C2406240EF3D0314C3248403421882030018320462C3800F052F9B16970690191009069464879C021084391
:407EC00069464871684600F06DF900F055F8224FE088A03738832089B8831F496089C03188802148F18E203001802048002404823920FFF7C9FB184E532030801C4907204D
:407F0000088354203080E020FFF760FCE820FFF75DFCF020FFF75AFC0020FDF7CBFE13488482282101838015B8810F48403084815B203080094800784007400F022807D05D
:407F4000012801D10B482880FEBDFFE703208CE70848C01CF7E7000000102E40781C0020001F2E40401B0020C0112E40001A2E4080142E40E02300000448002181830183CF
:407F800002497420603908807047000060102E40074B1882064B6033988B00090001084399158843002A01D11021484098837047A0102E40F3B50D2284B0920100924A78D4
:407FC0000B78120213430393CA788B78120213434A790979FF20120211431A4A8C46918B9E460291118B01911649742260390A80154900220F7921E00121124B9140009C7F
:40800000603BE3181D8889B21C881B88039E6E407546654064462E435C4026430CD1029B194209D00199D140CB070499DB0F8B4202D1104606B0F0BD521CD2B29742DBD82B
:40804000F8E7000060102E40801B002030B50949FF208C8B084A00210125137905E02A468A40224204D0491CC9B28B42F7D830BD084630BD60102E40801B002010B5044653
:40808000E020FFF7A3FB20782246401CC3B20021E020FBF7AFFE10BD42790021012A02D901214171090342790A430179042914D049001143827B032A01D8D2001143427BF6
:4080C00052010A43817909021143012252031143054A118300889083704711460122920211430222E5E7000000102E4000B50120FFF7A4FA01494120088000BD00102E40DE
:4081000000B50120FFF7C0FA01494020088000BD00102E40024A10820148603081817047A0102E4010B5044C208204488180028183815143018210BDA0102E40A0132E4010
:40814000034B1882024820388180028070470000A0102E404178027809020A4306490A80C2788378120213438B804279007912021043088170470000C0112E4041780278C2
:4081800009020A4306490A81C2788378120213438B81427900791202104308827047000060102E40417802780902084B0A431A83C178827809020A439A83417900790902C7
:4081C00008430249203108807047000040102E404178027809020A4306498A80C2788378120213430B814279007912021043888170470000001F2E40F0B5F1260021360190
:40820000FF240C4D01348A00921953191A88D7070AD0520852001A80884201D1224300E0A24301273A431A80491CC9B20829EAD3F0BD000000102E4010B50446E820FFF741
:40824000C5FA20782246401CC3B20021E820FBF7D1FD10BD024A10820248818370470000A0102E40001A2E40024A10820148603081807047A0102E4010B5044688000521E5
:40828000FAF7BCF804490C8204498880200202497230A039088010BDA0102E40001A2E4003490882000202497330A03908807047A0102E4003490882000202497030A0396E
:4082C00008807047A0102E4003490882000202497130A03908807047A0102E40F0B515460F4604461E46FF2A04D000222946184600F082F86078237800020343E078A178A2
:408300000002014360792279000202430C207043C0190A4C80B207193B80001D80B203191980001D80B200190280FF2D04D001222946304600F060F8F0BD000000102E40B8
:40834000F8B505461C4617460E46084600F0ACF8054AB90021431582034AA03A80180180024880194455F8BDA0102E40631300203E21095CF122890012018918064A8918E3
:408380000A88D30706D0520852000A8000880122104308807047000000102E4030B50E4C238A01251A46012804D0022804D000290BD00CE02A430AE0002908D12A432282C3
:4083C0005008400020821A4601E05A0852009A4200D0228230BD0000001A2E40054A1082044A6032908B4023984389010143918370470000A0102E40F12380001B01C01830
:40840000044BC3181888002A01D0084300E088431880704700102E40044A118A0223002801D0194300E0994311827047001A2E4000B5064A1082054860300181002901D0D3
:40844000012000E00020FFF7E7FF00BDA0102E40024A801802880A430280704700102E4070B5084BC5182C880023080003D104E040085B1C9BB2C607FAD08C439A40224315
:408480002A8070BD00102E40024A1018405C8007800F704763130020024908820148803080897047A0102E408000FF3041307047044B02461B8AFF208B4202D902484018CC
:4084C000805C7047781C00205E130020024908820148803000897047A0102E40174902460B680020002B08D10A605207520F012A04D0022A10D008601220704711229201F3
:408500008A80CA80032252020A810122D2024A8140228A8105220DE0092252028A80CA80012252030A810322D2024A81012252028A810422CA810A8270470000781C00201C
:408540000A4600B501461046FFF7B2FF00BD38B50C4605460021684600910BF0DDFE002804D1009928464C7000F018FC38BD10B5044680780021FFF7CDFD01212046FFF716
:408580000FF810BD436E002B0CD00B60014660318B781370826E4266CA788A700021816608467047FF20704710B50346446E6033002C04D0846E002C04D0FF2010BD4166D7
:4085C0009A7001E08166DA70002010BD0021416681667047406E002801D000207047FF20704770B50446C0790D46810610D5DF210840E07100F0F4FE057021894180403482
:40860000218A8180618AC180A18A018102F080FE70BD000010B50446FEF72EFD01280AD1A1789020054A484380186030007FFCF781FF012801D000F015FB10BD8C1B00209A
:40864000F8B50E460446FCF7B7FD01282BD02079042801D0072825D1F079B77900020743A0783946FFF780FA25464035012820D03A46711C204600F09EFA02212046FDF7CC
:40868000B2FCA07DC107C90F0220FFF787FE688A002807D0E87E002804D1032109020820FEF7D8FFF8BD01222421204600F02EFBF8BD282028732046FDF7FAFFF8BD70B5DA
:4086C0000D460646FDF702FC002852D120213046FDF7BDF83446687840346073E87820220002E081A9780843E0816879010228790843218A814203D0F1791143F1712082F8
:40870000E8790102A8790843618A814203D0F1791143F1716082687A0102287A0843A18AE180814203D0F1791143F171A082A08A218A8000F9F762FE401E618A80B28142CD
:4087400000D9608201213046FDF750FCE87AA97A000201430022304600F048FB608A002807D0E07E002804D1032109020820FEF771FF70BDF8B50C4605460027FCF71CFD26
:40878000012847D0284E307BC00709D02846403000900078002806D0102803D01F212CE01A212AE001272846FEF78CF8002823D02E4680360822611C7068F9F74AFF706854
:4087C000617A20300172A17A417270682146183008220B31F9F73DFF21462846042213313430F9F736FF39462846FDF715FE002810D1002F0FD012E007210322284600F084
:4088000085FA728B08212846FDF716F811212846FDF7EFFBF8BD06212846FDF7EDFB009801210176F8BD0000401B002010B5FDF733FE10BDF8B504460020009020790D46D4
:40884000032803D0042801D0072825D12046FCF7B3FC012821D068460BF05EFD00281BD111486978007B009E0840F12108402075F9F7E6FCC0B2022803D0207D4006400EA2
:408880002075607E0821084360763146204600F0C1F92046FDF7F3FBF8BD08222421204600F034FAF8BD0000401B002070470000F3B581B004460298FDF7A8FE0646204694
:4088C000FEF7A9FB00282FD0162E04D32046029900F003F928E025464035287800270300FAF7F0FC0E1B1B1B08081B1B1B0808080808081B0298194A01780020135C8B4244
:4089000001D1012702E0401C0728F7D3E87E002801D1072901D0002F0AD01049B00008310A5820460299904702980BF045FDFEBDA078FFF7BFFC002301223D212046FDF7C7
:40894000E9FC3D2028732046FFF711FE02980BF033FD2046FDF7FDFEFEBD0000B071010070B50D460021002801D0002400E00C4C002C14D020464030C177807F032802D1AF
:408980002046FEF707FD2046FFF744FE162D04D20449A800095820468847FEF7CFFB70BDAC1B00203C72010010B5014640310C4609780E2903D1FDF7B3FD0120207610BD11
:4089C00010B54021095C0F2901D1FDF7CCFD10BD4021095C0F2902D1002120304177704738B5044600220E4800920D46007BF1210840C0060ED52046FEF744FB012809D0F9
:408A000068460BF089FC002803D12046009900F067F938BD2946204600F05FF838BD0000401B002010B51021FCF711FF10BD10B54022125C002A02D04978FDF7BDFC10BDAA
:408A400010B5FDF798FD10BD012120304177704710B54021095C0C2901D1FDF7A1FD10BD10B54021095C0D2901D1FDF795FD10BD70B5044600790D46052803D0062801D0E9
:408A8000082802D12046FDF7A9FC68784C21085509212046FDF7B0FA2046FFF768FD2046FCF78AFB0128A07805D0FFF703FC2046FEF75CFD70BDFFF707FCF8E710B504466A
:408AC000FF21FCF7C4FE16214C200155A078FFF7F1FB2046FEF74AFD10BD70B50C460546FEF7CAFA002802D02078687570BD21782846FFF72CFD70BD70B5054648780C4653
:408B0000032802D12846FDF774FC6078122803D110212846FCF79BFE03482146006842682846904770BD000098130020704738B5044600200D46009004212046FCF787FE5F
:408B400068782076E8780002A081A9780843A08168790002E08129790843E081607E04210843607680070CD468460BF0D5FB00281ED12046009900F01FF9607E022108436F
:408B80006076E079410613D5BF210840E07100F027FC00210090017021894180A1898180217E4170E189C18002F0BCFCFEF7C6FA38BD7047704770B50446C07815460A4604
:408BC00000280AD00020E070C1B2A078FEF7EEFFA0782946FFF7A4F870BD0120F3E770B50546042008700C468420415908222031601CF9F72EFD294620460422383109300A
:408C0000F9F727FD0D2229462046FEF743FC002070BD000070B5054609200C46087008220021601CF9F71EFD287D607006480922407BA0700020E070207129462046FEF7E2
:408C400029FC002070BD0000401B00200B4610B501460B20187001221846FEF71BFC002010BD0000FEB50024164F03E0002C01D0002500E03D462846FFF7ACFC00281BD1B9
:408C80005F20405D002817D16A4601A92846FFF779FC002810D1019869460A7806782946FEF7F8FB022E07D1A8780121FFF796FB09212846FDF7A0F9641C2406240ED5D036
:408CC000FEBD0000AC1B002010B50B46122119708178D977014601221846FEF7DBFB10BD10B50B46132119708178D97706490989C90603D1C18A40221143C1820146012209
:408D00001846FEF7C7FB10BD20112E4038B50546002000900C4668460BF0FEFA002801D0072038BD00980D210170447002222946FEF7B0FB002038BD0B4610B5014605200D
:408D4000187001221846FEF7A5FB002010BD0B4610B501460620187001221846FEF79AFB002010BD38B505460020009068460BF0D3FA002801D01F2038BD009C022020708C
:408D80004C20405D6070A878E0772846FFF7EFFB022229462046FEF77DFB38BD10B50B46072119708178D977014602221846FEF771FB002010BD000010B50B460A490446E0
:408DC00008880C221A704A795A709870000AD870C8881871000A5871062221461846FEF759FB002010BD0000401B0020F8B50446403417460E460546E289617B8078FFF75E
:408E00009FF9002F0DD100F0EFFAE2896979FCF75BFFFEF7ADFF608A002800D00120FFF7FBFAE388A08A984200D90346628A218AA878FFF777F9E089E188C0080A300818E9
:408E400081B21920C001814200D90146A878FFF70BFAA8783146FEF771FFA87DC107C90F0220FFF79BFAF8BD044A4000105A884201D10120704700207047000010720100DE
:408E800000B500F017F800BD10B504468818C018FF302D300649F9F7B1FA4034401C228A81B28A4200D211465000401AE08210BD7102000040184008704770B50546144633
:408EC000100702D5A8B2FDF777FDE00702D0280CFCF72EFD70BD70B5044660C8FCF7DEF8FAF74AFE2089C01F0300FAF7EBF90C07140C181B1E0C0C210C110D0C29463046B9
:408F00006289FFF7DAFF70BD284601F077FF70BDFDF718FD70BD2846FCF728FA70BDFCF7B5FB70BDFDF72EFD70BDFDF72CFD70BDE8B2FDF763FE70BDF3B589B00021069147
:408F400003910491009101910291D1490D8928400590680713D5CE484030048A0598400708D50694A00803D1FAF76CFE012801D101200490214600220420FEF731FBC54E37
:408F8000290730462030C036089000297EDAC048A0300189C048CA0704D0428907231B029A43428142890C460A43428100220820FEF716FB0598000768D508980790002036
:408FC00002900394E00705D06005400F022801D1FBF700F9AF482206203001468031403001910090002A02DA418A0198C160600637D50198C068002833D00098C17E00290F
:409000002FD14178022902D0807801280ED1A004400F062814D0012812D00798807DC107C90F0020FFF7BAF9012002909B4F387800280DD00120FFF7EFF9012078700AE021
:409040000798807DC107C90F0220FFF7A7F9EDE70298012805D19249088A0322120290430882E0062BD500984178022902D08178012913D10199C96800290FD0C07E002818
:409080000CD1FEF753FC022808D800E020E00798807DC107C90F0220FFF780F90220FBF799F83079C00704D07E480122C1681143C1607D480078002801D00120049010204D
:4090C000844303D1FAF7BEFD012801D101200490E8077DD06E48203004880598C0070DD0039920040843039002202146814303D1FAF7A8FD012801D101200490600714D515
:409100006A4F7988002910D03888401C80B2388088420AD3FEF7B4FBFEF7E8FF0020388078800120387102200443A0074CD50220FBF750F8584F4037B87DC00710D0787E28
:4091400000280DD0387EF97D884209D2387E58498001096840181130FFF73AF8002078763078012812D1E020FEF730FBFCF7C2FB4C4F02467860037800215B1CE020FAF7BE
:4091800039FE78680BF022F9002030707078012812D1E820FEF71AFBFCF7C4FB414F0246B860037800215B1CE820FAF723FEB8680BF00CF9002070703079800704D5394843
:4091C0000222C1681143C16000222146012000E001E0FEF705FAE80605D50120FAF7EAFF1020FEF70DFAA8062BD52D48E0380689808B089C8006C70FFEF7C6FB29490880DA
:409200000120FAF7D7FF2B4900200870002E15D0002F13D1214E70700120FFF7FDF8E08A01060BD53178002908D1C107C90F0120FFF7B4F8E08A80218843E0822020FEF7ED
:40924000DFF9680602D54020FEF7DAF90720694608810698009003980190059848810498002807D069460EC90A9800280CD000200BF03CF90B4CE068002803D0FBF75EFE8B
:409280000020E0600BB0F0BD00200BF053F9F1E700102E408C1B0020EC1B002056130020E0112E40681300208E130020501300208013002042130020F0B587B0054605A878
:4092C0001E461746019100900C9C04AB06AA02A903A800F0C8F82846FEF7B2FC21463046FEF79EFC6846017A0398FEF767FA05A904A8FEF74BFA6846027E21463846FEF74B
:4093000035FA07B0F0BD000070B50548C4782046FCF7E0FA05462046FCF72AFE284370BD8C1B002070B5054884782046FCF7DAFA05462046FCF734FE284370BD8C1B0020BE
:40934000F8B5069E1F463478042C17D3231FDDB23B460095FFF7B0FF3819001FFEF780FC0520FEF7A3FC0446012229460798FEF723FD3570E00701D00020F8BD1F20F8BD95
:4093800070B51C4615460E46FEF75AFC29463046FEF746FC0320FEF789FC012229462046FEF70AFD1F2070BDF8B5069D089E2C780094FFF781FF0120FEF778FC0746002276
:4093C00021460798FEF7F8FC3046FEF709FD241D2C70F80701D00020F8BD1F20F8BD0000004870478C1C002008B56A4600210B20FAF7D2FD6846007808BD000010B50B4C50
:40940000094923460833A160002142189278002A00D05A54491CC9B20429F6D3FF21A0689A314843A06010BD040302018C1B002070B5059C049D2070060A6670060CA67011
:40944000000EE0704806D101400E0843207104221946601DF9F7FDF82046042229460930F9F7F7F870BDF8B5079C0E46E178069D09020160A77839430902016067783943AF
:40948000090201602778394301602079611D4006400E30702079C009107004221846F9F7D8F82146042209312846F9F7D2F8F8BD10B5FEF769FA094A9168484008490968FC
:4094C00048408108C3084409414063405940C30F59404008C9070843906010BD8C1B002078130020F3B50746FF2081B000240B4E0B4D0DE07268A101535CDB0706D08918FE
:409500002D31029800F0BCFF002805D0641CE4B2E97DA142EED8FEBD3C70FEBD7C1300202C1C0020704700207047FF20704710B50446400603D5FF210020FDF767FCE0061F
:4095400003D500213520FBF7FFFC10BD70477047704700207047704700207047002070470020704700207047002070470249014808607047D07201007C13002070B51224FD
:409580008AB00D46064600292ED000200290039004900590102202A92846F9F74BF8002822D0082168460AF02DFC6946487940214006400E08436946487103226C46C91CD7
:4095C00002A8F9F746F80322E11CF01CF9F741F806AA294602A8FBF74BFC040004D1032206A93046F9F735F820460AB070BD000070B50546FF2129700B4A08460021094B6C
:40960000D47D0BE05E688A01B25AD60704D0520702D52970002070BD491CC9B28C42F1D870BD00007C1300202C1C0020F8B50C460546FF206946087068798009012807D015
:4096400022782946684600F089FF68460078F8BD2946684600F0B0FF68460178FF29F4D0084E8801716806224118491D2846F8F7F0FF684600787168800140180079801C39
:409680002070E2E77C1300203EB50446FF206946087212480088C007C00F16D00846FEF7A1F9684640798009012811D02278694602A800F053FF6846017AFF2905D0880104
:4096C000074949684018007920706846007A3EBD694602A800F070FFF7E70000001F2E407C130020F0B585B0054600206A461070284601F021FA04007ED10C24F9F714FCA1
:40970000FEF7EEF9002803D0824840784007F3D12A78691C684600F021FF0446FF2817D16E4600237B4907243070A0311846C97D0CE0794A87015268D25DD207D20F9A42F6
:4097400002D13070002403E0401CC0B28142F0D8002CD1D16A4611786F4E8A0171680020885201900290039004906A46127828789201511808716A4611788A017168002896
:4097800003D0885A1023184388526846007810228001401829461D301831F8F75AFF6846007871688001401829462D3010220831F8F74FFF68460078716880014018401D8D
:4097C0000622691CF8F745FF684600787168800140180B3006220021F8F744FF68460078716880014018113006220021F8F73AFF68460078800100E088E071680622401829
:4098000017300021F8F72EFF6846007872688101891820318877684600787168800140182D30102201A9F8F705FF0221012500286A4610780BD082017068835A0B4383524E
:409840006A46117889010818418829430BE082017068835A8B4383526A46117889010818418849084900418010787168800140181D30102201A9F8F7DDFE002818D06A4616
:409880001078042382017068815A194381526A46127880239201194381526A4611788901081801461D311130FFF768FEC4B207E068460078716880010A5A84239A430A52BF
:4098C00068460078716880014018411D0079FEF771FB0822FF286846007804D0716880010B5A134303E0716880010B5A93430B526946087881017068425A2A43425269464E
:409900000978890108180021FDF7CAFE204605B0F0BD00008C1B00207C1300200A4608B5104909784907490F022918D10E49097B490614D50146684600F010FE00280ED131
:40994000694608780823810108484068425A1A4342526946097889010818FEF709FD002008BD0000781C0020401B00207C130020F0B5064600208BB007460790FC4CFD4D2C
:4099800070057DD500200690059009A9039004900191009008AB03AA05A90320FEF742F86946098C4906CA0F002816D16846407C03A98009012802A815D000F0CFFDFF2885
:4099C0000BD0617A012908D06946097A6A688901515CC943890700D4FF206946497E8909012905D010E0FFF77DFD01210791F4E7002865D16846007A6968800141181D316A
:409A000005A800F03DFD0127002859D10120FBF755FF012818D16846007A696880014018411D0079FEF7C6FAFF2849D06946087A082381016868425A1A4342526946097A51
:409A400089010818FEF794FC0798012816D16846007A6968800140180B30062203A9F8F7F8FD6846007A6968800140183E210B5C83210B3020224901FEF730FC012F00E00F
:409A80001EE01DD16946087A402381016868425A1A4342526946097A062289010818173005A9F8F7D6FD6946087A6968800140183E210B5C4321173040228901FEF70EFC55
:409AC000F00609D5AC4908880122D2031043088000213520FBF738FAB00574D500200790FF206946087203A8FDF77CFF6946487C8009012825D002283DD00120024600903F
:409B000003A902A800F02AFD070009D0009A0120424003A902A800F021FD0746FF280BD0607A012808D06846007A69688001085CC043800700D4FF27FBF7E8FE002F1CD0B8
:409B400042E003A902A8FFF7CDFC0700F4D101200790607A0028EFD06946087A022381016868425A1A4342526946097A89010818FEF7FEFBE0E70020C0E701281FD0042898
:409B80001DD00220FBF79AFE012818D16846007A696880014018411D0079FEF70BFAFF2812D06946087A082381016868425A1A4342526946097A89010818FEF7D9FB0798CF
:409BC000012811D027E02DE00020FEF773FB6B48008B4007800F012803D166480830FEF7CDFAFEF78DFA76E06846007A6968800140180B30062203A9F8F72BFD6846007A1F
:409C00006968800140183E210B5C83210B3020224901FEF763FB58490888012292031043088053E0700656D5FF20694608725248078801208003074303A8FDF7D3FEFDF79B
:409C40004FFF00282BD06846407C800901281BD0002203A902A800F081FC002806D0012203A902A800F07AFCFF2813D0617A012907D06946097A6A688901515CC9438907ED
:409C800008D5002820D005E003A902A800F094FC002808D036482038807DC00794D136480780FF2114E0607A00280DD06946087A022381016868425A1A4342526946097A96
:409CC00089010818FEF754FB2B4807806846017A0020FDF79BF8300557D5FF20694608722548078801208003074303A8FDF77AFE002203A902A800F031FC002806D001224C
:409D000003A902A800F02AFCFF280CD0617A012907D06946097A6A688901515CC943890771D5002809D00020FEF7C4FA1348008B4007800F012823D025E06946087A0223B4
:409D400081016868425A9A4342526946097A0022890108182030807F1946FEF74DFB064807806946097A0020FDF750F80DE000004C1C00207C130020001F2E4000102E4009
:409D80002348FEF7FBF9FEF7BBF9F0043BD500206946087207A90191009008AB03AA05A90320FDF73FFE00282DD16846008C03A94006C20F6846407C8009012802A824D048
:409DC00000F0CCFB00281ED1607A012809D06946097A6A688901515CC943890713D5002811D06946087A022381016868425A9A4342526946097A0022890108182030807FEF
:409E00001946FEF7F9FA0BB0F0BDFFF76BFBD9E78413002010B50C24F9F786F8FDF760FE002803D00848407840070BD1FDF7FAFC05480021A030C07D820104484068F8F7FA
:409E400011FC0024204610BD8C1B00207C13002070B50D4800784007400F022812D10B48007B40060ED50024094D08266868A101425AB24342520818FEF77AFA641CE4B29E
:409E8000082CF3D370BD0000781C0020401B00207C130020F0B504468BB0FF200790002760060990A54E3D46800F03D1E00501D4A00527D5FFF794FA0AA90191009008AB57
:409EC00003AA05A90020FDF7ADFD07900998800F18D0002069460872FF2000900798002810D1088C41060007000F01906846407CCA0F8009012803A902A804D000F02EFB40
:409F0000002804D0DFE0FFF7EDFA0127F8E76846407E800901280ED1019801280BD16846007A7168800141181D3105A800F0A8FA01250028E6D182488078FCF731F8012873
:409F400019D16846007A716880014018411D0079FEF730F80090FF28D4D06946087A082381017068425A1A4342526946097A89010818FEF7FDF90198012832D1002D30D0D2
:409F80006846007A002F04D07168800140180B3003E0716880014018401D062203A9F8F749FB0006000E01D1002F1CD16846007A71688001401801461D311730FFF7DEFA0A
:409FC00009906846007A7168800140183E210B5C8921113080224901FEF780F90998002871D1002F36D06846007A7168800140180B30062203A9F8F72CFB6846007A7168A3
:40A00000800140183E210B5C83210B3020224901FEF764F90098FF281CD06846007A82017068815A4B0702D5019B012B01D1002D03D001235B02194381526946097A2023D3
:40A040008901425A1A4342526946097A89010818FEF78EF9002D36D06946087A402381017068425A1A4342526946097A062289010818173005A9F8F7ECFA6946087A7168EB
:40A08000800140183E210B5C4321173040228901FEF724F92A48A030807D400713D50098FF2810D06846007A82017068815A4B0703D501235B02194381526946097A890157
:40A0C0000818FEF755F9200605D51E4908880122D20310430880A005800F2CD00020694608720798002811D1088C4006C20F487C03A98009012802A802D000F02FFA01E0CE
:40A10000FFF7F0F96846007AFF2814D0E00512D50B48C030407A00280DD06946087A022381017068425A9A4342526946097A89010818FEF71DF90BB0F0BD00007C13002084
:40A140008C1B0020001F2E40F8B515461E46024600206B461870684600F000FA040002D002242046F8BD694608480978002E04D04068890109180B3103E040688901091888
:40A18000113106222846F8F764FAEAE77C130020F3B581B0029900260E7001991220002935D01B48002500902BE01A49AC014868025DD20722D0201801792720019A704394
:40A1C00087183846203081711249062249686118491DF8F73EFA0F481022406821182D313846F8F736FA0B4810224068211838461D311030F8F72DFA761CF6B26D1C00987E
:40A20000EDB2C07DA842D0D8029806700020FEBD2C1C00207C1300200148C07D704700002C1C0020F8B50546002668460670284601F0CEFD040012D10C24F8F775FEFDF730
:40A240004FFC002803D00D484078400707D12A78691C684600F082F9040002D002242046F8BD6946087881010548406846526946097889010818FDF7C5FDF0E78C1B0020A9
:40A280007C1300200A4608B5104909784907490F022918D10E49097B490614D50146684600F05CF900280ED1694608780823810108484068425A9A4342526946097889015D
:40A2C0000818FEF755F8002008BD0000781C0020401B00207C1300207047000070B5054601F088FD04000DD107484078400709D1F8F71AFEFDF7F4FB01462878884201D026
:40A30000FDF7DCFA204670BD8C1B0020F8B5064601F076FD04000ED1084D287EF9F7DAF9002808D13188E982034600902846044A1830F9F77BF92046F8BD00005C1C0020E2
:40A34000DDA4000038B5054600206A461070284601F05CFD040012D10C24F8F7E5FDFDF7BFFB002803D01B484078400707D12A78691C684600F0F2F8040002D00224204640
:40A3800038BDE9790222012969461348097813D0406889010B189B78DB07F0D0435A1343435269460978890108182030807F01220221FEF721F8E2E740688901435A93430D
:40A3C000435269460978890108182030807F0022EEE700008C1B00207C130020FEB50646002401A8FAF7D8FC002E07D000283BD16846007981011D48F9F702F8002833D144
:40A400001B484022017B1B4D1143017368460079164FE87582013F1F00217868F8F722F9FF2006E07A68A10189182031641C8877E4B2E97DA142F5D800240F4FAC75E1218B
:40A4400089003D461835F982002E01D0009406E0387EF9F73FF9002806D10094F98A0023064A2846F9F7E2F8FEBD000080130020401B00202C1C00205C1C0020DDA4000086
:40A4800070B5FF2588B00E460446002821D0002E1FD0002000900190029003906079400617D5102269463046F8F7C4F8284010D00322E11C6846F8F7CCF804AA3146684636
:40A4C000FAF7D6FC032204A92046F8F7B3F8002802D0284608B070BD0025FAE7F8B50020009015480023C18A144A1830F9F79EF80024134F134E19E07868A501415DC9074C
:40A5000012D0281801461D311130FFF737F80006000E09D178683E2128180B5C8921113080224901FDF7DAFE641CE4B2F07DA042E2D801207076F8BD5C1C0020DDA4000093
:40A540007C1300202C1C002010B5014606220248F8F77FF810BD000084130020F7B582B0FF200299009008700024114F114E1AE07868A5012818401D06220399F8F75AF8B7
:40A5800000280ED1786829180A7904998A4208D1405DC00705D0029804700020009005B0F0BD641CE4B2F07DA042E1D80098F6E77C1300202C1C0020F3B581B0FF20019919
:40A5C0000090087000240E4E0E4F14E07068A50128180B3006220299F8F72CF8002808D17068405DC00704D00198047000200090FEBD641CE4B2F87DA042E7D80098FEBDAB
:40A600007C1300202C1C0020FEB5044600206946019008704A4907460860054688806079484E022801D003287AD1A279E11D6846FFF794FF05001DD1414A68460078083A7D
:40A64000516880010B5C1B0614D540181130FDF7BFFD684600788022810139480838406808183E210B5C892111304901FDF736FE012001902079012801D0042811D16846EF
:40A680000078FF280DD081012D4808384068081801462D310B30FEF771FF05062D0E0BD000250198002801D0002D2FD06079022834D0032832D033E0214F69460878083FA9
:40A6C0007968800141180B310622E01DF7F7C1FF694608787968800140183E210B5C83210B3020224901FDF7F9FD694608780123810178685B02425A1A43425269460978BD
:40A7000089010818FDF734FE0127CAE7B07D01210843B0756846007830760EE0801E6071B07D40084000B075002D06D00020384201D00120A0712846FEBD0120F7E70000E6
:40A74000841300202C1C0020F3B587B00C46FF20694608700025059501950872074660792E46022801D0032800D10126207E022801D0032800D10125FDF7B2F9002810D05A
:40A78000217984480390012918D06279002E01D0921ED2B2A11D6846FFF7E0FE070015D0CEE0002E02D06079801E6071002D02D06079801E6071002009B0F0BD002DEFD0A5
:40A7C00002A8FEF715FF070078D0B9E071482030407A002801D0002E72D06846007881016D484068081801462D310B30FEF7C6FEC7B2079840300490002F21D0002D7DD01E
:40A8000068460078810164484068405C400775D506220021A01DF7F725FF04986179C170A01DFDF7ABFC69460878FDF7E5FC694608780323810158481B024068425A69E0B3
:40A8400069460878202281015348406808183E210B5C83210B304901FDF740FD06220021A01DF7F7FFFE04986179C170A01DFDF785FC0120694601900878FF238101464885
:40A8800001334068425A1A4342526946097889010818FDF76DFD69460878FDF7ADFC002D4ED06846007882013B484068815A4B0746D501235B02194381522DE039E0FFE708
:40A8C00006220021A01DF7F7CDFEA01DFDF756FC69460878FF2381012F4801334068425A1A4342526946097889010818FDF740FD69460878FDF780FC002D00E020E01FD03D
:40A9000068460078810124484068425A530717D501235B021A4342526946097889010818FDF726FD03980421807D08430399887526E06946087A810117484068425AE7E74B
:40A940000398FB21807D08400399002D887517D00598002814D1207E801E20766846007AFF280DD081010C48012340685B02425A9A4342526946097889010818FDF7F8FCB8
:40A98000002E05D00198002802D16079801E6071384611E72C1C00207C130020FEB50546407900273F4E022801D003283CD16846FEF71EFE07000DD168463B4C0078616873
:40A9C0008001401801461D311130FEF7D7FD07063F0E05D06879022824D0032822D023E06946087880228101606808183E210B5C892111304901FDF771FC01206871694651
:40AA000008780123810160685B02425A1A4342526946097889010818FDF7AAFCB07D022108431AE0801E687101204002002401900DE01D48A2014168019B885A98438852D5
:40AA4000C00702D05018FDF793FC641CE4B2F07DA042EED8B07DFD210840B075114AA879A03A124903280BD0022812D00024012812D04C769078FD21084090703846FEBD14
:40AA800001204876A8790221801EA87190780843F3E701204876F1E790780223184390704C76EBE72C1C00207C1300205C1C0020F7B515460C46FDF713F80646FF2C31D03D
:40AAC000002E2FD0687C1A4F8009A401012814D17868009A211808794032801CD0702846491D06220C30F7F7B4FD78680622211828460B311830F7F7ACFD0098FAF75CFB9D
:40AB0000002812D004200B49897D01420AD07868015D490706D521182846113106221230F7F797FDF007C00FFEBD0120EBE700007C1300202C1C002010B5044601F048F966
:40AB4000002802D1601CFAF715FE10BD03460020002A05D0002B03D11B2901D3FB2901D912207047C9007031118070477047FF2070477047012070477047002070470020AB
:40AB800070470000014AD268126910478C130020014AD268126910478C13002010B5012200F016F810BD000010B5054802780121002A017002D10120F8F7A2FE002010BD46
:40ABC0009C13002010B5002200F002F810BD0000F8B515460C460646F7F71AFB224A1078012806D01078022803D0F7F70DFB1120F8BD0C2046431D483018C178837899427A
:40AC000003D3F7F701FB1220F8BD46780C277E434168676871182668A4684F600E608C60C178431C491CC1704178491CC9B219708078814201D1002018705068401C5060CE
:40AC40001078012803D0F7F7DFFA0020F8BD02201070F7F7D9FA002D03D00020F8F750FEF3E70120FAE700009C1300202C1E002010B51148002101704160C0220F48F7F767
:40AC8000F1FC0E4890220021C030F7F7EBFC182200210B48F7F7E6FC0948102181700C21817306494160C03101610649816006494161F8F70DFE10BD9C130020DC1C002095
:40ACC0002C1E0020D78E00009DC20000F8B50025134C01262F462078002811D001280FD0022802D0032816D114E000F01BF8F7F78FFA6068002800D12670F7F785FA0AE086
:40AD0000F7F786FA2078002802D020780128F4D10125F2E72770002DDDD00020F8BD00009C130020FEB5204D204E0027FF24F7F76FFA00200C2141438919C978002901D09C
:40AD4000044602E0401C0228F4D3FF2C28D00C204443A41921780C2260685143081801460EC9029301920091076047608760E078401EE0702078401CC0B22070A1788842D9
:40AD800000D127706868002802D06868401E6860F7F73AFAA1680029C8D068468847C5E7F7F732FAFEBD00009C1300202C1E002010B5830A082B02D009F0C2FB10BD00F07E
:40ADC000D5F810BD10B50C460146207800F026FD0028204603D001F013FA002010BD00F07AFC1F2010BD10B5820A082A02D009F041FC10BD00F0C0F910BD0000F8B504462D
:40AE000040782578000205430020694608702846FFF7E9FF012827D16946A0780978884222D01C498D4208D0891D8D4205D0C91C8D4202D0C91C8D4204D11221284600F0C5
:40AE400077F80CE00022022805D32079E178000201430A05120D12212846FFF7A9FF204609F082FA1220F8BD0B4EA80A08282A4631460AD0E01C09F047FC204609F074FAEB
:40AE80003146284600F00AF8F8BDE01C00F084F9F3E700000D200000441E0020F8B50D4604460020694608701D4884420FD0801D84420CD0C01C844209D0C01C844206D047
:40AEC00017481830844202D0401C844201D101200870A00A08280A462946204609D009F065FC064668460078002805D0012815D110E000F085F9F4E70022002D05D0687899
:40AF00002978000201430A05120D31462046FFF74FFF03E03146204600F00AF83046F8BD0D2000000148007B704700005C1C0020F8B5054600200E4600906946082000F0FB
:40AF4000C3FB002801D00720F8BD009C0F202070A670FFF7E7FFE0702571280A6071042060702146FF20FFF72DFFF8BDF7B582B00646002001900420694608707749784B0E
:40AF8000701A0C22F51806278E422BD008DC002D1FD0012D1FD0052D20D00D2D08D11DE0032818D005281FD006281DD0072812D06C49304609688847694609784018694688
:40AFC0000870694930460968884769460978401805E0781C03E06846027007E005206946087003E00B20FAE7684607706846007801A9001D00F068FB002802D0072005B010
:40B00000F0BD019C31462046039A00F0EBF804206946087052481338301805D0052803D0062801D00D2806D10499A17104996846090AE1710770039800281FD14749891F60
:40B04000701A8E425DD007DC484F002D1ED0012D2FD0052D06D14DE0062859D0092866D00D286CD0424B6A461B68214630469847404B6A461B682146304698476846007806
:40B0800060702146FF20FFF79DFEB8E769460978387F6118887069460978000A6118C87069460878801CC0B20870797F2018817023E06946087808222018801C0021F7F7B2
:40B0C000D1FA387BF12108406946097861188870F7F7B6F8C0B2022806D068460078201881784906490E817069460978787B6118C8702DE0FAF736F805E069460878401C6B
:40B1000029E0FAF753F86946097861188870F4E7684600782118891C0498FAF733F8002801D06071AAE769460878401D13E06946087808212018801C08F064FE08E069469B
:40B1400008780A492018801C08222031F7F781FA694608780830087090E7000015200000FEDFFFFFD0130020C0130020401B0020CC130020BC130020064AC0B2137883426D
:40B1800006D3401E1269C0B2105C08700120704700207047A413002030B4074BD2B21C78944206D39B689200D218403AD26B30BC104730BC70470000A413002007484F2152
:40B1C000017007494160FF313D318160FF313931C160FF313931016170470000A4130020B073010070B504460E2016460D462070FFF798FEA070E570280A2071667170BD71
:40B20000F8B50D4D16460F46C1B22A780120914210D88C00E868314620184038C26B38469047002806D16868314620184038C26B38469047F8BD0000A41300201CB500907B
:40B2400001916846F7F71AF8C0B21CBD1CB5009001916846F7F710F8C0B21CBD70B5154C0546442200212046F7F7FCF9212212492046F7F7EEF9114AF121107B0840C306DE
:40B280000F48017802D53023194301E0CF2319400170107BC007207F02D00721084301E0C008C0002077442221462846F7F7D1F970BD00008C1C0020D5780100401B0020B4
:40B2C000AC1C002010B5F9F7FBFF10BD10B5FAF71FF810BD002070470120704710B5FAF779F810BD0020704710B5FAF775F810BD044A0178D18040784007400D0143D180ED
:40B30000002070475C1C002010B5FAF788F810BD38B504460020009069460E2000F0D4F9002801D0072038BD00993E200870032088702078C870A07808716088000A48716F
:40B3400020798871A088000AC871A0790872E088000A4872207A88722089000AC8720A2048700320FFF72EFD38BDF8B50546002000906946232000F0A7F9002801D007202B
:40B38000F8BD009C3E2020700A2100F047FA01460120002946D001260A20A07007462878E070A978217169880622090A61716878A0712879E0712046294608300C31F7F7E1
:40B3C00048F90C20002E0ED0204629460E3006221231F7F73EF920462946143006221831F7F737F91820AA7921188A70EA88801C120ACA702A7A21188A702A89801C120A55
:40B40000CA70AA7A21188A706A89801C120ACA70221869799170401C607021463846FFF7D1FCF8BD0026A0700127B8E7F8B5044600200E46009015466946082000F044F999
:40B44000002801D00020F8BD0099082008708E70CC70200A08714D7104204870FF20FFF7B1FCF8BD38B50C460021054600916946072000F029F9002801D0002038BD00990C
:40B48000302008708D70CC70200A087103204870FF20FFF797FC38BD38B50546002000906946112000F010F9002801D0002038BD009C3E2020700520A0702878E070288842
:40B4C0000822000A2071601D6968F7F7C2F8A9680D200A7862734978A173607021460520FFF770FC38BD38B5054600200C4600906946092000F0E8F8002801D0002038BD84
:40B5000000991320087001208870CD70280A08714C71200A8871052048700722042000F023FEEBE738B504460020009069460C2000F0CAF8002801D0002038BD00990C2092
:40B54000087020788870A078C8706088000A08716078487120798871A088000AC871A0790872E088000A487208204870FF20FFF729FC38BD38B504460020009069460620F0
:40B5800000F0A2F8002801D0072038BD0099572008708C70200AC87002204870FF20FFF711FC38BDF8B5064600200C46009015466946082000F088F8002801D00020F8BDAA
:40B5C0000099052008708E70CC70200A08714D7104204870FF20FFF7F5FBF8BDFEB507460020009010480E46019015466946082000F06AF8002801D00720FEBD009C324684
:40B6000020460199FFF7EEFDA771380AE0710620002E03D1290A25726172082060702146FF20FFF7CFFBFEBD7B0C0000F8B5054600200E4600900C4F6946062000F044F8E1
:40B64000002801D00720F8BD009C324639462046FFF7C8FDA571280AE071062060702146FF20FFF7AFFBF8BD7C0C000010B5FBF7FDFA10BD10B5FBF713FB10BDF8B505464A
:40B680000020074600900D4E6946142000F01CF8002801D00720F8BD009C3A4631462046FFF7A0FD1022A01DA918F6F7D2FF142060702146FF20FFF785FBF8BD1720000090
:40B6C00010B5F9F737FE10BD0A4610B5C1B2104608F0DAFD10BD10B508F050FE10BD0000F8B50546C078AF78164C00020743A07D26468000203E8019103004222946F6F77A
:40B70000A8FFA07DB38E800082191032291D042B16D03550A07D0023400080190784A57D204610302B54A07D401CC0B2A075042800D3A375B08E401CB086104600F051FD61
:40B74000F8BD0000A81E0020FEB5144C0025E17D204610300D54E07D26468000203E305808F020FEE07D401CC0B2E075042800D3E575B08E401EB0860948807A00280CD052
:40B780000095019511206A4602951081558129460A460020029B08F0CDFEFEBDA81E00205C1C002010B5184C207A002827D1F8F717FA164900208875C87520398886207272
:40B7C0006072A072A08210BDA07A00280DD0401EA0720D4A0006410D403A8818515C4068022907D0042907D101E00920F0E708F0C5FD01E0FFF7A8FFE07A401EE072E07A49
:40B800000128E1D810BD0000001F0020A81E002010B5FFF7C7FF002010BD00001B4B10285A7A2DD00CDC0C2823D004DC05281ED0082829D124E00E2824D00F2824D121E0C8
:40B84000302818D004DC13281CD01A281CD114E03E2802D0572817D111E0500614D5491E01208840D98880B201420BD10CE0012006E0802004E0202002E0022000E00420CE
:40B88000024201D001207047002070475C1C002010B50B460178401C197001460622581CF6F7D7FE10BD034610B5084608221946F6F7CFFE10BD70477047704742781202E7
:40B8C0000A8003781A430A8080788870704770B50D460446014610222846F6F7BAFE214610221031A818F6F7B4FE70BD034610B5084640221946F6F7ACFE10BD42781202B2
:40B900000A80007802430A80704710B50B4641780A021A800178801C0A431A8001461022981CF6F796FE10BD427812020A80007802430A807047427812020A800078024328
:40B940000A80704770477047427812020A80007802430A807047427812020A8003781A430A80807888707047007808707047427812020A80007802430A80704710B50B464E
:40B980000178401C197001460622581CF6F761FE10BD10B502780B460A701F2A03D8411C581CF6F756FE10BD00780870704770B5054640780C460002088029780622084361
:40B9C0002080E87800026080A978084360802879207168796071A879A071E91DE01DF6F738FE687B6073A87BA07370BD0022835C0B70521C491CD2B2082AF8D37047704786
:40BA0000034610B5084606221946F6F722FE10BD7047704710B502780B460A701F2A03D8411C581CF6F715FE10BD70B5054640780C46000208802978082208432080A91C90
:40BA4000201DF6F706FEE87A102200026080A97A08436080294620460C310C30F6F7F9FD70BD02780A7042784A70807888707047427812020A8003781A430A80C27812025F
:40BA80004A80807802434A80704710B504460088FAF7C2F800280AD0A078152811D008DC05280ED013280CD0142808D109E0022010BD1A2805D0292803D03B2801D01220F0
:40BAC00010BD002010BD012070470078012801D9122070470020704700207047002070470020704710B50088FAF796F8002801D0002010BD022010BD10B50088FAF78CF891
:40BB0000002801D0002010BD022010BD10B50088FAF782F8002801D0002010BD022010BD002070470078272801D912207047002070470078012801D9122070470020704730
:40BB400010B501790388428804291BD801290ED0934217D80124A403A24213D8202B11D3817B03290ED8012901D0042902D18179032907D84179032904D8407B410701D0D7
:40BB8000C00800D0122010BD00781F2801D9122070470020704700207047002070470020704700207047002070470020704710B50446007827280AD8F6F742FBC0B202280D
:40BBC00002D06078252802D8A078072801D9122010BD002010BD10B50088FAF71DF8002801D0002010BD022010BD0120704710B50088FAF711F8002801D0002010BD022018
:40BC000010BD10B504460088FAF706F8002804D0A078012803D9122010BD022010BD002010BD0020704710B504460088F9F7F4FF002804D06088002803D0002010BD02207E
:40BC400010BD122010BD70B5054600780C460870691C0622601CF6F7FCFC2046E91D10220830F6F7F6FC29462046173110221830F6F7EFFC70BD704710B50B460178401C45
:40BC8000197001460622581CF6F7E3FC10BD10B50B460178401C197001460622581CF6F7D8FC10BD7047704710B50B460178401C197001460622581CF6F7CBFC10BD0078DC
:40BCC00008707047427812020A80007802430A80704770B5054600780C460870691C0622601CF6F7B6FCE879E07170BD7047002070470000F8B50D4611491478164641183D
:40BD000008D0104807460D37C07C012908D002290BD10CE0FEF780FA29198870641C03E02A19921C012305E0E4B23470F8BD2A19921C00233946FEF707FA6871A41DF3E71F
:40BD4000D6DFFFFF5C1C00200649401805D0012805D0022803D00020704701207047062070470000D6DFFFFF10B5FDF7BBFC10BD10B5FEF74FF810BD10B50478411C82682F
:40BD800000232046FEF7E0F910BD10B50478411C826801232046FEF7D7F910BD014610B5FF313931FEF7F4F910BD0020704710B5FEF738FA10BD10B5FEF790FA10BD10B500
:40BDC000FEF7A4FA10BD10B5FEF7BCFA10BD0000014A126852681047B8130020014A1268D2691047B8130020014A1268926A1047B8130020014A1268D26C1047B81300205B
:40BE0000014A1268926D1047B8130020014AD26852681047B81300200078012801D9122070470020704700207047002801D00020704712207047002801D0002070471220AE
:40BE400070470078012801D9122070470020704700880449401E884201D312207047002070470000B8A100000178012902D8C079012801D91220704700207047014A1268A8
:40BE800012681047B8130020014A126892691047B8130020014A1268D26B1047B8130020014A1268126B1047B8130020014A1268526A1047B8130020014A1268D2681047E3
:40BEC000B8130020014A1268926C1047B8130020014A1268526D1047B8130020014AD26812681047B8130020064805490160064941600649816002496C31C160704700006E
:40BF0000F8780100B8130020F5BC000049BD0000014A126892681047B8130020014A1268126A1047B8130020014A1268526C1047B8130020014A1268926B1047B8130020A1
:40BF4000014A1268926E1047B8130020014A1268D26A1047B8130020014A126852691047B8130020014A1268126D1047B8130020014A1268D26D1047B8130020014AD26864
:40BF800092681047B81300200020704770470000014A1268926A1047C8130020014A126812691047C8130020014A126852681047C8130020014A1268D2691047C8130020EF
:40BFC000014A1268526A1047C8130020014A1268D2681047C8130020014A126812681047C8130020014A126892691047C8130020014A1268D26A1047C8130020014A126862
:40C0000052691047C8130020014A126892681047C8130020014A1268126A1047C813002010B50B48017A01290ED0C17A00290CD001210172407A064BC000403BC1184A88EE
:40C040004968185CF7F7CDFD10BD0021017210BD001F002070B503461448C47A092C0BD3022B05D0042B02D10846FFF734FB70BD0846FFF769FB70BD847AE5000B4C403C2C
:40C080006355837ADB001B195960817AC90009194A80C17A491CC172817A491CC9B281720929E8D30021817270BD0000001F002010B50F4CE17A002918D0617A2246C900AD
:40C0C000403A515C022904D0042904D1FFF703FB01E0FFF739FBE07A401EE072607A401CC0B26072092801D30020607210BD0000001F00207047FEB5002406460D462046FF
:40C10000009401940294012E05D0022E1AD10846F9F72CF915E012206946088100954A81002B69460EC90ED0002008F0DFF9040007D000F02FF8002803D02946304600F0BE
:40C1400043F8E0B2FEBD002008F0F4F9EFE7000010B5FFF7ADFF034800210172FFF760FF10BD0000001F002010B5FFF773FFFFF757FF10BDF8B5154607465C1B2046069E99
:40C18000F6F767FAA81982B221463846FFF7ECFFF8BD00000148007B704700004C1C002010B5012802D002280AD103E0084608F05BF802E0084608F09FF80006000E01D0D9
:40C1C000002010BD012010BD10B5012805D0022802D1084608F0FAF810BD084608F0C4F810BD08B50B46C17882780902891889B20091014604220220FFF7BCFF002008BDF2
:40C200003EB54178002216236C46029223810090891C61810120029B009908F08BF900203EBD10B500210846FEF782FE10BD0EB500210191029118216B4619810090012054
:40C240005881002A69460EC902D008F04FF90EBD012008F06FF90EBD10B50B4B0B4A0C490C48F7F7B7FC0C480021017241728172C172017402468182403A11664182817329
:40C28000C173084610BD00002FC20000F5C00000F7C0000023C20000001F002010B50189162907D017290BD0182902D10068FFF74FFF10BD428901680420FFF755FF10BD32
:40C2C0000068FFF70DFA10BD70B58AB0284801F029FE00280FD1274801F01EFB00280AD1264925480860084600F0C8F8002802D1234806F0A7F9054602A802F047FD002414
:40C3000002AE07E0E000001B8019401CF8F7F8FC641CE4B26846007AA042F3D8002D24D10020694688716846F8F71CFD062269461448F6F78EF9684602F0A8FE012069464B
:40C3400088716846F8F70EFD062269460E48F6F780F90021012000F05BF80C480078012803D10021FD2000F053F828460AB070BD3DD3000099D5000035F70000D8130020B8
:40C3800059F50000E8140020F4140020CC12002070B504000ED0206800280BD00A4DA8600420687000F084FD204600F0FBFF002802D006E0012070BD02F050FE204603F078
:40C3C00063FD0021297070BDD413002010B5002422460A490A4800F02BFD0A49884200D108240949884205D00849884202D0491C884200D10324204610BD0000C9C2000004
:40C40000CDF40000111000000520000011110000002804D0024A9268002A00D010477047D413002030B5054608480C000CD0002D0AD0284600F00EF8002805D16978044A82
:40C4400009018918C988218030BD0000112F0000241F002001464A780648002A09D1064A137ADB439B0704D409781278914200D100207047132F0000241F0020084900281B
:40C4800009D00068002806D006490A68002A04D00348C01C704708467047086000207047112F0000E0130020F7B586B0069815460E4600280AD0152E05D01E2E09D9D22E92
:40C4C00007D0522E05D0F74809B0F0BDF548401EFAE7002000900698694640780490FF2008730698FFF7B6FF07002DD11B2E0CD01D2E0AD0F0070BD0012E06D004980101FF
:40C50000E9480818007BB0421CD1F00703D010E01E2EF3D0F9E71E2E17D004980101E2480818407B002804D0522E0ED0D22E09D10BE01D2E09D104980101DB480818407BF1
:40C54000002802D0D74FBF1CD0E0012E1CD004980101D5480818C088001DF7F72BF8040014D0D0490120091D0F2E72D011DCCF4A3300F6F7A7FE0F292BF947F855F771F6C4
:40C580007EF591F485F329000920E6E7C54F0D3FACE0182E73D009DC3246103A1300F6F791FE08E0B4FB2E1313E4E4131E2E26D006DC192E23D01B2E01D01D2E04D1EBE018
:40C5C000522EFCD0D22E7DD0B64F8CE0E87804280DD00499AA780B01B3495918097B491E8A4204D0062802D0AE4FBF1C7BE0A87860712888A071000AE071E878F7E06946DF
:40C60000488154E028881738904201D30F466AE003206946488128886071000AA07146E02879012816D0102702206B46588128796071EA885889BF1C231D7A43C0182968C3
:40C64000F6F707F86B46E88859897843081858812DE04FE00227E7E769464881A88829688200601DF5F7F5FF69464889A9888900F3E002206B465881A888801C5CE08EE19C
:40C680002968002902D0A988002905D1012100916946488100200190012221462846049B00F040FB070023D0009800281BD0267100206A4690735673304600F00DFA6A462B
:40C6C000107300E037E106990B7813724978517201945189091D5181014601AA002002F06FFA070002D02046F6F782FF3846EBE6E88817E169464881AA88601D2968F5F7B8
:40C70000A8FF69464889A988A7E0E888002800D17CE7A8880028FBD0049A1301624A9A18D288521E9042F3DA28680028F0D002206B465881A888001DA8806071AA88E888A6
:40C740005B894243201D18182968F5F782FFA888E9886B4648435989401878E7D9E0BEE0B5E0E1E046E034E021E02A89002ACFD06B4658812989221D81545B89090A671D40
:40C78000D9556B465889801C81B25981A88988545989000AC85552E0012221462846049B00F09CFA07009ED1E888C01C27E7288817389042ACD20320694648812888607170
:40C7C000000AA0710498298802013748101841806DE7288800289BD06A88002A98D0904296D86071000AA0716888E071000A2072052004E72B89002B8AD06A89002A87D085
:40C80000934285D86B4658812A89211D4254100A5B89621D98546B465F896889A31DF8546B465B89000AE71DD8556B465889001D87B25F81A88978545989000A8854588978
:40C840002146801C82B25A812846049B00F06AFA0700A8D169464889E9884018CFE69A42BED86B4658812A88211D4254100A5B89621D98546B465F896888A31DF8546B4696
:40C880005B89000AE71DD8556B465889001D87B25F81287D01280BD078181022291DF5F7D8FE0AE0122F0000241F0020F9010000A88878545989000A885468464189287DB5
:40C8C000012801D0102000E00220081897E62888002891D06071000AA07103208FE62A88002A89D06A46508128886071000AA0715089801C81B251816888221D88546A462B
:40C90000010A5289601D11546A465089801C5081CDE621462846049A00F0BEF9070098D1E8884000401C6AE62A88002AD1D06B88002B94D16AE62989002900D1D3E669463C
:40C9400048812989271DC1550A0A69464989601D0A5469464889801C48810498010117480818C0880F3880B2E880A988884200D9E9806B465889EA88C0192968F5F769FE49
:40C980006B465889E9880C22401880B25881C019A918F5F75EFE6B4658890C3057E62A78002A01D0012AC5D1694648812978221D815469464889401C22E60000241F002024
:40C9C00010B50A4800210160094804224270012282601722C2804280828001734173054A1721042001F0DEFA10BD0000E0130020241F0020F9CA0000704700004079034AD2
:40CA0000000180188068086000207047241F0020F8B5074640790E46010120480C18A568304609301FD0042805D00C210D280CD0112831D122E06078042803D0F6F74AFE0B
:40CA4000042060700020607316E06078042806D10091601C3B46124A1E21F6F7E7FD787A401C607317E06078042803D0F6F732FE042060700020207335400DE060780428EB
:40CA800006D10091601C3B46054A1E21F6F7CEFD787A401C20733543A560F8BD241F002069CD000070B502010A481418A16001290FD160780425042802D0F6F70BFE6570A4
:40CAC0000120A0601720E0806080A08000202073607370BD241F0020032809D9C10704D01B2804D01D2802D003E01E2801D0F1207047F22070470000F0B585B005460329B5
:40CB00004AD803D1002A47D0002B45D0444801248446FF206E4630717071B4722E78414827463F01103FC75D641EBE4209D127013F18BF68012F04D06E4674712878307159
:40CB400007E0002CECD16646002E02D0012923D124E0012920D0022945D01078142801D9162805D31E2850D9D2284ED052284CD0FF206946087248720092CB806846017AE4
:40CB80006A46002002F01CF82549491E884203D10121062007F02EF805B0F0BD0A461201103A12189268491E012A02D00029F5D1E4E7CAB26B465A712C781C712B780901A0
:40CBC000435402211046FFF76DFF81206B461872587203A9284600F0C7FA03A8009007206B46D880CAE7E0B20121FFF75BFF822069460872487203A9284600F0B5FA03A849
:40CC0000009007206946C880B8E769464872FFF763FF6946521C08725B1E0092ADE70000132F0000241F0020F8B50546447A807A0E46012821D1287A81281ED082281CD01D
:40CC4000002E0ED11E2C0CD0E00702D01D2C06D009E0522C05D0D22C03D01B2C01D0082108E0E00702D01B2C02D106E01E2C04D10421C9432846FFF7CBFE06480768002F51
:40CC800006D0E888009032462146281D2B68B847F8BD0000E0130020F0B5838801240568002B15D00B4E12019719FA88A61CB24209D32A880C192271120A5B1EAD1C627103
:40CCC000B4B2002BF1D18188C91AC1800020F0BD0148F0BD241F0020162F0000F8B505899C468E46002D16D08188961C8F1919010B4B0A4CCB18DB889F420AD871468918BB
:40CD00000D712A0A4A71B2B26346714600F00AF804462046F8BD01480A38F8BD202F0000241F0020F8B50D4684880168002C01D0002909D01F010A4BA618FB18DB889E427C
:40CD400004D99B1AC38002E00648F8BDC480C388A818001D1A46F5F77CFC0020F8BD0000241F0020112F000070B504464079002501010D480D4E08188068C04341070029D6
:40CD800001DB691F03E000070DD40821C9432046FFF73EFE607A3146401C60722560E5802046FFF741FF70BD241F0020172F000070B50446C38804C8042101F0BFF8050044
:40CDC0000FD1617AC8070ED01D2912D0522908D0D22906D01B2904D00821C9432046FFF717FE284670BD5229FBD0D229F9D01E29F2D00421F2E710B582798B799A4204D1A0
:40CE00000622F5F717FC002801D0002010BD012010BD0000002804D003490978017000207047024870470000E41300201310000070B5154D04462878012801D0134870BDB8
:40CE400002202870696006F0E7FE06F03FFC00F0ADF8F6F711FDF6F7D3FD07F0A1FD204604F014FF040003D105F0ACF9040002D00120287005E000F005FD07F092FD06F080
:40CE800070FF204670BD0000E41300201110000010B506480178022905D1032101704068002800D08047002010BD0000E413002010B50D4C2078002814D1606006F066FFCD
:40CEC00006F0B0FE06F056FC00F09CF9F6F79AFD07F06DFD05F00AFA00F016FD07F068FD0120207010BD0000E4130020FEB504462B480E002AD0002C28D0204600F08CF978
:40CF0000002821D0264FBF1CB84220D0B579022D01D0032D1BD1062231466846F5F799FBAD1E684685716946204600F075F900280AD0B8420BD002A9684605F0BFFB00289E
:40CF400009D16846007A20701548401CFEBD1449C91C8842FAD120780E22124D5043B1794019817120783146504340190622F5F770FB0D480E228179207850434019417374
:40CF80002078094950434019C01D0622F5F761FB0549491E0878401C08700020FEBD000011140000341F0020ED130020F8B505240B4F0026641E0E206043C51906220021E2
:40CFC0002846F5F74FFBAE71E81D06220021F5F749FB6E73002CEDDC02480670F8BD0000341F0020EC13002010B5062200210548F5F738FB034806220021801FF5F732FB4D
:40D0000010BD0000801F002010B50C46014606220648F5F71EFB002C05D0044806222146801FF5F716FB002010BD0000801F002070B5040004D02078052804D3124870BD47
:40D040001148001F70BD0E214843104D062240190021F5F707FB20780E2148430026401986712078062248434019C01D3146F5F7F9FA20780E214843401905494673087893
:40D08000401E0870002070BD15140000341F0020EC1300200B0010B50D4906D0002804D00278052A03D3081D10BD084610BD0E214A4308495218527B9A7100780E22504384
:40D0C0004118C91D06221846F5F7C3FA002010BD11140000341F0020F0B50646002085B005460490029003901D480C46002906D0002E04D03078052803D31948001D05B05D
:40D10000F0BD184F0622B91D02A8F5F793FA002806D00622B91D2046F5F79BFA01201BE021463046FFF7B6FF0490A079022814D302D0032803D005E06846857102E0012019
:40D14000694688716846F7F70DFE062269462046F5F77FFA68468079A0710498CFE70000111400007A1F00200B0010B50D4906D0002804D00278052A03D3081D10BD08461F
:40D1800010BD0E214A430849521892799A7100780E225043411806221846F5F75AFA002010BD000011140000341F00207CB50026054612480C4600960196002906D0002D8F
:40D1C00004D02878052802D30C48001D7CBD06220B496846F5F72EFA002807D0062208492046F5F736FA0120A07104E021462846FFF7BAFF064630467CBD0000111400001D
:40D200007A1F002010B50021024A084606F046FD10BD0000F5D20000F3B583B0054604981749002818D0002D16D005248E1C2C7000206946009088808871641E0E202146BD
:40D240004143104809180F460498FFF7D4FD002805D000262C7010E0084605B0F0BD2878052808D139466846FFF7C5FD002802D0034E2C70F61C002CDFDC3046EDE70000E5
:40D2800011140000341F002010B50C46002808D0014606220448F5F7DCF903488471002010BD024810BD0000ED1300201114000010B50E4A002907D0002805D00278052AF7
:40D2C00004D30A48001D10BD104610BD0E235A43074B8C79D218947100780E225043C0180622F5F7B6F9002010BD000011140000341F002070B5104D002A0FD0012A0CD1F6
:40D3000000240E206043421900210E23084606F0BBFC641CE4B2052CF3D370BD00240E206043421900210E23084606F011FD641CE4B2052CF3D370BD341F002008B502298D
:40D340000DD003290AD150786B460002188011780143198069467220FFF75AF808BDD0789178000201436846018069467120F3E710B509480068002801D0F6F739F907483D
:40D380000068002801D0F6F733F905480068002801D0F6F72DF910BD30140020101400200C140020F8B56349074600240C701E20C870B8790326002800D101208870F879E4
:40D3C000002800D1012048703A89002A02D0121F8A8000E08C807A89002A02D0121FCA8000E0CC801C214843F6F7E4F85249002808607DD04F4D142168784843F6F7DAF8CB
:40D400004E490028086073D02846807824214843F6F7D0F84A4D0028286078D0002600F091F8444B009432E024204143286824224450009951430818446000982968504355
:40D44000401884600098296850434018C46000982968504340180461009824214843296840184461009824214843296840188461009824214843296840188483009824215E
:40D48000484329684018C4830098401C0090987800998142C8D328482146009425E01C225143026889188C6000991C225143026889188C8100991C22514302688918CC81A7
:40D4C00000991C225143026889180C6100991C225143026889188C8200991C22514302688918CC820099491C00915A78914200E00DE0D4D31D462046009405E0684600F079
:40D50000B3FD0098401C009069788842F6D3384600F050F8F6F74EF806490028886007D0002E03D000F00EF8FFF722FF3046F8BD0326F7E7F4130020301400201014002015
:40D540000C14002010B51048104C0068002805D062781C214A430021F5F784F80C480068002805D0627814214A430021F5F77AF808480068002805D0A27824214A430021CA
:40D58000F5F770F810BD000030140020F4130020101400200C14002013B5684604490078087069460520FEF733FF00201CBD0000F41300208088452800D845207047000004
:40D5C0000B494028497810D30A46403290420CD2084B14221B684243D21805231B02D21A9278002A01D001464039C8B270470000F413002010140020F3B581B0684600794C
:40D6000014210246484322494032096800240F5C41184D8900928878022806D0032806D0052804D0062805D103E0012402E0082400E0042401A800F017FD164EE0070DD04B
:40D64000182047431448242138183268001D6943891800234F681946029AB84760070DD50E490298884201D1002100E001462420326868438018C26800989047200706D545
:40D680002420454330682818816800988847FEBD101400200C140020881F002038230000FEB50E460746082B04D00021304601F00FFAFEBD5079157900020543D079947977
:40D6C000000204432846FFF77BFF69460872FAB2294602A800F040FD002809D16846007A142148431349096840188088A04208D000230222314638460095019401F018FAAE
:40D70000FEBD082307222946304601F049FA44200949704340188575290AC1750476210A4176304601F00AF968460449007AFFF763FFFEBD101400209020002038230000E0
:40D74000F8B50E46082B29D15079157900020543D0799779000207433846FFF731FF04460F480178A14219D00E4914200968604340188188A94211D1807806280ED1442075
:40D780000949704340184089B84207D10121304601F09EF905492046FFF72EFFF8BD0000F5130020101400209020002038230000F8B50746694600F07FF9002851D10122B0
:40D7C0000721009800F0DEF801220821009800F0D9F8244E0024E0003558002D04D004236A4602213846A847641C032CF3D300241D4E1E4D04E0E0B23146FFF7FDFE641CC6
:40D8000028788442F7D300240121204601F060F9641CF9D01648174C0088002808D000981821484300194188134802888918018012491B2008800098182148430019083020
:40D8400007F01EFC0098002201461823D243584322520019FF220271094A1720490050520020F8BD7820002037230000F513002004140020881F0020341400200614002065
:40D880000814002010B500211C48C9430180FF2101711B4A17201080184A00201832142343439B18401C19740A28F8D314490A200839486100220A700320886107200A62C9
:40D8C000C8610E488A704A70E0300260C2728280501E4862094B88621046F033C400401C1A510328FAD307480123827343600281042303704274CA6210BD0000881F00205D
:40D900000814002090200020024800218180C1807047000000140020002803D0024908620020704701487047001400201623000070B50024114A0146651E14206043801872
:40D94000007CFF2808D0641C0A2CF6D30121084606F050F9284670BD2046142600237043135080188381C3814560017404490868401E086000F0B6F8204670BDA01F0020FD
:40D9800014140020F8B50F461F4916460C68601C38D01E48006884421CD014201C4960434018406812E01421194A41438D18297CB94209D1142363439A1869685160002E39
:40D9C00003D000F049F800E004466868411CEAD10E4804600C4A142110680D4B4143C9180B7CBB420ED10B4C0023E372A38049681160064A1368984200D11160002E01D03A
:40DA000000F02AF8F8BD00002414002028140020A01F00206820002010B50C4A0C4914680C4B641C0FD00A6814246243D218506008600868142100224843D243C018426010
:40DA400000F056FA10BD08601060F2E72414002028140020A01F002070B5054614200D4E4543AC19207C072801D0082804D17059002801D0F5F7BCFD00207051A081E0819E
:40DA8000FF20207404480168491C016000F02AF870BD0000A01F002014140020044A1288824202D1002008607047024870470000881F00201123000010B5074A074C138814
:40DAC000A34206D000781279904202D10020086010BD034810BD0000881F0020FFFF00001123000030B411480268002A01D0012300E000230E48104C01680E48056820781E
:40DB0000A94201D800280DD00C4D2D68A9420BD3012809D100202070012B05D130BC89B2C0B210470120F6E730BC7047201400201414002018140020001400201C140020B3
:40DB4000FEB541490020087040480568681C72D014203F49684344183E48C17A808808180004000C02D1284600F080F83949284600F0BEF800285ED1207C009001280CD191
:40DB8000A0684421344B41430022C9184A74097C012902D1002100F09BFF2C48019501688D4201D161680160207CA6686568082834D11C20374647432848A3890168791844
:40DBC0000A8BD218121F92B20A83016879188B8A9A4223D104460869F5F70AFD216800207918086121681E4A7918888221687918C8822168791808831421126871438918DB
:40DC0000498924225143174A30464030126880B2891800230C6A1A461946A0470198FFF71BFF681C07D00098082891D1F0B200F0E5FC8DE7FFE705480068401C02D10A4933
:40DC4000401E0860FEBD00000114002024140020A01F0020682000209020002030140020101400200C14002028140020142148431B4910B54018C289036800219C18194BCB
:40DC80001C608489A21A94B29C80027C012A04D0072A0FD0082A16D10EE080684421484311494018807B002801D005210BE00020988010BD017A06E08068142148430B4938
:40DCC000096840188188D87A001DC0B2D8720019001F1873000A58739973080AD87310BDA01F0020682000209020002010140020F0B50C46C97AA28885B089188EB2002123
:40DD000003915249142309684F4A5943504BC918142358434E4B097CC018012904D007290ED0082912D115E08068442148434949401847681820394641434748405A02E0C7
:40DD40008068070C0CE0009090420ED10020E072A08076E0806814214843404909680F5C18203D497843085AEDE73D48008800282ED064E03B480088002803D03848008852
:40DD8000002825D038480588AE4200D83546701B86B23648C07A00281DD0002002906A460098107100980123010A02980001014303988001014351719571280AD071042284
:40DDC00001A90220F5F726FE0298002805D010E0012005B0F0BD0120E0E72146E27A00230C310220F5F716FEE07A281A85B20020E072A088002812D0A84200D80546002369
:40DE00002A4602202168F5F705FEA088A84201D3401B00E00020A0802068401920601820394641430C4808184188491C41800D480088002803D00A480188491E0180002EAF
:40DE400098D10020C5E70000FFFF000024140020A01F002090200020881F00201014002034140020041400200614002068200020074B084A18801180002801D0002902D119
:40DE80000020108018800449108808807047000006140020041400203414002038B50C466946FFF7FBFD00281BD10098182148430C4940184188A14201D2002100E0091B7F
:40DEC000418009480088002807D0084A1188091989B21180814200D91080002C01D000F007F838BD881F0020041400203414002010B50948017800290DD10849098800299B
:40DF000009D007490968491C05D00121017000210846FFF715FE10BD011400203414002024140020002803D00249086000207047014870472C14002012230000F8B51C005D
:40DF400015460E4606D0002D04D0002802D0311F032901D31148F8BD6946FFF7ADFD002802D00E484230F8BD0720FFF7E1FC411C10D000990A4B0A041421324341430E4648
:40DF8000C9188A609D518C810422CA81FFF744FD0020F8BD0148401CF8BD000012230000A01F0020002A02D0031F032B01D306487047C300054818180346203B9980403816
:40DFC0000262002070470000122300007820002038B51446002801D0042901D0074838BD6946FFF769FD002802D00448423038BD0098034940000C52002038BD12230000F3
:40E000000814002030B504460B480D4B01780B481A68491E14254D43AD18AD78002D02D00029F6D130BD217014241B68002001226143C9188A7030BDF51300202B23000015
:40E040001014002030B40D46C100064808184038046A002C04D02846A44630BC0321604730BC704778200020F8B5394F04463A68002A6AD0374E3168002966D020781423D5
:40E0800043439A1892880025402A1CD31C22504341188868002816D08989002913D0F5F7A7FA20781C21484331684018856020781C21484331684018858120781C214843D0
:40E0C00031684018C58120781C214843316840180069002813D0F5F78BFA20781C21484331684018056120781C21484331684018858220781C21484331684018C582217873
:40E1000014204143386801224254217814225143081885802078396850434018C580207839685043401805812078396850434018056120781421484339684018C56020789B
:40E14000142148433968401885700020F8BD00001014002030140020F8B507461646094D094C0846FFF72CFA2978814207D0074A142112684143515CB14200D1002438700D
:40E180002046F8BDF51300207023000010140020F0B587B005460E4600206946488108811446888102AF0E2B02D00223009735E06079A279010220790843E17909020A432C
:40E1C000411E0692FF29F0D2617A6B460A02217A0A431A81E17A09025981A37A19436B465981172A03D3172901D3914202D90B23009713E004A900F0C9FA0028D5D1607B45
:40E20000694600028881217B08436946888101A8FFF7F8FE002808D00423009700223146284600F0CDFA07B0F0BD6A4611791420404C414320684554138A11791422514380
:40E24000081843816A4611791422514322680698891888806A4611891079142250432268801801816A4610791422504322683249801801616A4610791422504322682F49A0
:40E2800080186A46C16011791C2041432C489389026889188B806A46538911791C225143026889184B806A46938911791C225143026889188B806A46127900211C235A43D1
:40E2C0000368D21891606A4612791C235A430368D21891816A4612791C235A4300680E231018C1816A461779152240373946304600F056FC6A461079142148432168401841
:40E30000467010791422504322680321801881706A46118A242041430A480368C818828B1820454308485C582818001D02AB3946A04778E71014002081E40000F9E50000C7
:40E34000301400200C140020881F0020FFB587B0089844214843434900244018408900900E2B7CD15079167900020643D07991790002084369460882507A00024882117A33
:40E38000084369464882D07A00028882917A084369468882507B157B000205430098FFF70FF96946087130490978814257D014212E4F484339684018817802294FD1002D46
:40E3C00001D001242BE06946098A172903D36A46528A8A4201D9264DF3E705218170694608791421484339684018868069460A8A08791421484339684018028169468A8A7C
:40E4000009791C2041431B480368C9188A8069464A8A09791C2300685943081842800121089800F055FB002C02D001A8FFF71CFE0798182148431049142240186946097983
:40E44000001D51433A6804AB89184989242251430A4A126889184C682A460099A0470BB0F0BD000090200020F5130020101400208123000030140020881F00200C14002087
:40E48000FEB505780020164601902C461C20564A444310680F462118C88800282DD0401EC880002002905048006821188A89002A26D08868C9898B1993426CD80818324674
:40E4C0003946F4F7C6F8484800682018C189891989B2C1814448006820188689B1426BD1012187680291404A0021816010682018818110682018C18133E03C480190D0E73E
:40E5000078783B4B020238781B68104314226A43D218D288824266D3B21E0092904202D1BF1C96B21DE0904218DD2F4A888112680021A218D181F5F73DF80190002852D0A4
:40E54000B21EB91CF4F785F8274801990268A2189160006800992018C1812DE023482A380190002E13D0224914200968684340184089242148431F49334609683A464018A3
:40E58000006901998446284640306646B047029801280ED010E0144EF5F72AF8316800206118886031686118888131686118C88102E03846F5F71CF81420294641430C48A1
:40E5C000006808184189242041430A48006808180549C28B09686118C9888A4203D34269284640309047FEBD3014002071230000101400200C14002070470000F1B584B087
:40E6000000200290304B049D1C201A684543A8184188525B914200D31146019101690391818AC08A081A039986B2002901D0002E39D1002005B0F0BD0820FFF779F90090E4
:40E64000401CF7D001983446864200D90446201DF4F7B0FF070030D01B48224600682818C18A03980918381DF3F7F3FF00991420164B4143C818049A82605F50211D8181EF
:40E680000421C1810098FFF7C7F90F48006828188188491E8180301B86B20B4800682818C18A0919C1820848006828188088002801D0002EC0D10298BCE70098FFF7CCF9BF
:40E6C00003480290F7E7000030140020A01F002005230000F8B58C46082B47D15079137900020343D0799279000202432148224E007800240546376809E014216143C919EF
:40E700008988994201D1254603E0641CE4B28442F3D3A8422AD01C202F4647431748184B0068391888888018984201D9154C03E08880002A1BD000240121604600F0C8F937
:40E740002846FFF75BFF0D4831680068381882881420684340184089242148430A490968401883692846214640309847F8BD054C641CE1E7F5130020101400203014002011
:40E78000FFFF0000732300000C14002030B50A4A0A4B0446074812781B68521E24255543ED18AD8BA54202D10A80002030BD002AF3D130BD22230000F61300200C140020E9
:40E7C000FFB581B00298442148431249164644181F460E23152231460A9D029800F0E0F9A675300AE075287820762888000A6076A878A0766888000AE07628792077A888EB
:40E80000000A6077A777380AE077029800F096F805B0F0BD90200020FEB50646981F1D4614460F4605282CD20121384600F050F944204743134838184089FEF7C1FE694665
:40E8400008711149097881420AD0142148430F49096840188078022802D101A8FFF704FC0B480768002F0CD0182046430948694630180079AD1E0870A21CABB203216846B3
:40E88000B847FEBD90200020F5130020101400202C140020881F0020F8B5234E0179427935780068012A01D0022A31D100282FD11E4A1F4B128800249A4229D06A4600F07C
:40E8C00023F9002824D1009844211A4F4143C919497C012908D101221146FFF753F8009844214843C0194474009844214843C019042101704489052C0BD02046FEF760FEEE
:40E9000031780546A94204D10021009800F0E0F8F8BD0021009800F0DBF8052CF8D006492846FEF769FEF8BDF5130020881F0020FFFF0000902000201823000070B5064641
:40E9400044201549704344180120FEF7F1FF0546401C03D0607C012806D00CE00021304600F0B6F80D4870BD012211463046FFF709F8002161741421094A694388182346AE
:40E98000123386605350A18981812846FFF744F801206074002070BD9020002013230000A01F0020FEB50E4C2468002C06D018250C4E4543AD196E79002E06D00022009277
:40E9C0001346019200F0B4F8FEBD28796E4630729B1EA971921C9BB2012102A8A047FEBD2C140020881F0020F8B517460D4D0A4629681E46002914D0182148430A49441851
:40EA0000607901280DD10121104600F061F8207969460870B61EBA1C2C68B3B202216846A047F8BD2C140020881F0020FEB59C460B460146214C08A8A1C8A67B002E01D06B
:40EA40001F48FEBD00263E60A274071F27753F1267756160E6736381A0816674002A01D0D00706D06046E0742574E07CA0730020FEBD144A01231078401CC0B210700028AD
:40EA800000D113701278E274002DEDD10E486F46007820817B723A72019108210091014601AB0A4A2046F4F7C1FD0028DCD0A6730420207002480938FEBD00009020002021
:40EAC0002F23000002140020F713002099E80000F8B5442205460B4E55430027AC19012907D1617C012904D101221146FEF74AFF6774A773705D042803D0F4F7EBFD04205A
:40EB00007055F8BD9020002010B5074CA37CDB0708D1A37B8B4205D16168814202D10020106010BD014810BD902000202E230000FFB581B050001E46801D0A9D144683B279
:40EB4000012229460B9F029800F02AF80298442148430E4940181230210A04714171002C0ED0012C02D0022C0AD103E08671310AC17105E08571290AC1710772390A4172D8
:40EB80000298FFF7DBFE05B0F0BD0000902000201CB50022009213460192FFF7C9FF1CBD10B544246043054C001982741C1F0475221242758381418110BD00009020002080
:40EBC000F7B5002614225043234B0F46C41882B0354631468446227C12E00C20E3684843185CB8420AD108460C256843054608355D5B001D185AAEB285B203E0491C89B2FF
:40EC00008A42EAD814488A4202D1144805B0F0BD614642586946049890470746009916E0A068F200805808420FD0F000A168001D095800290DD00498884762680746002A2A
:40EC400007D001460498904703E0761CB6B2AE42E6D93846DAE70000707A0100111300007047000008B50120694608700549002088800146044803F017F869460220FDF79D
:40EC8000C7FB08BD381400200A20000000B5FF210206120E11D02F4BC21A984251D028DC12284AD010DC07284FD008DC012848D0022844D003284BD13DE0002148E00C2832
:40ECC0003FD0112844D13EE0234BC21A984238D007DC23283BD03B282FD0204A801837D12FE0FF3AFF3A013A2BD0FF3A013A2FD123E01B48131A824223D011DC194BD01A18
:40ED00009A421AD007DC012A19D0022A15D0164810181DD119E001280FD0052818D10EE0124818180300F4F7CDFA09080A130C130C13130C13002A210AE0012108E0072148
:40ED400006E0022104E02B2102E0032100E02D21084600BD1314000012110000EFEEFFFF070C0000FF0B00000EF4FFFF09F2FFFF10B5FBF7EBFEFFF789FF10BD0249014861
:40ED8000C8607047A1EF00003814002070B5002586B004462E4603950495002810D01D220021F3F75FFC684606702078C100081A0119491C6846FEF7D7F9002802D023E0CE
:40EDC000012528E020780622C100081A0119491C03A8F3F72FFC002816D02078C100081A0119491C05A8FEF717FA00280CD101A905A803F081FB002806D1684640790128EE
:40EE000002D12078401C207069460878401CC0B208700428C9D9284606B070BD7CB50C46411C80780A780002024388786B46254D1871C91C531BAA422ED009DC22495118A4
:40EE4000224AD27F0DD002290AD1002821D01DE0012B24D00E2B03D1241FA2B204F0BDFE7CBD002812D119482038C17F002910D002461448401E02F02BFFFFF707FF7CBDD0
:40EE800000F042F97CBD00F00FFA7CBD01A9042015E0002AF7D0F3E70028F7D1F3E70028F4D10B488188002907D00020034600900748084A801CF4F7B9FB01A92620FDF762
:40EEC000A7FA7CBD09200000FADFFFFFF42000203814002065EC0000FEB50678401C2F4D0F460446012E0CD0032E3CD00A460146AB6830469847EB683A46214630469847C9
:40EF0000FEBDA888002804D0A878F4F7E3FB0020A8802078694608723C281FD00028EFD10121297069460870207B00024880E17A084369464880A07B00028880617B08430D
:40EF400069468880207C0002C880E17B08436946C880FEF749F86946272001E002A92620FDF756FAFEBD207869460870207900024880E178084369464880A07900028880F9
:40EF80006179084369468880207A0002C880E17908436946C8802A20E2E700003814002070B588B00C460A2805D00B283DD1002526784C1C4DE0284DA888002804D0A87866
:40EFC000F4F788FB0020A8802078641C694688763C282CD0002828D1A0780876E078241D08730294A41D0494A41D0594E07900020880A179084369460880607A00024880FF
:40F00000217A084369464880E07A00028880A17A084369468880207B487605990498FDF7F3FF69463120FDF7F3F908B070BD1A312620F8E760786946A41C08720194E41DED
:40F040000094A41D207848723220FDF7E1F96D1CEDB2B542EED3E8E73814002010B5094C0420A070202200210748F3F7FBFA0648202200212030F3F7F5FA00202070A08025
:40F0800010BD000038140020D420002010B5012100280CD08279002A06D0012A07D14279D2431206920F02D105F024FD0021084610BD000038B50024042801D9012412E03E
:40F0C0000A490870684605F0CBFC002805D100982B3002F0B9FD002801D0032403E00098002120308172204638BD000084150020024610B50120002A04D000211046FCF799
:40F10000F7F8002010BD0000044810B5C17F0246034802F0DDFDFFF7B9FD10BDF42000200920000008B56A461080518000216846FCF770FFFFF7AAFD08BD0000FFB583B025
:40F140000E4600206946019008721C46154602A9039805F04FFC070009D16846007A012804D0002E04D0012E34D077E04A4F7BE0201DF4F71FFA494F0028B8617ED02246C8
:40F180002946F3F766FAB969386B0855BB69010A621C9954BB69010CA21C9954010EBA69E01C11543946386B20310871020A4A71020C8A71000EC87101223949039805F033
:40F1C000FDFB241D38461C300090A2B2344B0020B96940E020460C38C1B26818C27883781202134340781A0210430202685C2D4910430A6B824202D9FF2001902EE0083C3D
:40F20000A4B208630F462046F4F7D4F9B86100283DD022462946F3F71CFA224829191C3008220546F3F715FAB8698178090239814278C01C11433981E11FB980184938605A
:40F2400000221031039805F0B9FB154B0095103322460120B96903F025F9074611200002874211D0002F0FD0002E12D00D4CA069002805D0F4F7BCF9002000E007E0A061C4
:40F280003846FFF703FD0190019807B0F0BD0427F6E7024CEBE70000162E000068210020142100203421002010B50121024802F0FBFCFFF7EBFC10BD0A20000010B5012198
:40F2C00000280FD08279002A02D0012A04D009E001460622044802E0014606220348F3F7B8F90021084610BDE8140020F414002033B500258BB00C46002911D0A078C01F1B
:40F300000A280DD2E0780F280AD200F00DFA002802D12078132803D06078012802D015E001251FE002A8FFF731FD6846007A042800D3042569460BA803F0DEF8002803D187
:40F3400068464078012801D0002D0BD1A07805F0DFFB0523224681210BA803F02DF9FFF795FC054628460DB030BD0000F0B50446012085B000250190002C58D06068002816
:40F3800055D02178002904D1007901284FD003284DD8E06800280DD0C67F002E0AD0202200214648F3F75EF94448C677E168CA7FF3F74FF9A268002A53D0D37F002B50D033
:40F3C0000020694608700126EC460CE0115C00290BD0401CC0B2175CB74202D16146087003E04018C0B29842F0D360460278A668B35C012B07D060680079002817D00128E1
:40F4000015D0042813D02178022910D8012B10D1521CB05CFB221040814208D1012808D1208A002803D0B42801D8012901D0012541E0002D3FD12249208A88801F482022FB
:40F4400000212038F3F70EF91C49F07F2039C877A1681A48CA7F2038F3F7FBF80198012829D160686E468179857B437BC21D2EC6437902794188008802F08EFFFFF706FC0B
:40F48000050018D160684079022802D0032803D011E000210B480CE00120694688716846F5F760FC062269460748F3F7D2F800210548FDF7A9FD284605B0F0BDF4200020ED
:40F4C00038140020E8140020F41400201CB50B46132831D0002B2FD0102827D008DC05280DD008281AD00E281BD00F2824D12AE0302821D03E2821D057281DD118E01878B1
:40F5000069460870002807D112490870D8786946087101A928200DE004200BE0D91C292008E011461846FFF779FC05E0032001E00021FB20FCF76CFF00201CBD11461846F4
:40F54000FFF7CAFCF8E70878694608700028E3D1F2E7000038140020FFB59FB00025289A19951C461A951B951C95049520A805952E46102780880B00F3F7A4FE10CD0936BD
:40F580003B3E5C438ECDCD9E94B3B8AEC7CD002801D021A96CE01DA91F98FDF7E5FD050079D169461F9802F0A7FF0500F8D16846C67069462420FCF72BFF6846407801282C
:40F5C000EED11DA8F5F79CFB0546F4F7BDFE002861D0002D05D020A8808800285BD1002C59D00021FA2094E0002C54D0214621208FE0002122208CE0002C4CD02146232068
:40F6000087E0002C47D018A805F02AFA050042D1412207A81899F3F71CF86079102805D23A1A07A940180021F3F71CF8412307AA84212CE0002C6ED0607A227A000202431E
:40F64000214619AB1F9805F01DFA050063D104A91F9802F051FF00280CD000231A4683211F9802F0A9FF054606206946087606A925204EE06846807C102805D23A1A19A9B2
:40F6800040180021F2F7EEFF102319AA83211F9802F092FF05463EE0002C3CD021682C20189136E0002805D1002C03D01146204600F0FCFF194C08E0002805D1002C03D003
:40F6C0001146204600F0CCFC154CA069002822D0F3F78EFFA6611EE0002C1CD021462D2017E0002C17D021462E2012E00D4900284E7003D1002C01D0214604E06946087099
:40F7000001960E7302962F2003E0002C03D021463320FCF77DFE284623B0F0BD34210020682100203814002010B503F045FB0421084010BDFFB599B000200090229F032085
:40F7400008A90877002669468E821A9888750620C8751C46154601210820179604F04AFA1A98812842D0822840D0FF283ED010A91998FCF757FE10A80088F94E401E8742BA
:40F7800016DC1A98522817D0D22817D0401EC0B21E280BD2F34A4100505CFF2806D08918497801290CD0B84200D80026002E1DD01A98C00707D016E01320EBE71420E9E77F
:40F7C000B842F2D0F2E71A9852280CD0D2280AD01E2808D004206946C87505AA01211998FCF762FE064630461DB0F0BDDE48854207D100F059FB0FA90220FCF709FE00205C
:40F80000F2E7A11C1A981591791E1691391F10287BD00BDC0300F3F755FD10F62943617A9FA9F5F4F3F2F1F0EFEEEDF6BA1E92B21B286BD009DC11380300F3F743FD09EBAE
:40F84000EAE9E4E4E8E7E6E5E400812815D006DC1D2879D01E2878D052280DD116E2822815D0D22872D0FF28F7D160E2002C03D02146199800F016FCC3E2002DFCD119982E
:40F880000121007805F00EF94120199905E0002DF2D100F009FB42201999FCF7B9FDB0E2B148401E854207D104206946C87500208882022088759EE219986A46017811715C
:40F8C0004078507160780002D08021780843A549D080891F088001A94320DEE7002CCBD019986A46017811714078507160780002D080217808439B49D080891F0A88904257
:40F9000000D2088001A94420C7E7F7E01DE2002DB2D1002CB0D060786A4600021083217808431083E17809025183A27811436A465183002832D0002930D088422ED806A9EF
:40F94000199800F09FFFC9E014E228E22CE26946088B71E1C8754EE2002C8DD01698237882B2611C199800F02BFC4AE2002D96D1002C94D060786A460002108321780843F4
:40F980001083E17809025183A27811436A465183002803D0002901D0884202D901201146D8E76079BF1F00021084217908431084B9B291860522D202904202D0521C904292
:40F9C00035D10EAD102903D002293CD00D20A4E11022A11D11A8F2F73CFE07A911A800F01BFA002817D011A80C9010206946888602201BE023E10BE102E1E9E0DBE0C5E0AD
:40FA000072E031E028E0F3E18DE17EE175E154E122E124E1B0E069460C95888B08A90876000A487602206946888613E0009008AB0CAA06A9199800F0D1FE06464A4812382B
:40FA4000864284D0DDE10C95E079A17900020843694608870120E9E7002C86D03A462146199800F049FBCCE1002DEBD1002CE9D060786B4600021883227810431883E2784B
:40FA800012025A83A3781A436B465A83002803D0002A01D0904201D901204CE00420022902D0102906D046E0607921790002014399830DE0211D102211A8F2F7CAFD07A9BF
:40FAC00011A800F0A9F9002802D0022311AA01E0012307AA06A9199801F042F82249064612398842ADD08CE1002CABD01698217883B2621C199800F07DFC82E1002DA1D12D
:40FB0000002C9FD060786B4600021883227810431883E27812025A83A3781A436B465A830028B9D0002AB7D09042B5D80420022903D0102907D019460CE760792179000271
:40FB40000143998312E0211D102211A8F2F781FD07A911A800F060F9002807D00A20DCE0FFFF000052140020172F000007AA06A9199800F08BFFB1E7002CB4D01698217828
:40FB800083B2621C199800F0EDFB3AE1002DAAD1002CA8D06078247800020443002221461A9B199801F0E2F80646984886429AD169468C8241E0002C95D019986A46017883
:40FBC0001171407850710294978101A9492064E6002D1CD1002C1AD06078257800020543E078A2780002024329461A9B199801F0BDF886490646884209D169468D821CE063
:40FC0000002C04D03A462146199800F07BFBF8E0002D71D1002C6FD07A082146199801F02BF87A490646884266D16078694600028882217808436946888211208AE6002C59
:40FC40005AD019986A4601781171407850710294978101A94B2020E64D2019991DE6002D4AD1002C48D01998694603780B71407848716078000208822178084369460882C5
:40FC80008A811598029001A94C2006E6002D33D1002C31D01998694603780B714078487160780002088221780843694608828A811598029001A94E20EFE5002D1CD1002CD5
:40FCC0001AD06078257800020543E078A678000206438AB2684682864D48211D00680C90F2F7B7FC0CAB32462946199800F05CFE06464648864280D083E0002C04D03A46C7
:40FD00002146199800F0ACFA7BE0002D79D12178002904D0012902D0042069461AE6199800F0F8FC6DE0199800F0D6F969E0002C67D02078400664D404206946C87500209A
:40FD4000888220788875062004E6002C59D01998694603780B714078487160780002088221780843694608828A811598029001A9522092E5002C44D01998694603780B71C2
:40FD80004078487160780002088221780843694608828A811598029001A953207DE5002D2FD15420199978E5002D2AD1002C28D0781CF3F7FFFB050023D0199915480A788B
:40FDC000027149784171D22028703A462146681CF2F73FFC0F487F1C001DBBB200782A460121FFF7ABF906462846F3F701FC08E01798002805D005AA01211998FCF754FBEB
:40FE000006460021082003F0F5FEECE4052F0000B41400204C1400207FB50D4604002BD0002D29D0FB206A461070342050709B2090705F20D0708021117100205071907151
:40FE4000D1711072102151729072D072217B1173617B51739073D0730A4E102269462046F2F7E8FB002809D1607B00022880217B08432880002601E0024E0F3E304604B031
:40FE800070BD000020C4000010B50446054817210180A188091F418000F060F8204600F0A5FB10BD4C14002010B507491720088006490020C86108620865486500F09AF80D
:40FEC00000F0E6FB10BD00004C1400203421002070B5002416460D4600281BD0522D03D0D22D01D01B2D03D119490978012925D02946FCF7D9FA00280ED01649884209D0E7
:40FF0000491E884206D0091D884203D011490D3188420FD1012418E00F49032D02D0022D06D012E030880A8890420ED208800CE03088FBE70749491C884201D1022404E0E2
:40FF400004490E39884200D10324204670BD0000F4130020132F00004C14002010B500F049F810BDF1B5214D214CE888E188012741188BB2E3802278214609890026042A8A
:40FF800005D0052A03D0062A26D199420ED0994202D16770E680F8BDA988091AA980A9890918A98129680818286015E0E6806079401CC0B260712179884201D16770F8BD22
:40FFC0006269030198188188218106892E818089A881D0582860A98060780028EFD1034A16216846FCF760FAF8BD0000E82100209014002070B5164D0024A878012804D1E3
:020000040001F9
:40000000AC7000215620FCF703FAFF20287011486C70048010220021F2F724FB6C612C716C710C48EC802C814C300481046084800949818106480E3004804180054826306D
:4000400004804480848004750448046370BD0000901400209C210020FFFF00006821002010B50E4C0A46216B491C2163014620462830F2F7EEFAE26AA16A606A6261216173
:40008000E0602246D2210648FFF722FF2068002803D0F3F7ADFA0020206010BD68210020501400207CB50C460546FFF7A3FF2878694608706878487020788870A078000223
:4000C00088806178084369468880E07888714020FCF79EF97CBD000008B501786A4611704078507003486946C07890705120FCF78FF908BD90140020F0B585B015460E469A
:4001000001786A4611704078002450701472204604E0117A491C001D1172C0B2A842F8D3107A8000F3F746FA019000283AD000201AE03218019F5378A1007B52019F1B0201
:400140007B52375C641C3B43019FE4B27B52019FD378891C7B52019F1B027B5292781343019A001D5352C0B2A842E2D369464820FCF74EF9A0000199801E085A0E494A89B4
:40018000904203D20D4A9278002A0DD0062069460873FFF72FFF03A95820FCF739F90198F3F726FA05B0F0BD401C0881024A06216846FFF78DFEF2E7D82100209014002031
:4001C000FFB585B00025059816460C460495027869460A70407848700B7301941F460E814720FCF715F9002E19D0012F02D0022F0BD014E0002005E021184978255C0902E7
:400200000D43001DB042F7D309E0002005E021184978255C09020D431230B042F7D30F48807800280ED10D480A304188A94209D96D1C0580024604210598FCF735F9049883
:40024000012808D1042069460874FFF7D3FE04A95820FCF7DDF809B0F0BD000090140020F0B50546487885B0040208786E4604433481C8788E78000230436E46121FB08163
:4002800092B2B280091D00911C49002309891C4E1F468C4213D119498C89A0420FD1C88882420CD108689A4207D00099C45CC95CA14204D15B1C9BB2F5E7002F05D00020CF
:4002C000F070F0806946087410E0287869460870687848700098FFF745FE707801280AD100207070012069460874F07004AA18212846FFF7EDFD05B0F0BD0000E82100208B
:40030000901400207FB51446054600786A461070687850700191148169464A20FCF778F80E480088401E84420EDB0D48807801280AD00B490E3148880A46001948800C2139
:400340002846FCF7B1F87FBD0C2069460873FFF751FE03A95820FCF75BF87FBD4C14002090140020FFB585B0002716460D46039701786A4611704078507015810898508130
:40038000694645200196FCF743F818488078002820D1F01C04900024B61C29460898F2F72DF807E0234604996B43595C9F5D09020F43641CA042F5D80D484188B94209D96D
:4003C0007F1C0780024610216846FFF781FD0398012808D1102069460873FFF70BFE03A95820FCF715F809B0F0BD000090140020AC210020FFB589B0164601786A4611701C
:40040000407850703948002700781C46032805D0012803D0002801D0FE2808D132460A99009800F069F831480078032847D0002520460A99F1F7E2FF01902DE00A992846F1
:400440004843711C415C375C09020F432749097802291FD184192648007D012802D002280AD017E0A079617900020143204826380088884208D00DE01D481022611D2638C4
:40048000F2F7D8F8002805D10A9B22461946009800F032F801986D1CA842CFD8144A5088B84203D9114B997800290AD0082069460871FFF79FFD01A95820FBF7A9FF0DB0DD
:4004C000F0BD7F1CB9B211801A78022A05D0084A08216846FFF7FCFCF1E76A4611815081012010770348908102AAF1E790140020C2210020032800001FB584B06C46208A45
:40050000208001922181638169464620FBF780FF08B010BD1CB504460020694608704C700620FBF775FF002C02D1019800F08CF81CBD000010B50120FFF7ECFF0548002133
:400540008170017001614161C18001818180417010BD0000A814002010B5002200280DD00749C968002909D0884207D3054B1B88CC18844202D3401A181A82B2104610BD8F
:40058000A81400204E140020F8B5174D0446696906200091002923D02969002920D0A888A28886461018EA8890421AD82A896878824216D90201944650182246CCCACCC099
:4005C0000098624670448850A2882168F2F741F86878401C6870A088A9884018A8800020F8BD0920F8BD0000A814002010B5002400F04EF805480088F2F7DCFF04490028B1
:40060000C86000D10324204610BD00004E140020A814002013B50120002904D00A4601216846FFF755FC1CBD13B506496A46098892880120914204D301AA03216846FFF733
:4006400047FC1CBD4E14002010B500281CD0C288002A19D08188002916D00C4C8B07E18012D1228100686061401800212061A18061701201F1F7F6FFE28800216069F1F77C
:40068000F1FF0120A070207010BD0000A81400200449002088700870086148610249086370470000A8140020342100207FB5134C0A462346216B203319710D0A5D710D0C80
:4006C0009D71090ED971014618460830F1F7C1FF206B6A46401C2063094801781170407850702089908120680190A088108169465520FBF78DFE002020607FBD34210020AB
:400700005014002001B5002213216846FFF7E0FB08BD0000F3B52F480F4600248178006985B022462546002946D005996B460E781E7049785970274E0190707818725F726E
:400740001A7369465020FBF763FE012F1DD16846007B002802D06A4651890EE031692001401881894223059A00F07CFF002808D032692101891809896A4611820125114685
:4007800013E07078641C8442E8D3002219210598FBF78AFE1049884208D131692001401800896946012508821120C874FFF7C2FE012D06D007B0F0BD0E216A46D1740089BB
:4007C000108218206946887404AA01210598FBF76BFEEFE7A8140020052F0000FFB587B00D46002069460881012405A90798FBF719FE002802D021480BB0F0BD204E012764
:40080000009703A928460A9B099A00F0A1FF0E281DD000281BD16946C989491C29806946F268898911551219090A51706946C9899170090AD1706946241D898AA4B28C42EC
:4008400003D86B461A89521C1A818C42D8D369460989002905D0F06801AA401C0721019007E029886A46118206219174D07404AA01210798FBF718FEBEE70000132F0000C7
:40088000A8140020F3B58FB00F460020694648840A90022401250BA90F98FBF7C3FD002802D03F4811B0F0BD08A80D9006A80C9038887988884201D101200A900D990F98A7
:4008C00001910090002302AA38460C9901F038F806460E284AD0002E48D16846408C002808A807D00078A84244D1012D04D0022D19D02EE00578F8E72A48C0680019FFF713
:400900002BFE042832D36946088B2649020AC9680855081942706946097A81706946497AC170241D14E01F48C0680019FFF714FE12281BD31B496846008BC968020A085535
:4009400008194270801C102202A9F1F782FE1234A4B26846808D844203D86A46518C491C51840A99012901D08442A1D36846408C002808D008A805700A4807AAC068801CC6
:400980000521079008E0388869468884042008A98871CE7109AA01210F98FBF785FD81E7132F0000A8140020FFB51C460D4603CB8BB0089009916846334E0585B0780027E8
:4009C000002801D1FFF7A6FD69460D9888830D8303CC0490059104A8FFF7D6FD04002AD10B98694602780A704078487030690190707808724C724F20FBF70AFD30780128CF
:400A000001D006241BE06846447A002C13D1442308A80B9A0D9900F025FE040003D0072C01D00D2C0BD104AA17210B98FBF73CFD0746002C24D0072C22D00D2C20D06946C1
:400A40008D8116208873CC7303AA01210B98FBF72BFD0746092C0ED0706900280BD06846818AB288914206D87078002806D0401E7070501AB0807078002801D1FFF75AFD9F
:400A800038460FB0F0BD0000A8140020F7B58AB0002668460D46C681022408A90A98FBF7C1FC002802D02C480DB0F0BD3746102069462A4E8882F06800970019001D049085
:400AC00004AA07A928460C9B00F042FE0E282BD0002829D16946C9896A460029918A2DD09289914224D16946C98B491C29806946F268898B1155090A121951706946C98B95
:400B00009170090AD170049906916946898A241D09198CB26946098C8C4203D86B46DA89521CDA818C42C6D36946C989002907D0F06802AA801C1121029009E09181D2E77F
:400B400029886A46918010219171D07101AA01210A98FBF7A9FCA7E7132F0000A8140020FFB506468BB000206946C8810546022405A93046FBF756FC002802D03B480FB075
:400B8000F0BD08A83A4F0990F86806AB0019801C06900EA8019000960D9A09990C9800F0CFFE0E2847D0002845D16946098C14230A465A432F4B1B68D218403A126BD243ED
:400BC000D20112D432786B461A7072785A705980187169465720FBF71BFC41233246002106A800F03FFD002825D169468A8B898A091F8A4201D96A4691836946C98900298A
:400C0000694624D0898BA94219D16946FA68098C1155090A121951706946898BA41C09198CB26946898A8C4203D86B46DA89521CDA818C42A8D36946C989002909D06846F8
:400C40008581F86802AA801C0921029009E08D8BDBE76A46118C118208219174D07404AA01213046FBF720FC89E70000132F0000A8140020C8140020F7B58AB00F460024B8
:400C80000125264608A90A98FBF7CCFB002802D033480DB0F0BD6100C81940786A4600029082795C08432F499082C9684919039100F0CCFC002827D16946898A14228C4686
:400CC0005143294A126889184039096BC943C90110D40A996B460A781A71497859716146D980187201A95720FBF792FB6B46187A002809D14123002103A80A9A00F0B2FC5E
:400D00000E2824D0002811D00E216B4699706200D119497809021980BA5C11431980D8706A4601210A98FBF7BFFBB2E76946088A641C41198DB26946098C8D4202D8801902
:400D400086B201E0491E8EB20C988442A3D368468683044806AAC068401C0F210690E1E7132F0000A8140020C8140020F0B589B00C4606460020694608831D4617462046F8
:400D800000F064FC002845D1294A14211268614389184039096BC943C9010ED4327869460A7372784A73CC81087403A95720FBF72FFB6946087C00282CD105A93046FBF7A6
:400DC00031FB002802D01B4809B0F0BD6946888A888019484123C06800900C8132463946684600F03FFC002814D106A9204600F043FA00280ED10C2D06D16946888A098BA6
:400E0000884201D90B2005E06A460A2D0CD00C2D0CD0042069468D778C83C87707AA01213046FBF741FBCFE70B21F9E70D21F7E7C8140020132F0000A8140020F7B50026D0
:400E400084B0059935463746039600290ED0142148433449096840184038046B0698C10740070290002904D0E00605E00E2007B0F0BD800F01D0E004060F2B48044204D09C
:400E8000270FBF1D03F008FE03900698C00703D0E00708D1022543E00298800F40D0E00501D403253CE0002E3AD00020009001906946059801F020FBF10722D0002813D154
:400EC0006846C07801F048FB012801D00F2527E0B00703D568460078022805D3300705D568460078032801D2052519E0062F08D068468078B84202D30399884201D20C25A8
:400F00000EE00698C00701D0200704D40298800F06D0200504D505480078002800D108252846A4E7C814002002020000C01400207FB50B46050008D000226946184600F038
:400F400015F80400286803D00AE00E2004B070BD002808D0AA88002A05D06946F1F76AFB002800D00A242046F0E70000F7B582B000266846068014460F46029800F066FBA2
:400F8000002802D0012005B0F0BD029800F008FB012802D00A252846F5E7029B142043433C4800681918084620384039096BC0890A0101D5102104E0490101D5042100E048
:400FC00002210025002C06D0022914D0042914D0102912D02670304E821BB04226D014DC2E4E821BB04221D00ADC2D4A821A1DD0012A12D11AE0012200E002222270EAE76F
:40100000012A13D0FE2A08D110E0012A0ED0022A0CD0032A0AD0042A08D0204A521C02290AD004290FD010290DD031E03880002CB1D001202070AEE716490968591840391E
:40104000498B3880A7E7134C206818184038408B904206D10298401E81B2384600F0E2FA99E7102914D36946029800F005F9206818184038C06B00288DD0406800288AD0FD
:4010800069460988102241183846F1F7E2FA82E70E2580E7C8140020012900000228000000280000F8B50E2415460F460646002930D000F075FA01282CD1142031464143F0
:4010C0001C4800680818014620390246403A126BC989130101D5022201E05201D20F164B994208DA154BCC1A0BD0012C09D0022C07D0032C10D02B463946304600F040F9C8
:4011000005E0002D05D13946304600F0B5F9044600E007242046F8BD002DFAD14068010101D5022201E04001C20F3946304600F0D1F8ECE7C8140020012900000028000066
:40114000FFB517460C4605460A22398000F07EFA002802D0012004B0F0BD142026464643184805230068DB0230182038C189994202D05B1C994220D18389AB421DD2808A36
:40118000A84211D219E01421614308182038C1890D48814206D121462846039A00F080F802000CD0641CA4B20648006831182039898AA14201D3A542E5D21046CBE73C80CD
:4011C000FBE70000C814002003280000F0B507461420134A414310680A2608182038848A85893D8014E01420214641430C48006808182038C0890B49884202D0491E884235
:4012000004D1204600F0CCF9012805D0641EA4B2AC42E8D83046F0BD3C800026FAE70000C814002003280000F0B50246012008800D460A23104600F009FA002801D00120B4
:40124000F0BD0521C9020B4C4E1C0DE0142027685043C0192038C089884201D0B04201D12A800023521E92B2002A01D00A2BEDD01846F0BDC814002014225043074A1268EA
:4012800080184038C06B002804D04268002A01D0008800E00020088000207047C814002030B5142461430A4C0346246800200C19214620398D899D4202D8898A994201D2EE
:4012C0000A2030BD403C218EC906C90E117030BDC8140020F8B507460E2015460C4600294BD02068FFF738F900260146A680022D27D0012D25D0052088423CD83B46142040
:4013000043431E482168006818184038006B000C0870A088401C81B2A1802268781C5054A2882168000A89184870A088801C81B2A180022D07D0012D05D0002D0BD00A2630
:401340001AE01320D8E720684018394600F06AF9A08810300DE009482268006818182038008B5054A2882168000A89184870A088801CA08000E00E263046F8BDC81400204B
:40138000FFB585B00C46002569460D818D810D7400958D802068FFF7DFF8064601A90598FFF76AFFA58002A90598FFF73DFF050045D1059869460989074614225743884299
:4013C00010D02048204A006838182038C089904208D004AB03AA0598FFF7B2FE05002ED101200090694689880898174B081A80B26946888013495B1C0968791840394A8BF4
:401400009A4206D0009A012A03D0B04205D90E2515E0B04201D968468680C86B002809D04068002806D008996A46411892882068F1F70FF96946A08889884018A080284606
:4014400009B0F0BDC8140020022800001423594310B5084B1B68C9184039C96B002906D04968002903D0F1F7F4F8002010BD0E2010BD0000C8140020F7B50E2016460C46F8
:4014800000296DD02068FFF767F800250146A580009814225043334A05271268FF0280182038C389BB4202D07F1CBB421BD1022E05D0012E03D0002E0AD00A254FE010299E
:4014C0004CD32068009900F0ADF8A088103008E0022903D32168008B087039E00E25A088801CA0803BE0204E1E4FB34237D1038B1426184670438218403A126B160101D5C0
:40150000022201E05201D20F062927D321680B70190AA68823689B195970A188891C8BB2A3803968266841182039898AF154A6882368090A9B195970A188891C89B2A18012
:40154000002A0CD13A68801820382268008B5054A2882168000A89184870C0E70E252846FEBD0000C81400200228000010B50C460146142044430948006820184038C06B2D
:40158000002808D04068002805D080181A46F1F760F8002010BD0E2010BD0000C8140020FEB50546C0081E4F6A070126385C520F31469140084209D00024002C2BD0694645
:4015C0002846FFF731FE002802D024E00124F4E7684601888D421ED0C8084A07385C520F3346934018420AD00024002C13D002AB01AA2846FFF7A4FD002802D00BE0012436
:40160000F3E768468088C1084007795C400F8640314202D000242046FEBD0124FBE70000F82100201422514310B5074A126889184039C96B002905D04968002902D01022D2
:40164000F1F707F810BD0000C8140020002803D003490988884201D90120704700207047C4140020F0B585B00E4604460020694608801D4617462089FFF7E8FF00280FD17A
:40168000680606D520892A463946FFF7D7FB002806D1208901A9FFF7C7FD002802D00A2005B0F0BD6946278989888F4210D0264B14225B687A43D218203AD289234B9A42BE
:4016C00006D003AB02AA3846FFF73AFD0028E7D1E90711D020896946FFF7CEFD68460088864201D9002805D1208932462146FFF7D9FCD5E70720D3E7A90701D46907CFD5E6
:40170000218914220B4653430F4A104F52687F1C9B18203BDA89BA42C2D0FF1EBA42BFD07F1CBA42BCD0A2881B8B97199F4207D8AB07B5D5134632462068FFF717FFAFE794
:40174000B342D7D90D20ABE7C414002002280000FFB587B004460020694608800A980A250088A9021646884204D0491C884201D0102510E0278806E03846FFF711FF0128F2
:401780000CD07F1CBFB220886188884203D26B4909888842F0D928460BB0F0BD69463846FFF742FD054668460088FFF7F9FE002D7ED169460988B9427BD10128F8D15F4AF5
:4017C00014205268484380180246403A126BD243120103D401A8FFF725FF06E02038017E6A461171008B000A50711098012802D0002808D076E0B28801A93068F0F71AFF1D
:4018000000280BD06EE00A980188142047434B48406838182038C089814263D1684600881421464F48437968401820388189089801806846018805A8FFF7C8FC6846808AAE
:4018400014214843796840182038818A089841806846008814214843796840184038006BC043010101D540010ED41098012804D03068FEF771FE102832D3694609883068E5
:40188000FFF7D0FE10201FE01098012804D03068FEF762FE022823D36946098814207A684143891820393268097E1170694601E023E020E009884143786808182038008B82
:4018C0003168000A48700220B0806846008814214843796840182038808A401C20805AE70E2558E7684600881421484313490A25496840180AE0012803D028430BD00A2516
:4019000049E7142041430D48406808182038808A401C20800FE0684600881421484307494A6880182038808A401C80B220800988884200D90A2587B225E70000C414002095
:40194000FFB587B00546002268460F46027329880A26002970D068880028FBD081426BD80A9800280AD01198007802280998009006D00220694688802C8850E00092FBE73D
:401980001020F7E704A92046FFF74EFC06466846008AFFF705FE002E35D16946098AA1422FD101282FD1584914204968604340182038C089694688820098002806D0022232
:4019C00005A9F0F737FE002800D00E2000284CD13C800A98002807D0142044434A48406820182038808A5BE014204443464869884068201820388089401C814279D32880FD
:401A000077E0012819D03C80142044433E480A26406820182038808A401C84B22C806988A0B2884203D8384909888842AAD90A9800285CD0002E35D063E0142022464243BC
:401A40003148324B406810180246203AD2899A420CD0288803AB06AAFFF772FB06466846008BFFF79DFD002E09D032E04038008E6946C006C00E08732046FFF791FD0A99FB
:401A8000002924D0012824D121466846FFF750FA06001ED16846007BC00715D03C802888401C28803888694608810A984123006800900A988088888000216846109AFFF745
:401AC000D1FD00280ED01BE002263C8019E0012803D03C800A2628889EE73C802888401C2880A4E7684681880A98818009E0002E07D13888119A0999FFF738FA002800D0AC
:401B0000064630460BB0F0BDC41400200228000010B500240346002801D0002900D101240548436001804280402200210348F0F799FD204610BD0000C4140020F82100202D
:401B4000F8B515460F46040003D0002F03D1680601D50E20F8BD00206946088026893046FFF774FD0028F5D169463046FFF784FB6946A0880988884201D8002800D1A18077
:401B8000680608D501202A46024339463046FFF755F90028DED1A28831462068FFF756FCF8BDF8B51C4616460F46050003D0002E03D1002C01D00E20F8BD2889FFF746FD6A
:401BC0000028F9D1022023460343324639462846FFF748FDF8BD0000054904484A79002A03D08978012900D10020704720200000EE14002038B50C461149002817D0002C6A
:401C000015D010494979002905D001466846FBF703FB00280DD00020002802D08178012909D00020C04320800548001D38BD084638BD0448F0E700882080002038BD0000E1
:401C400013200000EE14002010B5002805D006220349F0F7FEFC002010BD024810BD0000E81400201320000000B5030007D0FFF7B3FF002802D103490978197000BD024816
:401C800000BD0000FA140020132000000100044805D004480268002A00D101600020704713200000E414002013B501AA012100F055F81CBD10B51346002904D00A4619463B
:401CC00000F04CF810BD014810BD00001320000070B588B013000C46054604D01F2C05D90D4808B070BD0C48401CFAE768460470224619466E46401CF0F7ABFC1F20021BE2
:401D00003019401C0021F0F7ADFC6A462021284600F024F8E5E7000012200000064A08B5914201D9054808BD6A461170090A5170022100F013F808BDFF0E000012200000F1
:401D400008B56A461070000A507091700321024800F004F808BD000006040000F8B5064617460D46C81CF1F725FC040018D02670300A6070E01CA570002F03D02A4639465E
:401D8000F0F767FCED1CABB222460649012001F0ABFC050002D02046F1F72AFC2846F8BD0148F8BD395201000520000010B500221146FFF7D3FF10BD10B50179C27809028F
:401DC0000A438178104601F06DF810BDF8B5044680783A490128087002D90120087001E0002801D003F060FA2079E5780002054362D03348854203D10622A11D314851E05E
:401E0000314885420FD1E079A6790002277A064339463046FCF72CF8002E01D0002F43D10C20607140E028491631481E8D4201D085420ED1854206D124490878A070FF288D
:401E400005D0401C0870204601F00EF82CE00020F8E71F48854212D100F098F9012823D100F08EF906001FD001466A460020FCF77FFF684601883046FDF754F914E06079F3
:401E8000002811D11048001D854204D1114812490078087008E00C48C01C854204D106220E490F48F0F7D5FB0E480078002803D16179284600F0C2F9F8BD0000D0140020AC
:401EC00009100000E814002002200000D6140020030C00000215002001150020FB140020F4140020D414002070B50446C07812490128087002D90120087001E0002801D0B5
:401F000003F0D2F9A578607924790002044311D00A48201803D1002D01D003F0DBF908480078002806D10748844203D12946204600F084F970BD0000D0140020F3DFFFFF10
:401F4000D4140020630C00007CB501A8FAF762FF00281ED16846007903281AD10D4D0024687900280AD028880B49884206D0284600F086FA281D0321FBF71AFC0320694644
:401F800008700C20487001238C7003221846F1F741FD7CBDEE140020FFFF000070B50024094D0A4E09E024216143705C89194A78891C00F047F8641CE4B228788442F2D395
:401FC0000020287070BD0000CC1400203822002070B5242A0FD8084C2378022B0BD024256B43064DE85458194270801CF0F731FB2078401C207070BDCC14002038220020AE
:4020000010B5C01C01F016F801490020087010BDD314002070B58578C41C0FE060782178000201430A05E078A1780002120D01431046FBF733FF6D1EEDB2241D002DEDD1ED
:4020400070BD0000F7B582B002980C46022802D004280FD10FE00498211D001F82B2204602F06CFE3F49884279D12146049A0298FFF7AEFF73E02078009004986178801E17
:40208000019081426BD1384D01202870009A102A23D008DC052A0DD0082A12D00E2A14D00F2A4BD115E0132A1AD0302A09D03E2A44D119E0204603F021FA2878002835D010
:4020C00039E02046FFF778FE35E02046FFF77EFE31E02046FFF708FF2DE0FFF735FF2AE02046FFF797FF26E0A07800261F4F012808D00A2806D01E49052809880DD0032879
:4021000011D01BE0204603F021F919480088B84211D018482E70067008E0B94205D12046FFF76EFF07E0B94208D02E702146049A0298FFF74DFF2878012808D10E480368FA
:40214000002B04D00198A11CC2B2009898470B4C2078022803D1FAF79BFE01202070002005B0F0BD2C230000D3140020FFFF0000E0140020CC140020E4140020D4140020ED
:402180000148408970470000D01400200248007AC007C00F70470000D01400200149088170470000D01400200549002803D01B2802D2012070471B2048810020704700009C
:4021C000D014002070B518480024046084800C300460154D84800120183D28706C70E87028461E3000F04CF9AC81EC810F4AAC700020C100545089188C80401C8C710228CD
:40220000F7D32C716C710020AC71C04328820848417F08480088FBF72BFE022028710648FFF7C4FD70BD0000E814002080220020401B002090130020030C000030B51FA3AE
:402240000CCB87B0019300921EA30CCB039302921EA30CCB05931F4B0492C21A02241E4D984215D00DDC1D4A80181AD0022811D0622804D1082204A91948FFF71BFD07B0D3
:4022800030BD042A14D0174810180ED00128F6D12C71F4E70029F2D11048082269464042EBE7082202A91048E7E70A48001D01E00B48401CFFF77AFDE1E70000FFFFFFFFB6
:4022C000FFFFFF2F00008000000000003F0000000000000005100000D0140020FFF3FFFF0120000004F0FFFF630C00000149002048617047D014002010B50C46134988B0EF
:4023000000281DD0002C1BD0114B002A01D0197811701A78FF2A15D0521C1A70014610226846F0F796F91022214604A8F0F791F906486A462021001DFFF710FD08B010BD39
:402340000846FBE700211970E8E7000013200000D514002000B585B0002905D00C4A904205D90C4805B000BD0A48401CFAE76A461070000A507000A810220230F0F769F9E6
:4023800004486A4612210830FFF7E8FCEAE70000FF0E000012200000F0B585B004460B980A9D002832D027461A4E203F1A48B7422AD20F46203FB74226D2042A24D8032BAC
:4023C00022D8012D20D80C9E761E072E1CD20D9E032E19D868460470240A44708170090AC1700271437185710622C01D0B99F0F730F968460C9941730D99817306486A46E1
:402400000F210C38FFF7AAFC05B0F0BD0248401CFAE70000E13F00001220000038B50B4C6279002A08D101466846FAF75FFD0849884203D0002801D0002038BD68460078CB
:40244000207101206071014838BD0000EE1400201214000010B5094B5A79002A0BD0002294001C5B844204D19000C0180860034810BD521CF4D00020086010BDEE14002009
:4024800010B5FF2101710021054B02248A00835212189470491CF9D00021417110BD0000FFFF0000FFB5114881B01D4617460E0019D0002D17D00E4C217EFF2913D1204661
:4024C00001F08CFA0198002800D0012060746660278125600A98E0600820207405486061034801F0D3F905B0F0BD0000112E0000D82500205D27010070B50C4600281FD067
:402500000178FF291CD0002C1AD00021104DC94300F0D8FE052818D0A42148430D494518687A0107090FE170890701D4C0060AD5E87A214600F01AFA287BA070002504E0AA
:402540000348401E70BD024D2D1D284670BD0000122E0000902200200007800F022801D00020704701207047F8B50C00054614D101466846FAF750FE002802D16846FAF748
:4025800057FD0A4EA42130784843094940180D302946FAF78DFE0520307006480268002A02D02146284690470020F8BD091500209022002004150020FFB583B015460E46CC
:4025C00000281FD00178FF291CD00021C94300F079FE05281AD0832E1BD0174C002100F00DFE0746012824D0304600F029FE694688720020C872009506980881384600F04D
:40260000A1FE15E00C48C01E07B0F0BD0A48801EFAE7A4214843094940184088002D03D02946FFF797FE03E001460548FFF776FB04462046E8E70000142E00009022002072
:402640001B200000002803D00249086000207047014870470C150020112E000070B50C46014606221048EFF7F4FF1048104D0460052028700F48104E0024A4216143891949
:402680004A7AD20608D58A7A920605D52831064800F042F8002804D0641CE4B2052CECD370BD2C7070BD0000101500200415002009150020192E000090220020F3B5144E83
:4026C000144D81B007460024A42060434119487AC0060ED5887A80060BD53820BA79405C824206D1393106223846EFF7A3FF002805D0641CE4B2052CE6D33046FEBDA420F7
:4027000044436019417B029800260170F5E70000122E00009022002070B50A0007D0002805D00C4D2978FF2904D00B4870BD0A48801F70BDC11CA860104600F023FE0400D7
:40274000F7D1032028700121092001F053FA204670BD0000C4250020172E000008B50848417C00290AD00B21027EFF230376037C0093C368052000F035FA08BD0A21F3E70D
:40278000D8250020A42148430249085CC006C017401C704790220020F0B50146002085B02E4D074601902878FF26022802D0032843D107E028460C30082603220746EFF7CA
:4027C00048FF3AE00322A868EFF734FF002801D023480190FF20AF68287022480478052C2AD00622394602A8EFF733FF012069468873019800281AD0641CE4B2052C14D24A
:40280000A4202146414318480918487AC006F3D5887A8006F0D528311448FFF77DFF0028EAD11048047005B0F0BD052C05D102A80199FFF799FE00E00926FF2028700021D4
:40284000092001F0D7F9FF2EEDD0062000903B4631460520019A00F0C5F9E4E7C4250020FFFF0000091500209022002010150020F3B583B00F460021039800F0BFFC0600A4
:4028800004D100F04FFA304600F09EFC0398A42148431F4900254418607A03091B01002F17D19B1CF32003400833002E11D1002001900290E07A01A900F058F8207B6946F4
:4028C0008871D80604D44879012801D11020034301AD6372039800F015FD002F09D1002D07D0607B002102F0DDF80320039902F0B7F90021092001F07DF9052000902B46CF
:402900003A460121039800F06DF905B0F0BD00009022002070B506463446A421114D00204C43C043611948804860285DF32210402855487A0009000148720021304600F0B2
:402940005DFC012803D008493046FFF791FF285D8007800F022803D10121304600F080FC70BD000090220020182E000000220A718207920F012A00D000224A70020701D556
:40298000032204E0420701D5022200E001220A70020709D5420701D501220A71C00603D50879022210430871704730B54278012A00D000220378FB241D072D0F0423022DD8
:4029C00003D02240032D02D010E01A43FAE70C2500792A43C50701D01A4300E02240800702D51020024301E0EF2002400A7030BD042807D8042905D88A008918024A891886
:402A0000085C704700207047AC7A010010B5084B04461B780020072B09D98C4200D22146994204D20349104600F0FAF8024810BD8615002006040000FFFF0000024610B531
:402A400000200B46120704D40249184600F0E8F8014810BD03040000FFFF00007CB50B46A42148430F4900264418657AA807800F022801D0E80612D5A07A0009C00702D10A
:402A8000E07A00070BD5E07A6946FFF76FFF207B694688701946684600F07CF9657230467CBD00009022002070B50646124800240578002D1DD0002A01D1012E05D00807C7
:402AC0000BD5480707D508200CE0080701D5202008E0102006E0042004E0480701D5022000E00120054204D10449184600F098F8034C204670BD000085150020030400005A
:402B0000FFFF000010B50078002807D104484168FF2903D000780349FFF7AAFE10BD000018260020152E000070B50C4C2278012A12D1014620460F3003220546EFF789FDAD
:402B4000607C40214006400E084360742946606800F018FC0220207070BD0000C4250020042807D8042905D88A008918024A8918085C704700207047C57A0100FFB50646E3
:402B8000581D85B281B01F462846F0F713FD040016D0029820713A46601D0399EFF759FDA4200E49704340180D302B4622460621FBF7C4F9050006D02046F0F719FD0AE04A
:402BC000074805B0F0BD0021304600F017FB002801D100F08DF82846F3E7000090220020052E0000FEB50B4C089D2468002C0ED0FF266F463E71052805D2A4267043064E2C
:402C00008019407B387101A80095A047FEBD0348FEBD00000C15002090220020112E000038B5054601200C4680028143009101236A4605212846FFF7A1FF21462846FFF714
:402C400017FE002038BD0000F7B50646087882B00D460090491C0498FFF7A7FE04982C4680786872287C019012346F7C012E09D1FF2007460190E41F04990098FFF7EEFE9B
:402C8000002831D1221D2146601C01F0EFFE04984078002800D120700098A4214843134940180D30A11C01F069FF207841074006490F400F022E08D10A4601461046EA7BF6
:402CC00023799A4200D31A466A7226706A78E270019A384011406171A0710623621C31460098FFF74BFF002005B0F0BD9022002001B582B06846007A00F014F80120009035
:402D00006846007A90214843044902AB40185930034A1E21F0F78AFC0EBD000018260020052B01009021484310B5054944184034607E042803D0F0F7CDFC0420607610BD8E
:402D40001826002010B5827804794379012905D1D2066407D20E640F5B075B0F0178042911D8417801290ED851090CD19107890F012908D8C078102805D8072803D3072C4D
:402D800001D8072B01D9024810BD002010BD0000FFFF000002780B7812071B07120F1B0F9A4203D380788978884201D20148704700207047FFFF00000148408870470000C4
:402DC00008150020014948807047000008150020F8B50424194E1A4F00252046A42148433554801900214780C9434160014603460E3180331961103159610A3199611031EC
:402E0000D961C91D1962083088220021EFF72AFC641EE2D5002000F0D7F90A4C0A4A412106206560FBF7BEF80849FF200870143108762146087005206070F8BD902200202A
:402E4000FFFF00000815002019300100C425002010B5044A0021012000F020FF01F0A6FE10BD0000D935010070B5027941781302C27800251A430A4B4479D21808D0012AC6
:402E800005D1091F8AB2811D204600F027FB70BD091F8BB2821D2146284600F0DFFA70BDE9DFFFFF13B5144984B00024A422624352185288824203D0641CE4B2052CF5D32E
:402EC000052C11D00021204600F098F901280DD007216A4691720121D17205AA00926A461181694600F02EFA06B010BD6846017D2046FFF7BDFCF7E790220020FEB50F46AC
:402F000004466946FAF730F9204600F0CFF90646052821D0A42011497043441825782807800F012818D03868606002A8FEF79CFEEF2005406846007A002800D010200543D8
:402F4000F32005402D1D2570A11C6846FEF752FE3146022001F084FEFEBD000090220020F7B584B00E460699022941D3002E3FD00021C94300F0A6F90390052838D037784F
:402F8000012F02D00025294608E00125002100F035F9044601280ED10121039800F02EF90446012802D0012D05D008E0012D1FD18121C9001FE00121092000F01BFE38467E
:402FC00000F03EF969468872FF2813D02046FFF78FFE6846807A092800D001276946CF720698761C0096401E0881204600F0AAF907B0F0BD02490398FFF712FEF8E7000078
:403000000704000010B50968002000F05BF9052801D0FFF77FFC10BD30B41546044A890089184039CC6B2946A44630BC1A466047E07A01007FB5054640782A780002024381
:4030400014480024A421614309184988914203D0641CE4B2052CF5D3052C11D00021204600F0CCF80A2101280BD008226B469A730122DA73AD1C0195998101A900F062F97E
:403080007FBD0091AB1C002205212046FFF7AAFD7FBD000090220020014610B50020490707D500F07FFE0446F43400F086FA001980B210BD3EB50024FFF77EFEFFF7ECFFFA
:4030C000002829D00020009001900290F4216846F0F796F904001FD1104C0098F12200216060EFF7BFFA0E496068C86500F05AFE014601A8F0F784F904000DD1019800F0D5
:4031000055FE00F05AFA014602A8F0F779F9040002D1029800F054FA20463EBD181500201826002001480078704700001815002010B50F228B5C845C63408B54521EF9D5B1
:4031400010BD0000F8B500250746052069461D4E08702C46A4216143705C8007800F02D0022802D00BE025460DE088194068401C05D168460078052801D168460470641C9C
:40318000E4B2052CE6D3052C12D168460078052807D10021684601F01DFD6846007805280FD068460178012001F05AFD68460578284600F0A7F8A42068433978801941731F
:4031C0002846F8BD90220020F8B5054690200A4F4543EC19204690220021E66DEFF742FAFF20E66578557F216060085504215920015500202072F8BD1826002070B50129A2
:403200000AD001460C4C0026227835468A4211D12070FF2902D00BE0FF21F3E7FFF7CCFD400702D505484068E065012060602572304670BD012070BD182600201815002092
:40324000064A10214B00D35C834203D14800801840787047491EF5D5FF207047EC7A010070B505281FD20A46A4210F4D41434C190E46012A09D10146012001F0F1FC20465B
:403280000D30F9F7D5FEFF2060730020A855401E608060602046083088220021EFF7E2F9002000F027FD70BD9022002010B500210446C94300F006F8052802D12046FFF71E
:4032C00041FF10BD30B505460D4C0020A4224243A35C9B070ED04B1C03D013195B688B420CD0002D06D02B78FF2B03D01219527B9A4203D0401CC0B20528E7D330BD000090
:403300009022002010B5A421074C48430119497A235C0222C90600D5012299088900114321548807800F10BD902200204068902200785043024A801840680860002070472C
:40334000182600200EB56A461070C3B2902253430A4A9B18029390235843105C6A465070A4225043064A8018019068464860887A0A4601460120FBF723FC0EBD182600205D
:403380009022002010B588B0002400940194029403940A786B461A704A785A708978997004AA6946FEF7A8FF002801D101490C7008B010BD08150020F0B515460A4604465C
:4033C00010468DB00D3004A90646F9F7EFFE06A93046F9F781FE6946887D04AFC007C00F0870887F06AEC007C00F4870012D31D025462935214600A807220B310230EFF791
:4034000028F9214602A8072212310130EFF721F9204680300021016041608160C16006223146EFF716F92046062239468630EFF710F969462846FFF77BFE204608AA6946E9
:403440004930FEF759FF002802D101216034E1770DB0F0BD25463935CCE7000070B51D4CFF21E07F88B0FF2815D025460026603D01281CD002282BD003280AD106206D46EF
:40348000A872EE7200922B81E17730466946FFF759FF08B070BD104B1878FF28F9D00028F7D1197003211046FFF776F9F1E7294680310E461046FFF73BFE284603AA31460E
:4034C0004930FEF719FF0028E3D10220E077E0E70420D4E77826002008150020FEB5254C0B46217824480026012903D14168FF290ED02670204C6034E17F042913D00529CF
:4035000011D008290FD011461846FFF70DFBFEBD184601F095FB02202070EEF7A5FE0028F5D02670FEBD144D2935042903D005290CD00829F6D1082219462846EFF789F8B6
:403540000520E0770D48FEF731FCFEBD082219463130EFF77EF8FF20E07703206A469072D67210210095118130466946FFF7EAFEFEBD0000391400201826002018200000AB
:4035800070B51346054688B00E4604464935082219466846EFF75DF80822314602A8EFF758F804AA69462846FEF7A6FE002802D103216034E17708B070BDFF200930704798
:4035C000044988604130C8603530086141304861704700002015002010B5002A04D0012A01D100F005F810BD00F03AF810BD0000F8B5002069460870012301466A46184633
:4036000000F042FB69460878002824D00024124F1DE0A42026464643F5192A46083288230021012000F030FB0C4A287A1178884200D91070B85DF32180088000401CB855D9
:40364000687A084080088000641C6872E4B2684600788442DDD3F8BD902200208915002038B500206946184D0870A4214143695C8907890F012903D16A461178491C11705B
:40368000401CC0B20528F0D301236A460021184600F05EFB68460078002813D000242046A4214843295C8907890F012906D14219083288230021012000F04AFB641CE4B22A
:4036C000052CECD338BD00009022002010B50548012102780170002A02D10420F0F710F9002010BD48150020F8B51F4E9C463378012B03D0022B01D01C48F8BDC3001C4895
:403700001B18581C9F785D785C680C235D436359002B06D00121042000F06CFA1348401CF8BD615103780C256B431B1961461981002A04D001780C23594309194A60017896
:40374000491CC9B20170B94201D1002101707068401C70603078012804D1022030700420F0F7CEF80020F8BD4815002011110000F026002010B51048002404704460242213
:4037800021460E48EEF76EFF0C48242200212430EEF768FF0948032184640465483081708172064941602431C1600470047244704472002010BD000048150020A82600206B
:4037C000F8B500250C4C01262F462078002810D001280ED0022802D0032808D106E000F00DF86068002802D1267000E02770002DEBD00020F8BD000048150020F8B50026A4
:403800002048F1000C18A0786568009021780C2041436A58002A31D04B19002019890746002901D001275868904717480078032827D0012F0CD120780C21484340194068DD
:40384000EFF7D6FE21780C22002051434919486020780C2250430021401901812078504329502078401CC0B22070009A904200D1217005484168491E4160C7E7761C022EDE
:40388000BED3F8BDF026002048150020F0B5044685B01F4801214460657C01706A461D49206800F09EF9112636020746B04204D1207E14210843207605E0002F03D1694679
:4038C000204600F099F8380001D0B0421AD1002D02D0012D03D006E0217E202201E0217E40221143217600280CD1204600F008F9002807D1002D07D0012D03D1217EBF2285
:403900001140217605B0F0BD217EDF22F8E7000050150020D47C010030B5C37B0E215B00C373425C4318D4095D78520025435D704254491EF5D530BD7FB527480D460178B0
:40394000012913D14468FB21207EC206002A0EDAEF2210402076420701D5084020762946204600F049F8204600F0CAF87FBD8207FCD54207FAD508402076628BA18B531ED1
:40398000994204D12946204600F05EF87FBD914209D1FD21084020762946204600F0EEF8606980477FBD6068090140186A46294600F00AF92A466946206800F012F91121D0
:4039C00009028842EED1A08B0421401CA083207E084320767FBD000050150020002101604160C160416101810174418381834174012101760020704770B5044605461E344E
:403A00000E462E3510222046EEF723FE2046FFF783FFF07B000604D522461146094800F0D3F8102221462846EEF713FE2846FFF773FFE07B000604D52A461146014800F031
:403A4000C3F870BDE47C010030B50D46418B89B00446002907D0207A0207120F39D00020012838D002E001206083227A002000900190029003901020811A68460818014690
:403A800080232039CB776168002905D0638B1B01103BC918EEF7DDFD21466A462E31104600F092F804AA2946684600F08DF86A4604A9206800F095F80546112000028542DF
:403AC00015D1A08B0421401CA083207E0843207613E00120C4E7080162681038111810226846EEF7B6FD21466A461E31D7E7002D03D16946204600F041F8284609B030BDA0
:403B000030B50446008989B0010900076183000F01D0491C618300210091019102910391217E0222114314482176002517E060682901401804AA694600F046F86A4604A9B3
:403B4000206800F04EF8002807D0A18B0422491CA183217E1143217605E06D1CADB2618B491EA942E3DC217E490703D469462046FFF76AFF09B030BDFFFF000070B5002630
:403B800006760446027C1020801A4518607C002802D0012805D011E02946E068EEF759FD0CE02846E168EEF745FD002806D0227C2946E068EEF74DFDFF2020760148067023
:403BC00070BD00005015002030B50F23C45CCD5C6C40D4545B1EF9D530BD10B5FFF7ACFE10BD08B56A46FEF787FB002801D11120000208BD012909D80C2807D20122054B18
:403C000082401868012902D09043186070471043FBE7000058150020014900200860704758150020704700007CB5054601AA694600F09EF8134C00280CD101212846F0F77E
:403C4000FBFB002806D12846F0F718FC401C01D000240CE020467CBD0099A0000B58002B03D001222946FF209847641CE4B2684600798442F0D301212846F0F7DBFB0020AD
:403C80007CBD000012A1000010B5144608461A462146F0F7DFFB80B210BD0000FEB5140008460DD001AA694600F062F80100104808D169460B79FF2202AE0021009D0AE0B0
:403CC0000B48401EFEBDFF2A03D18F00EF59002F0CD0491CC9B29942F5D38B42F2D06846007A009980000C500020FEBD3170F4E712A100007CB5054601AA694600F038F8CA
:403D0000124C002805D100212846F0F795FB002801D020467CBD2846F0F7F0FB00240AE00099A0000B58002B03D000222946FF209847641CE4B2684600798442F0D300212B
:403D40002846F0F777FB00207CBD000012A1000010B5144608461A462146F0F7BDFB80B210BD10B5F0F74EFB0020FFF75DFF10BD002801D003487047042010700248086019
:403D80000020704711A10000002700200020044902468300401CC0B2CA500428F9D3704700270020FF2051307047000001490860704700005C15002010B50EC9F0F734FD18
:403DC00010BD10B50EC9F0F767FD10BD38B50024E443054600290AD0052000904B68097804A0F0F7DDFC2860401C00D00024204638BD00007461736B0000000010B5EFF7DE
:403E0000F1FC10BDF8B50E460546F5F751FB002300906C46AB20E15C002900D1E0545B1CDBB2042BF7D32A463146204600F002F8F8BD0000F7B58AB03A480890001D054658
:403E400006900898019038480F4601680698009102910390012600241835042233A10898EEF7F7FB0099069880310A7902704979417006980422801C0A99EEF7EAFB8E2014
:403E80006946087530460899303048702819049001A800F04FF8002021186A5C002A01D130226A54401CC0B21428F5D31434761CF6B2E4B2032EE5D9281D02900020039064
:403EC000019568460475174E0024082F1DD908273019049001A800F02DF8002030222118735C002B00D17254401CC0B21428F6D36946097D3120685469461434087DE4B222
:403F0000401CC0B2087500212954BC42E0D3002004E00C99325C0A54401CC0B2B842F8D30DB0F0BD10270020601500203030303000000000F0B5BD4E07463446C56885B0D0
:403F40004034BB482060BB486060B948C043A060B848C043E060B8482061387C362801D8402104E0762801D8802100E0C021019104280AD23968042208180021EEF772FBC2
:403F80003A7C3968802088541CE088280DD2796804220818001F0021EEF764FB3A7C796880208918203908770CE0B9680422081888380021EEF756FB3A7CB96880208918C6
:403FC000A039087600200090387C694640098870387CC000C8700198800903900020D2E00020844602988001864660467146800009183A7CC9B28A421AD3042901D23A6888
:4040000006E0882902D2091F7A6801E0BA68883951180A78120232504B781A43120232508B781A4312023250C9780A43325016E0019A083A8A4201DB00210FE06A46117846
:404040000902315052781143090231506A4692781143090231506A46D278114331506046401CC0B284461028BFD32068286060686860A068A860E068E86020692861002027
:4040800084460007000F86466046102817D37046C01E0007800E3158704608300007800E305841407046801C0007800E32587046800033585A4051401F22D1413150604677
:4040C000142809D26968AA6808461040EA688A431043E06159481EE0282807D2A96868684840E9684840E061554814E03C280BD2A868EA6803466968104308401946114091
:404100000843E0614F4806E0A96868684840E9684840E0614C48A061E0692969A269411828681B23D8411018091870468000305808186061E8682861A868E860686802212C
:40414000C841A86028686860606928606046401CC0B28446502894D320682968401820606068696840186060A068A9684018A060E068E9684018E060206929694018206130
:404180000298401CC0B203990290884200D227E7F9682078C8702088F968000A88702068F968000C48702068F968000E0870F9682079C871A088F968000A88716068F9687F
:4041C000000C48716068F968000E0871F968207AC8722089F968000A8872A068F968000C4872A068F968000E0872F968207BC873A089F968000A8873E068F968000C4873B1
:40420000E068F968000E0873F968207CC874208AF968000A88742069F968000C48742069F968000E087405B0F0BD00006C2700200123456789ABCDEFF0E1D2C39979825AB3
:40424000A1EBD96EDCBC1B8FD6C162CA30B500224B1E4C0805E0815CC55C8554C154521C5B1E9442F7DC30BD10B5044605480069F0F75EFB2060002801D0002010BDFF20CA
:4042800010BD00006415002070B50A4D0446302905D8A869F0F74CFB2060002805D16869F0F746FB2060002801D0002070BDFF2070BD00006415002010B504460548406837
:4042C000F0F736FB2060002801D0002010BDFF2010BD00006415002010B504460548C068F0F726FB2060002801D0002010BDFF2010BD00006415002010B504460548006880
:40430000F0F716FB2060002801D0002010BDFF2010BD00006415002010B5044605488068F0F706FB2060002801D0002010BDFF2010BD00006415002010B504460548C069FE
:40434000F0F7F6FA2060002801D0002010BDFF2010BD00006415002010B5F6F789FCF6F723FC002010BD0000014610B502480069F0F76CFB10BD00006415002070B5084C5F
:4043800005460146A069F0F761FB002806D029466069F0F75BFB002800D0FF2070BD000064150020014610B502484068F0F74EFB10BD000064150020014610B50248C068BD
:4043C000F0F744FB10BD000064150020014610B502480068F0F73AFB10BD000064150020014610B502488068F0F730FB10BD000064150020014610B50248C069F0F726FBB4
:4044000010BD00006415002070B5040068D02068344D0078287720688078E877206800796877EDF70DFFC0B2022806D1687F042803D120680079401E6877287F81070BD044
:404440008107890F401A0C3082B2697F2648F0F795FA002844D101E00830F5E7E87F81070CD08107890F401A0C3082B21E480421001DF0F783FA002832D101E00830F4E774
:404480001948202204210830F0F778FA002827D11548202203210C30F0F770FA00281FD11148502201211030F0F768FA002817D10D48482201211430F0F760FA00280FD127
:4044C0000948302204211830F0F758FA002807D10548402202211C30F0F750FA002800D0FF2070BD401B0020641500201FB501A9F6F754FB04B010BD10B50D4C6069F0F7C3
:4045000051FBA069F0F74EFB2069F0F74BFB2068F0F748FB6068F0F745FBA068F0F742FBE068F0F73FFBE069F0F73CFB002010BD641500201FB501A9F6F744FB04B010BDF2
:40454000F7B5054682B000204649474A00900427681AAE188D4217D00ADC002E16D04E2E16D04F2E14D0F5208000301A11D109E0012807D0072803D03C49401809D105E014
:404580000A2706E00C2704E0442702E0072700E006276946381DF7F797F8002802D0072005B0F0BD009C294667702046039AF6F719FE0398002850D12A4A049B521C284685
:4045C000A91A1F0ADDB2904227D008DC002E12D0F5208000301A2BD001283ED13AE0062904D02248401C081837D10CE0A11D0020F3F7D0F931E0214608311846F0F710FEE5
:4046000006E0607129E0214608311846F0F7F4FDA571E771002820D0F3E7251DA01D08220021EEF71FF8A87960210843A87114E00F480179A1710189E171090A2172417925
:4046400061720188A172090AE172C0882073000A607302E0A01DF6F701FE2146FF20F6F7B1FB9DE702100000D3F3FFFFFDFBFFFF401B002030B51E4B0224C21A984235D009
:4046800015DC1C4B0325C21A984225D008DC1A4A801826D0172826D0184A80181AD11DE02A2A1ED0602A19D0782A13D11BE0144BD01A9A4210D007DC124810180CD001283D
:4046C0000AD0022806D107E0042805D001229202801A08D0002030BD002000E00820087002E00D7000E00C70012030BD0420F6E77C0C0000030C0000FAFBFFFF05F8FFFFD2
:40470000890300007BFCFFFF10B5224C131BA2423CD016DC204C131BA24228D008DC1F4BD2182DD0172A2ED01D4BD21808D121E02A2B22D0602B1DD0782B01D1F7F7F4F811
:4047400010BD184C1A1BA34211D007DC164A9A180DD0012A0BD0022AF2D108E0042A06D001239B02D21AEBD1F7F7EEF810BDF7F7A4F810BDF7F797F810BDF7F7ECF810BD10
:40478000F7F79CF810BDF7F7F2F810BDF7F770F910BD00007C0C0000030C0000FAFBFFFF05F8FFFF890300007BFCFFFF70B50C460146304D01204B1B0646A9424DD01ADC4F
:4047C0002D4D4B1BA94237D00CDC2C4BC91838D017293CD02A4BC91803D11146204600F051F870BD2A2B22D0602BFAD11146204600F070F870BD7125ED00591BAB4214D05F
:4048000008DC012B2FD01D49803159180DD00129F0D10AE0062908D0184B1B1DC918E9D11146204600F085F870BD002070BD1146204600F082F870BD1146204600F085F8D0
:4048400070BD16701146204600F058F870BD16701146204600F075F870BD16701146204600F058F870BD16701146204600F079F870BD00007B0C0000030C0000FAFBFFFF84
:4048800005F8FFFF10B5104B0422597A3024114059720E4A0168114001600D4A416811404160026850080843810A2140C00D422420400143587A12098924224010430143AC
:4048C0005972002010BD00005C1C00209088000200800020084AFB23517A1940517201230168DB0519400160507A490D0423194008435072002070475C1C002070B50C469D
:404900000546F7F7C2F8002803D121462846F2F73DF970BD70B50C460021217005462146F7F759F9002803D121462846F2F7E4F970BD10B5F7F75BF910BD10B5F7F761F9A7
:4049400010BD10B5F2F7FAF910BD70B50C460546F7F767F9002803D121462846F0F758FD70BD70B50C460021217005462146F7F75AF9002803D121462846F2F7AFFA70BD06
:4049800010B5F1F70DF810BD10B5F1F777F810BD10B5F1F721F810BD10B5F1F7A5F810BD704710B5FEF714FAF8F70AF810BD704710B5FEF74DFAF8F71FF810BD37B50C46DF
:4049C00000211546C9436846FEF77CFC0849012D08D0A422504341183F3110222046EDF738FE3EBDA422504341188031F5E700009022002073B500250C46002915D0684682
:404A00000078FF2811D000202070411E6846FEF759FC05280ED0A421484308494018407A0007800F022802D006E005487CBD0120207001E0024D6D1C28467CBD9022002050
:404A4000112E000004494A6802600878002801D000207047014870478C150020FFFF00000149016000207047A415002010B5044B1C780470D878087018791070002010BD4A
:404A80008415002010B5184610220249EDF7E1FD002010BDA415002001480079704700008415002010B5114B0022A4245443E418647B844214D1A4204243985C8007800F68
:404AC000012807D1012906D0D0184F3041220849EDF7BFFD10BDD1184F3141220448F7E7521CD2B2052AE0D310BD000090220020A415002010B5054982798A72014603484F
:404B000006220B30EDF7A5FD10BD0000C4150020014908710020704784150020400701D5002A01D00020704700487047FFFF00007CB50C0009D06946F8F716FB002805D1C4
:404B40000B4DE879012802D007E00A487CBD29466846F8F750F9012801D007487CBD2946093110222046EDF774FD00207CBD0000CC270020112E0000FFFF00007CB50C4676
:404B8000002121706946F8F7EFFA00280BD1064DE879012807D129466846F8F72CF9012801D1287A20707CBDCC27002010B5002406484B222146EDF755FD054807214470EF
:404BC0008170102101710830047010BDCC27002084150020F8B50525074600206B46154E1D7004462246A4235A43B35C9B079B0F012B0BD1921953685B1C07D1137A834277
:404C000004D91846527B6B4625461A70641CE4B2052CE7D3052D08D0002902D06846F8F7A3FA01212846FEF71BFB684600783870F8BD00009022002010B5FDF70FFD10BD04
:404C400010B5002806D0014610220348EDF701FD002010BD014810BD94150020112E0000F8B5254D254FA4224A436C79D219012807D0022801D003283DD1107A00281BD039
:404C80001DE0167A002E36D00020107288420CD0A4224243BB5C9B079B0F012B05D1D3191A7AB24201D9521E1A72401CC0B20528ECD3641E6C711BE0641C6C711472137A6D
:404CC000012B15D001201072002088420CD0A4224243BC5CA407A40F012C05D1D219147A9C4201D2641C1472401CC0B20528ECD30020FEF7FFFFF8BD841500209022002039
:404D000010B50446407B217B00020143E07B0202A07B10432268002A01D0206810BD042806D0062804D00846EEF744FC206010BD01480068FAE70000FC130020F7B5A54901
:404D40008AB0164609786A461173A34A002815D00B99002912D0417803780C0223438C06A50FC47880781B0524021B0D89092043864203D1002901D1022D02D910460DB006
:404D8000F0BD05A91846F8F789FE002801D09348F5E7059818214843914944180834E07A002802D0022D0BD001E0012D0BD0A07A0790E588002006900890019002906EE01C
:404DC000204600F05DF976E0B54201D9374600E02F46E81B85B2E07A042809D3617B227B09020A430292E17BA27B09020A4301920799012902D0022949D118E021460C312C
:404E000040183A460B99EDF724FCE07AC019E072002D3CD1607B257B000205430295E07BA17B000201430220019107902FE0A088002815D103A800903B4621460B9A059825
:404E400000F0D4F80028BBD10298B04202D8E07A042812D02046FFF753FF20600028AFD0A18820683A4640180B99EDF7F2FBA088C019A080002D08D009E00B982060029855
:404E8000A08001200690089001E0012006900B98C0190B90F01B86B2069801280DD0002E92D10698012808D00798A072E58001210A20FEF79FFE002061E7019805281FD0AC
:404EC00004287AD0062878D005980199C2B203A8F9F742F93F4801786846007B814209D0142358433F4BA2881B682168C018036903A8984708980128A5D1002020605FE7FB
:404F0000A08825684DE02F7868780690E878AE78000206430C98001F8642EBDC06980028E8D0781E152841D8F80704AA1CD006990598F9F7E9FD002822D0012104A800272B
:404F400000970191029001220021069B0598F9F76DFD00281FD1009700231A46019704990598F9F7E5FD16E0012100206B4607C302460146069B0598F9F758FD00280AD1FC
:404F8000301D83B21849B80040184038C76B2A4604990598B8470C98AD192D1D801B001F80B20C900028AED1A4E706E0012004A90027009702910190C5E70598182148439A
:404FC0000749A38841182268091D0198F9F73AF890E70000F5130020FFFF00002C230000881F002010140020187A010070B50346487B0D7B00020543C87B00240202887B77
:40500000049E1043621E0A812246402810D2CC80052805D0042805D0062806D0124A21E017241BE05800114917E01148848A15E00146DAB23046F9F78FF8020012D10D4BD6
:40504000307814211B684143C91809690A4B994204D11C214843094909680C5AA54201D9014A493A104670BD7023000008140020782000201014002081E40000301400205D
:4050800070B50446E17A0020042903D3E07B0102A07B08430025E572A5802168002907D0042804D0062802D00846EEF7A1FA25600120A0720420E08000210A20FEF79AFD34
:4050C00070BD0000F3B54F4983B00020087091E04D484E490088C0004518A87901287DD1A88804902C68002660782778000207434748391A87421BD011DC4648391A874230
:4051000033D006DC444838182FD04449401852D12BE04348081845D001284CD148E0891F0B00EEF7CFF808223C22223C3C22223CE17B012906D03B48F8F7A6F8E079002880
:4051400002D038E03848F7E72146062209316846EDF77FFA207A694688716846FDF75EF9002836D00621817025E020790102E078084302A9FDF76EF9002803D002988078BB
:40518000012801D0224E0A3623484042874206D11F480A3086420ED0029907208870002E09D016E00622E11C2048EDF752FA02E01F49207A0870012321461846049AEEF735
:4051C00029FC14484738874203D01A480178491E01702046EEF70CFA002100E00FE0A9712960094AA9801088401C80B21080022800D111800F480078002800D068E705B0F3
:40520000F0BD0000D2140020DC140020802200200D2000007C0C0000FAFBFFFF8BF7FFFF77ECFFFFE8140020F4140020FB14002002150020D0140020F8B50D4600280ED0AC
:40524000002D0CD0164E074630881649C0004418A079002804D001210220FEF7CBFCF8BD2846EEF7A7F920600028F8D02A463946EDF7EFF900F018F80027002804D02068AE
:40528000EEF7B6F92760F8BDA5800120A0713088401C80B230800228F5D13780F8BD0000DE1400208022002010B5084C00202178002909D100231A4605491846FEF714FA9A
:4052C000002801D10121217010BD0000D2140020C550010010B50E4806224079002815D00B4800218B001B189B78934206D18A0002231418A370DB1E835201E0491CF1D05B
:40530000012903D0002901D1FDF7BAF810BD0000EE1400201CB5014606226846EDF799F90120694688716846FDF778F8064C002803D113212088FCF703FD0020C0432080C1
:40534000FCF72CFE1CBD0000E0140020F0B589B00546C7788679C079694688712946062208316846EDF775F95C484079002805D0694607A8F7F750FF002803D00024002CCB
:4053800002D076E0554CFAE768468479022C01D0032C27D10146062202A8EDF75AF9A41E68468473002E0DD104A902A8FDF786F9002807D102A904A8F7F77AFF6846017CFC
:4053C0004648017145484079002805D002A904A8F7F722FF002803D00024002C02D048E03E4CFAE7002F33D1012E06D13C48017801290BD03B48F7F747FF68468079012892
:4054000006D0002826D0012807D02DE03648F2E7684640798009012806D068464079C0430006800F16D01FE0694607A8F7F7F4FE002819D02D496846FFF7FEFB002813D1D3
:4054400068792A7900022A4902432A480A80067009B0F0BD07A96846FDF730F9002803D1694607A8F7F724FF6846FCF7D7FF040010D0002F16D00021C94321800221A170BE
:4054800005A9201DFDF738F81B4988421ED0002818D01EE068790102287908431321FCF74FFCD5E7687932460002208029790843208001210F48A17006702188201D00F057
:4054C000EDFEC5E76846407D002802D1201DF7F7AFFD2046FCF7D4FFBAE70000EE14002001150020E8140020F414002015530100E0140020FA140020122E00007CB5044609
:4055000081780079E57800020543002916D169462846FCF79FFF002810D001796A46117100998A78022A09D00B4A0C4B12889A4205D0954203D10A49002008707CBD022256
:405540008A700B804179012901D1FCF799FF617901A8F8F72DF97CBDE0140020FFFF0000D314002010B50446ECF774FE2B2804D1606802494078FDF753FB10BD070400000A
:4055800010B50446ECF764FE2B2804D1606802494078FDF745FB10BD0704000010B50446ECF75AFE2B2804D1606802494078FDF737FB10BD0704000010B50446ECF744FE29
:4055C0002B2804D1606802494078FDF729FB10BD0704000010B50446ECF738FE2B2804D1606802494078FDF71BFB10BD0704000000487047112E0000FEB5416802460E7863
:4056000048788C684B681168E27D67781207150E227E09782A433D0703D5EF252A405208520000290AD1550702D001256D0306E055066D0F02D00125AD0300E00125DF72B8
:40564000677A1F739A72A272902256430E4AB218556001225203954210D1997A6A464907490F1172197B5172002101910821009101AB00220621FDF7B5FA03E0012D01D118
:40568000FDF7F6F80020FEBD1826002038B5044600200090032020816846FFF7D3F900280BD12168009808702268010A51702268010C91702168000EC8702146012000F0E2
:4056C000F1FB38BDFEB541680E784A7800924A6801928F680468BD7AE8070CD01023224606210098FDF74AFA22460A23103207210098FDF743FAA8070DD5224610231A3217
:4057000008210098FDF73AFA224607232A3209210098FDF733FA680706D52246102331320A210098FDF72AFA6806400F02D00120800300E0012090214E4307497118486095
:40574000012806D101987978C17200210098FDF78FF80020FEBD000018260020F8B501464068012284680578467860685205904203D003221205904203D10846ECF772FDD3
:40578000F8BD0868214610221931ECF753FF002805D00E493046FDF743FA0D48F8BD224629321023174604213046FDF7E7F92246394639322046FDF7E3FE902255430121EC
:4057C000044A4902AA185160F8BD000004040000FFFF00001826002010B54068416848880E31FCF7B7FD10BDF8B504464068067845783046FDF796FA3046FDF7E5FC208923
:4058000000900022052128462368FDF7EBF90020F8BD000070B5416801228B680D784E7859689204914201D00A0302D5ECF718FD70BDC27A002A02D000F02AFC70BD4024D8
:4058400080290BD020290CD1197A012906D00289016818461930ECF7FCFE08E01024002119720389026803213046FDF787F990204543024828184460002070BD1826002096
:4058800000487047162E000010B5416800684A7801781046FCF7ECFF002010BDFEB5064640680025017842780292426801928468012260685204904206D0D200904203D057
:4058C00005225204904203D13046ECF7C7FCFEBDF27A2F48002A09D02746FF22902339370132594308184260012034E090235943202208184260607B217D27462937084070
:40590000012811D06078400724D50298FCF73AFF0090E17C207BFDF76BF800280BD003282ED002280CD00EE00198214649310D30FFF7FEF80EE06078FB210840607009E0FA
:40594000009800281CD01348FCF730FA04217F20114D015500200090328938463168ECF778FE002D0ED00D48854207D1002003460246009003210298FDF734F90020FEBDB6
:40598000064DE7E72046009A0199FDF715FDF5E71826002018200000172E0000FFFF0000F0B5064687B00020019002907068017800914178039144688768607A04900020AE
:4059C000356805900098FDF793F9F17A00290DD03C460B342846FDF7B5F9002817D024490398FDF71DF9234807B0F0BD2846791CFCF7DBFF01237A1C0B210398FDF7BEF830
:405A0000049880088000401C60720598ECE7FDF789FB002804D0A8780399FDF70FF805E0A97868780022039BFDF73EF80028DBD10120207032892946601CECF70AFE20797A
:405A4000694688710098902250430B4A022180184160E07801A9FCF789FF0520009001AB002202210398FDF7BDF80020BCE700000A040000FFFF000018260020F0B507466A
:405A8000406889B006784178079141680091F97A84683D68002906D02846FDF753F9002831D0A14994E0E978002903D00798FDF7B7F837E1E17BA878079AFCF7A7FF00282F
:405AC00073D12A4621460220FDF7BEF800286CD16178A07B0140C906C90E6170400702D4607D40077BD50807E17C207B02D5FDF737F801E0FCF77CFF002870D06078042168
:405B0000084360706BE0FDF70DFB002804D0A8780799FCF793FF05E0A97868780022079BFCF7C2FF002857D10220A07420463A8929461330ECF78DFD207CE27DC043C1B225
:405B4000607CC043C0B20A42ABD1217E0142A8D1617B207D0A460240012A14D0627DA37B1A40120701D501430DD1E17C207BFCF73FFF0246A9786078FEF7D0FF002802D007
:405B80006949C91F24E06078617D0840C006C00E6070A27B520701D449070FD50007E17C207B03D5FCF7DCFF02E015E0FCF720FF002803D06078042108436070E07BE97809
:405BC000884200D30846617A814207D95649091F0798FDF725F8554809B0F0BD60726078534F000728D45348FCF7E0F890214E430820F1194860204604216030C177627BC1
:405C0000002A06D0227D012A03D18177607808436070002005900690607805A9FCF7A6FE607A694688750520009005AB01220F210798FCF7D7FF75E0009803A90D300546AC
:405C4000F7F7B4FA01A92846F7F746FA2046062203A97730ECF7FDFC2046062201A97030ECF7F7FC6846807C2546C007C00F603568776846807AC007C00FA875607B217DE4
:405C8000084301280AD06078400712D5E17C207BFCF766FFA877002806D00CE00420A87761780143617006E06078FB210840607001E00020A877002005900690607805A923
:405CC000FCF754FE607A694688750520009005AB01220F210798FCF785FF0798FCF752FD00280FD0902101204E430004F11948600620E8770020ECF7B9FA8124E40000281E
:405D00000BD106E001209021C0034E43F119486008E0ECF7A9FA002804D021460798FCF77FFF59E7002057E70A040000FFFF0000182600201820000070B5416802890D78CA
:405D40004C6889684E7A016820460E30ECF781FC1020821BA0190E300021ECF783FC90214D4301200249C00269184860002070BD18260020F0B5416885B00F784A7803925E
:405D8000C57A8E684C6802890168A8000019806FECF75FFCB07A072D04D0092D04D00A2D04D005E0EF2102E0DF2100E0BF210840B0724006410F144801D0054600E00125BC
:405DC00090214F43114979184D60854211D0A07A69464006400F0872207B487220460E3001900820009001AB002207210398FCF7F9FE012D05D17078E07200210398FCF79E
:405E000037FD002005B0F0BD00400000182600203EB54168044648788D682168002922D0687800070AD500206946087202A92046ECF71EFA6946097A012920D068686A46E8
:405E400000010028206800681ADA1070010A5170000C9070042269461048ECF7FAFB68462060042014E069780A070D4905D56035AA7F052A01D10A490B31FCF7D1FE3EBD45
:405E80001071010A5171000C907101A82060032020812146002000F005F83EBDE515002001040000F3B548680F4687B0057841780291416806918468042001900298FCF7F1
:405EC00061FC06466078000701D50420388120463A89493039680590ECF7BBFB012707987F04012872D160786349000733D520464030027B1302C27A1A431302827A407AE1
:405F00001A4312021043ECF779FA03916068BA02904202D0594A904237D1594A0B0A117053709C46080C90700B0ED370E26DC0321170E26D6146C0325170E16D1022C031E4
:405F40008870E06DC030C370E06D0146C031B030ECF77FFB19E020464030C27A1207120FC272837A120213431A02437A134303938B4201D2194603E03F4949425918039158
:405F800041720A0A8272090CC172204660300490807F052801D10E2001900420009003AB002201990298FCF71DFE009001216068C906884202D0314A904217D1002E06D0B3
:405FC0009020304968434018476003E01DE0884338436060E16D0020E031087404990820C8772948FBF7E2FE002837D160780007009838D42549884207D121460398403170
:406000004872020A8A72000CC872606801012CD5002E05D0902045431A482818476004E00121C906884338436060E06D1022C0300599ECF70EFBE06D10220146C031B0309E
:40604000ECF707FBE16D0020E031087408206034E0770D48FBF7AAFE002804D08121C9000298FCF7DDFD09B0F0BD002220460699FDF7A2F9F7E7000040420F0000000808D5
:40608000E51500201826002018200000A02E0000F8B5416806468C680F7848786168102540290FD0082914D080252046328919303168ECF7CEFA9020474308483818456058
:4060C0000020F8BD2246102319320321FCF756FDEBE701200D462072E7E700001826002010B5827A034C012A02D12146F6F79CFD204610BD182F000070B50446807A002574
:40610000012805D02046F6F753FE0546284670BD61790B4A090120688918497B0078491E814204D10421C9432046F6F771FC20680321C078090241182046F6F775FDE5E770
:40614000241F002010B5817A0024012904D0F6F72FFE0446204610BD02685178127809020A43172A01D2054C04E04179044B0901C9188A802146F6F757FDEBE7162F000028
:40618000241F0020F8B505464679A97A0068002907D04178047809020C43172C0AD2174F1AE08179447909020C43154831010818808803E01248310108184088844200D96E
:4061C000044622460421281DF7F702FF070003D10B4831010818C480A87A012802D0002F05D008E039462846F6F71EFD03E02846F6F7DEFD07463846F8BD0000162F0000F4
:40620000241F002010B5817A0024012904D0F6F7CFFD0446204610BD4179084A09018918097B002906D0417A522903D0D22901D01B29EFD10021F6F7F7FCEBE7241F00209A
:4062400010B5817A0024012904D0F6F7B1FD0446204610BD417ACA0701D11E2906D14179054A09018918497B002903D00021F6F7DBFCEDE7014CEBE7241F0020FFFF0000FB
:4062800010B5817A0024012902D0034C204610BD0021F6F7C9FCF9E7122F0000F8B50023154E00933488154DAC4211D131807271B360F374B3810121B1740421F18100783C
:4062C000307117200E497380088000240D4F01E00D48F8BDE0003D58002D08D00098182148438019001D04236A460121A847641C032CEFD30020F8BD881F0020FFFF00000A
:4063000008140020782000202B23000010B50748806A002802D0EDF75DFE10BDEFF72CF90348008A0121F2F707FE10BD40F02E4000102E4000000000257520200000000064
:406340004D6F746F72737065656473206172652025642025642025642025640D0A000000646966666963756C74793A202564000010000000000000005C0E00204C0E00204B
:4063800000300F40000400400F400004011811182114310C700F0304070709021D0120012601310133023402350436013E503F15580459045B045F0180028204830886107E
:4063C0008B068C029201931094089503962698069A389C049D04A001A401A710A801A901AB08AC01AF19B00EB107B218B420B510B601B708B902BE40BF50C015C550C60266
:40640000C710C826C9FFCAFFCBFFCDA0D804D904DA04DB04DC99DD09DF01E040E140E2C0E4C0E6C0050406820D020E180F0210801304175519A01D0E1F70204022242402C8
:4064400027882F2A32403604378239113B043D023E1047804F825642574068A869116A806F5587048B408C418D80C0B0C2F0C4FCCA70CCD8CEA7D010D210E242E6800101E7
:406480000249081009040A020B200E210F17110214A4165A1708186D19171A121B081E8922492649282129202B1F3207330F3438353036C038083A803B204023450E460B87
:4064C000470C481549FF4AFF4BFF580459045A045B045C995D095F0162C06440650187048F029A079B019F04A301A402A502A604A701A901AA01B004B103B202B304B60196
:40650000BB02BE45BF04D804D904DC90DF01064107090B040E1A1028150216081704188019881D141E1B20402101220625302608272429142B402E10312032403510360A74
:4065400038403B043D203E013F80450847204E105688570858205A205CA0660167206D026F03770A81088480858086088A0492809324948096109A409E809F02A028A10841
:40658000A340A501A604A70AA920AB08B224B440C0D0C2E2C476CA27CCECCEBAD060D630D8C0E008E404E608EE0252205F108B108D10D420D620630268806F0875108701C2
:4065C0009910A080A308A880AA20AF08D640DA80DC60E610EA20EEC00B401701531055085602594087018D088E08C208C404D407D604E40A22805208530157828301868075
:4066000087028B80A208AF40B140B310B602C808D407D604E001E8070201110105000F4047300F402D310F4048320F404E330F4006400F4011410F400E420F4012430F407E
:4066400002600F40030405060708090A0B0C0E0F101112131415161718191B1C1D1E1F2021222325262728292A2B2E2F3031323334350000240003003000010028000200F7
:40668000240001002400010001000028010000000B0000000018000000000000020003280100020003000000002A0000000000000300002A010002010300000009000000A9
:4066C0004C0F0020040003280100020005000000012A0000000000000500012A010002010500000002000000540F0020060003280100020007000000042A00000000000096
:406700000700042A0100020107000000080000005C0F0020080003280100020009000000A62A0000000000000900A62A010002010900000001000000640F00200A000328C8
:40674000010002000B000000C92A0000000000000B00C92A010002010B000000010000006C0F00200C000028010000000F00000001180000000000000D00032801002000B9
:406780000F000000052A0000000000000E00052A000020010F00000004000000740F00200F00022901010A010F000000020000007C0F0020100000280100000052000000F9
:4067C00015180000000000001100032801000A0019000000582A0000000000001200582A01010A011900000002000000840F00201300022901010A011300000002000000BB
:406800008C0F002014000429010002011400000007000000940F0020150001290100020115000000100000009C0F002016000029010002011600000002000000A40F002019
:4068400017000A2901010A011700000005000000AC0F002018000E2901010A011800000004000000B40F002019000629010002011900000004000000BC0F00201A000328D6
:4068800001000A0022000000592A0000000000001B00592A01010A012200000002000000C40F00201C00022901010A011C00000002000000CC0F00201D00042901000201AB
:4068C0001D00000007000000D40F00201E000129010002011E00000011000000DC0F00201F000029010002011F00000002000000E40F002020000A2901010A0120000000EB
:4069000005000000EC0F002021000E2901010A012100000004000000F40F002022000629010002012200000004000000FC0F00202300032801000A002B0000005A2A0000DC
:406940000000000024005A2A01010A012B00000002000000041000202500022901010A0125000000020000000C100020260004290100020126000000070000001410002079
:406980002700012901000201270000000F0000001C100020280000290100020128000000020000002410002029000A2901010A0129000000050000002C1000202A000E29D9
:4069C00001010A012A00000004000000341000202B000629010002012B000000040000003C1000202C00032801000A00340000005B2A0000000000002D005B2A01010A0125
:406A00003400000002000000441000202E00022901010A012E000000020000004C1000202F000429010002012F0000000700000054100020300001290100020130000000F2
:406A4000120000005C100020310000290100020131000000020000006410002032000A2901010A0132000000050000006C10002033000E2901010A01330000000400000060
:406A800074100020340006290100020134000000040000007C1000203500032801000A003D000000572A0000000000003600572A01010A013D000000020000008410002007
:406AC0003700022901010A0137000000020000008C1000203800042901000201380000000700000094100020390001290100020139000000110000009C1000203A000029E6
:406B0000010002013A00000002000000A41000203B000A2901010A013B00000005000000AC1000203C000E2901010A013C00000004000000B41000203D0006290100020196
:406B40003D00000004000000BC1000203E00032801000A0046000000562A0000000000003F00562A01010A014600000002000000C41000204000022901010A0140000000EE
:406B800002000000CC10002041000429010002014100000007000000D410002042000129010002014200000010000000DC1000204300002901000201430000000200000096
:406BC000E410002044000A2901010A014400000005000000EC10002045000E2901010A014500000004000000F410002046000629010002014600000004000000FC100020B3
:406C00004700032801000A004F000000562A0000000000004800562A01010A014F00000002000000041100204900022901010A0149000000020000000C1100204A0004292D
:406C4000010002014A00000007000000141100204B000129010002014B0000000A0000001C1100204C000029010002014C00000002000000241100204D000A2901010A01B6
:406C80004D000000050000002C1100204E000E2901010A014E00000004000000341100204F000629010002014F000000040000003C110020500003280100000052000000CC
:406CC0005A2A00000000000051005A2A00000001520000000E000000441100205200022901010A0152000000020000004C1100200C000E000F0000003F0600000100030098
:406D00000500070009000B00FFFF0000FFCC0000FF990000FF330000FF000000B3006600990099006600B3003300CC001919B3000033990000409900006699000099990083
:406D400000CC990000E6660000FF000033FF000066FF000080FF000099FF0000B2FF0000CCFF0000E5FF000000000000000055000000AA000000FF00550000005500550058
:406D80005500AA005500FF00AA000000AA005500AA00AA00AA00FF00FF000000FF005500FF00AA00FF00FF0000550000005555000055AA000055FF005555000055555500E5
:406DC0005555AA005555FF00AA550000AA555500AA55AA00AA55FF00FF550000FF555500FF55AA00FF55FF0000AA000000AA550000AAAA0000AAFF0055AA000055AA550055
:406E000055AAAA0055AAFF00AAAA0000AAAA5500AAAAAA00AAAAFF00FFAA0000FFAA5500FFAAAA00FFAAFF0000FF000000FF550000FFAA0000FFFF0055FF000055FF5500C4
:406E400055FFAA0055FFFF00AAFF0000AAFF5500AAFFAA00AAFFFF00FFFF0000FFFF5500FFFFAA00FFFFFF00FF800000FF008000FF00FF008000FF000080FF0000FF8000B0
:406E8000FF0000002020200000002000000000100000000000000000000000000000000000000000000000000000FF000010F0000020E0000030D0000040C0000050B00044
:406EC0000060A00000709000008080000090700000A0600000B0500000C0400000D0300000E0200000FF0000000000000000005F00000007000700147F147F14242A7F2AF5
:406F000012231308646236495522500005030000001C2241000041221C00082A1C2A0808083E080800503000000808080808006060000020100804023E5149453E00427F4F
:406F4000400042615149462141454B311814127F1027454545393C4A49493001710905033649494936064949291E0036360000005636000000081422411414141414412200
:406F80001408000201510906324979413E7E1111117E7F494949363E414141227F4141221C7F494949417F090901013E414151327F0808087F00417F41002040413F017FD6
:406FC000081422417F404040407F0204027F7F0408107F3E4141413E7F090909063E4151215E7F09192946464949493101017F01013F4040403F1F2040201F7F2018207F0E
:4070000063140814630304780403615149454300007F4141020408102041417F000004020102044040404040000102040020545454787F4844443838444444203844444876
:407040007F3854545418087E090102081454543C7F0804047800447D40002040443D00007F10284400417F40007C041804787C0804047838444444387C141414080814148B
:40708000187C7C080404084854545420043F4440203C4040207C1C2040201C3C4030403C44281028440C5050503C4464544C44000836410000007F000000413608000808EC
:4070C0002A1C08081C2A08084300232D302B2000686C4C006566674546470030313233343536373839414243444546003031323334353637383961626364656600000000AE
:40710000F8B5C046F8BC08BC9E46704701030000F50E0000F8B5C046F8BC08BC9E467047D9020000D8810100400E002010080000B01200000000000000040400010408002A
:40714000020414000304200004042C00050448007C010000310100000A0A0012FF000000F100000000C20100809519294980409C1B04041BFFFFFFFF00000000000808007B
:4071800007070400F216FBE0FBE01F60427EF56DF70096BE2090000008502604060037D7F401FA00960064004B0032001E00140003040506020D1100BF86000041860000F7
:4071C000718A000075870000DB8A0000DB8A0000518A0000F98A000035880000F98A0000A9890000C18900002F8B00002F8A0000DB8A0000DB8A0000DB8A0000DB8A0000AD
:40720000E1890000258A000085AB000091AB00000C000800020017000D00010001000200090009000100010006000200090018001800030001000100090009002D8B000067
:407240002D8B0000BD8A00002D8B00002D880000498A0000618A00002D8B00002D8B0000AD8800002D8B0000D1890000B38B0000418A00002D8B00002D8B00002D8B0000FC
:407280002D8B00002D8B00002D8B00002D8B00002D8B000059950000619500005D950000579500002F950000519500004F950000279500002B950000659500005395000088
:4072C0004D95000069950000699500002595000009A600009DA9000049A7000049A5000071990000D9A20000959E00002D96000089960000B1AA0000DDA30000519E0000BF
:407300001D99000085A20000413700006DAB000079AB00007BAB00007FAB0000DB8A00006FAB000075AB000073AB0000F1B20000D5B20000D5B20000D5B2000009B30000BB
:4073400091490100D5B20000814901009949010089490100D9B20000D9B20000D9B20000D9B20000E5B20000CDB20000C5B20000E9B20000D9B20000D9B20000DDB2000031
:40738000D9B20000C1B60000D5B20000D9B2000075B600006DB60000D5B20000D9B20000D9B20000D9B20000D9B20000D9B20000F1B20000D5B20000D5B20000D5B20000F5
:4073C00009B3000091490100D5B20000814901009949010089490100D9B20000D9B20000D9B20000D9B20000E5B20000CDB20000C5B20000E9B20000D9B20000D9B2000084
:40740000DDB20000D9B20000C1B60000D5B20000D9B2000075B600006DB60000D5B20000D9B20000D9B20000D9B20000D9B20000D9B2000009C00000FDBF000015C00000C3
:407440004DB200003DB2000011BF000059BF00001DBF00004DBF000035BF000029BF000065BF000071BF0000F1BF000041BF0000D9B20000D9B20000D9B20000D9B2000042
:40748000D9B20000D9B20000D9B20000D9B20000D9B20000D9B20000D9B20000D9B20000D9B20000D9B20000D9B20000D9B20000D9B20000D9B20000D9B20000D9B200001C
:4074C000D9B20000D9B20000D9B20000D9B20000D9B20000D9B20000D9B20000D9B20000D9B20000D9B200007DBF0000EDB90000BBB80000BBB80000BBB8000001BA000028
:40750000AFB90000BBB8000093B9000015BA0000A9B9000013BA000011BA0000B9B80000BBB80000BBB80000BBB8000091B800007DB90000B7B80000FFB9000037B90000FB
:4075400047B90000CFB80000BBB800002BBA00000BB90000FDB80000BBB8000069B9000063BA0000BBB80000BBB80000BBB80000D9BF0000CDBF0000E5BF000045B90000E2
:40758000EDB800007DBE0000B9BE000089BE0000ADBE0000A1BE000095BE0000C5BE0000D1BE0000C1BF0000BBB80000BBB80000BBB80000BBB80000BBB80000BBB80000CC
:4075C000BBB80000BBB80000BBB80000BBB80000BBB80000BBB80000BBB80000BBB80000BBB80000BBB80000BBB80000BBB80000BBB80000BBB80000BBB80000BBB800005B
:40760000BBB80000BBB80000BBB80000BBB80000BBB80000BBB80000BBB80000BBB80000DDBE000097BB0000DDBA0000DDBA0000DDBA00009FBB000041BB0000DDBA000013
:4076400089BB000089BB000033BB0000A7BB0000A3BB0000DDBA0000DDBA000021BB0000D9BA0000CBBA0000CBBA0000DDBA00009BBB00000DBB0000DDBA0000E1BA000046
:40768000DDBA0000DDBA0000F9BA0000E5BA0000DDBA000025BB0000AFBB0000ABBB0000DDBA0000DDBA0000A9BF00009DBF0000B5BF0000EBBB0000C7BA0000D1BD0000E8
:4076C000D1BD0000DDBD0000E9BD0000D1BD0000D1BD0000F5BD000001BE000091BF0000DDBA0000DDBA0000DDBA0000DDBA0000DDBA0000DDBA0000DDBA0000DDBA000027
:40770000DDBA0000DDBA0000DDBA0000DDBA0000DDBA0000DDBA0000DDBA0000DDBA0000DDBA0000DDBA0000DDBA0000DDBA0000DDBA0000DDBA0000DDBA0000DDBA0000D9
:40774000DDBA0000DDBA0000DDBA0000DDBA0000DDBA0000DDBA00000DBE000008000000060F0020200107021900000007070E05020220001C1202000103000E03060004A0
:407780000040270700000707010200000000000000000000000000000000000000000000000000000000000000080000EDB90000BBB80000BBB80000BBB8000001BA000088
:4077C000AFB90000BBB8000093B9000015BA0000A9B9000013BA000011BA0000B9B80000BBB80000BBB80000BBB8000091B800007DB90000B7B80000FFB9000037B9000039
:4078000047B90000CFB80000BBB800002BBA00000BB90000FDB80000BBB8000069B9000063BA0000BBB80000BBB80000BBB8000097BB0000DDBA0000DDBA0000DDBA0000CE
:407840009FBB000041BB0000DDBA000089BB000089BB000033BB0000A7BB0000A3BB0000DDBA0000DDBA000021BB0000D9BA0000CBBA0000CBBA0000DDBA00009BBB000051
:407880000DBB0000DDBA0000E1BA0000DDBA0000DDBA0000F9BA0000E5BA0000DDBA000025BB0000AFBB0000ABBB0000DDBA0000DDBA000008000000060F00202001070272
:4078C0001900000007070E05020220001C1202000103000E032000800000C000000000040000002822000000000000040000F7FFFF7F00000030000047BC000019BE0000B5
:4079000069BD0000A9BC000019BE0000AFBD000077BC000027BE000071BD0000A7BC000037BE0000ABBD00008FBC000019BE00008BBD000079BC000019BE000079BD0000C7
:40794000BFBC000043BE0000B7BD0000C5BC000051BE0000BFBD0000A5BC00002BBE00009DBD0000D3BC000069BE0000C7BD0000BBB80000DDBA0000D9B20000BBB8000025
:40798000DDBA0000D9B20000BBB80000DDBA0000D9B20000BBB80000DDBA0000D9B20000BBB80000DDBA0000D9B20000BBB80000DDBA0000D9B20000BBB80000DDBA000047
:4079C000D9B20000BBB80000DDBA0000D9B20000BBB80000DDBA0000D9B20000BBB80000DDBA0000D9B20000BBB80000DDBA0000D9B20000BBB80000DDBA0000D9B2000013
:407A0000BBB80000DDBA0000D9B20000BBB80000DDBA0000D9B2000019E8000091EB000091EB000091EB000091EB0000A1D6000041D7000091EB000091EB000091EB000028
:407A400091EB000091EB000091EB000091EB000091EB000091EB000091EB0000A5E90000E9E9000091E100004DE30000D5E60000FDC9000000000000547D0100F47C0100DC
:407A8000080000002D33010000000000C47B0100107B01000F0000000000000000000000000000000000000000000000000001000100000100010202030002000000000075
:407AC0000202010002000001000100050100050202030002000000000002050100050000FD2E010005300100612F010001010B010202810282050304040384090609070993
:407B0000080909090A09050A0C0B0D0D0E0E0000010000000100000000000000020000000400000002000000030000000700000005000000040000000A0000000800000084
:407B4000050000000C0000000B000000060000000E0000000D00000007000000100000000F0000000800000013000000110000000900000016000000140000000A00000039
:407B80001700000017000000FF00000018000000180000000B0000001B000000190000000C0000001D0000001C0000000D0000001F0000001E0000000E000000210000006B
:407BC0002000000001000000A1590100FEFFFFFF8158010001000000A1590100060000007D5A0100F8FFFFFF81580100180012009D580100A000000C8D56010047FFEDFB0D
:407C000081580100E8000C0015580100000120005D5701001FFED3FF81580100A000000C115E01005FFFFFFB8158010000020000395D0100FFFDFFFF81580100000C0000A2
:407C4000F9550100FFF3FFFF8158010000080000D957010001000000E9570100FEF7FFFF8158010000200000C556010000400000755D0100FF9FFFFF81580100FFFFFFFFE2
:407C800089580100FFFFFFFFF155010000800000D555010000000100B9550100FF7FFEFF815801000080010081550100FF7FFEFF815801000000800365550100FFFF7FFC2B
:407CC0008158010000801F0A9D550100FF7FE0F5815801000000000000000000000000000000000087000000000000000000000000000000810000000000000000000000D9
:407D0000820000000100000001000000010000000200000002000000020000000400000003000000030000000600000005000000F10000000700000007000000F2000000B2
:407D40000900000008000000FF0000000A0000000A000000020000000562010001000000056201000E000000F960010002000000456101000C000000E160010002000000AB
:407D8000856101000C000000E16001000E000000056201000C0000004162010002000000E16001000E000000816201005369676E6174757265003030303142383030303184
:407DC000303230333034303530363037303830393041304230433044304530463130313131323133313431353136313731383139314131423143314431453146323032312B
:407E00003232323332343235323632373238323932413242324332443245324633303331333233333334333533363337333833393341334233433344334541420000000069
:407E40000000000000000000000000000000000000000000000000000000000000000000000000000000000000000000000000000000000000000000000000000000000002
:407E800000000000000000000000000000000000000000000000000000000000000000000000000000000000000000000000000000000000000000000000000000000000C2
:407EC0000000000000000000000000000000000000000000000000000000000000000000000000000000000000000000000000000000000000000000000000000000000082
:407F00000000000000000000000000000000000000000000000000000000000000000000000000000000000000000000000000000000000000000000000000000000000041
:407F40000000000000000000000000000000000000000000000000000000000000000000000000000000000000000000000000000000000000000000000000000000000001
:407F800000000000000000000000000000000000000000000000000000000000000000000000000000000000000000000000000000000000000000000000000000000000C1
:407FC0000000000000000000000000000000000000000000000000000000000000000000000000000000000000000000000000000000000000000000000000000000000081
:408000000000000000000000000000000000000000000000000000000000000000000000000000000000000000000000000000000000000000000000000000000000000040
:408040000000000000000000000000000000000000000000000000000000000000000000000000000000000000000000000000000000000000000000000000000000000000
:4080800000000000000000000000000000000000000000000000000000000000000000000000000000000000000000000000000000000000000000000000000000000000C0
:4080C0000000000000000000000000000000000000000000000000000000000000000000000000000000000000000000000000000000000000000000000000000000000080
:40810000000000000000000000000000000000000000000000000000000000000000000000000000000000000000000000000000000000000000000000000000000000003F
:4081400000000000000000000000000000000000000000000000000000000000000000000000000000000000000000000000000000000000000000000000000000000000FF
:4081800000000000000000000000000000000000000000000000000000000000000000000000000000000000000000000000000000000000000000000000000000000000BF
:4081C0000000000000000000000000000000000000000012050000000000000001070D1300060100480049000000000000000000000000001200130014001500160017002D
:40820000180019001B001C001D001E001F002000210022002400250026002700280029002A002B002D002E002F003000310032003300340036003700380039003A003B0006
:408240003C003D003F00400041004200430044004500460000290020010000000000C05D80BB000030000000006CDC02F0000000040404000201060A094379626572506F89
:408280006E670303151800000000000000000000000000120A094379626572506F6E6700000000000000000000000000000000000000000B020000003C0F0020DC0E002086
:4082C000FC0E00200000000000F4FF0F00BADCCDAB0000002000300000000000BADCCDAB000700000900000054110020020000005D110020080000005F1100200100000028
:4083000067110020010000006811002004000000691100200200000064280020020000006D1100200200000066280020070000006F1100201000000076110020020000000F
:40834000861100200100000088110020010000008D1100200400000091110020020000009511002002000000682800200700000097110020110000009E11002002000000DC
:40838000AF11002001000000B111002001000000B611002004000000BA11002002000000BE110020020000006A28002007000000C01100200F000000C7110020020000007D
:4083C000D611002001000000D811002001000000DD11002004000000E111002002000000E5110020020000006C28002007000000E711002012000000EE1100200200000027
:408400000012002001000000021200200100000007120020040000000B120020020000000F120020020000006E2800200700000011120020110000001812002002000000B8
:4084400029120020010000002B1200200100000030120020040000003412002002000000381200200200000070280020070000003A12002010000000411200200200000058
:408480005112002001000000531200200100000058120020040000005C1200200200000060120020020000007228002007000000621200200A000000691200200200000004
:4084C000731200200100000075120020010000007A120020040000007E1200200E0000008212002002000000742800204379626572506F6E670000060028000000E80300AC
:4085000000000000000000040033270101004C656674206D6F746F7220737065656400000000000000000000000000FFFF0000040033270101005269676874206D6F746F93
:408540007220737065656400000000000000000000000000FFFF000004003327010100546F70206D6F746F7220737065656400000000000000000000000000FFFF00000443
:40858000003327010100426F74746F6D206D6F746F7220737065656400000000000000000000000000FFFF00000400332701010050696E20736572766520636F6E74726FE9
:4085C0006C000000000000000000000000000100000004003327010100456E61626C65206379626572706F6E6700000000000000000000000000010000000400332701011D
:4086000000446966666963756C7479000000000000000000000000000100000000000000000000000000000010011000010000000000FFFF00000000000000000000000006
:4086400000000000000000000000000000000000000000000000000000000000000000000000000000000000AC7D01000000000000000000000000000000000000000000D0
:4086800000000000000000000000000000000000000000000000000000000000000000000000000000000000000000000000000000000000000000000000000000000000BA
:4086C000000000000000000000FE0000000000000000000000000000000000000000000000000000000000000000000000000000000000000000000000000000000000007C
:40870000000000000000000000000000000000000000000094720100000000000000000000000000000000001B000000000000000C73010000000000000000001F00000078
:408740002C730100AC77010030780100B478010070790100EDBC0000EFBC0000DC790100E87901008DBF000089BF00000000000000000000000000000000000000000000D5
:4087800000000000000000000000000000000000000000000000000000000000000000000000000000000000000000000000000000000000000000000000000000000000B9
:4087C00000000000000000000000000000000000000000000000000061EC000061EC00000000000000000000000004010201020104010500060004000600030002010000B4
:408800000401000004000000060005000200000102000E000400040001010001FF000200FF00020000010000FF000000000000000000000000000000000000000000000004
:4088400000000000000000000000000000000000000000000000000000000000000000000000000000000000000000000000000000000000000000000000000000000000F8
:4088800000000000000000000000000000000000000000000000000000000000000000000000000000000000000000000000000000000000000000000001656C7462000010
:4088C00000000000000000000000000000000000BE83605ADB0B376038A5F5AA9183886C000000000000000000000000000000000000000000000000B67D01000000000048
:40890000000000000000000000000000000000000000000000000000000000000400077710000000000000000000000000BDA5A00BDA5A00BDA5A00BDA5A00BDD693E8A471
:40894000235548991D7761E6632B108E991F261EF609972EAD7E0A2DF465E3BD7B491EB4C095951346730000C0FFEEDEDA90D5069592ED91D7A89E2CDC4A935BF900000065
:40898000000000000000000000000000000000000000000000000000000000000000000000000000C87001000000000000000000000000000000000000000000000000007E
:4089C000000000000000000000000000000000000000000000000000000000000000000000000000EC15002000000000000000000000000000000000000000000000000056
:408A00000000000000000000000000000000000000000000000000000000000000000000000000000000000000000000000000000000000000000000000000000000000036
:408A400000000000000000000000000000000000000000000000000000000000000000000000000000000000000000000000000000000000000000000000000000000000F6
:408A800000000000000000000000000000000000000000000000000000000000000000000000000000000000000000000000000000000000000000000000000000000000B6
:408AC0000000000000000000000000000000000000000000000000000000000000000000000000000000000000000000000000000000000000000000000000000000000076
:408B00000000000000000000000000000000000000000000000000000000000000000000000000000000000000000000000000000000000000000000000000000000000035
:408B400000000000000000000000000000000000000000000000000000000000000000000000000000000000000000000000000000000000000000000000000000000000F5
:408B800000000000000000000000000000000000000000000000000000000000000000000000000000000000000000000000000000000000000000000000000000000000B5
:408BC0000000000000000000000000000000000000000000000000000000000000000000000000000000000000000000000000000000000000000000000000000000000075
:408C00000000000000000000000000000000000000000000000000000000000000000000000000000000000000000000000000000000000000000000000000000000000034
:408C400000000000000000000000000000000000000000000000000000000000000000000000000000000000000000000000000000000000000000000000000000000000F4
:408C800000000000000000000000000000000000000000000000000000000000000000000000000000000000000000000000000000000000000000000000000000000000B4
:408CC0000000000000000000000000000000000000000000000000000000000000000000000000000000000000000000000000000000000000000000000000000000000074
:408D00000000000000000000000000000000000000000000000000000000000000000000000000000000000000000000000000000000000000000000000000000000000033
:408D400000000000000000000000000000000000000000000000000000000000000000000000000000000000000000000000000000000000000000000000000000000000F3
:408D800000000000000000000000000000000000000000000000000000000000000000000000000000000000000000000000000000000000000000000000000000000000B3
:408DC0000000000000000000000000000000000000000000000000000000000000000000000000000000000000000000000000000000000000000000000000000000000073
:408E00000000000000000000000000000000000000000000000000000000000000000000000000000000000000000000000000000000000000000000000000000000000032
:408E400000000000000000000000000000000000000000000000000000000000000000000000000000000000000000000000000000000000000000000000000000000000F2
:408E800000000000000000000000000000000000000000000000000000000000000000000000000000000000000000000000000000000000000000000000000000000000B2
:408EC0000000000000000000000000000000000000000000000000000000000000000000000000000000000000000000000000000000000000000000000000000000000072
:408F00000000000000000000000000000000000000000000000000000000000000000000000000000000000000000000000000000000000000000000000000000000000031
:408F400000000000000000000000000000000000000000000000000000000000000000000000000000000000000000000000000000000000000000000000000000000000F1
:408F800000000000000000000000000000000000000000000000000000000000000000000000000000000000000000000000000000000000000000000000000000000000B1
:408FC0000000000000000000000000000000000000000000000000000000000000000000000000000000000000000000000000000000000000000000000000000000000071
:409000000000000000000000000000000000000000000000000000000000000000000000000000000000000000000000000000000000000000000000000000000000000030
:4090400000000000000000000000000000000000000000000000000000000000000000000000000000000000000000000000000000000000000000000000000000000000F0
:4090800000000000000000000000000000000000000000000000000000000000000000000000000000000000000000000000000000000000000000000000000000000000B0
:4090C0000000000000000000000000000000000000000000000000000000000000000000000000000000000000000000000000000000000000000000000000000000000070
:40910000000000000000000000000000000000000000000000000000000000000000000000000000000000000000000000000000000000000000000000000000000000002F
:4091400000000000000000000000000000000000000000000000000000000000000000000000000000000000000000000000000000000000000000000000000000000000EF
:4091800000000000000000000000000000000000000000000000000000000000000000000000000000000000000000000000000000000000000000000000000000000000AF
:4091C000000000000000000000000000000000000000000000000000000000000000000000000000000000000000000000000000000000000000000000000000000000006F
:40920000000000000000000000000000000000000000000000000000000000000000000000000000000000000000000000000000000000000000000000000000000000002E
:4092400000000000000000000000000000000000000000000000000000000000000000000000000000000000000000000000000000000000000000000000000000000000EE
:4092800000000000000000000000000000000000000000000000000000000000000000000000000000000000000000000000000000000000000000000000000000000000AE
:4092C000000000000000000000000000000000000000000000000000000000000000000000000000000000000000000000000000000000000000000000000000000000006E
:40930000000000000000000000000000000000000000000000000000000000000000000000000000000000000000000000000000000000000000000000000000000000002D
:4093400000000000000000000000000000000000000000000000000000000000000000000000000000000000000000000000000000000000000000000000000000000000ED
:4093800000000000000000000000000000000000000000000000000000000000000000000000000000000000000000000000000000000000000000000000000000000000AD
:4093C000000000000000000000000000000000000000000000000000000000000000000000000000000000000000000000000000000000000000000000000000000000006D
:40940000000000000000000000000000000000000000000000000000000000000000000000000000000000000000000000000000000000000000000000000000000000002C
:4094400000000000000000000000000000000000000000000000000000000000000000000000000000000000000000000000000000000000000000000000000000000000EC
:4094800000000000000000000000000000000000000000000000000000000000000000000000000000000000000000000000000000000000000000000000000000000000AC
:4094C000000000000000000000000000000000000000000000000000000000000000000000000000000000000000000000000000000000000000000000000000000000006C
:40950000000000000000000000000000000000000000000000000000000000000000000000000000000000000000000000000000000000000000000000000000000000002B
:4095400000000000000000000000000000000000000000000000000000000000000000000000000000000000000000000000000000000000000000000000000000000000EB
:4095800000000000000000000000000000000000000000000000000000000000000000000000000000000000000000000000000000000000000000000000000000000000AB
:4095C000000000000000000000000000000000000000000000000000000000000000000000000000000000000000000000000000000000000000000000000000000000006B
:40960000000000000000000000000000000000000000000000000000000000000000000000000000000000000000000000000000000000000000000000000000000000002A
:4096400000000000000000000000000000000000000000000000000000000000000000000000000000000000000000000000000000000000000000000000000000000000EA
:4096800000000000000000000000000000000000000000000000000000000000000000000000000000000000000000000000000000000000000000000000000000000000AA
:4096C000000000000000000000000000000000000000000000000000000000000000000000000000000000000000000000000000000000000000000000000000000000006A
:409700000000000000000000000000000000000000000000000000000000000000000000000000000000000000000000000000000000000000000000000000000000000029
:4097400000000000000000000000000000000000000000000000000000000000000000000000000000000000000000000000000000000000000000000000000000000000E9
:4097800000000000000000000000000000000000000000000000000000000000000000000000000000000000000000000000000000000000000000000000000000000000A9
:4097C0000000000000000000000000000000000000000000000000000000000000000000000000000000000000000000000000000000000000000000000000000000000069
:409800000000000000000000000000000000000000000000000000000000000000000000000000000000000000000000000000000000000000000000000000000000000028
:4098400000000000000000000000000000000000000000000000000000000000000000000000000000000000000000000000000000000000000000000000000000000000E8
:4098800000000000000000000000000000000000000000000000000000000000000000000000000000000000000000000000000000000000000000000000000000000000A8
:4098C0000000000000000000000000000000000000000000000000000000000000000000000000000000000000000000000000000000000000000000000000000000000068
:409900000000000000000000000000000000000000000000000000000000000000000000000000000000000000000000000000000000000000000000000000000000000027
:4099400000000000000000000000000000000000000000000000000000000000000000000000000000000000000000000000000000000000000000000000000000000000E7
:4099800000000000000000000000000000000000000000000000000000000000000000000000000000000000000000000000000000000000000000000000000000000000A7
:4099C0000000000000000000000000000000000000000000000000000000000000000000000000000000000000000000000000000000000000000000000000000000000067
:409A00000000000000000000000000000000000000000000000000000000000000000000000000000000000000000000000000000000000000000000000000000000000026
:409A400000000000000000000000000000000000000000000000000000000000000000000000000000000000000000000000000000000000000000000000000000000000E6
:409A800000000000000000000000000000000000000000000000000000000000000000000000000000000000000000000000000000000000000000000000000000000000A6
:409AC0000000000000000000000000000000000000000000000000000000000000000000000000000000000000000000000000000000000000000000000000000000000066
:409B00000000000000000000000000000000000000000000000000000000000000000000000000000000000000000000000000000000000000000000000000000000000025
:409B400000000000000000000000000000000000000000000000000000000000000000000000000000000000000000000000000000000000000000000000000000000000E5
:409B800000000000000000000000000000000000000000000000000000000000000000000000000000000000000000000000000000000000000000000000000000000000A5
:409BC0000000000000000000000000000000000000000000000000000000000000000000000000000000000000000000000000000000000000000000000000000000000065
:409C00000000000000000000000000000000000000000000000000000000000000000000000000000000000000000000000000000000000000000000000000000000000024
:409C400000000000000000000000000000000000000000000000000000000000000000000000000000000000000000000000000000000000000000000000000000000000E4
:409C800000000000000000000000000000000000000000000000000000000000000000000000000000000000000000000000000000000000000000000000000000000000A4
:409CC0000000000000000000000000000000000000000000000000000000000000000000000000000000000000000000000000000000000000000000000000000000000064
:409D00000000000000000000000000000000000000000000000000000000000000000000000000000000000000000000000000000000000000000000000000000000000023
:409D400000000000000000000000000000000000000000000000000000000000000000000000000000000000000000000000000000000000000000000000000000000000E3
:409D800000000000000000000000000000000000000000000000000000000000000000000000000000000000000000000000000000000000000000000000000000000000A3
:409DC0000000000000000000000000000000000000000000000000000000000000000000000000000000000000000000000000000000000000000000000000000000000063
:409E00000000000000000000000000000000000000000000000000000000000000000000000000000000000000000000000000000000000000000000000000000000000022
:409E400000000000000000000000000000000000000000000000000000000000000000000000000000000000000000000000000000000000000000000000000000000000E2
:409E800000000000000000000000000000000000000000000000000000000000000000000000000000000000000000000000000000000000000000000000000000000000A2
:409EC0000000000000000000000000000000000000000000000000000000000000000000000000000000000000000000000000000000000000000000000000000000000062
:409F00000000000000000000000000000000000000000000000000000000000000000000000000000000000000000000000000000000000000000000000000000000000021
:409F400000000000000000000000000000000000000000000000000000000000000000000000000000000000000000000000000000000000000000000000000000000000E1
:409F800000000000000000000000000000000000000000000000000000000000000000000000000000000000000000000000000000000000000000000000000000000000A1
:409FC0000000000000000000000000000000000000000000000000000000000000000000000000000000000000000000000000000000000000000000000000000000000061
:40A000000000000000000000000000000000000000000000000000000000000000000000000000000000000000000000000000000000000000000000000000000000000020
:40A0400000000000000000000000000000000000000000000000000000000000000000000000000000000000000000000000000000000000000000000000000000000000E0
:40A0800000000000000000000000000000000000000000000000000000000000000000000000000000000000000000000000000000000000000000000000000000000000A0
:40A0C0000000000000000000000000000000000000000000000000000000000000000000000000000000000000000000000000000000000000000000000000000000000060
:40A10000000000000000000000000000000000000000000000000000000000000000000000000000000000000000000000000000000000000000000000000000000000001F
:40A1400000000000000000000000000000000000000000000000000000000000000000000000000000000000000000000000000000000000000000000000000000000000DF
:40A18000000000000000000000000000000000000000000000000000000000000000000000000000000000000000000000000000000000000000000000000000000000009F
:40A1C000000000000000000000000000000000000000000000000000000000000000000000000000000000000000000000000000000000000000000000000000000000005F
:40A20000000000000000000000000000000000000000000000000000000000000000000000000000000000000000000000000000000000000000000000000000000000001E
:40A2400000000000000000000000000000000000000000000000000000000000000000000000000000000000000000000000000000000000000000000000000000000000DE
:40A28000000000000000000000000000000000000000000000000000000000000000000000000000000000000000000000000000000000000000000000000000000000009E
:40A2C000000000000000000000000000000000000000000000000000000000000000000000000000000000000000000000000000000000000000000000000000000000005E
:40A30000000000000000000000000000000000000000000000000000000000000000000000000000000000000000000000000000000000000000000000000000000000001D
:40A3400000000000000000000000000000000000000000000000000000000000000000000000000000000000000000000000000000000000000000000000000000000000DD
:40A38000000000000000000000000000000000000000000000000000000000000000000000000000000000000000000000000000000000000000000000000000000000009D
:40A3C000000000000000000000000000000000000000000000000000000000000000000000000000000000000000000000000000000000000000000000000000000000005D
:40A40000000000000000000000000000000000000000000000000000000000000000000000000000000000000000000000000000000000000000000000000000000000001C
:40A4400000000000000000000000000000000000000000000000000000000000000000000000000000000000000000000000000000000000000000000000000000000000DC
:40A48000000000000000000000000000000000000000000000000000000000000000000000000000000000000000000000000000000000000000000000000000000000009C
:40A4C000000000000000000000000000000000000000000000000000000000000000000000000000000000000000000000000000000000000000000000000000000000005C
:40A50000000000000000000000000000000000000000000000000000000000000000000000000000000000000000000000000000000000000000000000000000000000001B
:40A5400000000000000000000000000000000000000000000000000000000000000000000000000000000000000000000000000000000000000000000000000000000000DB
:40A58000000000000000000000000000000000000000000000000000000000000000000000000000000000000000000000000000000000000000000000000000000000009B
:40A5C000000000000000000000000000000000000000000000000000000000000000000000000000000000000000000000000000000000000000000000000000000000005B
:40A60000000000000000000000000000000000000000000000000000000000000000000000000000000000000000000000000000000000000000000000000000000000001A
:40A6400000000000000000000000000000000000000000000000000000000000000000000000000000000000000000000000000000000000000000000000000000000000DA
:40A68000000000000000000000000000000000000000000000000000000000000000000000000000000000000000000000000000000000000000000000000000000000009A
:40A6C000000000000000000000000000000000000000000000000000000000000000000000000000000000000000000000000000000000000000000000000000000000005A
:40A700000000000000000000000000000000000000000000000000000000000000000000000000000000000000000000000000000000000000000000000000000000000019
:40A7400000000000000000000000000000000000000000000000000000000000000000000000000000000000000000000000000000000000000000000000000000000000D9
:40A780000000000000000000000000000000000000000000000000000000000000000000000000000000000000000000000000000000000000000000000000000000000099
:40A7C0000000000000000000000000000000000000000000000000000000000000000000000000000000000000000000000000000000000000000000000000000000000059
:40A800000000000000000000000000000000000000000000000000000000000000000000000000000000000000000000000000000000000000000000000000000000000018
:40A8400000000000000000000000000000000000000000000000000000000000000000000000000000000000000000000000000000000000000000000000000000000000D8
:40A880000000000000000000000000000000000000000000000000000000000000000000000000000000000000000000000000000000000000000000000000000000000098
:40A8C0000000000000000000000000000000000000000000000000000000000000000000000000000000000000000000000000000000000000000000000000000000000058
:40A900000000000000000000000000000000000000000000000000000000000000000000000000000000000000000000000000000000000000000000000000000000000017
:40A9400000000000000000000000000000000000000000000000000000000000000000000000000000000000000000000000000000000000000000000000000000000000D7
:40A980000000000000000000000000000000000000000000000000000000000000000000000000000000000000000000000000000000000000000000000000000000000097
:40A9C0000000000000000000000000000000000000000000000000000000000000000000000000000000000000000000000000000000000000000000000000000000000057
:40AA00000000000000000000000000000000000000000000000000000000000000000000000000000000000000000000000000000000000000000000000000000000000016
:40AA400000000000000000000000000000000000000000000000000000000000000000000000000000000000000000000000000000000000000000000000000000000000D6
:40AA80000000000000000000000000000000000000000000000000000000000000000000000000000000000000000000000000000000000000000000000000000000000096
:40AAC0000000000000000000000000000000000000000000000000000000000000000000000000000000000000000000000000000000000000000000000000000000000056
:40AB00000000000000000000000000000000000000000000000000000000000000000000000000000000000000000000000000000000000000000000000000000000000015
:40AB400000000000000000000000000000000000000000000000000000000000000000000000000000000000000000000000000000000000000000000000000000000000D5
:40AB80000000000000000000000000000000000000000000000000000000000000000000000000000000000000000000000000000000000000000000000000000000000095
:40ABC0000000000000000000000000000000000000000000000000000000000000000000000000000000000000000000000000000000000000000000000000000000000055
:40AC00000000000000000000000000000000000000000000000000000000000000000000000000000000000000000000000000000000000000000000000000000000000014
:40AC400000000000000000000000000000000000000000000000000000000000000000000000000000000000000000000000000000000000000000000000000000000000D4
:40AC80000000000000000000000000000000000000000000000000000000000000000000000000000000000000000000000000000000000000000000000000000000000094
:40ACC0000000000000000000000000000000000000000000000000000000000000000000000000000000000000000000000000000000000000000000000000000000000054
:40AD00000000000000000000000000000000000000000000000000000000000000000000000000000000000000000000000000000000000000000000000000000000000013
:40AD400000000000000000000000000000000000000000000000000000000000000000000000000000000000000000000000000000000000000000000000000000000000D3
:40AD80000000000000000000000000000000000000000000000000000000000000000000000000000000000000000000000000000000000000000000000000000000000093
:40ADC0000000000000000000000000000000000000000000000000000000000000000000000000000000000000000000000000000000000000000000000000000000000053
:40AE00000000000000000000000000000000000000000000000000000000000000000000000000000000000000000000000000000000000000000000000000000000000012
:40AE400000000000000000000000000000000000000000000000000000000000000000000000000000000000000000000000000000000000000000000000000000000000D2
:40AE80000000000000000000000000000000000000000000000000000000000000000000000000000000000000000000000000000000000000000000000000000000000092
:40AEC0000000000000000000000000000000000000000000000000000000000000000000000000000000000000000000000000000000000000000000000000000000000052
:40AF00000000000000000000000000000000000000000000000000000000000000000000000000000000000000000000000000000000000000000000000000000000000011
:40AF400000000000000000000000000000000000000000000000000000000000000000000000000000000000000000000000000000000000000000000000000000000000D1
:40AF80000000000000000000000000000000000000000000000000000000000000000000000000000000000000000000000000000000000000000000000000000000000091
:40AFC0000000000000000000000000000000000000000000000000000000000000000000000000000000000000000000000000000000000000000000000000000000000051
:40B000000000000000000000000000000000000000000000000000000000000000000000000000000000000000000000000000000000000000000000000000000000000010
:40B0400000000000000000000000000000000000000000000000000000000000000000000000000000000000000000000000000000000000000000000000000000000000D0
:40B080000000000000000000000000000000000000000000000000000000000000000000000000000000000000000000000000000000000000000000000000000000000090
:40B0C0000000000000000000000000000000000000000000000000000000000000000000000000000000000000000000000000000000000000000000000000000000000050
:40B10000000000000000000000000000000000000000000000000000000000000000000000000000000000000000000000000000000000000000000000000000000000000F
:40B1400000000000000000000000000000000000000000000000000000000000000000000000000000000000000000000000000000000000000000000000000000000000CF
:40B18000000000000000000000000000000000000000000000000000000000000000000000000000000000000000000000000000000000000000000000000000000000008F
:40B1C000000000000000000000000000000000000000000000000000000000000000000000000000000000000000000000000000000000000000000000000000000000004F
:40B20000000000000000000000000000000000000000000000000000000000000000000000000000000000000000000000000000000000000000000000000000000000000E
:40B2400000000000000000000000000000000000000000000000000000000000000000000000000000000000000000000000000000000000000000000000000000000000CE
:40B28000000000000000000000000000000000000000000000000000000000000000000000000000000000000000000000000000000000000000000000000000000000008E
:40B2C000000000000000000000000000000000000000000000000000000000000000000000000000000000000000000000000000000000000000000000000000000000004E
:40B30000000000000000000000000000000000000000000000000000000000000000000000000000000000000000000000000000000000000000000000000000000000000D
:40B3400000000000000000000000000000000000000000000000000000000000000000000000000000000000000000000000000000000000000000000000000000000000CD
:40B38000000000000000000000000000000000000000000000000000000000000000000000000000000000000000000000000000000000000000000000000000000000008D
:40B3C000000000000000000000000000000000000000000000000000000000000000000000000000000000000000000000000000000000000000000000000000000000004D
:40B40000000000000000000000000000000000000000000000000000000000000000000000000000000000000000000000000000000000000000000000000000000000000C
:40B4400000000000000000000000000000000000000000000000000000000000000000000000000000000000000000000000000000000000000000000000000000000000CC
:40B48000000000000000000000000000000000000000000000000000000000000000000000000000000000000000000000000000000000000000000000000000000000008C
:40B4C000000000000000000000000000000000000000000000000000000000000000000000000000000000000000000000000000000000000000000000000000000000004C
:40B50000000000000000000000000000000000000000000000000000000000000000000000000000000000000000000000000000000000000000000000000000000000000B
:40B5400000000000000000000000000000000000000000000000000000000000000000000000000000000000000000000000000000000000000000000000000000000000CB
:40B58000000000000000000000000000000000000000000000000000000000000000000000000000000000000000000000000000000000000000000000000000000000008B
:40B5C000000000000000000000000000000000000000000000000000000000000000000000000000000000000000000000000000000000000000000000000000000000004B
:40B60000000000000000000000000000000000000000000000000000000000000000000000000000000000000000000000000000000000000000000000000000000000000A
:40B6400000000000000000000000000000000000000000000000000000000000000000000000000000000000000000000000000000000000000000000000000000000000CA
:40B68000000000000000000000000000000000000000000000000000000000000000000000000000000000000000000000000000000000000000000000000000000000008A
:40B6C000000000000000000000000000000000000000000000000000000000000000000000000000000000000000000000000000000000000000000000000000000000004A
:40B700000000000000000000000000000000000000000000000000000000000000000000000000000000000000000000000000000000000000000000000000000000000009
:40B7400000000000000000000000000000000000000000000000000000000000000000000000000000000000000000000000000000000000000000000000000000000000C9
:40B780000000000000000000000000000000000000000000000000000000000000000000000000000000000000000000000000000000000000000000000000000000000089
:40B7C0000000000000000000000000000000000000000000000000000000000000000000000000000000000000000000000000000000000000000000000000000000000049
:40B800000000000000000000000000000000000000000000000000000000000000000000000000000000000000000000000000000000000000000000000000000000000008
:40B8400000000000000000000000000000000000000000000000000000000000000000000000000000000000000000000000000000000000000000000000000000000000C8
:40B880000000000000000000000000000000000000000000000000000000000000000000000000000000000000000000000000000000000000000000000000000000000088
:40B8C0000000000000000000000000000000000000000000000000000000000000000000000000000000000000000000000000000000000000000000000000000000000048
:40B900000000000000000000000000000000000000000000000000000000000000000000000000000000000000000000000000000000000000000000000000000000000007
:40B9400000000000000000000000000000000000000000000000000000000000000000000000000000000000000000000000000000000000000000000000000000000000C7
:40B980000000000000000000000000000000000000000000000000000000000000000000000000000000000000000000000000000000000000000000000000000000000087
:40B9C0000000000000000000000000000000000000000000000000000000000000000000000000000000000000000000000000000000000000000000000000000000000047
:40BA00000000000000000000000000000000000000000000000000000000000000000000000000000000000000000000000000000000000000000000000000000000000006
:40BA400000000000000000000000000000000000000000000000000000000000000000000000000000000000000000000000000000000000000000000000000000000000C6
:40BA80000000000000000000000000000000000000000000000000000000000000000000000000000000000000000000000000000000000000000000000000000000000086
:40BAC0000000000000000000000000000000000000000000000000000000000000000000000000000000000000000000000000000000000000000000000000000000000046
:40BB00000000000000000000000000000000000000000000000000000000000000000000000000000000000000000000000000000000000000000000000000000000000005
:40BB400000000000000000000000000000000000000000000000000000000000000000000000000000000000000000000000000000000000000000000000000000000000C5
:40BB80000000000000000000000000000000000000000000000000000000000000000000000000000000000000000000000000000000000000000000000000000000000085
:40BBC0000000000000000000000000000000000000000000000000000000000000000000000000000000000000000000000000000000000000000000000000000000000045
:40BC00000000000000000000000000000000000000000000000000000000000000000000000000000000000000000000000000000000000000000000000000000000000004
:40BC400000000000000000000000000000000000000000000000000000000000000000000000000000000000000000000000000000000000000000000000000000000000C4
:40BC80000000000000000000000000000000000000000000000000000000000000000000000000000000000000000000000000000000000000000000000000000000000084
:40BCC0000000000000000000000000000000000000000000000000000000000000000000000000000000000000000000000000000000000000000000000000000000000044
:40BD00000000000000000000000000000000000000000000000000000000000000000000000000000000000000000000000000000000000000000000000000000000000003
:40BD400000000000000000000000000000000000000000000000000000000000000000000000000000000000000000000000000000000000000000000000000000000000C3
:40BD80000000000000000000000000000000000000000000000000000000000000000000000000000000000000000000000000000000000000000000000000000000000083
:40BDC0000000000000000000000000000000000000000000000000000000000000000000000000000000000000000000000000000000000000000000000000000000000043
:40BE00000000000000000000000000000000000000000000000000000000000000000000000000000000000000000000000000000000000000000000000000000000000002
:40BE400000000000000000000000000000000000000000000000000000000000000000000000000000000000000000000000000000000000000000000000000000000000C2
:40BE80000000000000000000000000000000000000000000000000000000000000000000000000000000000000000000000000000000000000000000000000000000000082
:40BEC0000000000000000000000000000000000000000000000000000000000000000000000000000000000000000000000000000000000000000000000000000000000042
:40BF00000000000000000000000000000000000000000000000000000000000000000000000000000000000000000000000000000000000000000000000000000000000001
:40BF400000000000000000000000000000000000000000000000000000000000000000000000000000000000000000000000000000000000000000000000000000000000C1
:40BF80000000000000000000000000000000000000000000000000000000000000000000000000000000000000000000000000000000000000000000000000000000000081
:40BFC0000000000000000000000000000000000000000000000000000000000000000000000000000000000000000000000000000000000000000000000000000000000041
:40C000000000000000000000000000000000000000000000000000000000000000000000000000000000000000000000000000000000000000000000000000000000000000
:40C0400000000000000000000000000000000000000000000000000000000000000000000000000000000000000000000000000000000000000000000000000000000000C0
:40C080000000000000000000000000000000000000000000000000000000000000000000000000000000000000000000000000000000000000000000000000000000000080
:40C0C0000000000000000000000000000000000000000000000000000000000000000000000000000000000000000000000000000000000000000000000000000000000040
:40C1000000000000000000000000000000000000000000000000000000000000000000000000000000000000000000000000000000000000000000000000000000000000FF
:40C1400000000000000000000000000000000000000000000000000000000000000000000000000000000000000000000000000000000000000000000000000000000000BF
:40C18000000000000000000000000000000000000000000000000000000000000000000000000000000000000000000000000000000000000000000000000000000000007F
:40C1C000000000000000000000000000000000000000000000000000000000000000000000000000000000000000000000000000000000000000000000000000000000003F
:40C2000000000000000000000000000000000000000000000000000000000000000000000000000000000000000000000000000000000000000000000000000000000000FE
:40C2400000000000000000000000000000000000000000000000000000000000000000000000000000000000000000000000000000000000000000000000000000000000BE
:40C28000000000000000000000000000000000000000000000000000000000000000000000000000000000000000000000000000000000000000000000000000000000007E
:40C2C000000000000000000000000000000000000000000000000000000000000000000000000000000000000000000000000000000000000000000000000000000000003E
:40C3000000000000000000000000000000000000000000000000000000000000000000000000000000000000000000000000000000000000000000000000000000000000FD
:40C3400000000000000000000000000000000000000000000000000000000000000000000000000000000000000000000000000000000000000000000000000000000000BD
:40C38000000000000000000000000000000000000000000000000000000000000000000000000000000000000000000000000000000000000000000000000000000000007D
:40C3C000000000000000000000000000000000000000000000000000000000000000000000000000000000000000000000000000000000000000000000000000000000003D
:40C4000000000000000000000000000000000000000000000000000000000000000000000000000000000000000000000000000000000000000000000000000000000000FC
:40C4400000000000000000000000000000000000000000000000000000000000000000000000000000000000000000000000000000000000000000000000000000000000BC
:40C48000000000000000000000000000000000000000000000000000000000000000000000000000000000000000000000000000000000000000000000000000000000007C
:40C4C000000000000000000000000000000000000000000000000000000000000000000000000000000000000000000000000000000000000000000000000000000000003C
:40C5000000000000000000000000000000000000000000000000000000000000000000000000000000000000000000000000000000000000000000000000000000000000FB
:40C5400000000000000000000000000000000000000000000000000000000000000000000000000000000000000000000000000000000000000000000000000000000000BB
:40C58000000000000000000000000000000000000000000000000000000000000000000000000000000000000000000000000000000000000000000000000000000000007B
:40C5C000000000000000000000000000000000000000000000000000000000000000000000000000000000000000000000000000000000000000000000000000000000003B
:40C6000000000000000000000000000000000000000000000000000000000000000000000000000000000000000000000000000000000000000000000000000000000000FA
:40C6400000000000000000000000000000000000000000000000000000000000000000000000000000000000000000000000000000000000000000000000000000000000BA
:40C68000000000000000000000000000000000000000000000000000000000000000000000000000000000000000000000000000000000000000000000000000000000007A
:40C6C000000000000000000000000000000000000000000000000000000000000000000000000000000000000000000000000000000000000000000000000000000000003A
:40C7000000000000000000000000000000000000000000000000000000000000000000000000000000000000000000000000000000000000000000000000000000000000F9
:40C7400000000000000000000000000000000000000000000000000000000000000000000000000000000000000000000000000000000000000000000000000000000000B9
:40C780000000000000000000000000000000000000000000000000000000000000000000000000000000000000000000000000000000000000000000000000000000000079
:40C7C0000000000000000000000000000000000000000000000000000000000000000000000000000000000000000000000000000000000000000000000000000000000039
:40C8000000000000000000000000000000000000000000000000000000000000000000000000000000000000000000000000000000000000000000000000000000000000F8
:40C8400000000000000000000000000000000000000000000000000000000000000000000000000000000000000000000000000000000000000000000000000000000000B8
:40C880000000000000000000000000000000000000000000000000000000000000000000000000000000000000000000000000000000000000000000000000000000000078
:40C8C0000000000000000000000000000000000000000000000000000000000000000000000000000000000000000000000000000000000000000000000000000000000038
:40C9000000000000000000000000000000000000000000000000000000000000000000000000000000000000000000000000000000000000000000000000000000000000F7
:40C9400000000000000000000000000000000000000000000000000000000000000000000000000000000000000000000000000000000000000000000000000000000000B7
:40C980000000000000000000000000000000000000000000000000000000000000000000000000000000000000000000000000000000000000000000000000000000000077
:40C9C0000000000000000000000000000000000000000000000000000000000000000000000000000000000000000000000000000000000000000000000000000000000037
:40CA000000000000000000000000000000000000000000000000000000000000000000000000000000000000000000000000000000000000000000000000000000000000F6
:40CA400000000000000000000000000000000000000000000000000000000000000000000000000000000000000000000000000000000000000000000000000000000000B6
:40CA80000000000000000000000000000000000000000000000000000000000000000000000000000000000000000000000000000000000000000000000000000000000076
:40CAC0000000000000000000000000000000000000000000000000000000000000000000000000000000000000000000000000000000000000000000000000000000000036
:40CB000000000000000000000000000000000000000000000000000000000000000000000000000000000000000000000000000000000000000000000000000000000000F5
:40CB400000000000000000000000000000000000000000000000000000000000000000000000000000000000000000000000000000000000000000000000000000000000B5
:40CB80000000000000000000000000000000000000000000000000000000000000000000000000000000000000000000000000000000000000000000000000000000000075
:40CBC0000000000000000000000000000000000000000000000000000000000000000000000000000000000000000000000000000000000000000000000000000000000035
:40CC000000000000000000000000000000000000000000000000000000000000000000000000000000000000000000000000000000000000000000000000000000000000F4
:40CC400000000000000000000000000000000000000000000000000000000000000000000000000000000000000000000000000000000000000000000000000000000000B4
:40CC80000000000000000000000000000000000000000000000000000000000000000000000000000000000000000000000000000000000000000000000000000000000074
:40CCC0000000000000000000000000000000000000000000000000000000000000000000000000000000000000000000000000000000000000000000000000000000000034
:40CD000000000000000000000000000000000000000000000000000000000000000000000000000000000000000000000000000000000000000000000000000000000000F3
:40CD400000000000000000000000000000000000000000000000000000000000000000000000000000000000000000000000000000000000000000000000000000000000B3
:40CD80000000000000000000000000000000000000000000000000000000000000000000000000000000000000000000000000000000000000000000000000000000000073
:40CDC0000000000000000000000000000000000000000000000000000000000000000000000000000000000000000000000000000000000000000000000000000000000033
:40CE000000000000000000000000000000000000000000000000000000000000000000000000000000000000000000000000000000000000000000000000000000000000F2
:40CE400000000000000000000000000000000000000000000000000000000000000000000000000000000000000000000000000000000000000000000000000000000000B2
:40CE80000000000000000000000000000000000000000000000000000000000000000000000000000000000000000000000000000000000000000000000000000000000072
:40CEC0000000000000000000000000000000000000000000000000000000000000000000000000000000000000000000000000000000000000000000000000000000000032
:40CF000000000000000000000000000000000000000000000000000000000000000000000000000000000000000000000000000000000000000000000000000000000000F1
:40CF400000000000000000000000000000000000000000000000000000000000000000000000000000000000000000000000000000000000000000000000000000000000B1
:40CF80000000000000000000000000000000000000000000000000000000000000000000000000000000000000000000000000000000000000000000000000000000000071
:40CFC0000000000000000000000000000000000000000000000000000000000000000000000000000000000000000000000000000000000000000000000000000000000031
:40D0000000000000000000000000000000000000000000000000000000000000000000000000000000000000000000000000000000000000000000000000000000000000F0
:40D0400000000000000000000000000000000000000000000000000000000000000000000000000000000000000000000000000000000000000000000000000000000000B0
:40D080000000000000000000000000000000000000000000000000000000000000000000000000000000000000000000000000000000000000000000000000000000000070
:40D0C0000000000000000000000000000000000000000000000000000000000000000000000000000000000000000000000000000000000000000000000000000000000030
:40D1000000000000000000000000000000000000000000000000000000000000000000000000000000000000000000000000000000000000000000000000000000000000EF
:40D1400000000000000000000000000000000000000000000000000000000000000000000000000000000000000000000000000000000000000000000000000000000000AF
:40D18000000000000000000000000000000000000000000000000000000000000000000000000000000000000000000000000000000000000000000000000000000000006F
:40D1C000000000000000000000000000000000000000000000000000000000000000000000000000000000000000000000000000000000000000000000000000000000002F
:40D2000000000000000000000000000000000000000000000000000000000000000000000000000000000000000000000000000000000000000000000000000000000000EE
:40D2400000000000000000000000000000000000000000000000000000000000000000000000000000000000000000000000000000000000000000000000000000000000AE
:40D28000000000000000000000000000000000000000000000000000000000000000000000000000000000000000000000000000000000000000000000000000000000006E
:40D2C000000000000000000000000000000000000000000000000000000000000000000000000000000000000000000000000000000000000000000000000000000000002E
:40D3000000000000000000000000000000000000000000000000000000000000000000000000000000000000000000000000000000000000000000000000000000000000ED
:40D3400000000000000000000000000000000000000000000000000000000000000000000000000000000000000000000000000000000000000000000000000000000000AD
:40D38000000000000000000000000000000000000000000000000000000000000000000000000000000000000000000000000000000000000000000000000000000000006D
:40D3C000000000000000000000000000000000000000000000000000000000000000000000000000000000000000000000000000000000000000000000000000000000002D
:40D4000000000000000000000000000000000000000000000000000000000000000000000000000000000000000000000000000000000000000000000000000000000000EC
:40D4400000000000000000000000000000000000000000000000000000000000000000000000000000000000000000000000000000000000000000000000000000000000AC
:40D48000000000000000000000000000000000000000000000000000000000000000000000000000000000000000000000000000000000000000000000000000000000006C
:40D4C000000000000000000000000000000000000000000000000000000000000000000000000000000000000000000000000000000000000000000000000000000000002C
:40D5000000000000000000000000000000000000000000000000000000000000000000000000000000000000000000000000000000000000000000000000000000000000EB
:40D5400000000000000000000000000000000000000000000000000000000000000000000000000000000000000000000000000000000000000000000000000000000000AB
:40D58000000000000000000000000000000000000000000000000000000000000000000000000000000000000000000000000000000000000000000000000000000000006B
:40D5C000000000000000000000000000000000000000000000000000000000000000000000000000000000000000000000000000000000000000000000000000000000002B
:40D6000000000000000000000000000000000000000000000000000000000000000000000000000000000000000000000000000000000000000000000000000000000000EA
:40D6400000000000000000000000000000000000000000000000000000000000000000000000000000000000000000000000000000000000000000000000000000000000AA
:40D68000000000000000000000000000000000000000000000000000000000000000000000000000000000000000000000000000000000000000000000000000000000006A
:40D6C000000000000000000000000000000000000000000000000000000000000000000000000000000000000000000000000000000000000000000000000000000000002A
:40D7000000000000000000000000000000000000000000000000000000000000000000000000000000000000000000000000000000000000000000000000000000000000E9
:40D7400000000000000000000000000000000000000000000000000000000000000000000000000000000000000000000000000000000000000000000000000000000000A9
:40D780000000000000000000000000000000000000000000000000000000000000000000000000000000000000000000000000000000000000000000000000000000000069
:40D7C0000000000000000000000000000000000000000000000000000000000000000000000000000000000000000000000000000000000000000000000000000000000029
:40D8000000000000000000000000000000000000000000000000000000000000000000000000000000000000000000000000000000000000000000000000000000000000E8
:40D8400000000000000000000000000000000000000000000000000000000000000000000000000000000000000000000000000000000000000000000000000000000000A8
:40D880000000000000000000000000000000000000000000000000000000000000000000000000000000000000000000000000000000000000000000000000000000000068
:40D8C0000000000000000000000000000000000000000000000000000000000000000000000000000000000000000000000000000000000000000000000000000000000028
:40D9000000000000000000000000000000000000000000000000000000000000000000000000000000000000000000000000000000000000000000000000000000000000E7
:40D9400000000000000000000000000000000000000000000000000000000000000000000000000000000000000000000000000000000000000000000000000000000000A7
:40D980000000000000000000000000000000000000000000000000000000000000000000000000000000000000000000000000000000000000000000000000000000000067
:40D9C0000000000000000000000000000000000000000000000000000000000000000000000000000000000000000000000000000000000000000000000000000000000027
:40DA000000000000000000000000000000000000000000000000000000000000000000000000000000000000000000000000000000000000000000000000000000000000E6
:40DA400000000000000000000000000000000000000000000000000000000000000000000000000000000000000000000000000000000000000000000000000000000000A6
:40DA80000000000000000000000000000000000000000000000000000000000000000000000000000000000000000000000000000000000000000000000000000000000066
:40DAC0000000000000000000000000000000000000000000000000000000000000000000000000000000000000000000000000000000000000000000000000000000000026
:40DB000000000000000000000000000000000000000000000000000000000000000000000000000000000000000000000000000000000000000000000000000000000000E5
:40DB400000000000000000000000000000000000000000000000000000000000000000000000000000000000000000000000000000000000000000000000000000000000A5
:40DB80000000000000000000000000000000000000000000000000000000000000000000000000000000000000000000000000000000000000000000000000000000000065
:40DBC0000000000000000000000000000000000000000000000000000000000000000000000000000000000000000000000000000000000000000000000000000000000025
:40DC000000000000000000000000000000000000000000000000000000000000000000000000000000000000000000000000000000000000000000000000000000000000E4
:40DC400000000000000000000000000000000000000000000000000000000000000000000000000000000000000000000000000000000000000000000000000000000000A4
:40DC80000000000000000000000000000000000000000000000000000000000000000000000000000000000000000000000000000000000000000000000000000000000064
:40DCC0000000000000000000000000000000000000000000000000000000000000000000000000000000000000000000000000000000000000000000000000000000000024
:40DD000000000000000000000000000000000000000000000000000000000000000000000000000000000000000000000000000000000000000000000000000000000000E3
:40DD400000000000000000000000000000000000000000000000000000000000000000000000000000000000000000000000000000000000000000000000000000000000A3
:40DD80000000000000000000000000000000000000000000000000000000000000000000000000000000000000000000000000000000000000000000000000000000000063
:40DDC0000000000000000000000000000000000000000000000000000000000000000000000000000000000000000000000000000000000000000000000000000000000023
:40DE000000000000000000000000000000000000000000000000000000000000000000000000000000000000000000000000000000000000000000000000000000000000E2
:40DE400000000000000000000000000000000000000000000000000000000000000000000000000000000000000000000000000000000000000000000000000000000000A2
:40DE80000000000000000000000000000000000000000000000000000000000000000000000000000000000000000000000000000000000000000000000000000000000062
:40DEC0000000000000000000000000000000000000000000000000000000000000000000000000000000000000000000000000000000000000000000000000000000000022
:40DF000000000000000000000000000000000000000000000000000000000000000000000000000000000000000000000000000000000000000000000000000000000000E1
:40DF400000000000000000000000000000000000000000000000000000000000000000000000000000000000000000000000000000000000000000000000000000000000A1
:40DF80000000000000000000000000000000000000000000000000000000000000000000000000000000000000000000000000000000000000000000000000000000000061
:40DFC0000000000000000000000000000000000000000000000000000000000000000000000000000000000000000000000000000000000000000000000000000000000021
:40E0000000000000000000000000000000000000000000000000000000000000000000000000000000000000000000000000000000000000000000000000000000000000E0
:40E0400000000000000000000000000000000000000000000000000000000000000000000000000000000000000000000000000000000000000000000000000000000000A0
:40E080000000000000000000000000000000000000000000000000000000000000000000000000000000000000000000000000000000000000000000000000000000000060
:40E0C0000000000000000000000000000000000000000000000000000000000000000000000000000000000000000000000000000000000000000000000000000000000020
:40E1000000000000000000000000000000000000000000000000000000000000000000000000000000000000000000000000000000000000000000000000000000000000DF
:40E14000000000000000000000000000000000000000000000000000000000000000000000000000000000000000000000000000000000000000000000000000000000009F
:40E18000000000000000000000000000000000000000000000000000000000000000000000000000000000000000000000000000000000000000000000000000000000005F
:40E1C000000000000000000000000000000000000000000000000000000000000000000000000000000000000000000000000000000000000000000000000000000000001F
:40E2000000000000000000000000000000000000000000000000000000000000000000000000000000000000000000000000000000000000000000000000000000000000DE
:40E24000000000000000000000000000000000000000000000000000000000000000000000000000000000000000000000000000000000000000000000000000000000009E
:40E28000000000000000000000000000000000000000000000000000000000000000000000000000000000000000000000000000000000000000000000000000000000005E
:40E2C000000000000000000000000000000000000000000000000000000000000000000000000000000000000000000000000000000000000000000000000000000000001E
:40E3000000000000000000000000000000000000000000000000000000000000000000000000000000000000000000000000000000000000000000000000000000000000DD
:40E34000000000000000000000000000000000000000000000000000000000000000000000000000000000000000000000000000000000000000000000000000000000009D
:40E38000000000000000000000000000000000000000000000000000000000000000000000000000000000000000000000000000000000000000000000000000000000005D
:40E3C000000000000000000000000000000000000000000000000000000000000000000000000000000000000000000000000000000000000000000000000000000000001D
:40E4000000000000000000000000000000000000000000000000000000000000000000000000000000000000000000000000000000000000000000000000000000000000DC
:40E44000000000000000000000000000000000000000000000000000000000000000000000000000000000000000000000000000000000000000000000000000000000009C
:40E48000000000000000000000000000000000000000000000000000000000000000000000000000000000000000000000000000000000000000000000000000000000005C
:40E4C000000000000000000000000000000000000000000000000000000000000000000000000000000000000000000000000000000000000000000000000000000000001C
:40E5000000000000000000000000000000000000000000000000000000000000000000000000000000000000000000000000000000000000000000000000000000000000DB
:40E54000000000000000000000000000000000000000000000000000000000000000000000000000000000000000000000000000000000000000000000000000000000009B
:40E58000000000000000000000000000000000000000000000000000000000000000000000000000000000000000000000000000000000000000000000000000000000005B
:40E5C000000000000000000000000000000000000000000000000000000000000000000000000000000000000000000000000000000000000000000000000000000000001B
:40E6000000000000000000000000000000000000000000000000000000000000000000000000000000000000000000000000000000000000000000000000000000000000DA
:40E64000000000000000000000000000000000000000000000000000000000000000000000000000000000000000000000000000000000000000000000000000000000009A
:40E68000000000000000000000000000000000000000000000000000000000000000000000000000000000000000000000000000000000000000000000000000000000005A
:40E6C000000000000000000000000000000000000000000000000000000000000000000000000000000000000000000000000000000000000000000000000000000000001A
:40E7000000000000000000000000000000000000000000000000000000000000000000000000000000000000000000000000000000000000000000000000000000000000D9
:40E740000000000000000000000000000000000000000000000000000000000000000000000000000000000000000000000000000000000000000000000000000000000099
:40E780000000000000000000000000000000000000000000000000000000000000000000000000000000000000000000000000000000000000000000000000000000000059
:40E7C0000000000000000000000000000000000000000000000000000000000000000000000000000000000000000000000000000000000000000000000000000000000019
:40E8000000000000000000000000000000000000000000000000000000000000000000000000000000000000000000000000000000000000000000000000000000000000D8
:40E840000000000000000000000000000000000000000000000000000000000000000000000000000000000000000000000000000000000000000000000000000000000098
:40E880000000000000000000000000000000000000000000000000000000000000000000000000000000000000000000000000000000000000000000000000000000000058
:40E8C0000000000000000000000000000000000000000000000000000000000000000000000000000000000000000000000000000000000000000000000000000000000018
:40E9000000000000000000000000000000000000000000000000000000000000000000000000000000000000000000000000000000000000000000000000000000000000D7
:40E940000000000000000000000000000000000000000000000000000000000000000000000000000000000000000000000000000000000000000000000000000000000097
:40E980000000000000000000000000000000000000000000000000000000000000000000000000000000000000000000000000000000000000000000000000000000000057
:40E9C0000000000000000000000000000000000000000000000000000000000000000000000000000000000000000000000000000000000000000000000000000000000017
:40EA000000000000000000000000000000000000000000000000000000000000000000000000000000000000000000000000000000000000000000000000000000000000D6
:40EA40000000000000000000000000000000000000000000000000000000000000000000000000000000000000000000000000000000000000000000000000000000000096
:40EA80000000000000000000000000000000000000000000000000000000000000000000000000000000000000000000000000000000000000000000000000000000000056
:40EAC0000000000000000000000000000000000000000000000000000000000000000000000000000000000000000000000000000000000000000000000000000000000016
:40EB000000000000000000000000000000000000000000000000000000000000000000000000000000000000000000000000000000000000000000000000000000000000D5
:40EB40000000000000000000000000000000000000000000000000000000000000000000000000000000000000000000000000000000000000000000000000000000000095
:40EB80000000000000000000000000000000000000000000000000000000000000000000000000000000000000000000000000000000000000000000000000000000000055
:40EBC0000000000000000000000000000000000000000000000000000000000000000000000000000000000000000000000000000000000000000000000000000000000015
:40EC000000000000000000000000000000000000000000000000000000000000000000000000000000000000000000000000000000000000000000000000000000000000D4
:40EC40000000000000000000000000000000000000000000000000000000000000000000000000000000000000000000000000000000000000000000000000000000000094
:40EC80000000000000000000000000000000000000000000000000000000000000000000000000000000000000000000000000000000000000000000000000000000000054
:40ECC0000000000000000000000000000000000000000000000000000000000000000000000000000000000000000000000000000000000000000000000000000000000014
:40ED000000000000000000000000000000000000000000000000000000000000000000000000000000000000000000000000000000000000000000000000000000000000D3
:40ED40000000000000000000000000000000000000000000000000000000000000000000000000000000000000000000000000000000000000000000000000000000000093
:40ED80000000000000000000000000000000000000000000000000000000000000000000000000000000000000000000000000000000000000000000000000000000000053
:40EDC0000000000000000000000000000000000000000000000000000000000000000000000000000000000000000000000000000000000000000000000000000000000013
:40EE000000000000000000000000000000000000000000000000000000000000000000000000000000000000000000000000000000000000000000000000000000000000D2
:40EE40000000000000000000000000000000000000000000000000000000000000000000000000000000000000000000000000000000000000000000000000000000000092
:40EE80000000000000000000000000000000000000000000000000000000000000000000000000000000000000000000000000000000000000000000000000000000000052
:40EEC0000000000000000000000000000000000000000000000000000000000000000000000000000000000000000000000000000000000000000000000000000000000012
:40EF000000000000000000000000000000000000000000000000000000000000000000000000000000000000000000000000000000000000000000000000000000000000D1
:40EF40000000000000000000000000000000000000000000000000000000000000000000000000000000000000000000000000000000000000000000000000000000000091
:40EF80000000000000000000000000000000000000000000000000000000000000000000000000000000000000000000000000000000000000000000000000000000000051
:40EFC0000000000000000000000000000000000000000000000000000000000000000000000000000000000000000000000000000000000000000000000000000000000011
:40F0000000000000000000000000000000000000000000000000000000000000000000000000000000000000000000000000000000000000000000000000000000000000D0
:40F040000000000000000000000000000000000000000000000000000000000000000000000000000000000000000000000000000000000000000000000000000000000090
:40F080000000000000000000000000000000000000000000000000000000000000000000000000000000000000000000000000000000000000000000000000000000000050
:40F0C0000000000000000000000000000000000000000000000000000000000000000000000000000000000000000000000000000000000000000000000000000000000010
:40F1000000000000000000000000000000000000000000000000000000000000000000000000000000000000000000000000000000000000000000000000000000000000CF
:40F14000000000000000000000000000000000000000000000000000000000000000000000000000000000000000000000000000000000000000000000000000000000008F
:40F18000000000000000000000000000000000000000000000000000000000000000000000000000000000000000000000000000000000000000000000000000000000004F
:40F1C000000000000000000000000000000000000000000000000000000000000000000000000000000000000000000000000000000000000000000000000000000000000F
:40F2000000000000000000000000000000000000000000000000000000000000000000000000000000000000000000000000000000000000000000000000000000000000CE
:40F24000000000000000000000000000000000000000000000000000000000000000000000000000000000000000000000000000000000000000000000000000000000008E
:40F28000000000000000000000000000000000000000000000000000000000000000000000000000000000000000000000000000000000000000000000000000000000004E
:40F2C000000000000000000000000000000000000000000000000000000000000000000000000000000000000000000000000000000000000000000000000000000000000E
:40F3000000000000000000000000000000000000000000000000000000000000000000000000000000000000000000000000000000000000000000000000000000000000CD
:40F34000000000000000000000000000000000000000000000000000000000000000000000000000000000000000000000000000000000000000000000000000000000008D
:40F38000000000000000000000000000000000000000000000000000000000000000000000000000000000000000000000000000000000000000000000000000000000004D
:40F3C000000000000000000000000000000000000000000000000000000000000000000000000000000000000000000000000000000000000000000000000000000000000D
:40F4000000000000000000000000000000000000000000000000000000000000000000000000000000000000000000000000000000000000000000000000000000000000CC
:40F44000000000000000000000000000000000000000000000000000000000000000000000000000000000000000000000000000000000000000000000000000000000008C
:40F48000000000000000000000000000000000000000000000000000000000000000000000000000000000000000000000000000000000000000000000000000000000004C
:40F4C000000000000000000000000000000000000000000000000000000000000000000000000000000000000000000000000000000000000000000000000000000000000C
:40F5000000000000000000000000000000000000000000000000000000000000000000000000000000000000000000000000000000000000000000000000000000000000CB
:40F54000000000000000000000000000000000000000000000000000000000000000000000000000000000000000000000000000000000000000000000000000000000008B
:40F58000000000000000000000000000000000000000000000000000000000000000000000000000000000000000000000000000000000000000000000000000000000004B
:40F5C000000000000000000000000000000000000000000000000000000000000000000000000000000000000000000000000000000000000000000000000000000000000B
:40F6000000000000000000000000000000000000000000000000000000000000000000000000000000000000000000000000000000000000000000000000000000000000CA
:40F64000000000000000000000000000000000000000000000000000000000000000000000000000000000000000000000000000000000000000000000000000000000008A
:40F68000000000000000000000000000000000000000000000000000000000000000000000000000000000000000000000000000000000000000000000000000000000004A
:40F6C000000000000000000000000000000000000000000000000000000000000000000000000000000000000000000000000000000000000000000000000000000000000A
:40F7000000000000000000000000000000000000000000000000000000000000000000000000000000000000000000000000000000000000000000000000000000000000C9
:40F740000000000000000000000000000000000000000000000000000000000000000000000000000000000000000000000000000000000000000000000000000000000089
:40F780000000000000000000000000000000000000000000000000000000000000000000000000000000000000000000000000000000000000000000000000000000000049
:40F7C0000000000000000000000000000000000000000000000000000000000000000000000000000000000000000000000000000000000000000000000000000000000009
:40F8000000000000000000000000000000000000000000000000000000000000000000000000000000000000000000000000000000000000000000000000000000000000C8
:40F840000000000000000000000000000000000000000000000000000000000000000000000000000000000000000000000000000000000000000000000000000000000088
:40F880000000000000000000000000000000000000000000000000000000000000000000000000000000000000000000000000000000000000000000000000000000000048
:40F8C0000000000000000000000000000000000000000000000000000000000000000000000000000000000000000000000000000000000000000000000000000000000008
:40F9000000000000000000000000000000000000000000000000000000000000000000000000000000000000000000000000000000000000000000000000000000000000C7
:40F940000000000000000000000000000000000000000000000000000000000000000000000000000000000000000000000000000000000000000000000000000000000087
:40F980000000000000000000000000000000000000000000000000000000000000000000000000000000000000000000000000000000000000000000000000000000000047
:40F9C0000000000000000000000000000000000000000000000000000000000000000000000000000000000000000000000000000000000000000000000000000000000007
:40FA000000000000000000000000000000000000000000000000000000000000000000000000000000000000000000000000000000000000000000000000000000000000C6
:40FA40000000000000000000000000000000000000000000000000000000000000000000000000000000000000000000000000000000000000000000000000000000000086
:40FA80000000000000000000000000000000000000000000000000000000000000000000000000000000000000000000000000000000000000000000000000000000000046
:40FAC0000000000000000000000000000000000000000000000000000000000000000000000000000000000000000000000000000000000000000000000000000000000006
:40FB000000000000000000000000000000000000000000000000000000000000000000000000000000000000000000000000000000000000000000000000000000000000C5
:40FB40000000000000000000000000000000000000000000000000000000000000000000000000000000000000000000000000000000000000000000000000000000000085
:40FB80000000000000000000000000000000000000000000000000000000000000000000000000000000000000000000000000000000000000000000000000000000000045
:40FBC0000000000000000000000000000000000000000000000000000000000000000000000000000000000000000000000000000000000000000000000000000000000005
:40FC000000000000000000000000000000000000000000000000000000000000000000000000000000000000000000000000000000000000000000000000000000000000C4
:40FC40000000000000000000000000000000000000000000000000000000000000000000000000000000000000000000000000000000000000000000000000000000000084
:40FC80000000000000000000000000000000000000000000000000000000000000000000000000000000000000000000000000000000000000000000000000000000000044
:40FCC0000000000000000000000000000000000000000000000000000000000000000000000000000000000000000000000000000000000000000000000000000000000004
:40FD000000000000000000000000000000000000000000000000000000000000000000000000000000000000000000000000000000000000000000000000000000000000C3
:40FD40000000000000000000000000000000000000000000000000000000000000000000000000000000000000000000000000000000000000000000000000000000000083
:40FD80000000000000000000000000000000000000000000000000000000000000000000000000000000000000000000000000000000000000000000000000000000000043
:40FDC0000000000000000000000000000000000000000000000000000000000000000000000000000000000000000000000000000000000000000000000000000000000003
:40FE000000000000000000000000000000000000000000000000000000000000000000000000000000000000000000000000000000000000000000000000000000000000C2
:40FE40000000000000000000000000000000000000000000000000000000000000000000000000000000000000000000000000000000000000000000000000000000000082
:40FE80000000000000000000000000000000000000000000000000000000000000000000000000000000000000000000000000000000000000000000000000000000000042
:40FEC0000000000000000000000000000000000000000000000000000000000000000000000000000000000000000000000000000000000000000000000000000000000002
:40FF000000000000000000000000000000000000000000000000000000000000000000000000000000000000000000000000000000000000000000000000000000000000C1
:40FF40000000000000000000000000000000000000000000000000000000000000000000000000000000000000000000000000000000000000000000000000000000000081
:40FF80000000000000000000000000000000000000000000000000000000000000000000000000000000000000000000000000000000000000000000000000000000000041
:40FFC0000000000000000000000000000000000000000000000000000000000000000000000000000000000000000000000000000000000000000000000000000000000001
:020000040002F8
:4000000000000000000000000000000000000000000000000000000000000000000000000000000000000000000000000000000000000000000000000000000000000000C0
:400040000000000000000000000000000000000000000000000000000000000000000000000000000000000000000000000000000000000000000000000000000000000080
:400080000000000000000000000000000000000000000000000000000000000000000000000000000000000000000000000000000000000000000000000000000000000040
:4000C0000000000000000000000000000000000000000000000000000000000000000000000000000000000000000000000000000000000000000000000000000000000000
:4001000000000000000000000000000000000000000000000000000000000000000000000000000000000000000000000000000000000000000000000000000000000000BF
:40014000000000000000000000000000000000000000000000000000000000000000000000000000000000000000000000000000000000000000000000000000000000007F
:40018000000000000000000000000000000000000000000000000000000000000000000000000000000000000000000000000000000000000000000000000000000000003F
:4001C00000000000000000000000000000000000000000000000000000000000000000000000000000000000000000000000000000000000000000000000000000000000FF
:4002000000000000000000000000000000000000000000000000000000000000000000000000000000000000000000000000000000000000000000000000000000000000BE
:40024000000000000000000000000000000000000000000000000000000000000000000000000000000000000000000000000000000000000000000000000000000000007E
:40028000000000000000000000000000000000000000000000000000000000000000000000000000000000000000000000000000000000000000000000000000000000003E
:4002C00000000000000000000000000000000000000000000000000000000000000000000000000000000000000000000000000000000000000000000000000000000000FE
:4003000000000000000000000000000000000000000000000000000000000000000000000000000000000000000000000000000000000000000000000000000000000000BD
:40034000000000000000000000000000000000000000000000000000000000000000000000000000000000000000000000000000000000000000000000000000000000007D
:40038000000000000000000000000000000000000000000000000000000000000000000000000000000000000000000000000000000000000000000000000000000000003D
:4003C00000000000000000000000000000000000000000000000000000000000000000000000000000000000000000000000000000000000000000000000000000000000FD
:4004000000000000000000000000000000000000000000000000000000000000000000000000000000000000000000000000000000000000000000000000000000000000BC
:40044000000000000000000000000000000000000000000000000000000000000000000000000000000000000000000000000000000000000000000000000000000000007C
:40048000000000000000000000000000000000000000000000000000000000000000000000000000000000000000000000000000000000000000000000000000000000003C
:4004C00000000000000000000000000000000000000000000000000000000000000000000000000000000000000000000000000000000000000000000000000000000000FC
:4005000000000000000000000000000000000000000000000000000000000000000000000000000000000000000000000000000000000000000000000000000000000000BB
:40054000000000000000000000000000000000000000000000000000000000000000000000000000000000000000000000000000000000000000000000000000000000007B
:40058000000000000000000000000000000000000000000000000000000000000000000000000000000000000000000000000000000000000000000000000000000000003B
:4005C00000000000000000000000000000000000000000000000000000000000000000000000000000000000000000000000000000000000000000000000000000000000FB
:4006000000000000000000000000000000000000000000000000000000000000000000000000000000000000000000000000000000000000000000000000000000000000BA
:40064000000000000000000000000000000000000000000000000000000000000000000000000000000000000000000000000000000000000000000000000000000000007A
:40068000000000000000000000000000000000000000000000000000000000000000000000000000000000000000000000000000000000000000000000000000000000003A
:4006C00000000000000000000000000000000000000000000000000000000000000000000000000000000000000000000000000000000000000000000000000000000000FA
:4007000000000000000000000000000000000000000000000000000000000000000000000000000000000000000000000000000000000000000000000000000000000000B9
:400740000000000000000000000000000000000000000000000000000000000000000000000000000000000000000000000000000000000000000000000000000000000079
:400780000000000000000000000000000000000000000000000000000000000000000000000000000000000000000000000000000000000000000000000000000000000039
:4007C00000000000000000000000000000000000000000000000000000000000000000000000000000000000000000000000000000000000000000000000000000000000F9
:4008000000000000000000000000000000000000000000000000000000000000000000000000000000000000000000000000000000000000000000000000000000000000B8
:400840000000000000000000000000000000000000000000000000000000000000000000000000000000000000000000000000000000000000000000000000000000000078
:400880000000000000000000000000000000000000000000000000000000000000000000000000000000000000000000000000000000000000000000000000000000000038
:4008C00000000000000000000000000000000000000000000000000000000000000000000000000000000000000000000000000000000000000000000000000000000000F8
:4009000000000000000000000000000000000000000000000000000000000000000000000000000000000000000000000000000000000000000000000000000000000000B7
:400940000000000000000000000000000000000000000000000000000000000000000000000000000000000000000000000000000000000000000000000000000000000077
:400980000000000000000000000000000000000000000000000000000000000000000000000000000000000000000000000000000000000000000000000000000000000037
:4009C00000000000000000000000000000000000000000000000000000000000000000000000000000000000000000000000000000000000000000000000000000000000F7
:400A000000000000000000000000000000000000000000000000000000000000000000000000000000000000000000000000000000000000000000000000000000000000B6
:400A40000000000000000000000000000000000000000000000000000000000000000000000000000000000000000000000000000000000000000000000000000000000076
:400A80000000000000000000000000000000000000000000000000000000000000000000000000000000000000000000000000000000000000000000000000000000000036
:400AC00000000000000000000000000000000000000000000000000000000000000000000000000000000000000000000000000000000000000000000000000000000000F6
:400B000000000000000000000000000000000000000000000000000000000000000000000000000000000000000000000000000000000000000000000000000000000000B5
:400B40000000000000000000000000000000000000000000000000000000000000000000000000000000000000000000000000000000000000000000000000000000000075
:400B80000000000000000000000000000000000000000000000000000000000000000000000000000000000000000000000000000000000000000000000000000000000035
:400BC00000000000000000000000000000000000000000000000000000000000000000000000000000000000000000000000000000000000000000000000000000000000F5
:400C000000000000000000000000000000000000000000000000000000000000000000000000000000000000000000000000000000000000000000000000000000000000B4
:400C40000000000000000000000000000000000000000000000000000000000000000000000000000000000000000000000000000000000000000000000000000000000074
:400C80000000000000000000000000000000000000000000000000000000000000000000000000000000000000000000000000000000000000000000000000000000000034
:400CC00000000000000000000000000000000000000000000000000000000000000000000000000000000000000000000000000000000000000000000000000000000000F4
:400D000000000000000000000000000000000000000000000000000000000000000000000000000000000000000000000000000000000000000000000000000000000000B3
:400D40000000000000000000000000000000000000000000000000000000000000000000000000000000000000000000000000000000000000000000000000000000000073
:400D80000000000000000000000000000000000000000000000000000000000000000000000000000000000000000000000000000000000000000000000000000000000033
:400DC00000000000000000000000000000000000000000000000000000000000000000000000000000000000000000000000000000000000000000000000000000000000F3
:400E000000000000000000000000000000000000000000000000000000000000000000000000000000000000000000000000000000000000000000000000000000000000B2
:400E40000000000000000000000000000000000000000000000000000000000000000000000000000000000000000000000000000000000000000000000000000000000072
:400E80000000000000000000000000000000000000000000000000000000000000000000000000000000000000000000000000000000000000000000000000000000000032
:400EC00000000000000000000000000000000000000000000000000000000000000000000000000000000000000000000000000000000000000000000000000000000000F2
:400F000000000000000000000000000000000000000000000000000000000000000000000000000000000000000000000000000000000000000000000000000000000000B1
:400F40000000000000000000000000000000000000000000000000000000000000000000000000000000000000000000000000000000000000000000000000000000000071
:400F80000000000000000000000000000000000000000000000000000000000000000000000000000000000000000000000000000000000000000000000000000000000031
:400FC00000000000000000000000000000000000000000000000000000000000000000000000000000000000000000000000000000000000000000000000000000000000F1
:4010000000000000000000000000000000000000000000000000000000000000000000000000000000000000000000000000000000000000000000000000000000000000B0
:401040000000000000000000000000000000000000000000000000000000000000000000000000000000000000000000000000000000000000000000000000000000000070
:401080000000000000000000000000000000000000000000000000000000000000000000000000000000000000000000000000000000000000000000000000000000000030
:4010C00000000000000000000000000000000000000000000000000000000000000000000000000000000000000000000000000000000000000000000000000000000000F0
:4011000000000000000000000000000000000000000000000000000000000000000000000000000000000000000000000000000000000000000000000000000000000000AF
:40114000000000000000000000000000000000000000000000000000000000000000000000000000000000000000000000000000000000000000000000000000000000006F
:40118000000000000000000000000000000000000000000000000000000000000000000000000000000000000000000000000000000000000000000000000000000000002F
:4011C00000000000000000000000000000000000000000000000000000000000000000000000000000000000000000000000000000000000000000000000000000000000EF
:4012000000000000000000000000000000000000000000000000000000000000000000000000000000000000000000000000000000000000000000000000000000000000AE
:40124000000000000000000000000000000000000000000000000000000000000000000000000000000000000000000000000000000000000000000000000000000000006E
:40128000000000000000000000000000000000000000000000000000000000000000000000000000000000000000000000000000000000000000000000000000000000002E
:4012C00000000000000000000000000000000000000000000000000000000000000000000000000000000000000000000000000000000000000000000000000000000000EE
:4013000000000000000000000000000000000000000000000000000000000000000000000000000000000000000000000000000000000000000000000000000000000000AD
:40134000000000000000000000000000000000000000000000000000000000000000000000000000000000000000000000000000000000000000000000000000000000006D
:40138000000000000000000000000000000000000000000000000000000000000000000000000000000000000000000000000000000000000000000000000000000000002D
:4013C00000000000000000000000000000000000000000000000000000000000000000000000000000000000000000000000000000000000000000000000000000000000ED
:4014000000000000000000000000000000000000000000000000000000000000000000000000000000000000000000000000000000000000000000000000000000000000AC
:40144000000000000000000000000000000000000000000000000000000000000000000000000000000000000000000000000000000000000000000000000000000000006C
:40148000000000000000000000000000000000000000000000000000000000000000000000000000000000000000000000000000000000000000000000000000000000002C
:4014C00000000000000000000000000000000000000000000000000000000000000000000000000000000000000000000000000000000000000000000000000000000000EC
:4015000000000000000000000000000000000000000000000000000000000000000000000000000000000000000000000000000000000000000000000000000000000000AB
:40154000000000000000000000000000000000000000000000000000000000000000000000000000000000000000000000000000000000000000000000000000000000006B
:40158000000000000000000000000000000000000000000000000000000000000000000000000000000000000000000000000000000000000000000000000000000000002B
:4015C00000000000000000000000000000000000000000000000000000000000000000000000000000000000000000000000000000000000000000000000000000000000EB
:4016000000000000000000000000000000000000000000000000000000000000000000000000000000000000000000000000000000000000000000000000000000000000AA
:40164000000000000000000000000000000000000000000000000000000000000000000000000000000000000000000000000000000000000000000000000000000000006A
:40168000000000000000000000000000000000000000000000000000000000000000000000000000000000000000000000000000000000000000000000000000000000002A
:4016C00000000000000000000000000000000000000000000000000000000000000000000000000000000000000000000000000000000000000000000000000000000000EA
:4017000000000000000000000000000000000000000000000000000000000000000000000000000000000000000000000000000000000000000000000000000000000000A9
:401740000000000000000000000000000000000000000000000000000000000000000000000000000000000000000000000000000000000000000000000000000000000069
:401780000000000000000000000000000000000000000000000000000000000000000000000000000000000000000000000000000000000000000000000000000000000029
:4017C00000000000000000000000000000000000000000000000000000000000000000000000000000000000000000000000000000000000000000000000000000000000E9
:4018000000000000000000000000000000000000000000000000000000000000000000000000000000000000000000000000000000000000000000000000000000000000A8
:401840000000000000000000000000000000000000000000000000000000000000000000000000000000000000000000000000000000000000000000000000000000000068
:401880000000000000000000000000000000000000000000000000000000000000000000000000000000000000000000000000000000000000000000000000000000000028
:4018C00000000000000000000000000000000000000000000000000000000000000000000000000000000000000000000000000000000000000000000000000000000000E8
:4019000000000000000000000000000000000000000000000000000000000000000000000000000000000000000000000000000000000000000000000000000000000000A7
:401940000000000000000000000000000000000000000000000000000000000000000000000000000000000000000000000000000000000000000000000000000000000067
:401980000000000000000000000000000000000000000000000000000000000000000000000000000000000000000000000000000000000000000000000000000000000027
:4019C00000000000000000000000000000000000000000000000000000000000000000000000000000000000000000000000000000000000000000000000000000000000E7
:401A000000000000000000000000000000000000000000000000000000000000000000000000000000000000000000000000000000000000000000000000000000000000A6
:401A40000000000000000000000000000000000000000000000000000000000000000000000000000000000000000000000000000000000000000000000000000000000066
:401A80000000000000000000000000000000000000000000000000000000000000000000000000000000000000000000000000000000000000000000000000000000000026
:401AC00000000000000000000000000000000000000000000000000000000000000000000000000000000000000000000000000000000000000000000000000000000000E6
:401B000000000000000000000000000000000000000000000000000000000000000000000000000000000000000000000000000000000000000000000000000000000000A5
:401B40000000000000000000000000000000000000000000000000000000000000000000000000000000000000000000000000000000000000000000000000000000000065
:401B80000000000000000000000000000000000000000000000000000000000000000000000000000000000000000000000000000000000000000000000000000000000025
:401BC00000000000000000000000000000000000000000000000000000000000000000000000000000000000000000000000000000000000000000000000000000000000E5
:401C000000000000000000000000000000000000000000000000000000000000000000000000000000000000000000000000000000000000000000000000000000000000A4
:401C40000000000000000000000000000000000000000000000000000000000000000000000000000000000000000000000000000000000000000000000000000000000064
:401C80000000000000000000000000000000000000000000000000000000000000000000000000000000000000000000000000000000000000000000000000000000000024
:401CC00000000000000000000000000000000000000000000000000000000000000000000000000000000000000000000000000000000000000000000000000000000000E4
:401D000000000000000000000000000000000000000000000000000000000000000000000000000000000000000000000000000000000000000000000000000000000000A3
:401D40000000000000000000000000000000000000000000000000000000000000000000000000000000000000000000000000000000000000000000000000000000000063
:401D80000000000000000000000000000000000000000000000000000000000000000000000000000000000000000000000000000000000000000000000000000000000023
:401DC00000000000000000000000000000000000000000000000000000000000000000000000000000000000000000000000000000000000000000000000000000000000E3
:401E000000000000000000000000000000000000000000000000000000000000000000000000000000000000000000000000000000000000000000000000000000000000A2
:401E40000000000000000000000000000000000000000000000000000000000000000000000000000000000000000000000000000000000000000000000000000000000062
:401E80000000000000000000000000000000000000000000000000000000000000000000000000000000000000000000000000000000000000000000000000000000000022
:401EC00000000000000000000000000000000000000000000000000000000000000000000000000000000000000000000000000000000000000000000000000000000000E2
:401F000000000000000000000000000000000000000000000000000000000000000000000000000000000000000000000000000000000000000000000000000000000000A1
:401F40000000000000000000000000000000000000000000000000000000000000000000000000000000000000000000000000000000000000000000000000000000000061
:401F80000000000000000000000000000000000000000000000000000000000000000000000000000000000000000000000000000000000000000000000000000000000021
:401FC00000000000000000000000000000000000000000000000000000000000000000000000000000000000000000000000000000000000000000000000000000000000E1
:4020000000000000000000000000000000000000000000000000000000000000000000000000000000000000000000000000000000000000000000000000000000000000A0
:402040000000000000000000000000000000000000000000000000000000000000000000000000000000000000000000000000000000000000000000000000000000000060
:402080000000000000000000000000000000000000000000000000000000000000000000000000000000000000000000000000000000000000000000000000000000000020
:4020C00000000000000000000000000000000000000000000000000000000000000000000000000000000000000000000000000000000000000000000000000000000000E0
:40210000000000000000000000000000000000000000000000000000000000000000000000000000000000000000000000000000000000000000000000000000000000009F
:40214000000000000000000000000000000000000000000000000000000000000000000000000000000000000000000000000000000000000000000000000000000000005F
:40218000000000000000000000000000000000000000000000000000000000000000000000000000000000000000000000000000000000000000000000000000000000001F
:4021C00000000000000000000000000000000000000000000000000000000000000000000000000000000000000000000000000000000000000000000000000000000000DF
:40220000000000000000000000000000000000000000000000000000000000000000000000000000000000000000000000000000000000000000000000000000000000009E
:40224000000000000000000000000000000000000000000000000000000000000000000000000000000000000000000000000000000000000000000000000000000000005E
:40228000000000000000000000000000000000000000000000000000000000000000000000000000000000000000000000000000000000000000000000000000000000001E
:4022C00000000000000000000000000000000000000000000000000000000000000000000000000000000000000000000000000000000000000000000000000000000000DE
:40230000000000000000000000000000000000000000000000000000000000000000000000000000000000000000000000000000000000000000000000000000000000009D
:40234000000000000000000000000000000000000000000000000000000000000000000000000000000000000000000000000000000000000000000000000000000000005D
:40238000000000000000000000000000000000000000000000000000000000000000000000000000000000000000000000000000000000000000000000000000000000001D
:4023C00000000000000000000000000000000000000000000000000000000000000000000000000000000000000000000000000000000000000000000000000000000000DD
:40240000000000000000000000000000000000000000000000000000000000000000000000000000000000000000000000000000000000000000000000000000000000009C
:40244000000000000000000000000000000000000000000000000000000000000000000000000000000000000000000000000000000000000000000000000000000000005C
:40248000000000000000000000000000000000000000000000000000000000000000000000000000000000000000000000000000000000000000000000000000000000001C
:4024C00000000000000000000000000000000000000000000000000000000000000000000000000000000000000000000000000000000000000000000000000000000000DC
:40250000000000000000000000000000000000000000000000000000000000000000000000000000000000000000000000000000000000000000000000000000000000009B
:40254000000000000000000000000000000000000000000000000000000000000000000000000000000000000000000000000000000000000000000000000000000000005B
:40258000000000000000000000000000000000000000000000000000000000000000000000000000000000000000000000000000000000000000000000000000000000001B
:4025C00000000000000000000000000000000000000000000000000000000000000000000000000000000000000000000000000000000000000000000000000000000000DB
:40260000000000000000000000000000000000000000000000000000000000000000000000000000000000000000000000000000000000000000000000000000000000009A
:40264000000000000000000000000000000000000000000000000000000000000000000000000000000000000000000000000000000000000000000000000000000000005A
:40268000000000000000000000000000000000000000000000000000000000000000000000000000000000000000000000000000000000000000000000000000000000001A
:4026C00000000000000000000000000000000000000000000000000000000000000000000000000000000000000000000000000000000000000000000000000000000000DA
:402700000000000000000000000000000000000000000000000000000000000000000000000000000000000000000000000000000000000000000000000000000000000099
:402740000000000000000000000000000000000000000000000000000000000000000000000000000000000000000000000000000000000000000000000000000000000059
:402780000000000000000000000000000000000000000000000000000000000000000000000000000000000000000000000000000000000000000000000000000000000019
:4027C00000000000000000000000000000000000000000000000000000000000000000000000000000000000000000000000000000000000000000000000000000000000D9
:402800000000000000000000000000000000000000000000000000000000000000000000000000000000000000000000000000000000000000000000000000000000000098
:402840000000000000000000000000000000000000000000000000000000000000000000000000000000000000000000000000000000000000000000000000000000000058
:402880000000000000000000000000000000000000000000000000000000000000000000000000000000000000000000000000000000000000000000000000000000000018
:4028C00000000000000000000000000000000000000000000000000000000000000000000000000000000000000000000000000000000000000000000000000000000000D8
:402900000000000000000000000000000000000000000000000000000000000000000000000000000000000000000000000000000000000000000000000000000000000097
:402940000000000000000000000000000000000000000000000000000000000000000000000000000000000000000000000000000000000000000000000000000000000057
:402980000000000000000000000000000000000000000000000000000000000000000000000000000000000000000000000000000000000000000000000000000000000017
:4029C00000000000000000000000000000000000000000000000000000000000000000000000000000000000000000000000000000000000000000000000000000000000D7
:402A00000000000000000000000000000000000000000000000000000000000000000000000000000000000000000000000000000000000000000000000000000000000096
:402A40000000000000000000000000000000000000000000000000000000000000000000000000000000000000000000000000000000000000000000000000000000000056
:402A80000000000000000000000000000000000000000000000000000000000000000000000000000000000000000000000000000000000000000000000000000000000016
:402AC00000000000000000000000000000000000000000000000000000000000000000000000000000000000000000000000000000000000000000000000000000000000D6
:402B00000000000000000000000000000000000000000000000000000000000000000000000000000000000000000000000000000000000000000000000000000000000095
:402B40000000000000000000000000000000000000000000000000000000000000000000000000000000000000000000000000000000000000000000000000000000000055
:402B80000000000000000000000000000000000000000000000000000000000000000000000000000000000000000000000000000000000000000000000000000000000015
:402BC00000000000000000000000000000000000000000000000000000000000000000000000000000000000000000000000000000000000000000000000000000000000D5
:402C00000000000000000000000000000000000000000000000000000000000000000000000000000000000000000000000000000000000000000000000000000000000094
:402C40000000000000000000000000000000000000000000000000000000000000000000000000000000000000000000000000000000000000000000000000000000000054
:402C80000000000000000000000000000000000000000000000000000000000000000000000000000000000000000000000000000000000000000000000000000000000014
:402CC00000000000000000000000000000000000000000000000000000000000000000000000000000000000000000000000000000000000000000000000000000000000D4
:402D00000000000000000000000000000000000000000000000000000000000000000000000000000000000000000000000000000000000000000000000000000000000093
:402D40000000000000000000000000000000000000000000000000000000000000000000000000000000000000000000000000000000000000000000000000000000000053
:402D80000000000000000000000000000000000000000000000000000000000000000000000000000000000000000000000000000000000000000000000000000000000013
:402DC00000000000000000000000000000000000000000000000000000000000000000000000000000000000000000000000000000000000000000000000000000000000D3
:402E00000000000000000000000000000000000000000000000000000000000000000000000000000000000000000000000000000000000000000000000000000000000092
:402E40000000000000000000000000000000000000000000000000000000000000000000000000000000000000000000000000000000000000000000000000000000000052
:402E80000000000000000000000000000000000000000000000000000000000000000000000000000000000000000000000000000000000000000000000000000000000012
:402EC00000000000000000000000000000000000000000000000000000000000000000000000000000000000000000000000000000000000000000000000000000000000D2
:402F00000000000000000000000000000000000000000000000000000000000000000000000000000000000000000000000000000000000000000000000000000000000091
:402F40000000000000000000000000000000000000000000000000000000000000000000000000000000000000000000000000000000000000000000000000000000000051
:402F80000000000000000000000000000000000000000000000000000000000000000000000000000000000000000000000000000000000000000000000000000000000011
:402FC00000000000000000000000000000000000000000000000000000000000000000000000000000000000000000000000000000000000000000000000000000000000D1
:403000000000000000000000000000000000000000000000000000000000000000000000000000000000000000000000000000000000000000000000000000000000000090
:403040000000000000000000000000000000000000000000000000000000000000000000000000000000000000000000000000000000000000000000000000000000000050
:403080000000000000000000000000000000000000000000000000000000000000000000000000000000000000000000000000000000000000000000000000000000000010
:4030C00000000000000000000000000000000000000000000000000000000000000000000000000000000000000000000000000000000000000000000000000000000000D0
:40310000000000000000000000000000000000000000000000000000000000000000000000000000000000000000000000000000000000000000000000000000000000008F
:40314000000000000000000000000000000000000000000000000000000000000000000000000000000000000000000000000000000000000000000000000000000000004F
:40318000000000000000000000000000000000000000000000000000000000000000000000000000000000000000000000000000000000000000000000000000000000000F
:4031C00000000000000000000000000000000000000000000000000000000000000000000000000000000000000000000000000000000000000000000000000000000000CF
:40320000000000000000000000000000000000000000000000000000000000000000000000000000000000000000000000000000000000000000000000000000000000008E
:40324000000000000000000000000000000000000000000000000000000000000000000000000000000000000000000000000000000000000000000000000000000000004E
:40328000000000000000000000000000000000000000000000000000000000000000000000000000000000000000000000000000000000000000000000000000000000000E
:4032C00000000000000000000000000000000000000000000000000000000000000000000000000000000000000000000000000000000000000000000000000000000000CE
:40330000000000000000000000000000000000000000000000000000000000000000000000000000000000000000000000000000000000000000000000000000000000008D
:40334000000000000000000000000000000000000000000000000000000000000000000000000000000000000000000000000000000000000000000000000000000000004D
:40338000000000000000000000000000000000000000000000000000000000000000000000000000000000000000000000000000000000000000000000000000000000000D
:4033C00000000000000000000000000000000000000000000000000000000000000000000000000000000000000000000000000000000000000000000000000000000000CD
:40340000000000000000000000000000000000000000000000000000000000000000000000000000000000000000000000000000000000000000000000000000000000008C
:40344000000000000000000000000000000000000000000000000000000000000000000000000000000000000000000000000000000000000000000000000000000000004C
:40348000000000000000000000000000000000000000000000000000000000000000000000000000000000000000000000000000000000000000000000000000000000000C
:4034C00000000000000000000000000000000000000000000000000000000000000000000000000000000000000000000000000000000000000000000000000000000000CC
:40350000000000000000000000000000000000000000000000000000000000000000000000000000000000000000000000000000000000000000000000000000000000008B
:40354000000000000000000000000000000000000000000000000000000000000000000000000000000000000000000000000000000000000000000000000000000000004B
:40358000000000000000000000000000000000000000000000000000000000000000000000000000000000000000000000000000000000000000000000000000000000000B
:4035C00000000000000000000000000000000000000000000000000000000000000000000000000000000000000000000000000000000000000000000000000000000000CB
:40360000000000000000000000000000000000000000000000000000000000000000000000000000000000000000000000000000000000000000000000000000000000008A
:40364000000000000000000000000000000000000000000000000000000000000000000000000000000000000000000000000000000000000000000000000000000000004A
:40368000000000000000000000000000000000000000000000000000000000000000000000000000000000000000000000000000000000000000000000000000000000000A
:4036C00000000000000000000000000000000000000000000000000000000000000000000000000000000000000000000000000000000000000000000000000000000000CA
:403700000000000000000000000000000000000000000000000000000000000000000000000000000000000000000000000000000000000000000000000000000000000089
:403740000000000000000000000000000000000000000000000000000000000000000000000000000000000000000000000000000000000000000000000000000000000049
:403780000000000000000000000000000000000000000000000000000000000000000000000000000000000000000000000000000000000000000000000000000000000009
:4037C00000000000000000000000000000000000000000000000000000000000000000000000000000000000000000000000000000000000000000000000000000000000C9
:403800000000000000000000000000000000000000000000000000000000000000000000000000000000000000000000000000000000000000000000000000000000000088
:403840000000000000000000000000000000000000000000000000000000000000000000000000000000000000000000000000000000000000000000000000000000000048
:403880000000000000000000000000000000000000000000000000000000000000000000000000000000000000000000000000000000000000000000000000000000000008
:4038C00000000000000000000000000000000000000000000000000000000000000000000000000000000000000000000000000000000000000000000000000000000000C8
:403900000000000000000000000000000000000000000000000000000000000000000000000000000000000000000000000000000000000000000000000000000000000087
:403940000000000000000000000000000000000000000000000000000000000000000000000000000000000000000000000000000000000000000000000000000000000047
:403980000000000000000000000000000000000000000000000000000000000000000000000000000000000000000000000000000000000000000000000000000000000007
:4039C00000000000000000000000000000000000000000000000000000000000000000000000000000000000000000000000000000000000000000000000000000000000C7
:403A00000000000000000000000000000000000000000000000000000000000000000000000000000000000000000000000000000000000000000000000000000000000086
:403A40000000000000000000000000000000000000000000000000000000000000000000000000000000000000000000000000000000000000000000000000000000000046
:403A80000000000000000000000000000000000000000000000000000000000000000000000000000000000000000000000000000000000000000000000000000000000006
:403AC00000000000000000000000000000000000000000000000000000000000000000000000000000000000000000000000000000000000000000000000000000000000C6
:403B00000000000000000000000000000000000000000000000000000000000000000000000000000000000000000000000000000000000000000000000000000000000085
:403B40000000000000000000000000000000000000000000000000000000000000000000000000000000000000000000000000000000000000000000000000000000000045
:403B80000000000000000000000000000000000000000000000000000000000000000000000000000000000000000000000000000000000000000000000000000000000005
:403BC00000000000000000000000000000000000000000000000000000000000000000000000000000000000000000000000000000000000000000000000000000000000C5
:403C00000000000000000000000000000000000000000000000000000000000000000000000000000000000000000000000000000000000000000000000000000000000084
:403C40000000000000000000000000000000000000000000000000000000000000000000000000000000000000000000000000000000000000000000000000000000000044
:403C80000000000000000000000000000000000000000000000000000000000000000000000000000000000000000000000000000000000000000000000000000000000004
:403CC00000000000000000000000000000000000000000000000000000000000000000000000000000000000000000000000000000000000000000000000000000000000C4
:403D00000000000000000000000000000000000000000000000000000000000000000000000000000000000000000000000000000000000000000000000000000000000083
:403D40000000000000000000000000000000000000000000000000000000000000000000000000000000000000000000000000000000000000000000000000000000000043
:403D80000000000000000000000000000000000000000000000000000000000000000000000000000000000000000000000000000000000000000000000000000000000003
:403DC00000000000000000000000000000000000000000000000000000000000000000000000000000000000000000000000000000000000000000000000000000000000C3
:403E00000000000000000000000000000000000000000000000000000000000000000000000000000000000000000000000000000000000000000000000000000000000082
:403E40000000000000000000000000000000000000000000000000000000000000000000000000000000000000000000000000000000000000000000000000000000000042
:403E80000000000000000000000000000000000000000000000000000000000000000000000000000000000000000000000000000000000000000000000000000000000002
:403EC00000000000000000000000000000000000000000000000000000000000000000000000000000000000000000000000000000000000000000000000000000000000C2
:403F00000000000000000000000000000000000000000000000000000000000000000000000000000000000000000000000000000000000000000000000000000000000081
:403F40000000000000000000000000000000000000000000000000000000000000000000000000000000000000000000000000000000000000000000000000000000000041
:403F80000000000000000000000000000000000000000000000000000000000000000000000000000000000000000000000000000000000000000000000000000000000001
:403FC00000000000000000000000000000000000000000000000000000000000000000000000000000000000000000000000000000000000000000000000000000000000C1
:404000000000000000000000000000000000000000000000000000000000000000000000000000000000000000000000000000000000000000000000000000000000000080
:404040000000000000000000000000000000000000000000000000000000000000000000000000000000000000000000000000000000000000000000000000000000000040
:404080000000000000000000000000000000000000000000000000000000000000000000000000000000000000000000000000000000000000000000000000000000000000
:4040C00000000000000000000000000000000000000000000000000000000000000000000000000000000000000000000000000000000000000000000000000000000000C0
:40410000000000000000000000000000000000000000000000000000000000000000000000000000000000000000000000000000000000000000000000000000000000007F
:40414000000000000000000000000000000000000000000000000000000000000000000000000000000000000000000000000000000000000000000000000000000000003F
:4041800000000000000000000000000000000000000000000000000000000000000000000000000000000000000000000000000000000000000000000000000000000000FF
:4041C00000000000000000000000000000000000000000000000000000000000000000000000000000000000000000000000000000000000000000000000000000000000BF
:40420000000000000000000000000000000000000000000000000000000000000000000000000000000000000000000000000000000000000000000000000000000000007E
:40424000000000000000000000000000000000000000000000000000000000000000000000000000000000000000000000000000000000000000000000000000000000003E
:4042800000000000000000000000000000000000000000000000000000000000000000000000000000000000000000000000000000000000000000000000000000000000FE
:4042C00000000000000000000000000000000000000000000000000000000000000000000000000000000000000000000000000000000000000000000000000000000000BE
:40430000000000000000000000000000000000000000000000000000000000000000000000000000000000000000000000000000000000000000000000000000000000007D
:40434000000000000000000000000000000000000000000000000000000000000000000000000000000000000000000000000000000000000000000000000000000000003D
:4043800000000000000000000000000000000000000000000000000000000000000000000000000000000000000000000000000000000000000000000000000000000000FD
:4043C00000000000000000000000000000000000000000000000000000000000000000000000000000000000000000000000000000000000000000000000000000000000BD
:40440000000000000000000000000000000000000000000000000000000000000000000000000000000000000000000000000000000000000000000000000000000000007C
:40444000000000000000000000000000000000000000000000000000000000000000000000000000000000000000000000000000000000000000000000000000000000003C
:4044800000000000000000000000000000000000000000000000000000000000000000000000000000000000000000000000000000000000000000000000000000000000FC
:4044C00000000000000000000000000000000000000000000000000000000000000000000000000000000000000000000000000000000000000000000000000000000000BC
:40450000000000000000000000000000000000000000000000000000000000000000000000000000000000000000000000000000000000000000000000000000000000007B
:40454000000000000000000000000000000000000000000000000000000000000000000000000000000000000000000000000000000000000000000000000000000000003B
:4045800000000000000000000000000000000000000000000000000000000000000000000000000000000000000000000000000000000000000000000000000000000000FB
:4045C00000000000000000000000000000000000000000000000000000000000000000000000000000000000000000000000000000000000000000000000000000000000BB
:40460000000000000000000000000000000000000000000000000000000000000000000000000000000000000000000000000000000000000000000000000000000000007A
:40464000000000000000000000000000000000000000000000000000000000000000000000000000000000000000000000000000000000000000000000000000000000003A
:4046800000000000000000000000000000000000000000000000000000000000000000000000000000000000000000000000000000000000000000000000000000000000FA
:4046C00000000000000000000000000000000000000000000000000000000000000000000000000000000000000000000000000000000000000000000000000000000000BA
:404700000000000000000000000000000000000000000000000000000000000000000000000000000000000000000000000000000000000000000000000000000000000079
:404740000000000000000000000000000000000000000000000000000000000000000000000000000000000000000000000000000000000000000000000000000000000039
:4047800000000000000000000000000000000000000000000000000000000000000000000000000000000000000000000000000000000000000000000000000000000000F9
:4047C00000000000000000000000000000000000000000000000000000000000000000000000000000000000000000000000000000000000000000000000000000000000B9
:404800000000000000000000000000000000000000000000000000000000000000000000000000000000000000000000000000000000000000000000000000000000000078
:404840000000000000000000000000000000000000000000000000000000000000000000000000000000000000000000000000000000000000000000000000000000000038
:4048800000000000000000000000000000000000000000000000000000000000000000000000000000000000000000000000000000000000000000000000000000000000F8
:4048C00000000000000000000000000000000000000000000000000000000000000000000000000000000000000000000000000000000000000000000000000000000000B8
:404900000000000000000000000000000000000000000000000000000000000000000000000000000000000000000000000000000000000000000000000000000000000077
:404940000000000000000000000000000000000000000000000000000000000000000000000000000000000000000000000000000000000000000000000000000000000037
:4049800000000000000000000000000000000000000000000000000000000000000000000000000000000000000000000000000000000000000000000000000000000000F7
:4049C00000000000000000000000000000000000000000000000000000000000000000000000000000000000000000000000000000000000000000000000000000000000B7
:404A00000000000000000000000000000000000000000000000000000000000000000000000000000000000000000000000000000000000000000000000000000000000076
:404A40000000000000000000000000000000000000000000000000000000000000000000000000000000000000000000000000000000000000000000000000000000000036
:404A800000000000000000000000000000000000000000000000000000000000000000000000000000000000000000000000000000000000000000000000000000000000F6
:404AC00000000000000000000000000000000000000000000000000000000000000000000000000000000000000000000000000000000000000000000000000000000000B6
:404B00000000000000000000000000000000000000000000000000000000000000000000000000000000000000000000000000000000000000000000000000000000000075
:404B40000000000000000000000000000000000000000000000000000000000000000000000000000000000000000000000000000000000000000000000000000000000035
:404B800000000000000000000000000000000000000000000000000000000000000000000000000000000000000000000000000000000000000000000000000000000000F5
:404BC00000000000000000000000000000000000000000000000000000000000000000000000000000000000000000000000000000000000000000000000000000000000B5
:404C00000000000000000000000000000000000000000000000000000000000000000000000000000000000000000000000000000000000000000000000000000000000074
:404C40000000000000000000000000000000000000000000000000000000000000000000000000000000000000000000000000000000000000000000000000000000000034
:404C800000000000000000000000000000000000000000000000000000000000000000000000000000000000000000000000000000000000000000000000000000000000F4
:404CC00000000000000000000000000000000000000000000000000000000000000000000000000000000000000000000000000000000000000000000000000000000000B4
:404D00000000000000000000000000000000000000000000000000000000000000000000000000000000000000000000000000000000000000000000000000000000000073
:404D40000000000000000000000000000000000000000000000000000000000000000000000000000000000000000000000000000000000000000000000000000000000033
:404D800000000000000000000000000000000000000000000000000000000000000000000000000000000000000000000000000000000000000000000000000000000000F3
:404DC00000000000000000000000000000000000000000000000000000000000000000000000000000000000000000000000000000000000000000000000000000000000B3
:404E00000000000000000000000000000000000000000000000000000000000000000000000000000000000000000000000000000000000000000000000000000000000072
:404E40000000000000000000000000000000000000000000000000000000000000000000000000000000000000000000000000000000000000000000000000000000000032
:404E800000000000000000000000000000000000000000000000000000000000000000000000000000000000000000000000000000000000000000000000000000000000F2
:404EC00000000000000000000000000000000000000000000000000000000000000000000000000000000000000000000000000000000000000000000000000000000000B2
:404F00000000000000000000000000000000000000000000000000000000000000000000000000000000000000000000000000000000000000000000000000000000000071
:404F40000000000000000000000000000000000000000000000000000000000000000000000000000000000000000000000000000000000000000000000000000000000031
:404F800000000000000000000000000000000000000000000000000000000000000000000000000000000000000000000000000000000000000000000000000000000000F1
:404FC00000000000000000000000000000000000000000000000000000000000000000000000000000000000000000000000000000000000000000000000000000000000B1
:405000000000000000000000000000000000000000000000000000000000000000000000000000000000000000000000000000000000000000000000000000000000000070
:405040000000000000000000000000000000000000000000000000000000000000000000000000000000000000000000000000000000000000000000000000000000000030
:4050800000000000000000000000000000000000000000000000000000000000000000000000000000000000000000000000000000000000000000000000000000000000F0
:4050C00000000000000000000000000000000000000000000000000000000000000000000000000000000000000000000000000000000000000000000000000000000000B0
:40510000000000000000000000000000000000000000000000000000000000000000000000000000000000000000000000000000000000000000000000000000000000006F
:40514000000000000000000000000000000000000000000000000000000000000000000000000000000000000000000000000000000000000000000000000000000000002F
:4051800000000000000000000000000000000000000000000000000000000000000000000000000000000000000000000000000000000000000000000000000000000000EF
:4051C00000000000000000000000000000000000000000000000000000000000000000000000000000000000000000000000000000000000000000000000000000000000AF
:40520000000000000000000000000000000000000000000000000000000000000000000000000000000000000000000000000000000000000000000000000000000000006E
:40524000000000000000000000000000000000000000000000000000000000000000000000000000000000000000000000000000000000000000000000000000000000002E
:4052800000000000000000000000000000000000000000000000000000000000000000000000000000000000000000000000000000000000000000000000000000000000EE
:4052C00000000000000000000000000000000000000000000000000000000000000000000000000000000000000000000000000000000000000000000000000000000000AE
:40530000000000000000000000000000000000000000000000000000000000000000000000000000000000000000000000000000000000000000000000000000000000006D
:40534000000000000000000000000000000000000000000000000000000000000000000000000000000000000000000000000000000000000000000000000000000000002D
:4053800000000000000000000000000000000000000000000000000000000000000000000000000000000000000000000000000000000000000000000000000000000000ED
:4053C00000000000000000000000000000000000000000000000000000000000000000000000000000000000000000000000000000000000000000000000000000000000AD
:40540000000000000000000000000000000000000000000000000000000000000000000000000000000000000000000000000000000000000000000000000000000000006C
:40544000000000000000000000000000000000000000000000000000000000000000000000000000000000000000000000000000000000000000000000000000000000002C
:4054800000000000000000000000000000000000000000000000000000000000000000000000000000000000000000000000000000000000000000000000000000000000EC
:4054C00000000000000000000000000000000000000000000000000000000000000000000000000000000000000000000000000000000000000000000000000000000000AC
:40550000000000000000000000000000000000000000000000000000000000000000000000000000000000000000000000000000000000000000000000000000000000006B
:40554000000000000000000000000000000000000000000000000000000000000000000000000000000000000000000000000000000000000000000000000000000000002B
:4055800000000000000000000000000000000000000000000000000000000000000000000000000000000000000000000000000000000000000000000000000000000000EB
:4055C00000000000000000000000000000000000000000000000000000000000000000000000000000000000000000000000000000000000000000000000000000000000AB
:40560000000000000000000000000000000000000000000000000000000000000000000000000000000000000000000000000000000000000000000000000000000000006A
:40564000000000000000000000000000000000000000000000000000000000000000000000000000000000000000000000000000000000000000000000000000000000002A
:4056800000000000000000000000000000000000000000000000000000000000000000000000000000000000000000000000000000000000000000000000000000000000EA
:4056C00000000000000000000000000000000000000000000000000000000000000000000000000000000000000000000000000000000000000000000000000000000000AA
:405700000000000000000000000000000000000000000000000000000000000000000000000000000000000000000000000000000000000000000000000000000000000069
:405740000000000000000000000000000000000000000000000000000000000000000000000000000000000000000000000000000000000000000000000000000000000029
:4057800000000000000000000000000000000000000000000000000000000000000000000000000000000000000000000000000000000000000000000000000000000000E9
:4057C00000000000000000000000000000000000000000000000000000000000000000000000000000000000000000000000000000000000000000000000000000000000A9
:405800000000000000000000000000000000000000000000000000000000000000000000000000000000000000000000000000000000000000000000000000000000000068
:405840000000000000000000000000000000000000000000000000000000000000000000000000000000000000000000000000000000000000000000000000000000000028
:4058800000000000000000000000000000000000000000000000000000000000000000000000000000000000000000000000000000000000000000000000000000000000E8
:4058C00000000000000000000000000000000000000000000000000000000000000000000000000000000000000000000000000000000000000000000000000000000000A8
:405900000000000000000000000000000000000000000000000000000000000000000000000000000000000000000000000000000000000000000000000000000000000067
:405940000000000000000000000000000000000000000000000000000000000000000000000000000000000000000000000000000000000000000000000000000000000027
:4059800000000000000000000000000000000000000000000000000000000000000000000000000000000000000000000000000000000000000000000000000000000000E7
:4059C00000000000000000000000000000000000000000000000000000000000000000000000000000000000000000000000000000000000000000000000000000000000A7
:405A00000000000000000000000000000000000000000000000000000000000000000000000000000000000000000000000000000000000000000000000000000000000066
:405A40000000000000000000000000000000000000000000000000000000000000000000000000000000000000000000000000000000000000000000000000000000000026
:405A800000000000000000000000000000000000000000000000000000000000000000000000000000000000000000000000000000000000000000000000000000000000E6
:405AC00000000000000000000000000000000000000000000000000000000000000000000000000000000000000000000000000000000000000000000000000000000000A6
:405B00000000000000000000000000000000000000000000000000000000000000000000000000000000000000000000000000000000000000000000000000000000000065
:405B40000000000000000000000000000000000000000000000000000000000000000000000000000000000000000000000000000000000000000000000000000000000025
:405B800000000000000000000000000000000000000000000000000000000000000000000000000000000000000000000000000000000000000000000000000000000000E5
:405BC00000000000000000000000000000000000000000000000000000000000000000000000000000000000000000000000000000000000000000000000000000000000A5
:405C00000000000000000000000000000000000000000000000000000000000000000000000000000000000000000000000000000000000000000000000000000000000064
:405C40000000000000000000000000000000000000000000000000000000000000000000000000000000000000000000000000000000000000000000000000000000000024
:405C800000000000000000000000000000000000000000000000000000000000000000000000000000000000000000000000000000000000000000000000000000000000E4
:405CC00000000000000000000000000000000000000000000000000000000000000000000000000000000000000000000000000000000000000000000000000000000000A4
:405D00000000000000000000000000000000000000000000000000000000000000000000000000000000000000000000000000000000000000000000000000000000000063
:405D40000000000000000000000000000000000000000000000000000000000000000000000000000000000000000000000000000000000000000000000000000000000023
:405D800000000000000000000000000000000000000000000000000000000000000000000000000000000000000000000000000000000000000000000000000000000000E3
:405DC00000000000000000000000000000000000000000000000000000000000000000000000000000000000000000000000000000000000000000000000000000000000A3
:405E00000000000000000000000000000000000000000000000000000000000000000000000000000000000000000000000000000000000000000000000000000000000062
:405E40000000000000000000000000000000000000000000000000000000000000000000000000000000000000000000000000000000000000000000000000000000000022
:405E800000000000000000000000000000000000000000000000000000000000000000000000000000000000000000000000000000000000000000000000000000000000E2
:405EC00000000000000000000000000000000000000000000000000000000000000000000000000000000000000000000000000000000000000000000000000000000000A2
:405F00000000000000000000000000000000000000000000000000000000000000000000000000000000000000000000000000000000000000000000000000000000000061
:405F40000000000000000000000000000000000000000000000000000000000000000000000000000000000000000000000000000000000000000000000000000000000021
:405F800000000000000000000000000000000000000000000000000000000000000000000000000000000000000000000000000000000000000000000000000000000000E1
:405FC00000000000000000000000000000000000000000000000000000000000000000000000000000000000000000000000000000000000000000000000000000000000A1
:406000000000000000000000000000000000000000000000000000000000000000000000000000000000000000000000000000000000000000000000000000000000000060
:406040000000000000000000000000000000000000000000000000000000000000000000000000000000000000000000000000000000000000000000000000000000000020
:4060800000000000000000000000000000000000000000000000000000000000000000000000000000000000000000000000000000000000000000000000000000000000E0
:4060C00000000000000000000000000000000000000000000000000000000000000000000000000000000000000000000000000000000000000000000000000000000000A0
:40610000000000000000000000000000000000000000000000000000000000000000000000000000000000000000000000000000000000000000000000000000000000005F
:40614000000000000000000000000000000000000000000000000000000000000000000000000000000000000000000000000000000000000000000000000000000000001F
:4061800000000000000000000000000000000000000000000000000000000000000000000000000000000000000000000000000000000000000000000000000000000000DF
:4061C000000000000000000000000000000000000000000000000000000000000000000000000000000000000000000000000000000000000000000000000000000000009F
:40620000000000000000000000000000000000000000000000000000000000000000000000000000000000000000000000000000000000000000000000000000000000005E
:40624000000000000000000000000000000000000000000000000000000000000000000000000000000000000000000000000000000000000000000000000000000000001E
:4062800000000000000000000000000000000000000000000000000000000000000000000000000000000000000000000000000000000000000000000000000000000000DE
:4062C000000000000000000000000000000000000000000000000000000000000000000000000000000000000000000000000000000000000000000000000000000000009E
:40630000000000000000000000000000000000000000000000000000000000000000000000000000000000000000000000000000000000000000000000000000000000005D
:40634000000000000000000000000000000000000000000000000000000000000000000000000000000000000000000000000000000000000000000000000000000000001D
:4063800000000000000000000000000000000000000000000000000000000000000000000000000000000000000000000000000000000000000000000000000000000000DD
:4063C000000000000000000000000000000000000000000000000000000000000000000000000000000000000000000000000000000000000000000000000000000000009D
:40640000000000000000000000000000000000000000000000000000000000000000000000000000000000000000000000000000000000000000000000000000000000005C
:40644000000000000000000000000000000000000000000000000000000000000000000000000000000000000000000000000000000000000000000000000000000000001C
:4064800000000000000000000000000000000000000000000000000000000000000000000000000000000000000000000000000000000000000000000000000000000000DC
:4064C000000000000000000000000000000000000000000000000000000000000000000000000000000000000000000000000000000000000000000000000000000000009C
:40650000000000000000000000000000000000000000000000000000000000000000000000000000000000000000000000000000000000000000000000000000000000005B
:40654000000000000000000000000000000000000000000000000000000000000000000000000000000000000000000000000000000000000000000000000000000000001B
:4065800000000000000000000000000000000000000000000000000000000000000000000000000000000000000000000000000000000000000000000000000000000000DB
:4065C000000000000000000000000000000000000000000000000000000000000000000000000000000000000000000000000000000000000000000000000000000000009B
:40660000000000000000000000000000000000000000000000000000000000000000000000000000000000000000000000000000000000000000000000000000000000005A
:40664000000000000000000000000000000000000000000000000000000000000000000000000000000000000000000000000000000000000000000000000000000000001A
:4066800000000000000000000000000000000000000000000000000000000000000000000000000000000000000000000000000000000000000000000000000000000000DA
:4066C000000000000000000000000000000000000000000000000000000000000000000000000000000000000000000000000000000000000000000000000000000000009A
:406700000000000000000000000000000000000000000000000000000000000000000000000000000000000000000000000000000000000000000000000000000000000059
:406740000000000000000000000000000000000000000000000000000000000000000000000000000000000000000000000000000000000000000000000000000000000019
:4067800000000000000000000000000000000000000000000000000000000000000000000000000000000000000000000000000000000000000000000000000000000000D9
:4067C0000000000000000000000000000000000000000000000000000000000000000000000000000000000000000000000000000000000000000000000000000000000099
:406800000000000000000000000000000000000000000000000000000000000000000000000000000000000000000000000000000000000000000000000000000000000058
:406840000000000000000000000000000000000000000000000000000000000000000000000000000000000000000000000000000000000000000000000000000000000018
:4068800000000000000000000000000000000000000000000000000000000000000000000000000000000000000000000000000000000000000000000000000000000000D8
:4068C0000000000000000000000000000000000000000000000000000000000000000000000000000000000000000000000000000000000000000000000000000000000098
:406900000000000000000000000000000000000000000000000000000000000000000000000000000000000000000000000000000000000000000000000000000000000057
:406940000000000000000000000000000000000000000000000000000000000000000000000000000000000000000000000000000000000000000000000000000000000017
:4069800000000000000000000000000000000000000000000000000000000000000000000000000000000000000000000000000000000000000000000000000000000000D7
:4069C0000000000000000000000000000000000000000000000000000000000000000000000000000000000000000000000000000000000000000000000000000000000097
:406A00000000000000000000000000000000000000000000000000000000000000000000000000000000000000000000000000000000000000000000000000000000000056
:406A40000000000000000000000000000000000000000000000000000000000000000000000000000000000000000000000000000000000000000000000000000000000016
:406A800000000000000000000000000000000000000000000000000000000000000000000000000000000000000000000000000000000000000000000000000000000000D6
:406AC0000000000000000000000000000000000000000000000000000000000000000000000000000000000000000000000000000000000000000000000000000000000096
:406B00000000000000000000000000000000000000000000000000000000000000000000000000000000000000000000000000000000000000000000000000000000000055
:406B40000000000000000000000000000000000000000000000000000000000000000000000000000000000000000000000000000000000000000000000000000000000015
:406B800000000000000000000000000000000000000000000000000000000000000000000000000000000000000000000000000000000000000000000000000000000000D5
:406BC0000000000000000000000000000000000000000000000000000000000000000000000000000000000000000000000000000000000000000000000000000000000095
:406C00000000000000000000000000000000000000000000000000000000000000000000000000000000000000000000000000000000000000000000000000000000000054
:406C40000000000000000000000000000000000000000000000000000000000000000000000000000000000000000000000000000000000000000000000000000000000014
:406C800000000000000000000000000000000000000000000000000000000000000000000000000000000000000000000000000000000000000000000000000000000000D4
:406CC0000000000000000000000000000000000000000000000000000000000000000000000000000000000000000000000000000000000000000000000000000000000094
:406D00000000000000000000000000000000000000000000000000000000000000000000000000000000000000000000000000000000000000000000000000000000000053
:406D40000000000000000000000000000000000000000000000000000000000000000000000000000000000000000000000000000000000000000000000000000000000013
:406D800000000000000000000000000000000000000000000000000000000000000000000000000000000000000000000000000000000000000000000000000000000000D3
:406DC0000000000000000000000000000000000000000000000000000000000000000000000000000000000000000000000000000000000000000000000000000000000093
:406E00000000000000000000000000000000000000000000000000000000000000000000000000000000000000000000000000000000000000000000000000000000000052
:406E40000000000000000000000000000000000000000000000000000000000000000000000000000000000000000000000000000000000000000000000000000000000012
:406E800000000000000000000000000000000000000000000000000000000000000000000000000000000000000000000000000000000000000000000000000000000000D2
:406EC0000000000000000000000000000000000000000000000000000000000000000000000000000000000000000000000000000000000000000000000000000000000092
:406F00000000000000000000000000000000000000000000000000000000000000000000000000000000000000000000000000000000000000000000000000000000000051
:406F40000000000000000000000000000000000000000000000000000000000000000000000000000000000000000000000000000000000000000000000000000000000011
:406F800000000000000000000000000000000000000000000000000000000000000000000000000000000000000000000000000000000000000000000000000000000000D1
:406FC0000000000000000000000000000000000000000000000000000000000000000000000000000000000000000000000000000000000000000000000000000000000091
:407000000000000000000000000000000000000000000000000000000000000000000000000000000000000000000000000000000000000000000000000000000000000050
:407040000000000000000000000000000000000000000000000000000000000000000000000000000000000000000000000000000000000000000000000000000000000010
:4070800000000000000000000000000000000000000000000000000000000000000000000000000000000000000000000000000000000000000000000000000000000000D0
:4070C0000000000000000000000000000000000000000000000000000000000000000000000000000000000000000000000000000000000000000000000000000000000090
:40710000000000000000000000000000000000000000000000000000000000000000000000000000000000000000000000000000000000000000000000000000000000004F
:40714000000000000000000000000000000000000000000000000000000000000000000000000000000000000000000000000000000000000000000000000000000000000F
:4071800000000000000000000000000000000000000000000000000000000000000000000000000000000000000000000000000000000000000000000000000000000000CF
:4071C000000000000000000000000000000000000000000000000000000000000000000000000000000000000000000000000000000000000000000000000000000000008F
:40720000000000000000000000000000000000000000000000000000000000000000000000000000000000000000000000000000000000000000000000000000000000004E
:40724000000000000000000000000000000000000000000000000000000000000000000000000000000000000000000000000000000000000000000000000000000000000E
:4072800000000000000000000000000000000000000000000000000000000000000000000000000000000000000000000000000000000000000000000000000000000000CE
:4072C000000000000000000000000000000000000000000000000000000000000000000000000000000000000000000000000000000000000000000000000000000000008E
:40730000000000000000000000000000000000000000000000000000000000000000000000000000000000000000000000000000000000000000000000000000000000004D
:40734000000000000000000000000000000000000000000000000000000000000000000000000000000000000000000000000000000000000000000000000000000000000D
:4073800000000000000000000000000000000000000000000000000000000000000000000000000000000000000000000000000000000000000000000000000000000000CD
:4073C000000000000000000000000000000000000000000000000000000000000000000000000000000000000000000000000000000000000000000000000000000000008D
:40740000000000000000000000000000000000000000000000000000000000000000000000000000000000000000000000000000000000000000000000000000000000004C
:40744000000000000000000000000000000000000000000000000000000000000000000000000000000000000000000000000000000000000000000000000000000000000C
:4074800000000000000000000000000000000000000000000000000000000000000000000000000000000000000000000000000000000000000000000000000000000000CC
:4074C000000000000000000000000000000000000000000000000000000000000000000000000000000000000000000000000000000000000000000000000000000000008C
:40750000000000000000000000000000000000000000000000000000000000000000000000000000000000000000000000000000000000000000000000000000000000004B
:40754000000000000000000000000000000000000000000000000000000000000000000000000000000000000000000000000000000000000000000000000000000000000B
:4075800000000000000000000000000000000000000000000000000000000000000000000000000000000000000000000000000000000000000000000000000000000000CB
:4075C000000000000000000000000000000000000000000000000000000000000000000000000000000000000000000000000000000000000000000000000000000000008B
:40760000000000000000000000000000000000000000000000000000000000000000000000000000000000000000000000000000000000000000000000000000000000004A
:40764000000000000000000000000000000000000000000000000000000000000000000000000000000000000000000000000000000000000000000000000000000000000A
:4076800000000000000000000000000000000000000000000000000000000000000000000000000000000000000000000000000000000000000000000000000000000000CA
:4076C000000000000000000000000000000000000000000000000000000000000000000000000000000000000000000000000000000000000000000000000000000000008A
:407700000000000000000000000000000000000000000000000000000000000000000000000000000000000000000000000000000000000000000000000000000000000049
:407740000000000000000000000000000000000000000000000000000000000000000000000000000000000000000000000000000000000000000000000000000000000009
:4077800000000000000000000000000000000000000000000000000000000000000000000000000000000000000000000000000000000000000000000000000000000000C9
:4077C0000000000000000000000000000000000000000000000000000000000000000000000000000000000000000000000000000000000000000000000000000000000089
:407800000000000000000000000000000000000000000000000000000000000000000000000000000000000000000000000000000000000000000000000000000000000048
:407840000000000000000000000000000000000000000000000000000000000000000000000000000000000000000000000000000000000000000000000000000000000008
:4078800000000000000000000000000000000000000000000000000000000000000000000000000000000000000000000000000000000000000000000000000000000000C8
:4078C0000000000000000000000000000000000000000000000000000000000000000000000000000000000000000000000000000000000000000000000000000000000088
:407900000000000000000000000000000000000000000000000000000000000000000000000000000000000000000000000000000000000000000000000000000000000047
:407940000000000000000000000000000000000000000000000000000000000000000000000000000000000000000000000000000000000000000000000000000000000007
:4079800000000000000000000000000000000000000000000000000000000000000000000000000000000000000000000000000000000000000000000000000000000000C7
:4079C0000000000000000000000000000000000000000000000000000000000000000000000000000000000000000000000000000000000000000000000000000000000087
:407A00000000000000000000000000000000000000000000000000000000000000000000000000000000000000000000000000000000000000000000000000000000000046
:407A40000000000000000000000000000000000000000000000000000000000000000000000000000000000000000000000000000000000000000000000000000000000006
:407A800000000000000000000000000000000000000000000000000000000000000000000000000000000000000000000000000000000000000000000000000000000000C6
:407AC0000000000000000000000000000000000000000000000000000000000000000000000000000000000000000000000000000000000000000000000000000000000086
:407B00000000000000000000000000000000000000000000000000000000000000000000000000000000000000000000000000000000000000000000000000000000000045
:407B40000000000000000000000000000000000000000000000000000000000000000000000000000000000000000000000000000000000000000000000000000000000005
:407B800000000000000000000000000000000000000000000000000000000000000000000000000000000000000000000000000000000000000000000000000000000000C5
:407BC0000000000000000000000000000000000000000000000000000000000000000000000000000000000000000000000000000000000000000000000000000000000085
:407C00000000000000000000000000000000000000000000000000000000000000000000000000000000000000000000000000000000000000000000000000000000000044
:407C40000000000000000000000000000000000000000000000000000000000000000000000000000000000000000000000000000000000000000000000000000000000004
:407C800000000000000000000000000000000000000000000000000000000000000000000000000000000000000000000000000000000000000000000000000000000000C4
:407CC0000000000000000000000000000000000000000000000000000000000000000000000000000000000000000000000000000000000000000000000000000000000084
:407D00000000000000000000000000000000000000000000000000000000000000000000000000000000000000000000000000000000000000000000000000000000000043
:407D40000000000000000000000000000000000000000000000000000000000000000000000000000000000000000000000000000000000000000000000000000000000003
:407D800000000000000000000000000000000000000000000000000000000000000000000000000000000000000000000000000000000000000000000000000000000000C3
:407DC0000000000000000000000000000000000000000000000000000000000000000000000000000000000000000000000000000000000000000000000000000000000083
:407E00000000000000000000000000000000000000000000000000000000000000000000000000000000000000000000000000000000000000000000000000000000000042
:407E40000000000000000000000000000000000000000000000000000000000000000000000000000000000000000000000000000000000000000000000000000000000002
:407E800000000000000000000000000000000000000000000000000000000000000000000000000000000000000000000000000000000000000000000000000000000000C2
:407EC0000000000000000000000000000000000000000000000000000000000000000000000000000000000000000000000000000000000000000000000000000000000082
:407F00000000000000000000000000000000000000000000000000000000000000000000000000000000000000000000000000000000000000000000000000000000000041
:407F40000000000000000000000000000000000000000000000000000000000000000000000000000000000000000000000000000000000000000000000000000000000001
:407F800000000000000000000000000000000000000000000000000000000000000000000000000000000000000000000000000000000000000000000000000000000000C1
:407FC0000000000000000000000000000000000000000000000000000000000000000000000000000000000000000000000000000000000000000000000000000000000081
:408000000000000000000000000000000000000000000000000000000000000000000000000000000000000000000000000000000000000000000000000000000000000040
:408040000000000000000000000000000000000000000000000000000000000000000000000000000000000000000000000000000000000000000000000000000000000000
:4080800000000000000000000000000000000000000000000000000000000000000000000000000000000000000000000000000000000000000000000000000000000000C0
:4080C0000000000000000000000000000000000000000000000000000000000000000000000000000000000000000000000000000000000000000000000000000000000080
:40810000000000000000000000000000000000000000000000000000000000000000000000000000000000000000000000000000000000000000000000000000000000003F
:4081400000000000000000000000000000000000000000000000000000000000000000000000000000000000000000000000000000000000000000000000000000000000FF
:4081800000000000000000000000000000000000000000000000000000000000000000000000000000000000000000000000000000000000000000000000000000000000BF
:4081C000000000000000000000000000000000000000000000000000000000000000000000000000000000000000000000000000000000000000000000000000000000007F
:40820000000000000000000000000000000000000000000000000000000000000000000000000000000000000000000000000000000000000000000000000000000000003E
:4082400000000000000000000000000000000000000000000000000000000000000000000000000000000000000000000000000000000000000000000000000000000000FE
:4082800000000000000000000000000000000000000000000000000000000000000000000000000000000000000000000000000000000000000000000000000000000000BE
:4082C000000000000000000000000000000000000000000000000000000000000000000000000000000000000000000000000000000000000000000000000000000000007E
:40830000000000000000000000000000000000000000000000000000000000000000000000000000000000000000000000000000000000000000000000000000000000003D
:4083400000000000000000000000000000000000000000000000000000000000000000000000000000000000000000000000000000000000000000000000000000000000FD
:4083800000000000000000000000000000000000000000000000000000000000000000000000000000000000000000000000000000000000000000000000000000000000BD
:4083C000000000000000000000000000000000000000000000000000000000000000000000000000000000000000000000000000000000000000000000000000000000007D
:40840000000000000000000000000000000000000000000000000000000000000000000000000000000000000000000000000000000000000000000000000000000000003C
:4084400000000000000000000000000000000000000000000000000000000000000000000000000000000000000000000000000000000000000000000000000000000000FC
:4084800000000000000000000000000000000000000000000000000000000000000000000000000000000000000000000000000000000000000000000000000000000000BC
:4084C000000000000000000000000000000000000000000000000000000000000000000000000000000000000000000000000000000000000000000000000000000000007C
:40850000000000000000000000000000000000000000000000000000000000000000000000000000000000000000000000000000000000000000000000000000000000003B
:4085400000000000000000000000000000000000000000000000000000000000000000000000000000000000000000000000000000000000000000000000000000000000FB
:4085800000000000000000000000000000000000000000000000000000000000000000000000000000000000000000000000000000000000000000000000000000000000BB
:4085C000000000000000000000000000000000000000000000000000000000000000000000000000000000000000000000000000000000000000000000000000000000007B
:40860000000000000000000000000000000000000000000000000000000000000000000000000000000000000000000000000000000000000000000000000000000000003A
:4086400000000000000000000000000000000000000000000000000000000000000000000000000000000000000000000000000000000000000000000000000000000000FA
:4086800000000000000000000000000000000000000000000000000000000000000000000000000000000000000000000000000000000000000000000000000000000000BA
:4086C000000000000000000000000000000000000000000000000000000000000000000000000000000000000000000000000000000000000000000000000000000000007A
:408700000000000000000000000000000000000000000000000000000000000000000000000000000000000000000000000000000000000000000000000000000000000039
:4087400000000000000000000000000000000000000000000000000000000000000000000000000000000000000000000000000000000000000000000000000000000000F9
:4087800000000000000000000000000000000000000000000000000000000000000000000000000000000000000000000000000000000000000000000000000000000000B9
:4087C0000000000000000000000000000000000000000000000000000000000000000000000000000000000000000000000000000000000000000000000000000000000079
:408800000000000000000000000000000000000000000000000000000000000000000000000000000000000000000000000000000000000000000000000000000000000038
:4088400000000000000000000000000000000000000000000000000000000000000000000000000000000000000000000000000000000000000000000000000000000000F8
:4088800000000000000000000000000000000000000000000000000000000000000000000000000000000000000000000000000000000000000000000000000000000000B8
:4088C0000000000000000000000000000000000000000000000000000000000000000000000000000000000000000000000000000000000000000000000000000000000078
:408900000000000000000000000000000000000000000000000000000000000000000000000000000000000000000000000000000000000000000000000000000000000037
:4089400000000000000000000000000000000000000000000000000000000000000000000000000000000000000000000000000000000000000000000000000000000000F7
:4089800000000000000000000000000000000000000000000000000000000000000000000000000000000000000000000000000000000000000000000000000000000000B7
:4089C0000000000000000000000000000000000000000000000000000000000000000000000000000000000000000000000000000000000000000000000000000000000077
:408A00000000000000000000000000000000000000000000000000000000000000000000000000000000000000000000000000000000000000000000000000000000000036
:408A400000000000000000000000000000000000000000000000000000000000000000000000000000000000000000000000000000000000000000000000000000000000F6
:408A800000000000000000000000000000000000000000000000000000000000000000000000000000000000000000000000000000000000000000000000000000000000B6
:408AC0000000000000000000000000000000000000000000000000000000000000000000000000000000000000000000000000000000000000000000000000000000000076
:408B00000000000000000000000000000000000000000000000000000000000000000000000000000000000000000000000000000000000000000000000000000000000035
:408B400000000000000000000000000000000000000000000000000000000000000000000000000000000000000000000000000000000000000000000000000000000000F5
:408B800000000000000000000000000000000000000000000000000000000000000000000000000000000000000000000000000000000000000000000000000000000000B5
:408BC0000000000000000000000000000000000000000000000000000000000000000000000000000000000000000000000000000000000000000000000000000000000075
:408C00000000000000000000000000000000000000000000000000000000000000000000000000000000000000000000000000000000000000000000000000000000000034
:408C400000000000000000000000000000000000000000000000000000000000000000000000000000000000000000000000000000000000000000000000000000000000F4
:408C800000000000000000000000000000000000000000000000000000000000000000000000000000000000000000000000000000000000000000000000000000000000B4
:408CC0000000000000000000000000000000000000000000000000000000000000000000000000000000000000000000000000000000000000000000000000000000000074
:408D00000000000000000000000000000000000000000000000000000000000000000000000000000000000000000000000000000000000000000000000000000000000033
:408D400000000000000000000000000000000000000000000000000000000000000000000000000000000000000000000000000000000000000000000000000000000000F3
:408D800000000000000000000000000000000000000000000000000000000000000000000000000000000000000000000000000000000000000000000000000000000000B3
:408DC0000000000000000000000000000000000000000000000000000000000000000000000000000000000000000000000000000000000000000000000000000000000073
:408E00000000000000000000000000000000000000000000000000000000000000000000000000000000000000000000000000000000000000000000000000000000000032
:408E400000000000000000000000000000000000000000000000000000000000000000000000000000000000000000000000000000000000000000000000000000000000F2
:408E800000000000000000000000000000000000000000000000000000000000000000000000000000000000000000000000000000000000000000000000000000000000B2
:408EC0000000000000000000000000000000000000000000000000000000000000000000000000000000000000000000000000000000000000000000000000000000000072
:408F00000000000000000000000000000000000000000000000000000000000000000000000000000000000000000000000000000000000000000000000000000000000031
:408F400000000000000000000000000000000000000000000000000000000000000000000000000000000000000000000000000000000000000000000000000000000000F1
:408F800000000000000000000000000000000000000000000000000000000000000000000000000000000000000000000000000000000000000000000000000000000000B1
:408FC0000000000000000000000000000000000000000000000000000000000000000000000000000000000000000000000000000000000000000000000000000000000071
:409000000000000000000000000000000000000000000000000000000000000000000000000000000000000000000000000000000000000000000000000000000000000030
:4090400000000000000000000000000000000000000000000000000000000000000000000000000000000000000000000000000000000000000000000000000000000000F0
:4090800000000000000000000000000000000000000000000000000000000000000000000000000000000000000000000000000000000000000000000000000000000000B0
:4090C0000000000000000000000000000000000000000000000000000000000000000000000000000000000000000000000000000000000000000000000000000000000070
:40910000000000000000000000000000000000000000000000000000000000000000000000000000000000000000000000000000000000000000000000000000000000002F
:4091400000000000000000000000000000000000000000000000000000000000000000000000000000000000000000000000000000000000000000000000000000000000EF
:4091800000000000000000000000000000000000000000000000000000000000000000000000000000000000000000000000000000000000000000000000000000000000AF
:4091C000000000000000000000000000000000000000000000000000000000000000000000000000000000000000000000000000000000000000000000000000000000006F
:40920000000000000000000000000000000000000000000000000000000000000000000000000000000000000000000000000000000000000000000000000000000000002E
:4092400000000000000000000000000000000000000000000000000000000000000000000000000000000000000000000000000000000000000000000000000000000000EE
:4092800000000000000000000000000000000000000000000000000000000000000000000000000000000000000000000000000000000000000000000000000000000000AE
:4092C000000000000000000000000000000000000000000000000000000000000000000000000000000000000000000000000000000000000000000000000000000000006E
:40930000000000000000000000000000000000000000000000000000000000000000000000000000000000000000000000000000000000000000000000000000000000002D
:4093400000000000000000000000000000000000000000000000000000000000000000000000000000000000000000000000000000000000000000000000000000000000ED
:4093800000000000000000000000000000000000000000000000000000000000000000000000000000000000000000000000000000000000000000000000000000000000AD
:4093C000000000000000000000000000000000000000000000000000000000000000000000000000000000000000000000000000000000000000000000000000000000006D
:40940000000000000000000000000000000000000000000000000000000000000000000000000000000000000000000000000000000000000000000000000000000000002C
:4094400000000000000000000000000000000000000000000000000000000000000000000000000000000000000000000000000000000000000000000000000000000000EC
:4094800000000000000000000000000000000000000000000000000000000000000000000000000000000000000000000000000000000000000000000000000000000000AC
:4094C000000000000000000000000000000000000000000000000000000000000000000000000000000000000000000000000000000000000000000000000000000000006C
:40950000000000000000000000000000000000000000000000000000000000000000000000000000000000000000000000000000000000000000000000000000000000002B
:4095400000000000000000000000000000000000000000000000000000000000000000000000000000000000000000000000000000000000000000000000000000000000EB
:4095800000000000000000000000000000000000000000000000000000000000000000000000000000000000000000000000000000000000000000000000000000000000AB
:4095C000000000000000000000000000000000000000000000000000000000000000000000000000000000000000000000000000000000000000000000000000000000006B
:40960000000000000000000000000000000000000000000000000000000000000000000000000000000000000000000000000000000000000000000000000000000000002A
:4096400000000000000000000000000000000000000000000000000000000000000000000000000000000000000000000000000000000000000000000000000000000000EA
:4096800000000000000000000000000000000000000000000000000000000000000000000000000000000000000000000000000000000000000000000000000000000000AA
:4096C000000000000000000000000000000000000000000000000000000000000000000000000000000000000000000000000000000000000000000000000000000000006A
:409700000000000000000000000000000000000000000000000000000000000000000000000000000000000000000000000000000000000000000000000000000000000029
:4097400000000000000000000000000000000000000000000000000000000000000000000000000000000000000000000000000000000000000000000000000000000000E9
:4097800000000000000000000000000000000000000000000000000000000000000000000000000000000000000000000000000000000000000000000000000000000000A9
:4097C0000000000000000000000000000000000000000000000000000000000000000000000000000000000000000000000000000000000000000000000000000000000069
:409800000000000000000000000000000000000000000000000000000000000000000000000000000000000000000000000000000000000000000000000000000000000028
:4098400000000000000000000000000000000000000000000000000000000000000000000000000000000000000000000000000000000000000000000000000000000000E8
:4098800000000000000000000000000000000000000000000000000000000000000000000000000000000000000000000000000000000000000000000000000000000000A8
:4098C0000000000000000000000000000000000000000000000000000000000000000000000000000000000000000000000000000000000000000000000000000000000068
:409900000000000000000000000000000000000000000000000000000000000000000000000000000000000000000000000000000000000000000000000000000000000027
:4099400000000000000000000000000000000000000000000000000000000000000000000000000000000000000000000000000000000000000000000000000000000000E7
:4099800000000000000000000000000000000000000000000000000000000000000000000000000000000000000000000000000000000000000000000000000000000000A7
:4099C0000000000000000000000000000000000000000000000000000000000000000000000000000000000000000000000000000000000000000000000000000000000067
:409A00000000000000000000000000000000000000000000000000000000000000000000000000000000000000000000000000000000000000000000000000000000000026
:409A400000000000000000000000000000000000000000000000000000000000000000000000000000000000000000000000000000000000000000000000000000000000E6
:409A800000000000000000000000000000000000000000000000000000000000000000000000000000000000000000000000000000000000000000000000000000000000A6
:409AC0000000000000000000000000000000000000000000000000000000000000000000000000000000000000000000000000000000000000000000000000000000000066
:409B00000000000000000000000000000000000000000000000000000000000000000000000000000000000000000000000000000000000000000000000000000000000025
:409B400000000000000000000000000000000000000000000000000000000000000000000000000000000000000000000000000000000000000000000000000000000000E5
:409B800000000000000000000000000000000000000000000000000000000000000000000000000000000000000000000000000000000000000000000000000000000000A5
:409BC0000000000000000000000000000000000000000000000000000000000000000000000000000000000000000000000000000000000000000000000000000000000065
:409C00000000000000000000000000000000000000000000000000000000000000000000000000000000000000000000000000000000000000000000000000000000000024
:409C400000000000000000000000000000000000000000000000000000000000000000000000000000000000000000000000000000000000000000000000000000000000E4
:409C800000000000000000000000000000000000000000000000000000000000000000000000000000000000000000000000000000000000000000000000000000000000A4
:409CC0000000000000000000000000000000000000000000000000000000000000000000000000000000000000000000000000000000000000000000000000000000000064
:409D00000000000000000000000000000000000000000000000000000000000000000000000000000000000000000000000000000000000000000000000000000000000023
:409D400000000000000000000000000000000000000000000000000000000000000000000000000000000000000000000000000000000000000000000000000000000000E3
:409D800000000000000000000000000000000000000000000000000000000000000000000000000000000000000000000000000000000000000000000000000000000000A3
:409DC0000000000000000000000000000000000000000000000000000000000000000000000000000000000000000000000000000000000000000000000000000000000063
:409E00000000000000000000000000000000000000000000000000000000000000000000000000000000000000000000000000000000000000000000000000000000000022
:409E400000000000000000000000000000000000000000000000000000000000000000000000000000000000000000000000000000000000000000000000000000000000E2
:409E800000000000000000000000000000000000000000000000000000000000000000000000000000000000000000000000000000000000000000000000000000000000A2
:409EC0000000000000000000000000000000000000000000000000000000000000000000000000000000000000000000000000000000000000000000000000000000000062
:409F00000000000000000000000000000000000000000000000000000000000000000000000000000000000000000000000000000000000000000000000000000000000021
:409F400000000000000000000000000000000000000000000000000000000000000000000000000000000000000000000000000000000000000000000000000000000000E1
:409F800000000000000000000000000000000000000000000000000000000000000000000000000000000000000000000000000000000000000000000000000000000000A1
:409FC0000000000000000000000000000000000000000000000000000000000000000000000000000000000000000000000000000000000000000000000000000000000061
:40A000000000000000000000000000000000000000000000000000000000000000000000000000000000000000000000000000000000000000000000000000000000000020
:40A0400000000000000000000000000000000000000000000000000000000000000000000000000000000000000000000000000000000000000000000000000000000000E0
:40A0800000000000000000000000000000000000000000000000000000000000000000000000000000000000000000000000000000000000000000000000000000000000A0
:40A0C0000000000000000000000000000000000000000000000000000000000000000000000000000000000000000000000000000000000000000000000000000000000060
:40A10000000000000000000000000000000000000000000000000000000000000000000000000000000000000000000000000000000000000000000000000000000000001F
:40A1400000000000000000000000000000000000000000000000000000000000000000000000000000000000000000000000000000000000000000000000000000000000DF
:40A18000000000000000000000000000000000000000000000000000000000000000000000000000000000000000000000000000000000000000000000000000000000009F
:40A1C000000000000000000000000000000000000000000000000000000000000000000000000000000000000000000000000000000000000000000000000000000000005F
:40A20000000000000000000000000000000000000000000000000000000000000000000000000000000000000000000000000000000000000000000000000000000000001E
:40A2400000000000000000000000000000000000000000000000000000000000000000000000000000000000000000000000000000000000000000000000000000000000DE
:40A28000000000000000000000000000000000000000000000000000000000000000000000000000000000000000000000000000000000000000000000000000000000009E
:40A2C000000000000000000000000000000000000000000000000000000000000000000000000000000000000000000000000000000000000000000000000000000000005E
:40A30000000000000000000000000000000000000000000000000000000000000000000000000000000000000000000000000000000000000000000000000000000000001D
:40A3400000000000000000000000000000000000000000000000000000000000000000000000000000000000000000000000000000000000000000000000000000000000DD
:40A38000000000000000000000000000000000000000000000000000000000000000000000000000000000000000000000000000000000000000000000000000000000009D
:40A3C000000000000000000000000000000000000000000000000000000000000000000000000000000000000000000000000000000000000000000000000000000000005D
:40A40000000000000000000000000000000000000000000000000000000000000000000000000000000000000000000000000000000000000000000000000000000000001C
:40A4400000000000000000000000000000000000000000000000000000000000000000000000000000000000000000000000000000000000000000000000000000000000DC
:40A48000000000000000000000000000000000000000000000000000000000000000000000000000000000000000000000000000000000000000000000000000000000009C
:40A4C000000000000000000000000000000000000000000000000000000000000000000000000000000000000000000000000000000000000000000000000000000000005C
:40A50000000000000000000000000000000000000000000000000000000000000000000000000000000000000000000000000000000000000000000000000000000000001B
:40A5400000000000000000000000000000000000000000000000000000000000000000000000000000000000000000000000000000000000000000000000000000000000DB
:40A58000000000000000000000000000000000000000000000000000000000000000000000000000000000000000000000000000000000000000000000000000000000009B
:40A5C000000000000000000000000000000000000000000000000000000000000000000000000000000000000000000000000000000000000000000000000000000000005B
:40A60000000000000000000000000000000000000000000000000000000000000000000000000000000000000000000000000000000000000000000000000000000000001A
:40A6400000000000000000000000000000000000000000000000000000000000000000000000000000000000000000000000000000000000000000000000000000000000DA
:40A68000000000000000000000000000000000000000000000000000000000000000000000000000000000000000000000000000000000000000000000000000000000009A
:40A6C000000000000000000000000000000000000000000000000000000000000000000000000000000000000000000000000000000000000000000000000000000000005A
:40A700000000000000000000000000000000000000000000000000000000000000000000000000000000000000000000000000000000000000000000000000000000000019
:40A7400000000000000000000000000000000000000000000000000000000000000000000000000000000000000000000000000000000000000000000000000000000000D9
:40A780000000000000000000000000000000000000000000000000000000000000000000000000000000000000000000000000000000000000000000000000000000000099
:40A7C0000000000000000000000000000000000000000000000000000000000000000000000000000000000000000000000000000000000000000000000000000000000059
:40A800000000000000000000000000000000000000000000000000000000000000000000000000000000000000000000000000000000000000000000000000000000000018
:40A8400000000000000000000000000000000000000000000000000000000000000000000000000000000000000000000000000000000000000000000000000000000000D8
:40A880000000000000000000000000000000000000000000000000000000000000000000000000000000000000000000000000000000000000000000000000000000000098
:40A8C0000000000000000000000000000000000000000000000000000000000000000000000000000000000000000000000000000000000000000000000000000000000058
:40A900000000000000000000000000000000000000000000000000000000000000000000000000000000000000000000000000000000000000000000000000000000000017
:40A9400000000000000000000000000000000000000000000000000000000000000000000000000000000000000000000000000000000000000000000000000000000000D7
:40A980000000000000000000000000000000000000000000000000000000000000000000000000000000000000000000000000000000000000000000000000000000000097
:40A9C0000000000000000000000000000000000000000000000000000000000000000000000000000000000000000000000000000000000000000000000000000000000057
:40AA00000000000000000000000000000000000000000000000000000000000000000000000000000000000000000000000000000000000000000000000000000000000016
:40AA400000000000000000000000000000000000000000000000000000000000000000000000000000000000000000000000000000000000000000000000000000000000D6
:40AA80000000000000000000000000000000000000000000000000000000000000000000000000000000000000000000000000000000000000000000000000000000000096
:40AAC0000000000000000000000000000000000000000000000000000000000000000000000000000000000000000000000000000000000000000000000000000000000056
:40AB00000000000000000000000000000000000000000000000000000000000000000000000000000000000000000000000000000000000000000000000000000000000015
:40AB400000000000000000000000000000000000000000000000000000000000000000000000000000000000000000000000000000000000000000000000000000000000D5
:40AB80000000000000000000000000000000000000000000000000000000000000000000000000000000000000000000000000000000000000000000000000000000000095
:40ABC0000000000000000000000000000000000000000000000000000000000000000000000000000000000000000000000000000000000000000000000000000000000055
:40AC00000000000000000000000000000000000000000000000000000000000000000000000000000000000000000000000000000000000000000000000000000000000014
:40AC400000000000000000000000000000000000000000000000000000000000000000000000000000000000000000000000000000000000000000000000000000000000D4
:40AC80000000000000000000000000000000000000000000000000000000000000000000000000000000000000000000000000000000000000000000000000000000000094
:40ACC0000000000000000000000000000000000000000000000000000000000000000000000000000000000000000000000000000000000000000000000000000000000054
:40AD00000000000000000000000000000000000000000000000000000000000000000000000000000000000000000000000000000000000000000000000000000000000013
:40AD400000000000000000000000000000000000000000000000000000000000000000000000000000000000000000000000000000000000000000000000000000000000D3
:40AD80000000000000000000000000000000000000000000000000000000000000000000000000000000000000000000000000000000000000000000000000000000000093
:40ADC0000000000000000000000000000000000000000000000000000000000000000000000000000000000000000000000000000000000000000000000000000000000053
:40AE00000000000000000000000000000000000000000000000000000000000000000000000000000000000000000000000000000000000000000000000000000000000012
:40AE400000000000000000000000000000000000000000000000000000000000000000000000000000000000000000000000000000000000000000000000000000000000D2
:40AE80000000000000000000000000000000000000000000000000000000000000000000000000000000000000000000000000000000000000000000000000000000000092
:40AEC0000000000000000000000000000000000000000000000000000000000000000000000000000000000000000000000000000000000000000000000000000000000052
:40AF00000000000000000000000000000000000000000000000000000000000000000000000000000000000000000000000000000000000000000000000000000000000011
:40AF400000000000000000000000000000000000000000000000000000000000000000000000000000000000000000000000000000000000000000000000000000000000D1
:40AF80000000000000000000000000000000000000000000000000000000000000000000000000000000000000000000000000000000000000000000000000000000000091
:40AFC0000000000000000000000000000000000000000000000000000000000000000000000000000000000000000000000000000000000000000000000000000000000051
:40B000000000000000000000000000000000000000000000000000000000000000000000000000000000000000000000000000000000000000000000000000000000000010
:40B0400000000000000000000000000000000000000000000000000000000000000000000000000000000000000000000000000000000000000000000000000000000000D0
:40B080000000000000000000000000000000000000000000000000000000000000000000000000000000000000000000000000000000000000000000000000000000000090
:40B0C0000000000000000000000000000000000000000000000000000000000000000000000000000000000000000000000000000000000000000000000000000000000050
:40B10000000000000000000000000000000000000000000000000000000000000000000000000000000000000000000000000000000000000000000000000000000000000F
:40B1400000000000000000000000000000000000000000000000000000000000000000000000000000000000000000000000000000000000000000000000000000000000CF
:40B18000000000000000000000000000000000000000000000000000000000000000000000000000000000000000000000000000000000000000000000000000000000008F
:40B1C000000000000000000000000000000000000000000000000000000000000000000000000000000000000000000000000000000000000000000000000000000000004F
:40B20000000000000000000000000000000000000000000000000000000000000000000000000000000000000000000000000000000000000000000000000000000000000E
:40B2400000000000000000000000000000000000000000000000000000000000000000000000000000000000000000000000000000000000000000000000000000000000CE
:40B28000000000000000000000000000000000000000000000000000000000000000000000000000000000000000000000000000000000000000000000000000000000008E
:40B2C000000000000000000000000000000000000000000000000000000000000000000000000000000000000000000000000000000000000000000000000000000000004E
:40B30000000000000000000000000000000000000000000000000000000000000000000000000000000000000000000000000000000000000000000000000000000000000D
:40B3400000000000000000000000000000000000000000000000000000000000000000000000000000000000000000000000000000000000000000000000000000000000CD
:40B38000000000000000000000000000000000000000000000000000000000000000000000000000000000000000000000000000000000000000000000000000000000008D
:40B3C000000000000000000000000000000000000000000000000000000000000000000000000000000000000000000000000000000000000000000000000000000000004D
:40B40000000000000000000000000000000000000000000000000000000000000000000000000000000000000000000000000000000000000000000000000000000000000C
:40B4400000000000000000000000000000000000000000000000000000000000000000000000000000000000000000000000000000000000000000000000000000000000CC
:40B48000000000000000000000000000000000000000000000000000000000000000000000000000000000000000000000000000000000000000000000000000000000008C
:40B4C000000000000000000000000000000000000000000000000000000000000000000000000000000000000000000000000000000000000000000000000000000000004C
:40B50000000000000000000000000000000000000000000000000000000000000000000000000000000000000000000000000000000000000000000000000000000000000B
:40B5400000000000000000000000000000000000000000000000000000000000000000000000000000000000000000000000000000000000000000000000000000000000CB
:40B58000000000000000000000000000000000000000000000000000000000000000000000000000000000000000000000000000000000000000000000000000000000008B
:40B5C000000000000000000000000000000000000000000000000000000000000000000000000000000000000000000000000000000000000000000000000000000000004B
:40B60000000000000000000000000000000000000000000000000000000000000000000000000000000000000000000000000000000000000000000000000000000000000A
:40B6400000000000000000000000000000000000000000000000000000000000000000000000000000000000000000000000000000000000000000000000000000000000CA
:40B68000000000000000000000000000000000000000000000000000000000000000000000000000000000000000000000000000000000000000000000000000000000008A
:40B6C000000000000000000000000000000000000000000000000000000000000000000000000000000000000000000000000000000000000000000000000000000000004A
:40B700000000000000000000000000000000000000000000000000000000000000000000000000000000000000000000000000000000000000000000000000000000000009
:40B7400000000000000000000000000000000000000000000000000000000000000000000000000000000000000000000000000000000000000000000000000000000000C9
:40B780000000000000000000000000000000000000000000000000000000000000000000000000000000000000000000000000000000000000000000000000000000000089
:40B7C0000000000000000000000000000000000000000000000000000000000000000000000000000000000000000000000000000000000000000000000000000000000049
:40B800000000000000000000000000000000000000000000000000000000000000000000000000000000000000000000000000000000000000000000000000000000000008
:40B8400000000000000000000000000000000000000000000000000000000000000000000000000000000000000000000000000000000000000000000000000000000000C8
:40B880000000000000000000000000000000000000000000000000000000000000000000000000000000000000000000000000000000000000000000000000000000000088
:40B8C0000000000000000000000000000000000000000000000000000000000000000000000000000000000000000000000000000000000000000000000000000000000048
:40B900000000000000000000000000000000000000000000000000000000000000000000000000000000000000000000000000000000000000000000000000000000000007
:40B9400000000000000000000000000000000000000000000000000000000000000000000000000000000000000000000000000000000000000000000000000000000000C7
:40B980000000000000000000000000000000000000000000000000000000000000000000000000000000000000000000000000000000000000000000000000000000000087
:40B9C0000000000000000000000000000000000000000000000000000000000000000000000000000000000000000000000000000000000000000000000000000000000047
:40BA00000000000000000000000000000000000000000000000000000000000000000000000000000000000000000000000000000000000000000000000000000000000006
:40BA400000000000000000000000000000000000000000000000000000000000000000000000000000000000000000000000000000000000000000000000000000000000C6
:40BA80000000000000000000000000000000000000000000000000000000000000000000000000000000000000000000000000000000000000000000000000000000000086
:40BAC0000000000000000000000000000000000000000000000000000000000000000000000000000000000000000000000000000000000000000000000000000000000046
:40BB00000000000000000000000000000000000000000000000000000000000000000000000000000000000000000000000000000000000000000000000000000000000005
:40BB400000000000000000000000000000000000000000000000000000000000000000000000000000000000000000000000000000000000000000000000000000000000C5
:40BB80000000000000000000000000000000000000000000000000000000000000000000000000000000000000000000000000000000000000000000000000000000000085
:40BBC0000000000000000000000000000000000000000000000000000000000000000000000000000000000000000000000000000000000000000000000000000000000045
:40BC00000000000000000000000000000000000000000000000000000000000000000000000000000000000000000000000000000000000000000000000000000000000004
:40BC400000000000000000000000000000000000000000000000000000000000000000000000000000000000000000000000000000000000000000000000000000000000C4
:40BC80000000000000000000000000000000000000000000000000000000000000000000000000000000000000000000000000000000000000000000000000000000000084
:40BCC0000000000000000000000000000000000000000000000000000000000000000000000000000000000000000000000000000000000000000000000000000000000044
:40BD00000000000000000000000000000000000000000000000000000000000000000000000000000000000000000000000000000000000000000000000000000000000003
:40BD400000000000000000000000000000000000000000000000000000000000000000000000000000000000000000000000000000000000000000000000000000000000C3
:40BD80000000000000000000000000000000000000000000000000000000000000000000000000000000000000000000000000000000000000000000000000000000000083
:40BDC0000000000000000000000000000000000000000000000000000000000000000000000000000000000000000000000000000000000000000000000000000000000043
:40BE00000000000000000000000000000000000000000000000000000000000000000000000000000000000000000000000000000000000000000000000000000000000002
:40BE400000000000000000000000000000000000000000000000000000000000000000000000000000000000000000000000000000000000000000000000000000000000C2
:40BE80000000000000000000000000000000000000000000000000000000000000000000000000000000000000000000000000000000000000000000000000000000000082
:40BEC0000000000000000000000000000000000000000000000000000000000000000000000000000000000000000000000000000000000000000000000000000000000042
:40BF00000000000000000000000000000000000000000000000000000000000000000000000000000000000000000000000000000000000000000000000000000000000001
:40BF400000000000000000000000000000000000000000000000000000000000000000000000000000000000000000000000000000000000000000000000000000000000C1
:40BF80000000000000000000000000000000000000000000000000000000000000000000000000000000000000000000000000000000000000000000000000000000000081
:40BFC0000000000000000000000000000000000000000000000000000000000000000000000000000000000000000000000000000000000000000000000000000000000041
:40C000000000000000000000000000000000000000000000000000000000000000000000000000000000000000000000000000000000000000000000000000000000000000
:40C0400000000000000000000000000000000000000000000000000000000000000000000000000000000000000000000000000000000000000000000000000000000000C0
:40C080000000000000000000000000000000000000000000000000000000000000000000000000000000000000000000000000000000000000000000000000000000000080
:40C0C0000000000000000000000000000000000000000000000000000000000000000000000000000000000000000000000000000000000000000000000000000000000040
:40C1000000000000000000000000000000000000000000000000000000000000000000000000000000000000000000000000000000000000000000000000000000000000FF
:40C1400000000000000000000000000000000000000000000000000000000000000000000000000000000000000000000000000000000000000000000000000000000000BF
:40C18000000000000000000000000000000000000000000000000000000000000000000000000000000000000000000000000000000000000000000000000000000000007F
:40C1C000000000000000000000000000000000000000000000000000000000000000000000000000000000000000000000000000000000000000000000000000000000003F
:40C2000000000000000000000000000000000000000000000000000000000000000000000000000000000000000000000000000000000000000000000000000000000000FE
:40C2400000000000000000000000000000000000000000000000000000000000000000000000000000000000000000000000000000000000000000000000000000000000BE
:40C28000000000000000000000000000000000000000000000000000000000000000000000000000000000000000000000000000000000000000000000000000000000007E
:40C2C000000000000000000000000000000000000000000000000000000000000000000000000000000000000000000000000000000000000000000000000000000000003E
:40C3000000000000000000000000000000000000000000000000000000000000000000000000000000000000000000000000000000000000000000000000000000000000FD
:40C3400000000000000000000000000000000000000000000000000000000000000000000000000000000000000000000000000000000000000000000000000000000000BD
:40C38000000000000000000000000000000000000000000000000000000000000000000000000000000000000000000000000000000000000000000000000000000000007D
:40C3C000000000000000000000000000000000000000000000000000000000000000000000000000000000000000000000000000000000000000000000000000000000003D
:40C4000000000000000000000000000000000000000000000000000000000000000000000000000000000000000000000000000000000000000000000000000000000000FC
:40C4400000000000000000000000000000000000000000000000000000000000000000000000000000000000000000000000000000000000000000000000000000000000BC
:40C48000000000000000000000000000000000000000000000000000000000000000000000000000000000000000000000000000000000000000000000000000000000007C
:40C4C000000000000000000000000000000000000000000000000000000000000000000000000000000000000000000000000000000000000000000000000000000000003C
:40C5000000000000000000000000000000000000000000000000000000000000000000000000000000000000000000000000000000000000000000000000000000000000FB
:40C5400000000000000000000000000000000000000000000000000000000000000000000000000000000000000000000000000000000000000000000000000000000000BB
:40C58000000000000000000000000000000000000000000000000000000000000000000000000000000000000000000000000000000000000000000000000000000000007B
:40C5C000000000000000000000000000000000000000000000000000000000000000000000000000000000000000000000000000000000000000000000000000000000003B
:40C6000000000000000000000000000000000000000000000000000000000000000000000000000000000000000000000000000000000000000000000000000000000000FA
:40C6400000000000000000000000000000000000000000000000000000000000000000000000000000000000000000000000000000000000000000000000000000000000BA
:40C68000000000000000000000000000000000000000000000000000000000000000000000000000000000000000000000000000000000000000000000000000000000007A
:40C6C000000000000000000000000000000000000000000000000000000000000000000000000000000000000000000000000000000000000000000000000000000000003A
:40C7000000000000000000000000000000000000000000000000000000000000000000000000000000000000000000000000000000000000000000000000000000000000F9
:40C7400000000000000000000000000000000000000000000000000000000000000000000000000000000000000000000000000000000000000000000000000000000000B9
:40C780000000000000000000000000000000000000000000000000000000000000000000000000000000000000000000000000000000000000000000000000000000000079
:40C7C0000000000000000000000000000000000000000000000000000000000000000000000000000000000000000000000000000000000000000000000000000000000039
:40C8000000000000000000000000000000000000000000000000000000000000000000000000000000000000000000000000000000000000000000000000000000000000F8
:40C8400000000000000000000000000000000000000000000000000000000000000000000000000000000000000000000000000000000000000000000000000000000000B8
:40C880000000000000000000000000000000000000000000000000000000000000000000000000000000000000000000000000000000000000000000000000000000000078
:40C8C0000000000000000000000000000000000000000000000000000000000000000000000000000000000000000000000000000000000000000000000000000000000038
:40C9000000000000000000000000000000000000000000000000000000000000000000000000000000000000000000000000000000000000000000000000000000000000F7
:40C9400000000000000000000000000000000000000000000000000000000000000000000000000000000000000000000000000000000000000000000000000000000000B7
:40C980000000000000000000000000000000000000000000000000000000000000000000000000000000000000000000000000000000000000000000000000000000000077
:40C9C0000000000000000000000000000000000000000000000000000000000000000000000000000000000000000000000000000000000000000000000000000000000037
:40CA000000000000000000000000000000000000000000000000000000000000000000000000000000000000000000000000000000000000000000000000000000000000F6
:40CA400000000000000000000000000000000000000000000000000000000000000000000000000000000000000000000000000000000000000000000000000000000000B6
:40CA80000000000000000000000000000000000000000000000000000000000000000000000000000000000000000000000000000000000000000000000000000000000076
:40CAC0000000000000000000000000000000000000000000000000000000000000000000000000000000000000000000000000000000000000000000000000000000000036
:40CB000000000000000000000000000000000000000000000000000000000000000000000000000000000000000000000000000000000000000000000000000000000000F5
:40CB400000000000000000000000000000000000000000000000000000000000000000000000000000000000000000000000000000000000000000000000000000000000B5
:40CB80000000000000000000000000000000000000000000000000000000000000000000000000000000000000000000000000000000000000000000000000000000000075
:40CBC0000000000000000000000000000000000000000000000000000000000000000000000000000000000000000000000000000000000000000000000000000000000035
:40CC000000000000000000000000000000000000000000000000000000000000000000000000000000000000000000000000000000000000000000000000000000000000F4
:40CC400000000000000000000000000000000000000000000000000000000000000000000000000000000000000000000000000000000000000000000000000000000000B4
:40CC80000000000000000000000000000000000000000000000000000000000000000000000000000000000000000000000000000000000000000000000000000000000074
:40CCC0000000000000000000000000000000000000000000000000000000000000000000000000000000000000000000000000000000000000000000000000000000000034
:40CD000000000000000000000000000000000000000000000000000000000000000000000000000000000000000000000000000000000000000000000000000000000000F3
:40CD400000000000000000000000000000000000000000000000000000000000000000000000000000000000000000000000000000000000000000000000000000000000B3
:40CD80000000000000000000000000000000000000000000000000000000000000000000000000000000000000000000000000000000000000000000000000000000000073
:40CDC0000000000000000000000000000000000000000000000000000000000000000000000000000000000000000000000000000000000000000000000000000000000033
:40CE000000000000000000000000000000000000000000000000000000000000000000000000000000000000000000000000000000000000000000000000000000000000F2
:40CE400000000000000000000000000000000000000000000000000000000000000000000000000000000000000000000000000000000000000000000000000000000000B2
:40CE80000000000000000000000000000000000000000000000000000000000000000000000000000000000000000000000000000000000000000000000000000000000072
:40CEC0000000000000000000000000000000000000000000000000000000000000000000000000000000000000000000000000000000000000000000000000000000000032
:40CF000000000000000000000000000000000000000000000000000000000000000000000000000000000000000000000000000000000000000000000000000000000000F1
:40CF400000000000000000000000000000000000000000000000000000000000000000000000000000000000000000000000000000000000000000000000000000000000B1
:40CF80000000000000000000000000000000000000000000000000000000000000000000000000000000000000000000000000000000000000000000000000000000000071
:40CFC0000000000000000000000000000000000000000000000000000000000000000000000000000000000000000000000000000000000000000000000000000000000031
:40D0000000000000000000000000000000000000000000000000000000000000000000000000000000000000000000000000000000000000000000000000000000000000F0
:40D0400000000000000000000000000000000000000000000000000000000000000000000000000000000000000000000000000000000000000000000000000000000000B0
:40D080000000000000000000000000000000000000000000000000000000000000000000000000000000000000000000000000000000000000000000000000000000000070
:40D0C0000000000000000000000000000000000000000000000000000000000000000000000000000000000000000000000000000000000000000000000000000000000030
:40D1000000000000000000000000000000000000000000000000000000000000000000000000000000000000000000000000000000000000000000000000000000000000EF
:40D1400000000000000000000000000000000000000000000000000000000000000000000000000000000000000000000000000000000000000000000000000000000000AF
:40D18000000000000000000000000000000000000000000000000000000000000000000000000000000000000000000000000000000000000000000000000000000000006F
:40D1C000000000000000000000000000000000000000000000000000000000000000000000000000000000000000000000000000000000000000000000000000000000002F
:40D2000000000000000000000000000000000000000000000000000000000000000000000000000000000000000000000000000000000000000000000000000000000000EE
:40D2400000000000000000000000000000000000000000000000000000000000000000000000000000000000000000000000000000000000000000000000000000000000AE
:40D28000000000000000000000000000000000000000000000000000000000000000000000000000000000000000000000000000000000000000000000000000000000006E
:40D2C000000000000000000000000000000000000000000000000000000000000000000000000000000000000000000000000000000000000000000000000000000000002E
:40D3000000000000000000000000000000000000000000000000000000000000000000000000000000000000000000000000000000000000000000000000000000000000ED
:40D3400000000000000000000000000000000000000000000000000000000000000000000000000000000000000000000000000000000000000000000000000000000000AD
:40D38000000000000000000000000000000000000000000000000000000000000000000000000000000000000000000000000000000000000000000000000000000000006D
:40D3C000000000000000000000000000000000000000000000000000000000000000000000000000000000000000000000000000000000000000000000000000000000002D
:40D4000000000000000000000000000000000000000000000000000000000000000000000000000000000000000000000000000000000000000000000000000000000000EC
:40D4400000000000000000000000000000000000000000000000000000000000000000000000000000000000000000000000000000000000000000000000000000000000AC
:40D48000000000000000000000000000000000000000000000000000000000000000000000000000000000000000000000000000000000000000000000000000000000006C
:40D4C000000000000000000000000000000000000000000000000000000000000000000000000000000000000000000000000000000000000000000000000000000000002C
:40D5000000000000000000000000000000000000000000000000000000000000000000000000000000000000000000000000000000000000000000000000000000000000EB
:40D5400000000000000000000000000000000000000000000000000000000000000000000000000000000000000000000000000000000000000000000000000000000000AB
:40D58000000000000000000000000000000000000000000000000000000000000000000000000000000000000000000000000000000000000000000000000000000000006B
:40D5C000000000000000000000000000000000000000000000000000000000000000000000000000000000000000000000000000000000000000000000000000000000002B
:40D6000000000000000000000000000000000000000000000000000000000000000000000000000000000000000000000000000000000000000000000000000000000000EA
:40D6400000000000000000000000000000000000000000000000000000000000000000000000000000000000000000000000000000000000000000000000000000000000AA
:40D68000000000000000000000000000000000000000000000000000000000000000000000000000000000000000000000000000000000000000000000000000000000006A
:40D6C000000000000000000000000000000000000000000000000000000000000000000000000000000000000000000000000000000000000000000000000000000000002A
:40D7000000000000000000000000000000000000000000000000000000000000000000000000000000000000000000000000000000000000000000000000000000000000E9
:40D7400000000000000000000000000000000000000000000000000000000000000000000000000000000000000000000000000000000000000000000000000000000000A9
:40D780000000000000000000000000000000000000000000000000000000000000000000000000000000000000000000000000000000000000000000000000000000000069
:40D7C0000000000000000000000000000000000000000000000000000000000000000000000000000000000000000000000000000000000000000000000000000000000029
:40D8000000000000000000000000000000000000000000000000000000000000000000000000000000000000000000000000000000000000000000000000000000000000E8
:40D8400000000000000000000000000000000000000000000000000000000000000000000000000000000000000000000000000000000000000000000000000000000000A8
:40D880000000000000000000000000000000000000000000000000000000000000000000000000000000000000000000000000000000000000000000000000000000000068
:40D8C0000000000000000000000000000000000000000000000000000000000000000000000000000000000000000000000000000000000000000000000000000000000028
:40D9000000000000000000000000000000000000000000000000000000000000000000000000000000000000000000000000000000000000000000000000000000000000E7
:40D9400000000000000000000000000000000000000000000000000000000000000000000000000000000000000000000000000000000000000000000000000000000000A7
:40D980000000000000000000000000000000000000000000000000000000000000000000000000000000000000000000000000000000000000000000000000000000000067
:40D9C0000000000000000000000000000000000000000000000000000000000000000000000000000000000000000000000000000000000000000000000000000000000027
:40DA000000000000000000000000000000000000000000000000000000000000000000000000000000000000000000000000000000000000000000000000000000000000E6
:40DA400000000000000000000000000000000000000000000000000000000000000000000000000000000000000000000000000000000000000000000000000000000000A6
:40DA80000000000000000000000000000000000000000000000000000000000000000000000000000000000000000000000000000000000000000000000000000000000066
:40DAC0000000000000000000000000000000000000000000000000000000000000000000000000000000000000000000000000000000000000000000000000000000000026
:40DB000000000000000000000000000000000000000000000000000000000000000000000000000000000000000000000000000000000000000000000000000000000000E5
:40DB400000000000000000000000000000000000000000000000000000000000000000000000000000000000000000000000000000000000000000000000000000000000A5
:40DB80000000000000000000000000000000000000000000000000000000000000000000000000000000000000000000000000000000000000000000000000000000000065
:40DBC0000000000000000000000000000000000000000000000000000000000000000000000000000000000000000000000000000000000000000000000000000000000025
:40DC000000000000000000000000000000000000000000000000000000000000000000000000000000000000000000000000000000000000000000000000000000000000E4
:40DC400000000000000000000000000000000000000000000000000000000000000000000000000000000000000000000000000000000000000000000000000000000000A4
:40DC80000000000000000000000000000000000000000000000000000000000000000000000000000000000000000000000000000000000000000000000000000000000064
:40DCC0000000000000000000000000000000000000000000000000000000000000000000000000000000000000000000000000000000000000000000000000000000000024
:40DD000000000000000000000000000000000000000000000000000000000000000000000000000000000000000000000000000000000000000000000000000000000000E3
:40DD400000000000000000000000000000000000000000000000000000000000000000000000000000000000000000000000000000000000000000000000000000000000A3
:40DD80000000000000000000000000000000000000000000000000000000000000000000000000000000000000000000000000000000000000000000000000000000000063
:40DDC0000000000000000000000000000000000000000000000000000000000000000000000000000000000000000000000000000000000000000000000000000000000023
:40DE000000000000000000000000000000000000000000000000000000000000000000000000000000000000000000000000000000000000000000000000000000000000E2
:40DE400000000000000000000000000000000000000000000000000000000000000000000000000000000000000000000000000000000000000000000000000000000000A2
:40DE80000000000000000000000000000000000000000000000000000000000000000000000000000000000000000000000000000000000000000000000000000000000062
:40DEC0000000000000000000000000000000000000000000000000000000000000000000000000000000000000000000000000000000000000000000000000000000000022
:40DF000000000000000000000000000000000000000000000000000000000000000000000000000000000000000000000000000000000000000000000000000000000000E1
:40DF400000000000000000000000000000000000000000000000000000000000000000000000000000000000000000000000000000000000000000000000000000000000A1
:40DF80000000000000000000000000000000000000000000000000000000000000000000000000000000000000000000000000000000000000000000000000000000000061
:40DFC0000000000000000000000000000000000000000000000000000000000000000000000000000000000000000000000000000000000000000000000000000000000021
:40E0000000000000000000000000000000000000000000000000000000000000000000000000000000000000000000000000000000000000000000000000000000000000E0
:40E0400000000000000000000000000000000000000000000000000000000000000000000000000000000000000000000000000000000000000000000000000000000000A0
:40E080000000000000000000000000000000000000000000000000000000000000000000000000000000000000000000000000000000000000000000000000000000000060
:40E0C0000000000000000000000000000000000000000000000000000000000000000000000000000000000000000000000000000000000000000000000000000000000020
:40E1000000000000000000000000000000000000000000000000000000000000000000000000000000000000000000000000000000000000000000000000000000000000DF
:40E14000000000000000000000000000000000000000000000000000000000000000000000000000000000000000000000000000000000000000000000000000000000009F
:40E18000000000000000000000000000000000000000000000000000000000000000000000000000000000000000000000000000000000000000000000000000000000005F
:40E1C000000000000000000000000000000000000000000000000000000000000000000000000000000000000000000000000000000000000000000000000000000000001F
:40E2000000000000000000000000000000000000000000000000000000000000000000000000000000000000000000000000000000000000000000000000000000000000DE
:40E24000000000000000000000000000000000000000000000000000000000000000000000000000000000000000000000000000000000000000000000000000000000009E
:40E28000000000000000000000000000000000000000000000000000000000000000000000000000000000000000000000000000000000000000000000000000000000005E
:40E2C000000000000000000000000000000000000000000000000000000000000000000000000000000000000000000000000000000000000000000000000000000000001E
:40E3000000000000000000000000000000000000000000000000000000000000000000000000000000000000000000000000000000000000000000000000000000000000DD
:40E34000000000000000000000000000000000000000000000000000000000000000000000000000000000000000000000000000000000000000000000000000000000009D
:40E38000000000000000000000000000000000000000000000000000000000000000000000000000000000000000000000000000000000000000000000000000000000005D
:40E3C000000000000000000000000000000000000000000000000000000000000000000000000000000000000000000000000000000000000000000000000000000000001D
:40E4000000000000000000000000000000000000000000000000000000000000000000000000000000000000000000000000000000000000000000000000000000000000DC
:40E44000000000000000000000000000000000000000000000000000000000000000000000000000000000000000000000000000000000000000000000000000000000009C
:40E48000000000000000000000000000000000000000000000000000000000000000000000000000000000000000000000000000000000000000000000000000000000005C
:40E4C000000000000000000000000000000000000000000000000000000000000000000000000000000000000000000000000000000000000000000000000000000000001C
:40E5000000000000000000000000000000000000000000000000000000000000000000000000000000000000000000000000000000000000000000000000000000000000DB
:40E54000000000000000000000000000000000000000000000000000000000000000000000000000000000000000000000000000000000000000000000000000000000009B
:40E58000000000000000000000000000000000000000000000000000000000000000000000000000000000000000000000000000000000000000000000000000000000005B
:40E5C000000000000000000000000000000000000000000000000000000000000000000000000000000000000000000000000000000000000000000000000000000000001B
:40E6000000000000000000000000000000000000000000000000000000000000000000000000000000000000000000000000000000000000000000000000000000000000DA
:40E64000000000000000000000000000000000000000000000000000000000000000000000000000000000000000000000000000000000000000000000000000000000009A
:40E68000000000000000000000000000000000000000000000000000000000000000000000000000000000000000000000000000000000000000000000000000000000005A
:40E6C000000000000000000000000000000000000000000000000000000000000000000000000000000000000000000000000000000000000000000000000000000000001A
:40E7000000000000000000000000000000000000000000000000000000000000000000000000000000000000000000000000000000000000000000000000000000000000D9
:40E740000000000000000000000000000000000000000000000000000000000000000000000000000000000000000000000000000000000000000000000000000000000099
:40E780000000000000000000000000000000000000000000000000000000000000000000000000000000000000000000000000000000000000000000000000000000000059
:40E7C0000000000000000000000000000000000000000000000000000000000000000000000000000000000000000000000000000000000000000000000000000000000019
:40E8000000000000000000000000000000000000000000000000000000000000000000000000000000000000000000000000000000000000000000000000000000000000D8
:40E840000000000000000000000000000000000000000000000000000000000000000000000000000000000000000000000000000000000000000000000000000000000098
:40E880000000000000000000000000000000000000000000000000000000000000000000000000000000000000000000000000000000000000000000000000000000000058
:40E8C0000000000000000000000000000000000000000000000000000000000000000000000000000000000000000000000000000000000000000000000000000000000018
:40E9000000000000000000000000000000000000000000000000000000000000000000000000000000000000000000000000000000000000000000000000000000000000D7
:40E940000000000000000000000000000000000000000000000000000000000000000000000000000000000000000000000000000000000000000000000000000000000097
:40E980000000000000000000000000000000000000000000000000000000000000000000000000000000000000000000000000000000000000000000000000000000000057
:40E9C0000000000000000000000000000000000000000000000000000000000000000000000000000000000000000000000000000000000000000000000000000000000017
:40EA000000000000000000000000000000000000000000000000000000000000000000000000000000000000000000000000000000000000000000000000000000000000D6
:40EA40000000000000000000000000000000000000000000000000000000000000000000000000000000000000000000000000000000000000000000000000000000000096
:40EA80000000000000000000000000000000000000000000000000000000000000000000000000000000000000000000000000000000000000000000000000000000000056
:40EAC0000000000000000000000000000000000000000000000000000000000000000000000000000000000000000000000000000000000000000000000000000000000016
:40EB000000000000000000000000000000000000000000000000000000000000000000000000000000000000000000000000000000000000000000000000000000000000D5
:40EB40000000000000000000000000000000000000000000000000000000000000000000000000000000000000000000000000000000000000000000000000000000000095
:40EB80000000000000000000000000000000000000000000000000000000000000000000000000000000000000000000000000000000000000000000000000000000000055
:40EBC0000000000000000000000000000000000000000000000000000000000000000000000000000000000000000000000000000000000000000000000000000000000015
:40EC000000000000000000000000000000000000000000000000000000000000000000000000000000000000000000000000000000000000000000000000000000000000D4
:40EC40000000000000000000000000000000000000000000000000000000000000000000000000000000000000000000000000000000000000000000000000000000000094
:40EC80000000000000000000000000000000000000000000000000000000000000000000000000000000000000000000000000000000000000000000000000000000000054
:40ECC0000000000000000000000000000000000000000000000000000000000000000000000000000000000000000000000000000000000000000000000000000000000014
:40ED000000000000000000000000000000000000000000000000000000000000000000000000000000000000000000000000000000000000000000000000000000000000D3
:40ED40000000000000000000000000000000000000000000000000000000000000000000000000000000000000000000000000000000000000000000000000000000000093
:40ED80000000000000000000000000000000000000000000000000000000000000000000000000000000000000000000000000000000000000000000000000000000000053
:40EDC0000000000000000000000000000000000000000000000000000000000000000000000000000000000000000000000000000000000000000000000000000000000013
:40EE000000000000000000000000000000000000000000000000000000000000000000000000000000000000000000000000000000000000000000000000000000000000D2
:40EE40000000000000000000000000000000000000000000000000000000000000000000000000000000000000000000000000000000000000000000000000000000000092
:40EE80000000000000000000000000000000000000000000000000000000000000000000000000000000000000000000000000000000000000000000000000000000000052
:40EEC0000000000000000000000000000000000000000000000000000000000000000000000000000000000000000000000000000000000000000000000000000000000012
:40EF000000000000000000000000000000000000000000000000000000000000000000000000000000000000000000000000000000000000000000000000000000000000D1
:40EF40000000000000000000000000000000000000000000000000000000000000000000000000000000000000000000000000000000000000000000000000000000000091
:40EF80000000000000000000000000000000000000000000000000000000000000000000000000000000000000000000000000000000000000000000000000000000000051
:40EFC0000000000000000000000000000000000000000000000000000000000000000000000000000000000000000000000000000000000000000000000000000000000011
:40F0000000000000000000000000000000000000000000000000000000000000000000000000000000000000000000000000000000000000000000000000000000000000D0
:40F040000000000000000000000000000000000000000000000000000000000000000000000000000000000000000000000000000000000000000000000000000000000090
:40F080000000000000000000000000000000000000000000000000000000000000000000000000000000000000000000000000000000000000000000000000000000000050
:40F0C0000000000000000000000000000000000000000000000000000000000000000000000000000000000000000000000000000000000000000000000000000000000010
:40F1000000000000000000000000000000000000000000000000000000000000000000000000000000000000000000000000000000000000000000000000000000000000CF
:40F14000000000000000000000000000000000000000000000000000000000000000000000000000000000000000000000000000000000000000000000000000000000008F
:40F18000000000000000000000000000000000000000000000000000000000000000000000000000000000000000000000000000000000000000000000000000000000004F
:40F1C000000000000000000000000000000000000000000000000000000000000000000000000000000000000000000000000000000000000000000000000000000000000F
:40F2000000000000000000000000000000000000000000000000000000000000000000000000000000000000000000000000000000000000000000000000000000000000CE
:40F24000000000000000000000000000000000000000000000000000000000000000000000000000000000000000000000000000000000000000000000000000000000008E
:40F28000000000000000000000000000000000000000000000000000000000000000000000000000000000000000000000000000000000000000000000000000000000004E
:40F2C000000000000000000000000000000000000000000000000000000000000000000000000000000000000000000000000000000000000000000000000000000000000E
:40F3000000000000000000000000000000000000000000000000000000000000000000000000000000000000000000000000000000000000000000000000000000000000CD
:40F34000000000000000000000000000000000000000000000000000000000000000000000000000000000000000000000000000000000000000000000000000000000008D
:40F38000000000000000000000000000000000000000000000000000000000000000000000000000000000000000000000000000000000000000000000000000000000004D
:40F3C000000000000000000000000000000000000000000000000000000000000000000000000000000000000000000000000000000000000000000000000000000000000D
:40F4000000000000000000000000000000000000000000000000000000000000000000000000000000000000000000000000000000000000000000000000000000000000CC
:40F44000000000000000000000000000000000000000000000000000000000000000000000000000000000000000000000000000000000000000000000000000000000008C
:40F48000000000000000000000000000000000000000000000000000000000000000000000000000000000000000000000000000000000000000000000000000000000004C
:40F4C000000000000000000000000000000000000000000000000000000000000000000000000000000000000000000000000000000000000000000000000000000000000C
:40F5000000000000000000000000000000000000000000000000000000000000000000000000000000000000000000000000000000000000000000000000000000000000CB
:40F54000000000000000000000000000000000000000000000000000000000000000000000000000000000000000000000000000000000000000000000000000000000008B
:40F58000000000000000000000000000000000000000000000000000000000000000000000000000000000000000000000000000000000000000000000000000000000004B
:40F5C000000000000000000000000000000000000000000000000000000000000000000000000000000000000000000000000000000000000000000000000000000000000B
:40F6000000000000000000000000000000000000000000000000000000000000000000000000000000000000000000000000000000000000000000000000000000000000CA
:40F64000000000000000000000000000000000000000000000000000000000000000000000000000000000000000000000000000000000000000000000000000000000008A
:40F68000000000000000000000000000000000000000000000000000000000000000000000000000000000000000000000000000000000000000000000000000000000004A
:40F6C000000000000000000000000000000000000000000000000000000000000000000000000000000000000000000000000000000000000000000000000000000000000A
:40F7000000000000000000000000000000000000000000000000000000000000000000000000000000000000000000000000000000000000000000000000000000000000C9
:40F740000000000000000000000000000000000000000000000000000000000000000000000000000000000000000000000000000000000000000000000000000000000089
:40F780000000000000000000000000000000000000000000000000000000000000000000000000000000000000000000000000000000000000000000000000000000000049
:40F7C0000000000000000000000000000000000000000000000000000000000000000000000000000000000000000000000000000000000000000000000000000000000009
:40F8000000000000000000000000000000000000000000000000000000000000000000000000000000000000000000000000000000000000000000000000000000000000C8
:40F840000000000000000000000000000000000000000000000000000000000000000000000000000000000000000000000000000000000000000000000000000000000088
:40F880000000000000000000000000000000000000000000000000000000000000000000000000000000000000000000000000000000000000000000000000000000000048
:40F8C0000000000000000000000000000000000000000000000000000000000000000000000000000000000000000000000000000000000000000000000000000000000008
:40F9000000000000000000000000000000000000000000000000000000000000000000000000000000000000000000000000000000000000000000000000000000000000C7
:40F940000000000000000000000000000000000000000000000000000000000000000000000000000000000000000000000000000000000000000000000000000000000087
:40F980000000000000000000000000000000000000000000000000000000000000000000000000000000000000000000000000000000000000000000000000000000000047
:40F9C0000000000000000000000000000000000000000000000000000000000000000000000000000000000000000000000000000000000000000000000000000000000007
:40FA000000000000000000000000000000000000000000000000000000000000000000000000000000000000000000000000000000000000000000000000000000000000C6
:40FA40000000000000000000000000000000000000000000000000000000000000000000000000000000000000000000000000000000000000000000000000000000000086
:40FA80000000000000000000000000000000000000000000000000000000000000000000000000000000000000000000000000000000000000000000000000000000000046
:40FAC0000000000000000000000000000000000000000000000000000000000000000000000000000000000000000000000000000000000000000000000000000000000006
:40FB000000000000000000000000000000000000000000000000000000000000000000000000000000000000000000000000000000000000000000000000000000000000C5
:40FB40000000000000000000000000000000000000000000000000000000000000000000000000000000000000000000000000000000000000000000000000000000000085
:40FB80000000000000000000000000000000000000000000000000000000000000000000000000000000000000000000000000000000000000000000000000000000000045
:40FBC0000000000000000000000000000000000000000000000000000000000000000000000000000000000000000000000000000000000000000000000000000000000005
:40FC000000000000000000000000000000000000000000000000000000000000000000000000000000000000000000000000000000000000000000000000000000000000C4
:40FC40000000000000000000000000000000000000000000000000000000000000000000000000000000000000000000000000000000000000000000000000000000000084
:40FC80000000000000000000000000000000000000000000000000000000000000000000000000000000000000000000000000000000000000000000000000000000000044
:40FCC0000000000000000000000000000000000000000000000000000000000000000000000000000000000000000000000000000000000000000000000000000000000004
:40FD000000000000000000000000000000000000000000000000000000000000000000000000000000000000000000000000000000000000000000000000000000000000C3
:40FD40000000000000000000000000000000000000000000000000000000000000000000000000000000000000000000000000000000000000000000000000000000000083
:40FD80000000000000000000000000000000000000000000000000000000000000000000000000000000000000000000000000000000000000000000000000000000000043
:40FDC0000000000000000000000000000000000000000000000000000000000000000000000000000000000000000000000000000000000000000000000000000000000003
:40FE000000000000000000000000000000000000000000000000000000000000000000000000000000000000000000000000000000000000000000000000000000000000C2
:40FE40000000000000000000000000000000000000000000000000000000000000000000000000000000000000000000000000000000000000000000000000000000000082
:40FE80000000000000000000000000000000000000000000000000000000000000000000000000000000000000000000000000000000000000000000000000000000000042
:40FEC0000000000000000000000000000000000000000000000000000000000000000000000000000000000000000000000000000000000000000000000000000000000002
:40FF000000000000000000000000000000000000000000000000000000000000000000000000000000000000000000000000000000000000000000000000000000000000C1
:40FF40000000000000000000000000000000000000000000000000000000000000000000000000000000000000000000000000000000000000000000000000000000000081
:40FF80000000000000000000000000000000000000000000000000000000000000000000000000000000000000000000000000000000000000000000000000000000000041
:40FFC0000000000000000000000000000000000000000000000000000000000000000000000000000000000000000000000000000000000000000000000000000000000001
:020000040003F7
:4000000000000000000000000000000000000000000000000000000000000000000000000000000000000000000000000000000000000000000000000000000000000000C0
:400040000000000000000000000000000000000000000000000000000000000000000000000000000000000000000000000000000000000000000000000000000000000080
:400080000000000000000000000000000000000000000000000000000000000000000000000000000000000000000000000000000000000000000000000000000000000040
:4000C0000000000000000000000000000000000000000000000000000000000000000000000000000000000000000000000000000000000000000000000000000000000000
:4001000000000000000000000000000000000000000000000000000000000000000000000000000000000000000000000000000000000000000000000000000000000000BF
:40014000000000000000000000000000000000000000000000000000000000000000000000000000000000000000000000000000000000000000000000000000000000007F
:40018000000000000000000000000000000000000000000000000000000000000000000000000000000000000000000000000000000000000000000000000000000000003F
:4001C00000000000000000000000000000000000000000000000000000000000000000000000000000000000000000000000000000000000000000000000000000000000FF
:4002000000000000000000000000000000000000000000000000000000000000000000000000000000000000000000000000000000000000000000000000000000000000BE
:40024000000000000000000000000000000000000000000000000000000000000000000000000000000000000000000000000000000000000000000000000000000000007E
:40028000000000000000000000000000000000000000000000000000000000000000000000000000000000000000000000000000000000000000000000000000000000003E
:4002C00000000000000000000000000000000000000000000000000000000000000000000000000000000000000000000000000000000000000000000000000000000000FE
:4003000000000000000000000000000000000000000000000000000000000000000000000000000000000000000000000000000000000000000000000000000000000000BD
:40034000000000000000000000000000000000000000000000000000000000000000000000000000000000000000000000000000000000000000000000000000000000007D
:40038000000000000000000000000000000000000000000000000000000000000000000000000000000000000000000000000000000000000000000000000000000000003D
:4003C00000000000000000000000000000000000000000000000000000000000000000000000000000000000000000000000000000000000000000000000000000000000FD
:4004000000000000000000000000000000000000000000000000000000000000000000000000000000000000000000000000000000000000000000000000000000000000BC
:40044000000000000000000000000000000000000000000000000000000000000000000000000000000000000000000000000000000000000000000000000000000000007C
:40048000000000000000000000000000000000000000000000000000000000000000000000000000000000000000000000000000000000000000000000000000000000003C
:4004C00000000000000000000000000000000000000000000000000000000000000000000000000000000000000000000000000000000000000000000000000000000000FC
:4005000000000000000000000000000000000000000000000000000000000000000000000000000000000000000000000000000000000000000000000000000000000000BB
:40054000000000000000000000000000000000000000000000000000000000000000000000000000000000000000000000000000000000000000000000000000000000007B
:40058000000000000000000000000000000000000000000000000000000000000000000000000000000000000000000000000000000000000000000000000000000000003B
:4005C00000000000000000000000000000000000000000000000000000000000000000000000000000000000000000000000000000000000000000000000000000000000FB
:4006000000000000000000000000000000000000000000000000000000000000000000000000000000000000000000000000000000000000000000000000000000000000BA
:40064000000000000000000000000000000000000000000000000000000000000000000000000000000000000000000000000000000000000000000000000000000000007A
:40068000000000000000000000000000000000000000000000000000000000000000000000000000000000000000000000000000000000000000000000000000000000003A
:4006C00000000000000000000000000000000000000000000000000000000000000000000000000000000000000000000000000000000000000000000000000000000000FA
:4007000000000000000000000000000000000000000000000000000000000000000000000000000000000000000000000000000000000000000000000000000000000000B9
:400740000000000000000000000000000000000000000000000000000000000000000000000000000000000000000000000000000000000000000000000000000000000079
:400780000000000000000000000000000000000000000000000000000000000000000000000000000000000000000000000000000000000000000000000000000000000039
:4007C00000000000000000000000000000000000000000000000000000000000000000000000000000000000000000000000000000000000000000000000000000000000F9
:4008000000000000000000000000000000000000000000000000000000000000000000000000000000000000000000000000000000000000000000000000000000000000B8
:400840000000000000000000000000000000000000000000000000000000000000000000000000000000000000000000000000000000000000000000000000000000000078
:400880000000000000000000000000000000000000000000000000000000000000000000000000000000000000000000000000000000000000000000000000000000000038
:4008C00000000000000000000000000000000000000000000000000000000000000000000000000000000000000000000000000000000000000000000000000000000000F8
:4009000000000000000000000000000000000000000000000000000000000000000000000000000000000000000000000000000000000000000000000000000000000000B7
:400940000000000000000000000000000000000000000000000000000000000000000000000000000000000000000000000000000000000000000000000000000000000077
:400980000000000000000000000000000000000000000000000000000000000000000000000000000000000000000000000000000000000000000000000000000000000037
:4009C00000000000000000000000000000000000000000000000000000000000000000000000000000000000000000000000000000000000000000000000000000000000F7
:400A000000000000000000000000000000000000000000000000000000000000000000000000000000000000000000000000000000000000000000000000000000000000B6
:400A40000000000000000000000000000000000000000000000000000000000000000000000000000000000000000000000000000000000000000000000000000000000076
:400A80000000000000000000000000000000000000000000000000000000000000000000000000000000000000000000000000000000000000000000000000000000000036
:400AC00000000000000000000000000000000000000000000000000000000000000000000000000000000000000000000000000000000000000000000000000000000000F6
:400B000000000000000000000000000000000000000000000000000000000000000000000000000000000000000000000000000000000000000000000000000000000000B5
:400B40000000000000000000000000000000000000000000000000000000000000000000000000000000000000000000000000000000000000000000000000000000000075
:400B80000000000000000000000000000000000000000000000000000000000000000000000000000000000000000000000000000000000000000000000000000000000035
:400BC00000000000000000000000000000000000000000000000000000000000000000000000000000000000000000000000000000000000000000000000000000000000F5
:400C000000000000000000000000000000000000000000000000000000000000000000000000000000000000000000000000000000000000000000000000000000000000B4
:400C40000000000000000000000000000000000000000000000000000000000000000000000000000000000000000000000000000000000000000000000000000000000074
:400C80000000000000000000000000000000000000000000000000000000000000000000000000000000000000000000000000000000000000000000000000000000000034
:400CC00000000000000000000000000000000000000000000000000000000000000000000000000000000000000000000000000000000000000000000000000000000000F4
:400D000000000000000000000000000000000000000000000000000000000000000000000000000000000000000000000000000000000000000000000000000000000000B3
:400D40000000000000000000000000000000000000000000000000000000000000000000000000000000000000000000000000000000000000000000000000000000000073
:400D80000000000000000000000000000000000000000000000000000000000000000000000000000000000000000000000000000000000000000000000000000000000033
:400DC00000000000000000000000000000000000000000000000000000000000000000000000000000000000000000000000000000000000000000000000000000000000F3
:400E000000000000000000000000000000000000000000000000000000000000000000000000000000000000000000000000000000000000000000000000000000000000B2
:400E40000000000000000000000000000000000000000000000000000000000000000000000000000000000000000000000000000000000000000000000000000000000072
:400E80000000000000000000000000000000000000000000000000000000000000000000000000000000000000000000000000000000000000000000000000000000000032
:400EC00000000000000000000000000000000000000000000000000000000000000000000000000000000000000000000000000000000000000000000000000000000000F2
:400F000000000000000000000000000000000000000000000000000000000000000000000000000000000000000000000000000000000000000000000000000000000000B1
:400F40000000000000000000000000000000000000000000000000000000000000000000000000000000000000000000000000000000000000000000000000000000000071
:400F80000000000000000000000000000000000000000000000000000000000000000000000000000000000000000000000000000000000000000000000000000000000031
:400FC00000000000000000000000000000000000000000000000000000000000000000000000000000000000000000000000000000000000000000000000000000000000F1
:4010000000000000000000000000000000000000000000000000000000000000000000000000000000000000000000000000000000000000000000000000000000000000B0
:401040000000000000000000000000000000000000000000000000000000000000000000000000000000000000000000000000000000000000000000000000000000000070
:401080000000000000000000000000000000000000000000000000000000000000000000000000000000000000000000000000000000000000000000000000000000000030
:4010C00000000000000000000000000000000000000000000000000000000000000000000000000000000000000000000000000000000000000000000000000000000000F0
:4011000000000000000000000000000000000000000000000000000000000000000000000000000000000000000000000000000000000000000000000000000000000000AF
:40114000000000000000000000000000000000000000000000000000000000000000000000000000000000000000000000000000000000000000000000000000000000006F
:40118000000000000000000000000000000000000000000000000000000000000000000000000000000000000000000000000000000000000000000000000000000000002F
:4011C00000000000000000000000000000000000000000000000000000000000000000000000000000000000000000000000000000000000000000000000000000000000EF
:4012000000000000000000000000000000000000000000000000000000000000000000000000000000000000000000000000000000000000000000000000000000000000AE
:40124000000000000000000000000000000000000000000000000000000000000000000000000000000000000000000000000000000000000000000000000000000000006E
:40128000000000000000000000000000000000000000000000000000000000000000000000000000000000000000000000000000000000000000000000000000000000002E
:4012C00000000000000000000000000000000000000000000000000000000000000000000000000000000000000000000000000000000000000000000000000000000000EE
:4013000000000000000000000000000000000000000000000000000000000000000000000000000000000000000000000000000000000000000000000000000000000000AD
:40134000000000000000000000000000000000000000000000000000000000000000000000000000000000000000000000000000000000000000000000000000000000006D
:40138000000000000000000000000000000000000000000000000000000000000000000000000000000000000000000000000000000000000000000000000000000000002D
:4013C00000000000000000000000000000000000000000000000000000000000000000000000000000000000000000000000000000000000000000000000000000000000ED
:4014000000000000000000000000000000000000000000000000000000000000000000000000000000000000000000000000000000000000000000000000000000000000AC
:40144000000000000000000000000000000000000000000000000000000000000000000000000000000000000000000000000000000000000000000000000000000000006C
:40148000000000000000000000000000000000000000000000000000000000000000000000000000000000000000000000000000000000000000000000000000000000002C
:4014C00000000000000000000000000000000000000000000000000000000000000000000000000000000000000000000000000000000000000000000000000000000000EC
:4015000000000000000000000000000000000000000000000000000000000000000000000000000000000000000000000000000000000000000000000000000000000000AB
:40154000000000000000000000000000000000000000000000000000000000000000000000000000000000000000000000000000000000000000000000000000000000006B
:40158000000000000000000000000000000000000000000000000000000000000000000000000000000000000000000000000000000000000000000000000000000000002B
:4015C00000000000000000000000000000000000000000000000000000000000000000000000000000000000000000000000000000000000000000000000000000000000EB
:4016000000000000000000000000000000000000000000000000000000000000000000000000000000000000000000000000000000000000000000000000000000000000AA
:40164000000000000000000000000000000000000000000000000000000000000000000000000000000000000000000000000000000000000000000000000000000000006A
:40168000000000000000000000000000000000000000000000000000000000000000000000000000000000000000000000000000000000000000000000000000000000002A
:4016C00000000000000000000000000000000000000000000000000000000000000000000000000000000000000000000000000000000000000000000000000000000000EA
:4017000000000000000000000000000000000000000000000000000000000000000000000000000000000000000000000000000000000000000000000000000000000000A9
:401740000000000000000000000000000000000000000000000000000000000000000000000000000000000000000000000000000000000000000000000000000000000069
:401780000000000000000000000000000000000000000000000000000000000000000000000000000000000000000000000000000000000000000000000000000000000029
:4017C00000000000000000000000000000000000000000000000000000000000000000000000000000000000000000000000000000000000000000000000000000000000E9
:4018000000000000000000000000000000000000000000000000000000000000000000000000000000000000000000000000000000000000000000000000000000000000A8
:401840000000000000000000000000000000000000000000000000000000000000000000000000000000000000000000000000000000000000000000000000000000000068
:401880000000000000000000000000000000000000000000000000000000000000000000000000000000000000000000000000000000000000000000000000000000000028
:4018C00000000000000000000000000000000000000000000000000000000000000000000000000000000000000000000000000000000000000000000000000000000000E8
:4019000000000000000000000000000000000000000000000000000000000000000000000000000000000000000000000000000000000000000000000000000000000000A7
:401940000000000000000000000000000000000000000000000000000000000000000000000000000000000000000000000000000000000000000000000000000000000067
:401980000000000000000000000000000000000000000000000000000000000000000000000000000000000000000000000000000000000000000000000000000000000027
:4019C00000000000000000000000000000000000000000000000000000000000000000000000000000000000000000000000000000000000000000000000000000000000E7
:401A000000000000000000000000000000000000000000000000000000000000000000000000000000000000000000000000000000000000000000000000000000000000A6
:401A40000000000000000000000000000000000000000000000000000000000000000000000000000000000000000000000000000000000000000000000000000000000066
:401A80000000000000000000000000000000000000000000000000000000000000000000000000000000000000000000000000000000000000000000000000000000000026
:401AC00000000000000000000000000000000000000000000000000000000000000000000000000000000000000000000000000000000000000000000000000000000000E6
:401B000000000000000000000000000000000000000000000000000000000000000000000000000000000000000000000000000000000000000000000000000000000000A5
:401B40000000000000000000000000000000000000000000000000000000000000000000000000000000000000000000000000000000000000000000000000000000000065
:401B80000000000000000000000000000000000000000000000000000000000000000000000000000000000000000000000000000000000000000000000000000000000025
:401BC00000000000000000000000000000000000000000000000000000000000000000000000000000000000000000000000000000000000000000000000000000000000E5
:401C000000000000000000000000000000000000000000000000000000000000000000000000000000000000000000000000000000000000000000000000000000000000A4
:401C40000000000000000000000000000000000000000000000000000000000000000000000000000000000000000000000000000000000000000000000000000000000064
:401C80000000000000000000000000000000000000000000000000000000000000000000000000000000000000000000000000000000000000000000000000000000000024
:401CC00000000000000000000000000000000000000000000000000000000000000000000000000000000000000000000000000000000000000000000000000000000000E4
:401D000000000000000000000000000000000000000000000000000000000000000000000000000000000000000000000000000000000000000000000000000000000000A3
:401D40000000000000000000000000000000000000000000000000000000000000000000000000000000000000000000000000000000000000000000000000000000000063
:401D80000000000000000000000000000000000000000000000000000000000000000000000000000000000000000000000000000000000000000000000000000000000023
:401DC00000000000000000000000000000000000000000000000000000000000000000000000000000000000000000000000000000000000000000000000000000000000E3
:401E000000000000000000000000000000000000000000000000000000000000000000000000000000000000000000000000000000000000000000000000000000000000A2
:401E40000000000000000000000000000000000000000000000000000000000000000000000000000000000000000000000000000000000000000000000000000000000062
:401E80000000000000000000000000000000000000000000000000000000000000000000000000000000000000000000000000000000000000000000000000000000000022
:401EC00000000000000000000000000000000000000000000000000000000000000000000000000000000000000000000000000000000000000000000000000000000000E2
:401F000000000000000000000000000000000000000000000000000000000000000000000000000000000000000000000000000000000000000000000000000000000000A1
:401F40000000000000000000000000000000000000000000000000000000000000000000000000000000000000000000000000000000000000000000000000000000000061
:401F80000000000000000000000000000000000000000000000000000000000000000000000000000000000000000000000000000000000000000000000000000000000021
:401FC00000000000000000000000000000000000000000000000000000000000000000000000000000000000000000000000000000000000000000000000000000000000E1
:4020000000000000000000000000000000000000000000000000000000000000000000000000000000000000000000000000000000000000000000000000000000000000A0
:402040000000000000000000000000000000000000000000000000000000000000000000000000000000000000000000000000000000000000000000000000000000000060
:402080000000000000000000000000000000000000000000000000000000000000000000000000000000000000000000000000000000000000000000000000000000000020
:4020C00000000000000000000000000000000000000000000000000000000000000000000000000000000000000000000000000000000000000000000000000000000000E0
:40210000000000000000000000000000000000000000000000000000000000000000000000000000000000000000000000000000000000000000000000000000000000009F
:40214000000000000000000000000000000000000000000000000000000000000000000000000000000000000000000000000000000000000000000000000000000000005F
:40218000000000000000000000000000000000000000000000000000000000000000000000000000000000000000000000000000000000000000000000000000000000001F
:4021C00000000000000000000000000000000000000000000000000000000000000000000000000000000000000000000000000000000000000000000000000000000000DF
:40220000000000000000000000000000000000000000000000000000000000000000000000000000000000000000000000000000000000000000000000000000000000009E
:40224000000000000000000000000000000000000000000000000000000000000000000000000000000000000000000000000000000000000000000000000000000000005E
:40228000000000000000000000000000000000000000000000000000000000000000000000000000000000000000000000000000000000000000000000000000000000001E
:4022C00000000000000000000000000000000000000000000000000000000000000000000000000000000000000000000000000000000000000000000000000000000000DE
:40230000000000000000000000000000000000000000000000000000000000000000000000000000000000000000000000000000000000000000000000000000000000009D
:40234000000000000000000000000000000000000000000000000000000000000000000000000000000000000000000000000000000000000000000000000000000000005D
:40238000000000000000000000000000000000000000000000000000000000000000000000000000000000000000000000000000000000000000000000000000000000001D
:4023C00000000000000000000000000000000000000000000000000000000000000000000000000000000000000000000000000000000000000000000000000000000000DD
:40240000000000000000000000000000000000000000000000000000000000000000000000000000000000000000000000000000000000000000000000000000000000009C
:40244000000000000000000000000000000000000000000000000000000000000000000000000000000000000000000000000000000000000000000000000000000000005C
:40248000000000000000000000000000000000000000000000000000000000000000000000000000000000000000000000000000000000000000000000000000000000001C
:4024C00000000000000000000000000000000000000000000000000000000000000000000000000000000000000000000000000000000000000000000000000000000000DC
:40250000000000000000000000000000000000000000000000000000000000000000000000000000000000000000000000000000000000000000000000000000000000009B
:40254000000000000000000000000000000000000000000000000000000000000000000000000000000000000000000000000000000000000000000000000000000000005B
:40258000000000000000000000000000000000000000000000000000000000000000000000000000000000000000000000000000000000000000000000000000000000001B
:4025C00000000000000000000000000000000000000000000000000000000000000000000000000000000000000000000000000000000000000000000000000000000000DB
:40260000000000000000000000000000000000000000000000000000000000000000000000000000000000000000000000000000000000000000000000000000000000009A
:40264000000000000000000000000000000000000000000000000000000000000000000000000000000000000000000000000000000000000000000000000000000000005A
:40268000000000000000000000000000000000000000000000000000000000000000000000000000000000000000000000000000000000000000000000000000000000001A
:4026C00000000000000000000000000000000000000000000000000000000000000000000000000000000000000000000000000000000000000000000000000000000000DA
:402700000000000000000000000000000000000000000000000000000000000000000000000000000000000000000000000000000000000000000000000000000000000099
:402740000000000000000000000000000000000000000000000000000000000000000000000000000000000000000000000000000000000000000000000000000000000059
:402780000000000000000000000000000000000000000000000000000000000000000000000000000000000000000000000000000000000000000000000000000000000019
:4027C00000000000000000000000000000000000000000000000000000000000000000000000000000000000000000000000000000000000000000000000000000000000D9
:402800000000000000000000000000000000000000000000000000000000000000000000000000000000000000000000000000000000000000000000000000000000000098
:402840000000000000000000000000000000000000000000000000000000000000000000000000000000000000000000000000000000000000000000000000000000000058
:402880000000000000000000000000000000000000000000000000000000000000000000000000000000000000000000000000000000000000000000000000000000000018
:4028C00000000000000000000000000000000000000000000000000000000000000000000000000000000000000000000000000000000000000000000000000000000000D8
:402900000000000000000000000000000000000000000000000000000000000000000000000000000000000000000000000000000000000000000000000000000000000097
:402940000000000000000000000000000000000000000000000000000000000000000000000000000000000000000000000000000000000000000000000000000000000057
:402980000000000000000000000000000000000000000000000000000000000000000000000000000000000000000000000000000000000000000000000000000000000017
:4029C00000000000000000000000000000000000000000000000000000000000000000000000000000000000000000000000000000000000000000000000000000000000D7
:402A00000000000000000000000000000000000000000000000000000000000000000000000000000000000000000000000000000000000000000000000000000000000096
:402A40000000000000000000000000000000000000000000000000000000000000000000000000000000000000000000000000000000000000000000000000000000000056
:402A80000000000000000000000000000000000000000000000000000000000000000000000000000000000000000000000000000000000000000000000000000000000016
:402AC00000000000000000000000000000000000000000000000000000000000000000000000000000000000000000000000000000000000000000000000000000000000D6
:402B00000000000000000000000000000000000000000000000000000000000000000000000000000000000000000000000000000000000000000000000000000000000095
:402B40000000000000000000000000000000000000000000000000000000000000000000000000000000000000000000000000000000000000000000000000000000000055
:402B80000000000000000000000000000000000000000000000000000000000000000000000000000000000000000000000000000000000000000000000000000000000015
:402BC00000000000000000000000000000000000000000000000000000000000000000000000000000000000000000000000000000000000000000000000000000000000D5
:402C00000000000000000000000000000000000000000000000000000000000000000000000000000000000000000000000000000000000000000000000000000000000094
:402C40000000000000000000000000000000000000000000000000000000000000000000000000000000000000000000000000000000000000000000000000000000000054
:402C80000000000000000000000000000000000000000000000000000000000000000000000000000000000000000000000000000000000000000000000000000000000014
:402CC00000000000000000000000000000000000000000000000000000000000000000000000000000000000000000000000000000000000000000000000000000000000D4
:402D00000000000000000000000000000000000000000000000000000000000000000000000000000000000000000000000000000000000000000000000000000000000093
:402D40000000000000000000000000000000000000000000000000000000000000000000000000000000000000000000000000000000000000000000000000000000000053
:402D80000000000000000000000000000000000000000000000000000000000000000000000000000000000000000000000000000000000000000000000000000000000013
:402DC00000000000000000000000000000000000000000000000000000000000000000000000000000000000000000000000000000000000000000000000000000000000D3
:402E00000000000000000000000000000000000000000000000000000000000000000000000000000000000000000000000000000000000000000000000000000000000092
:402E40000000000000000000000000000000000000000000000000000000000000000000000000000000000000000000000000000000000000000000000000000000000052
:402E80000000000000000000000000000000000000000000000000000000000000000000000000000000000000000000000000000000000000000000000000000000000012
:402EC00000000000000000000000000000000000000000000000000000000000000000000000000000000000000000000000000000000000000000000000000000000000D2
:402F00000000000000000000000000000000000000000000000000000000000000000000000000000000000000000000000000000000000000000000000000000000000091
:402F40000000000000000000000000000000000000000000000000000000000000000000000000000000000000000000000000000000000000000000000000000000000051
:402F80000000000000000000000000000000000000000000000000000000000000000000000000000000000000000000000000000000000000000000000000000000000011
:402FC00000000000000000000000000000000000000000000000000000000000000000000000000000000000000000000000000000000000000000000000000000000000D1
:403000000000000000000000000000000000000000000000000000000000000000000000000000000000000000000000000000000000000000000000000000000000000090
:403040000000000000000000000000000000000000000000000000000000000000000000000000000000000000000000000000000000000000000000000000000000000050
:403080000000000000000000000000000000000000000000000000000000000000000000000000000000000000000000000000000000000000000000000000000000000010
:4030C00000000000000000000000000000000000000000000000000000000000000000000000000000000000000000000000000000000000000000000000000000000000D0
:40310000000000000000000000000000000000000000000000000000000000000000000000000000000000000000000000000000000000000000000000000000000000008F
:40314000000000000000000000000000000000000000000000000000000000000000000000000000000000000000000000000000000000000000000000000000000000004F
:40318000000000000000000000000000000000000000000000000000000000000000000000000000000000000000000000000000000000000000000000000000000000000F
:4031C00000000000000000000000000000000000000000000000000000000000000000000000000000000000000000000000000000000000000000000000000000000000CF
:40320000000000000000000000000000000000000000000000000000000000000000000000000000000000000000000000000000000000000000000000000000000000008E
:40324000000000000000000000000000000000000000000000000000000000000000000000000000000000000000000000000000000000000000000000000000000000004E
:40328000000000000000000000000000000000000000000000000000000000000000000000000000000000000000000000000000000000000000000000000000000000000E
:4032C00000000000000000000000000000000000000000000000000000000000000000000000000000000000000000000000000000000000000000000000000000000000CE
:40330000000000000000000000000000000000000000000000000000000000000000000000000000000000000000000000000000000000000000000000000000000000008D
:40334000000000000000000000000000000000000000000000000000000000000000000000000000000000000000000000000000000000000000000000000000000000004D
:40338000000000000000000000000000000000000000000000000000000000000000000000000000000000000000000000000000000000000000000000000000000000000D
:4033C00000000000000000000000000000000000000000000000000000000000000000000000000000000000000000000000000000000000000000000000000000000000CD
:40340000000000000000000000000000000000000000000000000000000000000000000000000000000000000000000000000000000000000000000000000000000000008C
:40344000000000000000000000000000000000000000000000000000000000000000000000000000000000000000000000000000000000000000000000000000000000004C
:40348000000000000000000000000000000000000000000000000000000000000000000000000000000000000000000000000000000000000000000000000000000000000C
:4034C00000000000000000000000000000000000000000000000000000000000000000000000000000000000000000000000000000000000000000000000000000000000CC
:40350000000000000000000000000000000000000000000000000000000000000000000000000000000000000000000000000000000000000000000000000000000000008B
:40354000000000000000000000000000000000000000000000000000000000000000000000000000000000000000000000000000000000000000000000000000000000004B
:40358000000000000000000000000000000000000000000000000000000000000000000000000000000000000000000000000000000000000000000000000000000000000B
:4035C00000000000000000000000000000000000000000000000000000000000000000000000000000000000000000000000000000000000000000000000000000000000CB
:40360000000000000000000000000000000000000000000000000000000000000000000000000000000000000000000000000000000000000000000000000000000000008A
:40364000000000000000000000000000000000000000000000000000000000000000000000000000000000000000000000000000000000000000000000000000000000004A
:40368000000000000000000000000000000000000000000000000000000000000000000000000000000000000000000000000000000000000000000000000000000000000A
:4036C00000000000000000000000000000000000000000000000000000000000000000000000000000000000000000000000000000000000000000000000000000000000CA
:403700000000000000000000000000000000000000000000000000000000000000000000000000000000000000000000000000000000000000000000000000000000000089
:403740000000000000000000000000000000000000000000000000000000000000000000000000000000000000000000000000000000000000000000000000000000000049
:403780000000000000000000000000000000000000000000000000000000000000000000000000000000000000000000000000000000000000000000000000000000000009
:4037C00000000000000000000000000000000000000000000000000000000000000000000000000000000000000000000000000000000000000000000000000000000000C9
:403800000000000000000000000000000000000000000000000000000000000000000000000000000000000000000000000000000000000000000000000000000000000088
:403840000000000000000000000000000000000000000000000000000000000000000000000000000000000000000000000000000000000000000000000000000000000048
:403880000000000000000000000000000000000000000000000000000000000000000000000000000000000000000000000000000000000000000000000000000000000008
:4038C00000000000000000000000000000000000000000000000000000000000000000000000000000000000000000000000000000000000000000000000000000000000C8
:403900000000000000000000000000000000000000000000000000000000000000000000000000000000000000000000000000000000000000000000000000000000000087
:403940000000000000000000000000000000000000000000000000000000000000000000000000000000000000000000000000000000000000000000000000000000000047
:403980000000000000000000000000000000000000000000000000000000000000000000000000000000000000000000000000000000000000000000000000000000000007
:4039C00000000000000000000000000000000000000000000000000000000000000000000000000000000000000000000000000000000000000000000000000000000000C7
:403A00000000000000000000000000000000000000000000000000000000000000000000000000000000000000000000000000000000000000000000000000000000000086
:403A40000000000000000000000000000000000000000000000000000000000000000000000000000000000000000000000000000000000000000000000000000000000046
:403A80000000000000000000000000000000000000000000000000000000000000000000000000000000000000000000000000000000000000000000000000000000000006
:403AC00000000000000000000000000000000000000000000000000000000000000000000000000000000000000000000000000000000000000000000000000000000000C6
:403B00000000000000000000000000000000000000000000000000000000000000000000000000000000000000000000000000000000000000000000000000000000000085
:403B40000000000000000000000000000000000000000000000000000000000000000000000000000000000000000000000000000000000000000000000000000000000045
:403B80000000000000000000000000000000000000000000000000000000000000000000000000000000000000000000000000000000000000000000000000000000000005
:403BC00000000000000000000000000000000000000000000000000000000000000000000000000000000000000000000000000000000000000000000000000000000000C5
:403C00000000000000000000000000000000000000000000000000000000000000000000000000000000000000000000000000000000000000000000000000000000000084
:403C40000000000000000000000000000000000000000000000000000000000000000000000000000000000000000000000000000000000000000000000000000000000044
:403C80000000000000000000000000000000000000000000000000000000000000000000000000000000000000000000000000000000000000000000000000000000000004
:403CC00000000000000000000000000000000000000000000000000000000000000000000000000000000000000000000000000000000000000000000000000000000000C4
:403D00000000000000000000000000000000000000000000000000000000000000000000000000000000000000000000000000000000000000000000000000000000000083
:403D40000000000000000000000000000000000000000000000000000000000000000000000000000000000000000000000000000000000000000000000000000000000043
:403D80000000000000000000000000000000000000000000000000000000000000000000000000000000000000000000000000000000000000000000000000000000000003
:403DC00000000000000000000000000000000000000000000000000000000000000000000000000000000000000000000000000000000000000000000000000000000000C3
:403E00000000000000000000000000000000000000000000000000000000000000000000000000000000000000000000000000000000000000000000000000000000000082
:403E40000000000000000000000000000000000000000000000000000000000000000000000000000000000000000000000000000000000000000000000000000000000042
:403E80000000000000000000000000000000000000000000000000000000000000000000000000000000000000000000000000000000000000000000000000000000000002
:403EC00000000000000000000000000000000000000000000000000000000000000000000000000000000000000000000000000000000000000000000000000000000000C2
:403F00000000000000000000000000000000000000000000000000000000000000000000000000000000000000000000000000000000000000000000000000000000000081
:403F40000000000000000000000000000000000000000000000000000000000000000000000000000000000000000000000000000000000000000000000000000000000041
:403F80000000000000000000000000000000000000000000000000000000000000000000000000000000000000000000000000000000000000000000000000000000000001
:403FC00000000000000000000000000000000000000000000000000000000000000000000000000000000000000000000000000000000000000000000000000000000000C1
:404000000000000000000000000000000000000000000000000000000000000000000000000000000000000000000000000000000000000000000000000000000000000080
:404040000000000000000000000000000000000000000000000000000000000000000000000000000000000000000000000000000000000000000000000000000000000040
:404080000000000000000000000000000000000000000000000000000000000000000000000000000000000000000000000000000000000000000000000000000000000000
:4040C00000000000000000000000000000000000000000000000000000000000000000000000000000000000000000000000000000000000000000000000000000000000C0
:40410000000000000000000000000000000000000000000000000000000000000000000000000000000000000000000000000000000000000000000000000000000000007F
:40414000000000000000000000000000000000000000000000000000000000000000000000000000000000000000000000000000000000000000000000000000000000003F
:4041800000000000000000000000000000000000000000000000000000000000000000000000000000000000000000000000000000000000000000000000000000000000FF
:4041C00000000000000000000000000000000000000000000000000000000000000000000000000000000000000000000000000000000000000000000000000000000000BF
:40420000000000000000000000000000000000000000000000000000000000000000000000000000000000000000000000000000000000000000000000000000000000007E
:40424000000000000000000000000000000000000000000000000000000000000000000000000000000000000000000000000000000000000000000000000000000000003E
:4042800000000000000000000000000000000000000000000000000000000000000000000000000000000000000000000000000000000000000000000000000000000000FE
:4042C00000000000000000000000000000000000000000000000000000000000000000000000000000000000000000000000000000000000000000000000000000000000BE
:40430000000000000000000000000000000000000000000000000000000000000000000000000000000000000000000000000000000000000000000000000000000000007D
:40434000000000000000000000000000000000000000000000000000000000000000000000000000000000000000000000000000000000000000000000000000000000003D
:4043800000000000000000000000000000000000000000000000000000000000000000000000000000000000000000000000000000000000000000000000000000000000FD
:4043C00000000000000000000000000000000000000000000000000000000000000000000000000000000000000000000000000000000000000000000000000000000000BD
:40440000000000000000000000000000000000000000000000000000000000000000000000000000000000000000000000000000000000000000000000000000000000007C
:40444000000000000000000000000000000000000000000000000000000000000000000000000000000000000000000000000000000000000000000000000000000000003C
:4044800000000000000000000000000000000000000000000000000000000000000000000000000000000000000000000000000000000000000000000000000000000000FC
:4044C00000000000000000000000000000000000000000000000000000000000000000000000000000000000000000000000000000000000000000000000000000000000BC
:40450000000000000000000000000000000000000000000000000000000000000000000000000000000000000000000000000000000000000000000000000000000000007B
:40454000000000000000000000000000000000000000000000000000000000000000000000000000000000000000000000000000000000000000000000000000000000003B
:4045800000000000000000000000000000000000000000000000000000000000000000000000000000000000000000000000000000000000000000000000000000000000FB
:4045C00000000000000000000000000000000000000000000000000000000000000000000000000000000000000000000000000000000000000000000000000000000000BB
:40460000000000000000000000000000000000000000000000000000000000000000000000000000000000000000000000000000000000000000000000000000000000007A
:40464000000000000000000000000000000000000000000000000000000000000000000000000000000000000000000000000000000000000000000000000000000000003A
:4046800000000000000000000000000000000000000000000000000000000000000000000000000000000000000000000000000000000000000000000000000000000000FA
:4046C00000000000000000000000000000000000000000000000000000000000000000000000000000000000000000000000000000000000000000000000000000000000BA
:404700000000000000000000000000000000000000000000000000000000000000000000000000000000000000000000000000000000000000000000000000000000000079
:404740000000000000000000000000000000000000000000000000000000000000000000000000000000000000000000000000000000000000000000000000000000000039
:4047800000000000000000000000000000000000000000000000000000000000000000000000000000000000000000000000000000000000000000000000000000000000F9
:4047C00000000000000000000000000000000000000000000000000000000000000000000000000000000000000000000000000000000000000000000000000000000000B9
:404800000000000000000000000000000000000000000000000000000000000000000000000000000000000000000000000000000000000000000000000000000000000078
:404840000000000000000000000000000000000000000000000000000000000000000000000000000000000000000000000000000000000000000000000000000000000038
:4048800000000000000000000000000000000000000000000000000000000000000000000000000000000000000000000000000000000000000000000000000000000000F8
:4048C00000000000000000000000000000000000000000000000000000000000000000000000000000000000000000000000000000000000000000000000000000000000B8
:404900000000000000000000000000000000000000000000000000000000000000000000000000000000000000000000000000000000000000000000000000000000000077
:404940000000000000000000000000000000000000000000000000000000000000000000000000000000000000000000000000000000000000000000000000000000000037
:4049800000000000000000000000000000000000000000000000000000000000000000000000000000000000000000000000000000000000000000000000000000000000F7
:4049C00000000000000000000000000000000000000000000000000000000000000000000000000000000000000000000000000000000000000000000000000000000000B7
:404A00000000000000000000000000000000000000000000000000000000000000000000000000000000000000000000000000000000000000000000000000000000000076
:404A40000000000000000000000000000000000000000000000000000000000000000000000000000000000000000000000000000000000000000000000000000000000036
:404A800000000000000000000000000000000000000000000000000000000000000000000000000000000000000000000000000000000000000000000000000000000000F6
:404AC00000000000000000000000000000000000000000000000000000000000000000000000000000000000000000000000000000000000000000000000000000000000B6
:404B00000000000000000000000000000000000000000000000000000000000000000000000000000000000000000000000000000000000000000000000000000000000075
:404B40000000000000000000000000000000000000000000000000000000000000000000000000000000000000000000000000000000000000000000000000000000000035
:404B800000000000000000000000000000000000000000000000000000000000000000000000000000000000000000000000000000000000000000000000000000000000F5
:404BC00000000000000000000000000000000000000000000000000000000000000000000000000000000000000000000000000000000000000000000000000000000000B5
:404C00000000000000000000000000000000000000000000000000000000000000000000000000000000000000000000000000000000000000000000000000000000000074
:404C40000000000000000000000000000000000000000000000000000000000000000000000000000000000000000000000000000000000000000000000000000000000034
:404C800000000000000000000000000000000000000000000000000000000000000000000000000000000000000000000000000000000000000000000000000000000000F4
:404CC00000000000000000000000000000000000000000000000000000000000000000000000000000000000000000000000000000000000000000000000000000000000B4
:404D00000000000000000000000000000000000000000000000000000000000000000000000000000000000000000000000000000000000000000000000000000000000073
:404D40000000000000000000000000000000000000000000000000000000000000000000000000000000000000000000000000000000000000000000000000000000000033
:404D800000000000000000000000000000000000000000000000000000000000000000000000000000000000000000000000000000000000000000000000000000000000F3
:404DC00000000000000000000000000000000000000000000000000000000000000000000000000000000000000000000000000000000000000000000000000000000000B3
:404E00000000000000000000000000000000000000000000000000000000000000000000000000000000000000000000000000000000000000000000000000000000000072
:404E40000000000000000000000000000000000000000000000000000000000000000000000000000000000000000000000000000000000000000000000000000000000032
:404E800000000000000000000000000000000000000000000000000000000000000000000000000000000000000000000000000000000000000000000000000000000000F2
:404EC00000000000000000000000000000000000000000000000000000000000000000000000000000000000000000000000000000000000000000000000000000000000B2
:404F00000000000000000000000000000000000000000000000000000000000000000000000000000000000000000000000000000000000000000000000000000000000071
:404F40000000000000000000000000000000000000000000000000000000000000000000000000000000000000000000000000000000000000000000000000000000000031
:404F800000000000000000000000000000000000000000000000000000000000000000000000000000000000000000000000000000000000000000000000000000000000F1
:404FC00000000000000000000000000000000000000000000000000000000000000000000000000000000000000000000000000000000000000000000000000000000000B1
:405000000000000000000000000000000000000000000000000000000000000000000000000000000000000000000000000000000000000000000000000000000000000070
:405040000000000000000000000000000000000000000000000000000000000000000000000000000000000000000000000000000000000000000000000000000000000030
:4050800000000000000000000000000000000000000000000000000000000000000000000000000000000000000000000000000000000000000000000000000000000000F0
:4050C00000000000000000000000000000000000000000000000000000000000000000000000000000000000000000000000000000000000000000000000000000000000B0
:40510000000000000000000000000000000000000000000000000000000000000000000000000000000000000000000000000000000000000000000000000000000000006F
:40514000000000000000000000000000000000000000000000000000000000000000000000000000000000000000000000000000000000000000000000000000000000002F
:4051800000000000000000000000000000000000000000000000000000000000000000000000000000000000000000000000000000000000000000000000000000000000EF
:4051C00000000000000000000000000000000000000000000000000000000000000000000000000000000000000000000000000000000000000000000000000000000000AF
:40520000000000000000000000000000000000000000000000000000000000000000000000000000000000000000000000000000000000000000000000000000000000006E
:40524000000000000000000000000000000000000000000000000000000000000000000000000000000000000000000000000000000000000000000000000000000000002E
:4052800000000000000000000000000000000000000000000000000000000000000000000000000000000000000000000000000000000000000000000000000000000000EE
:4052C00000000000000000000000000000000000000000000000000000000000000000000000000000000000000000000000000000000000000000000000000000000000AE
:40530000000000000000000000000000000000000000000000000000000000000000000000000000000000000000000000000000000000000000000000000000000000006D
:40534000000000000000000000000000000000000000000000000000000000000000000000000000000000000000000000000000000000000000000000000000000000002D
:4053800000000000000000000000000000000000000000000000000000000000000000000000000000000000000000000000000000000000000000000000000000000000ED
:4053C00000000000000000000000000000000000000000000000000000000000000000000000000000000000000000000000000000000000000000000000000000000000AD
:40540000000000000000000000000000000000000000000000000000000000000000000000000000000000000000000000000000000000000000000000000000000000006C
:40544000000000000000000000000000000000000000000000000000000000000000000000000000000000000000000000000000000000000000000000000000000000002C
:4054800000000000000000000000000000000000000000000000000000000000000000000000000000000000000000000000000000000000000000000000000000000000EC
:4054C00000000000000000000000000000000000000000000000000000000000000000000000000000000000000000000000000000000000000000000000000000000000AC
:40550000000000000000000000000000000000000000000000000000000000000000000000000000000000000000000000000000000000000000000000000000000000006B
:40554000000000000000000000000000000000000000000000000000000000000000000000000000000000000000000000000000000000000000000000000000000000002B
:4055800000000000000000000000000000000000000000000000000000000000000000000000000000000000000000000000000000000000000000000000000000000000EB
:4055C00000000000000000000000000000000000000000000000000000000000000000000000000000000000000000000000000000000000000000000000000000000000AB
:40560000000000000000000000000000000000000000000000000000000000000000000000000000000000000000000000000000000000000000000000000000000000006A
:40564000000000000000000000000000000000000000000000000000000000000000000000000000000000000000000000000000000000000000000000000000000000002A
:4056800000000000000000000000000000000000000000000000000000000000000000000000000000000000000000000000000000000000000000000000000000000000EA
:4056C00000000000000000000000000000000000000000000000000000000000000000000000000000000000000000000000000000000000000000000000000000000000AA
:405700000000000000000000000000000000000000000000000000000000000000000000000000000000000000000000000000000000000000000000000000000000000069
:405740000000000000000000000000000000000000000000000000000000000000000000000000000000000000000000000000000000000000000000000000000000000029
:4057800000000000000000000000000000000000000000000000000000000000000000000000000000000000000000000000000000000000000000000000000000000000E9
:4057C00000000000000000000000000000000000000000000000000000000000000000000000000000000000000000000000000000000000000000000000000000000000A9
:405800000000000000000000000000000000000000000000000000000000000000000000000000000000000000000000000000000000000000000000000000000000000068
:405840000000000000000000000000000000000000000000000000000000000000000000000000000000000000000000000000000000000000000000000000000000000028
:4058800000000000000000000000000000000000000000000000000000000000000000000000000000000000000000000000000000000000000000000000000000000000E8
:4058C00000000000000000000000000000000000000000000000000000000000000000000000000000000000000000000000000000000000000000000000000000000000A8
:405900000000000000000000000000000000000000000000000000000000000000000000000000000000000000000000000000000000000000000000000000000000000067
:405940000000000000000000000000000000000000000000000000000000000000000000000000000000000000000000000000000000000000000000000000000000000027
:4059800000000000000000000000000000000000000000000000000000000000000000000000000000000000000000000000000000000000000000000000000000000000E7
:4059C00000000000000000000000000000000000000000000000000000000000000000000000000000000000000000000000000000000000000000000000000000000000A7
:405A00000000000000000000000000000000000000000000000000000000000000000000000000000000000000000000000000000000000000000000000000000000000066
:405A40000000000000000000000000000000000000000000000000000000000000000000000000000000000000000000000000000000000000000000000000000000000026
:405A800000000000000000000000000000000000000000000000000000000000000000000000000000000000000000000000000000000000000000000000000000000000E6
:405AC00000000000000000000000000000000000000000000000000000000000000000000000000000000000000000000000000000000000000000000000000000000000A6
:405B00000000000000000000000000000000000000000000000000000000000000000000000000000000000000000000000000000000000000000000000000000000000065
:405B40000000000000000000000000000000000000000000000000000000000000000000000000000000000000000000000000000000000000000000000000000000000025
:405B800000000000000000000000000000000000000000000000000000000000000000000000000000000000000000000000000000000000000000000000000000000000E5
:405BC00000000000000000000000000000000000000000000000000000000000000000000000000000000000000000000000000000000000000000000000000000000000A5
:405C00000000000000000000000000000000000000000000000000000000000000000000000000000000000000000000000000000000000000000000000000000000000064
:405C40000000000000000000000000000000000000000000000000000000000000000000000000000000000000000000000000000000000000000000000000000000000024
:405C800000000000000000000000000000000000000000000000000000000000000000000000000000000000000000000000000000000000000000000000000000000000E4
:405CC00000000000000000000000000000000000000000000000000000000000000000000000000000000000000000000000000000000000000000000000000000000000A4
:405D00000000000000000000000000000000000000000000000000000000000000000000000000000000000000000000000000000000000000000000000000000000000063
:405D40000000000000000000000000000000000000000000000000000000000000000000000000000000000000000000000000000000000000000000000000000000000023
:405D800000000000000000000000000000000000000000000000000000000000000000000000000000000000000000000000000000000000000000000000000000000000E3
:405DC00000000000000000000000000000000000000000000000000000000000000000000000000000000000000000000000000000000000000000000000000000000000A3
:405E00000000000000000000000000000000000000000000000000000000000000000000000000000000000000000000000000000000000000000000000000000000000062
:405E40000000000000000000000000000000000000000000000000000000000000000000000000000000000000000000000000000000000000000000000000000000000022
:405E800000000000000000000000000000000000000000000000000000000000000000000000000000000000000000000000000000000000000000000000000000000000E2
:405EC00000000000000000000000000000000000000000000000000000000000000000000000000000000000000000000000000000000000000000000000000000000000A2
:405F00000000000000000000000000000000000000000000000000000000000000000000000000000000000000000000000000000000000000000000000000000000000061
:405F40000000000000000000000000000000000000000000000000000000000000000000000000000000000000000000000000000000000000000000000000000000000021
:405F800000000000000000000000000000000000000000000000000000000000000000000000000000000000000000000000000000000000000000000000000000000000E1
:405FC00000000000000000000000000000000000000000000000000000000000000000000000000000000000000000000000000000000000000000000000000000000000A1
:406000000000000000000000000000000000000000000000000000000000000000000000000000000000000000000000000000000000000000000000000000000000000060
:406040000000000000000000000000000000000000000000000000000000000000000000000000000000000000000000000000000000000000000000000000000000000020
:4060800000000000000000000000000000000000000000000000000000000000000000000000000000000000000000000000000000000000000000000000000000000000E0
:4060C00000000000000000000000000000000000000000000000000000000000000000000000000000000000000000000000000000000000000000000000000000000000A0
:40610000000000000000000000000000000000000000000000000000000000000000000000000000000000000000000000000000000000000000000000000000000000005F
:40614000000000000000000000000000000000000000000000000000000000000000000000000000000000000000000000000000000000000000000000000000000000001F
:4061800000000000000000000000000000000000000000000000000000000000000000000000000000000000000000000000000000000000000000000000000000000000DF
:4061C000000000000000000000000000000000000000000000000000000000000000000000000000000000000000000000000000000000000000000000000000000000009F
:40620000000000000000000000000000000000000000000000000000000000000000000000000000000000000000000000000000000000000000000000000000000000005E
:40624000000000000000000000000000000000000000000000000000000000000000000000000000000000000000000000000000000000000000000000000000000000001E
:4062800000000000000000000000000000000000000000000000000000000000000000000000000000000000000000000000000000000000000000000000000000000000DE
:4062C000000000000000000000000000000000000000000000000000000000000000000000000000000000000000000000000000000000000000000000000000000000009E
:40630000000000000000000000000000000000000000000000000000000000000000000000000000000000000000000000000000000000000000000000000000000000005D
:40634000000000000000000000000000000000000000000000000000000000000000000000000000000000000000000000000000000000000000000000000000000000001D
:4063800000000000000000000000000000000000000000000000000000000000000000000000000000000000000000000000000000000000000000000000000000000000DD
:4063C000000000000000000000000000000000000000000000000000000000000000000000000000000000000000000000000000000000000000000000000000000000009D
:40640000000000000000000000000000000000000000000000000000000000000000000000000000000000000000000000000000000000000000000000000000000000005C
:40644000000000000000000000000000000000000000000000000000000000000000000000000000000000000000000000000000000000000000000000000000000000001C
:4064800000000000000000000000000000000000000000000000000000000000000000000000000000000000000000000000000000000000000000000000000000000000DC
:4064C000000000000000000000000000000000000000000000000000000000000000000000000000000000000000000000000000000000000000000000000000000000009C
:40650000000000000000000000000000000000000000000000000000000000000000000000000000000000000000000000000000000000000000000000000000000000005B
:40654000000000000000000000000000000000000000000000000000000000000000000000000000000000000000000000000000000000000000000000000000000000001B
:4065800000000000000000000000000000000000000000000000000000000000000000000000000000000000000000000000000000000000000000000000000000000000DB
:4065C000000000000000000000000000000000000000000000000000000000000000000000000000000000000000000000000000000000000000000000000000000000009B
:40660000000000000000000000000000000000000000000000000000000000000000000000000000000000000000000000000000000000000000000000000000000000005A
:40664000000000000000000000000000000000000000000000000000000000000000000000000000000000000000000000000000000000000000000000000000000000001A
:4066800000000000000000000000000000000000000000000000000000000000000000000000000000000000000000000000000000000000000000000000000000000000DA
:4066C000000000000000000000000000000000000000000000000000000000000000000000000000000000000000000000000000000000000000000000000000000000009A
:406700000000000000000000000000000000000000000000000000000000000000000000000000000000000000000000000000000000000000000000000000000000000059
:406740000000000000000000000000000000000000000000000000000000000000000000000000000000000000000000000000000000000000000000000000000000000019
:4067800000000000000000000000000000000000000000000000000000000000000000000000000000000000000000000000000000000000000000000000000000000000D9
:4067C0000000000000000000000000000000000000000000000000000000000000000000000000000000000000000000000000000000000000000000000000000000000099
:406800000000000000000000000000000000000000000000000000000000000000000000000000000000000000000000000000000000000000000000000000000000000058
:406840000000000000000000000000000000000000000000000000000000000000000000000000000000000000000000000000000000000000000000000000000000000018
:4068800000000000000000000000000000000000000000000000000000000000000000000000000000000000000000000000000000000000000000000000000000000000D8
:4068C0000000000000000000000000000000000000000000000000000000000000000000000000000000000000000000000000000000000000000000000000000000000098
:406900000000000000000000000000000000000000000000000000000000000000000000000000000000000000000000000000000000000000000000000000000000000057
:406940000000000000000000000000000000000000000000000000000000000000000000000000000000000000000000000000000000000000000000000000000000000017
:4069800000000000000000000000000000000000000000000000000000000000000000000000000000000000000000000000000000000000000000000000000000000000D7
:4069C0000000000000000000000000000000000000000000000000000000000000000000000000000000000000000000000000000000000000000000000000000000000097
:406A00000000000000000000000000000000000000000000000000000000000000000000000000000000000000000000000000000000000000000000000000000000000056
:406A40000000000000000000000000000000000000000000000000000000000000000000000000000000000000000000000000000000000000000000000000000000000016
:406A800000000000000000000000000000000000000000000000000000000000000000000000000000000000000000000000000000000000000000000000000000000000D6
:406AC0000000000000000000000000000000000000000000000000000000000000000000000000000000000000000000000000000000000000000000000000000000000096
:406B00000000000000000000000000000000000000000000000000000000000000000000000000000000000000000000000000000000000000000000000000000000000055
:406B40000000000000000000000000000000000000000000000000000000000000000000000000000000000000000000000000000000000000000000000000000000000015
:406B800000000000000000000000000000000000000000000000000000000000000000000000000000000000000000000000000000000000000000000000000000000000D5
:406BC0000000000000000000000000000000000000000000000000000000000000000000000000000000000000000000000000000000000000000000000000000000000095
:406C00000000000000000000000000000000000000000000000000000000000000000000000000000000000000000000000000000000000000000000000000000000000054
:406C40000000000000000000000000000000000000000000000000000000000000000000000000000000000000000000000000000000000000000000000000000000000014
:406C800000000000000000000000000000000000000000000000000000000000000000000000000000000000000000000000000000000000000000000000000000000000D4
:406CC0000000000000000000000000000000000000000000000000000000000000000000000000000000000000000000000000000000000000000000000000000000000094
:406D00000000000000000000000000000000000000000000000000000000000000000000000000000000000000000000000000000000000000000000000000000000000053
:406D40000000000000000000000000000000000000000000000000000000000000000000000000000000000000000000000000000000000000000000000000000000000013
:406D800000000000000000000000000000000000000000000000000000000000000000000000000000000000000000000000000000000000000000000000000000000000D3
:406DC0000000000000000000000000000000000000000000000000000000000000000000000000000000000000000000000000000000000000000000000000000000000093
:406E00000000000000000000000000000000000000000000000000000000000000000000000000000000000000000000000000000000000000000000000000000000000052
:406E40000000000000000000000000000000000000000000000000000000000000000000000000000000000000000000000000000000000000000000000000000000000012
:406E800000000000000000000000000000000000000000000000000000000000000000000000000000000000000000000000000000000000000000000000000000000000D2
:406EC0000000000000000000000000000000000000000000000000000000000000000000000000000000000000000000000000000000000000000000000000000000000092
:406F00000000000000000000000000000000000000000000000000000000000000000000000000000000000000000000000000000000000000000000000000000000000051
:406F40000000000000000000000000000000000000000000000000000000000000000000000000000000000000000000000000000000000000000000000000000000000011
:406F800000000000000000000000000000000000000000000000000000000000000000000000000000000000000000000000000000000000000000000000000000000000D1
:406FC0000000000000000000000000000000000000000000000000000000000000000000000000000000000000000000000000000000000000000000000000000000000091
:407000000000000000000000000000000000000000000000000000000000000000000000000000000000000000000000000000000000000000000000000000000000000050
:407040000000000000000000000000000000000000000000000000000000000000000000000000000000000000000000000000000000000000000000000000000000000010
:4070800000000000000000000000000000000000000000000000000000000000000000000000000000000000000000000000000000000000000000000000000000000000D0
:4070C0000000000000000000000000000000000000000000000000000000000000000000000000000000000000000000000000000000000000000000000000000000000090
:40710000000000000000000000000000000000000000000000000000000000000000000000000000000000000000000000000000000000000000000000000000000000004F
:40714000000000000000000000000000000000000000000000000000000000000000000000000000000000000000000000000000000000000000000000000000000000000F
:4071800000000000000000000000000000000000000000000000000000000000000000000000000000000000000000000000000000000000000000000000000000000000CF
:4071C000000000000000000000000000000000000000000000000000000000000000000000000000000000000000000000000000000000000000000000000000000000008F
:40720000000000000000000000000000000000000000000000000000000000000000000000000000000000000000000000000000000000000000000000000000000000004E
:40724000000000000000000000000000000000000000000000000000000000000000000000000000000000000000000000000000000000000000000000000000000000000E
:4072800000000000000000000000000000000000000000000000000000000000000000000000000000000000000000000000000000000000000000000000000000000000CE
:4072C000000000000000000000000000000000000000000000000000000000000000000000000000000000000000000000000000000000000000000000000000000000008E
:40730000000000000000000000000000000000000000000000000000000000000000000000000000000000000000000000000000000000000000000000000000000000004D
:40734000000000000000000000000000000000000000000000000000000000000000000000000000000000000000000000000000000000000000000000000000000000000D
:4073800000000000000000000000000000000000000000000000000000000000000000000000000000000000000000000000000000000000000000000000000000000000CD
:4073C000000000000000000000000000000000000000000000000000000000000000000000000000000000000000000000000000000000000000000000000000000000008D
:40740000000000000000000000000000000000000000000000000000000000000000000000000000000000000000000000000000000000000000000000000000000000004C
:40744000000000000000000000000000000000000000000000000000000000000000000000000000000000000000000000000000000000000000000000000000000000000C
:4074800000000000000000000000000000000000000000000000000000000000000000000000000000000000000000000000000000000000000000000000000000000000CC
:4074C000000000000000000000000000000000000000000000000000000000000000000000000000000000000000000000000000000000000000000000000000000000008C
:40750000000000000000000000000000000000000000000000000000000000000000000000000000000000000000000000000000000000000000000000000000000000004B
:40754000000000000000000000000000000000000000000000000000000000000000000000000000000000000000000000000000000000000000000000000000000000000B
:4075800000000000000000000000000000000000000000000000000000000000000000000000000000000000000000000000000000000000000000000000000000000000CB
:4075C000000000000000000000000000000000000000000000000000000000000000000000000000000000000000000000000000000000000000000000000000000000008B
:40760000000000000000000000000000000000000000000000000000000000000000000000000000000000000000000000000000000000000000000000000000000000004A
:40764000000000000000000000000000000000000000000000000000000000000000000000000000000000000000000000000000000000000000000000000000000000000A
:4076800000000000000000000000000000000000000000000000000000000000000000000000000000000000000000000000000000000000000000000000000000000000CA
:4076C000000000000000000000000000000000000000000000000000000000000000000000000000000000000000000000000000000000000000000000000000000000008A
:407700000000000000000000000000000000000000000000000000000000000000000000000000000000000000000000000000000000000000000000000000000000000049
:407740000000000000000000000000000000000000000000000000000000000000000000000000000000000000000000000000000000000000000000000000000000000009
:4077800000000000000000000000000000000000000000000000000000000000000000000000000000000000000000000000000000000000000000000000000000000000C9
:4077C0000000000000000000000000000000000000000000000000000000000000000000000000000000000000000000000000000000000000000000000000000000000089
:407800000000000000000000000000000000000000000000000000000000000000000000000000000000000000000000000000000000000000000000000000000000000048
:407840000000000000000000000000000000000000000000000000000000000000000000000000000000000000000000000000000000000000000000000000000000000008
:4078800000000000000000000000000000000000000000000000000000000000000000000000000000000000000000000000000000000000000000000000000000000000C8
:4078C0000000000000000000000000000000000000000000000000000000000000000000000000000000000000000000000000000000000000000000000000000000000088
:407900000000000000000000000000000000000000000000000000000000000000000000000000000000000000000000000000000000000000000000000000000000000047
:407940000000000000000000000000000000000000000000000000000000000000000000000000000000000000000000000000000000000000000000000000000000000007
:4079800000000000000000000000000000000000000000000000000000000000000000000000000000000000000000000000000000000000000000000000000000000000C7
:4079C0000000000000000000000000000000000000000000000000000000000000000000000000000000000000000000000000000000000000000000000000000000000087
:407A00000000000000000000000000000000000000000000000000000000000000000000000000000000000000000000000000000000000000000000000000000000000046
:407A40000000000000000000000000000000000000000000000000000000000000000000000000000000000000000000000000000000000000000000000000000000000006
:407A800000000000000000000000000000000000000000000000000000000000000000000000000000000000000000000000000000000000000000000000000000000000C6
:407AC0000000000000000000000000000000000000000000000000000000000000000000000000000000000000000000000000000000000000000000000000000000000086
:407B00000000000000000000000000000000000000000000000000000000000000000000000000000000000000000000000000000000000000000000000000000000000045
:407B40000000000000000000000000000000000000000000000000000000000000000000000000000000000000000000000000000000000000000000000000000000000005
:407B800000000000000000000000000000000000000000000000000000000000000000000000000000000000000000000000000000000000000000000000000000000000C5
:407BC0000000000000000000000000000000000000000000000000000000000000000000000000000000000000000000000000000000000000000000000000000000000085
:407C00000000000000000000000000000000000000000000000000000000000000000000000000000000000000000000000000000000000000000000000000000000000044
:407C40000000000000000000000000000000000000000000000000000000000000000000000000000000000000000000000000000000000000000000000000000000000004
:407C800000000000000000000000000000000000000000000000000000000000000000000000000000000000000000000000000000000000000000000000000000000000C4
:407CC0000000000000000000000000000000000000000000000000000000000000000000000000000000000000000000000000000000000000000000000000000000000084
:407D00000000000000000000000000000000000000000000000000000000000000000000000000000000000000000000000000000000000000000000000000000000000043
:407D40000000000000000000000000000000000000000000000000000000000000000000000000000000000000000000000000000000000000000000000000000000000003
:407D800000000000000000000000000000000000000000000000000000000000000000000000000000000000000000000000000000000000000000000000000000000000C3
:407DC0000000000000000000000000000000000000000000000000000000000000000000000000000000000000000000000000000000000000000000000000000000000083
:407E00000000000000000000000000000000000000000000000000000000000000000000000000000000000000000000000000000000000000000000000000000000000042
:407E40000000000000000000000000000000000000000000000000000000000000000000000000000000000000000000000000000000000000000000000000000000000002
:407E800000000000000000000000000000000000000000000000000000000000000000000000000000000000000000000000000000000000000000000000000000000000C2
:407EC0000000000000000000000000000000000000000000000000000000000000000000000000000000000000000000000000000000000000000000000000000000000082
:407F00000000000000000000000000000000000000000000000000000000000000000000000000000000000000000000000000000000000000000000000000000000000041
:407F40000000000000000000000000000000000000000000000000000000000000000000000000000000000000000000000000000000000000000000000000000000000001
:407F800000000000000000000000000000000000000000000000000000000000000000000000000000000000000000000000000000000000000000000000000000000000C1
:407FC0000000000000000000000000000000000000000000000000000000000000000000000000000000000000000000000000000000000000000000000000000000000081
:408000000000000000000000000000000000000000000000000000000000000000000000000000000000000000000000000000000000000000000000000000000000000040
:408040000000000000000000000000000000000000000000000000000000000000000000000000000000000000000000000000000000000000000000000000000000000000
:4080800000000000000000000000000000000000000000000000000000000000000000000000000000000000000000000000000000000000000000000000000000000000C0
:4080C0000000000000000000000000000000000000000000000000000000000000000000000000000000000000000000000000000000000000000000000000000000000080
:40810000000000000000000000000000000000000000000000000000000000000000000000000000000000000000000000000000000000000000000000000000000000003F
:4081400000000000000000000000000000000000000000000000000000000000000000000000000000000000000000000000000000000000000000000000000000000000FF
:4081800000000000000000000000000000000000000000000000000000000000000000000000000000000000000000000000000000000000000000000000000000000000BF
:4081C000000000000000000000000000000000000000000000000000000000000000000000000000000000000000000000000000000000000000000000000000000000007F
:40820000000000000000000000000000000000000000000000000000000000000000000000000000000000000000000000000000000000000000000000000000000000003E
:4082400000000000000000000000000000000000000000000000000000000000000000000000000000000000000000000000000000000000000000000000000000000000FE
:4082800000000000000000000000000000000000000000000000000000000000000000000000000000000000000000000000000000000000000000000000000000000000BE
:4082C000000000000000000000000000000000000000000000000000000000000000000000000000000000000000000000000000000000000000000000000000000000007E
:40830000000000000000000000000000000000000000000000000000000000000000000000000000000000000000000000000000000000000000000000000000000000003D
:4083400000000000000000000000000000000000000000000000000000000000000000000000000000000000000000000000000000000000000000000000000000000000FD
:4083800000000000000000000000000000000000000000000000000000000000000000000000000000000000000000000000000000000000000000000000000000000000BD
:4083C000000000000000000000000000000000000000000000000000000000000000000000000000000000000000000000000000000000000000000000000000000000007D
:40840000000000000000000000000000000000000000000000000000000000000000000000000000000000000000000000000000000000000000000000000000000000003C
:4084400000000000000000000000000000000000000000000000000000000000000000000000000000000000000000000000000000000000000000000000000000000000FC
:4084800000000000000000000000000000000000000000000000000000000000000000000000000000000000000000000000000000000000000000000000000000000000BC
:4084C000000000000000000000000000000000000000000000000000000000000000000000000000000000000000000000000000000000000000000000000000000000007C
:40850000000000000000000000000000000000000000000000000000000000000000000000000000000000000000000000000000000000000000000000000000000000003B
:4085400000000000000000000000000000000000000000000000000000000000000000000000000000000000000000000000000000000000000000000000000000000000FB
:4085800000000000000000000000000000000000000000000000000000000000000000000000000000000000000000000000000000000000000000000000000000000000BB
:4085C000000000000000000000000000000000000000000000000000000000000000000000000000000000000000000000000000000000000000000000000000000000007B
:40860000000000000000000000000000000000000000000000000000000000000000000000000000000000000000000000000000000000000000000000000000000000003A
:4086400000000000000000000000000000000000000000000000000000000000000000000000000000000000000000000000000000000000000000000000000000000000FA
:4086800000000000000000000000000000000000000000000000000000000000000000000000000000000000000000000000000000000000000000000000000000000000BA
:4086C000000000000000000000000000000000000000000000000000000000000000000000000000000000000000000000000000000000000000000000000000000000007A
:408700000000000000000000000000000000000000000000000000000000000000000000000000000000000000000000000000000000000000000000000000000000000039
:4087400000000000000000000000000000000000000000000000000000000000000000000000000000000000000000000000000000000000000000000000000000000000F9
:4087800000000000000000000000000000000000000000000000000000000000000000000000000000000000000000000000000000000000000000000000000000000000B9
:4087C0000000000000000000000000000000000000000000000000000000000000000000000000000000000000000000000000000000000000000000000000000000000079
:408800000000000000000000000000000000000000000000000000000000000000000000000000000000000000000000000000000000000000000000000000000000000038
:4088400000000000000000000000000000000000000000000000000000000000000000000000000000000000000000000000000000000000000000000000000000000000F8
:4088800000000000000000000000000000000000000000000000000000000000000000000000000000000000000000000000000000000000000000000000000000000000B8
:4088C0000000000000000000000000000000000000000000000000000000000000000000000000000000000000000000000000000000000000000000000000000000000078
:408900000000000000000000000000000000000000000000000000000000000000000000000000000000000000000000000000000000000000000000000000000000000037
:4089400000000000000000000000000000000000000000000000000000000000000000000000000000000000000000000000000000000000000000000000000000000000F7
:4089800000000000000000000000000000000000000000000000000000000000000000000000000000000000000000000000000000000000000000000000000000000000B7
:4089C0000000000000000000000000000000000000000000000000000000000000000000000000000000000000000000000000000000000000000000000000000000000077
:408A00000000000000000000000000000000000000000000000000000000000000000000000000000000000000000000000000000000000000000000000000000000000036
:408A400000000000000000000000000000000000000000000000000000000000000000000000000000000000000000000000000000000000000000000000000000000000F6
:408A800000000000000000000000000000000000000000000000000000000000000000000000000000000000000000000000000000000000000000000000000000000000B6
:408AC0000000000000000000000000000000000000000000000000000000000000000000000000000000000000000000000000000000000000000000000000000000000076
:408B00000000000000000000000000000000000000000000000000000000000000000000000000000000000000000000000000000000000000000000000000000000000035
:408B400000000000000000000000000000000000000000000000000000000000000000000000000000000000000000000000000000000000000000000000000000000000F5
:408B800000000000000000000000000000000000000000000000000000000000000000000000000000000000000000000000000000000000000000000000000000000000B5
:408BC0000000000000000000000000000000000000000000000000000000000000000000000000000000000000000000000000000000000000000000000000000000000075
:408C00000000000000000000000000000000000000000000000000000000000000000000000000000000000000000000000000000000000000000000000000000000000034
:408C400000000000000000000000000000000000000000000000000000000000000000000000000000000000000000000000000000000000000000000000000000000000F4
:408C800000000000000000000000000000000000000000000000000000000000000000000000000000000000000000000000000000000000000000000000000000000000B4
:408CC0000000000000000000000000000000000000000000000000000000000000000000000000000000000000000000000000000000000000000000000000000000000074
:408D00000000000000000000000000000000000000000000000000000000000000000000000000000000000000000000000000000000000000000000000000000000000033
:408D400000000000000000000000000000000000000000000000000000000000000000000000000000000000000000000000000000000000000000000000000000000000F3
:408D800000000000000000000000000000000000000000000000000000000000000000000000000000000000000000000000000000000000000000000000000000000000B3
:408DC0000000000000000000000000000000000000000000000000000000000000000000000000000000000000000000000000000000000000000000000000000000000073
:408E00000000000000000000000000000000000000000000000000000000000000000000000000000000000000000000000000000000000000000000000000000000000032
:408E400000000000000000000000000000000000000000000000000000000000000000000000000000000000000000000000000000000000000000000000000000000000F2
:408E800000000000000000000000000000000000000000000000000000000000000000000000000000000000000000000000000000000000000000000000000000000000B2
:408EC0000000000000000000000000000000000000000000000000000000000000000000000000000000000000000000000000000000000000000000000000000000000072
:408F00000000000000000000000000000000000000000000000000000000000000000000000000000000000000000000000000000000000000000000000000000000000031
:408F400000000000000000000000000000000000000000000000000000000000000000000000000000000000000000000000000000000000000000000000000000000000F1
:408F800000000000000000000000000000000000000000000000000000000000000000000000000000000000000000000000000000000000000000000000000000000000B1
:408FC0000000000000000000000000000000000000000000000000000000000000000000000000000000000000000000000000000000000000000000000000000000000071
:409000000000000000000000000000000000000000000000000000000000000000000000000000000000000000000000000000000000000000000000000000000000000030
:4090400000000000000000000000000000000000000000000000000000000000000000000000000000000000000000000000000000000000000000000000000000000000F0
:4090800000000000000000000000000000000000000000000000000000000000000000000000000000000000000000000000000000000000000000000000000000000000B0
:4090C0000000000000000000000000000000000000000000000000000000000000000000000000000000000000000000000000000000000000000000000000000000000070
:40910000000000000000000000000000000000000000000000000000000000000000000000000000000000000000000000000000000000000000000000000000000000002F
:4091400000000000000000000000000000000000000000000000000000000000000000000000000000000000000000000000000000000000000000000000000000000000EF
:4091800000000000000000000000000000000000000000000000000000000000000000000000000000000000000000000000000000000000000000000000000000000000AF
:4091C000000000000000000000000000000000000000000000000000000000000000000000000000000000000000000000000000000000000000000000000000000000006F
:40920000000000000000000000000000000000000000000000000000000000000000000000000000000000000000000000000000000000000000000000000000000000002E
:4092400000000000000000000000000000000000000000000000000000000000000000000000000000000000000000000000000000000000000000000000000000000000EE
:4092800000000000000000000000000000000000000000000000000000000000000000000000000000000000000000000000000000000000000000000000000000000000AE
:4092C000000000000000000000000000000000000000000000000000000000000000000000000000000000000000000000000000000000000000000000000000000000006E
:40930000000000000000000000000000000000000000000000000000000000000000000000000000000000000000000000000000000000000000000000000000000000002D
:4093400000000000000000000000000000000000000000000000000000000000000000000000000000000000000000000000000000000000000000000000000000000000ED
:4093800000000000000000000000000000000000000000000000000000000000000000000000000000000000000000000000000000000000000000000000000000000000AD
:4093C000000000000000000000000000000000000000000000000000000000000000000000000000000000000000000000000000000000000000000000000000000000006D
:40940000000000000000000000000000000000000000000000000000000000000000000000000000000000000000000000000000000000000000000000000000000000002C
:4094400000000000000000000000000000000000000000000000000000000000000000000000000000000000000000000000000000000000000000000000000000000000EC
:4094800000000000000000000000000000000000000000000000000000000000000000000000000000000000000000000000000000000000000000000000000000000000AC
:4094C000000000000000000000000000000000000000000000000000000000000000000000000000000000000000000000000000000000000000000000000000000000006C
:40950000000000000000000000000000000000000000000000000000000000000000000000000000000000000000000000000000000000000000000000000000000000002B
:4095400000000000000000000000000000000000000000000000000000000000000000000000000000000000000000000000000000000000000000000000000000000000EB
:4095800000000000000000000000000000000000000000000000000000000000000000000000000000000000000000000000000000000000000000000000000000000000AB
:4095C000000000000000000000000000000000000000000000000000000000000000000000000000000000000000000000000000000000000000000000000000000000006B
:40960000000000000000000000000000000000000000000000000000000000000000000000000000000000000000000000000000000000000000000000000000000000002A
:4096400000000000000000000000000000000000000000000000000000000000000000000000000000000000000000000000000000000000000000000000000000000000EA
:4096800000000000000000000000000000000000000000000000000000000000000000000000000000000000000000000000000000000000000000000000000000000000AA
:4096C000000000000000000000000000000000000000000000000000000000000000000000000000000000000000000000000000000000000000000000000000000000006A
:409700000000000000000000000000000000000000000000000000000000000000000000000000000000000000000000000000000000000000000000000000000000000029
:4097400000000000000000000000000000000000000000000000000000000000000000000000000000000000000000000000000000000000000000000000000000000000E9
:4097800000000000000000000000000000000000000000000000000000000000000000000000000000000000000000000000000000000000000000000000000000000000A9
:4097C0000000000000000000000000000000000000000000000000000000000000000000000000000000000000000000000000000000000000000000000000000000000069
:409800000000000000000000000000000000000000000000000000000000000000000000000000000000000000000000000000000000000000000000000000000000000028
:4098400000000000000000000000000000000000000000000000000000000000000000000000000000000000000000000000000000000000000000000000000000000000E8
:4098800000000000000000000000000000000000000000000000000000000000000000000000000000000000000000000000000000000000000000000000000000000000A8
:4098C0000000000000000000000000000000000000000000000000000000000000000000000000000000000000000000000000000000000000000000000000000000000068
:409900000000000000000000000000000000000000000000000000000000000000000000000000000000000000000000000000000000000000000000000000000000000027
:4099400000000000000000000000000000000000000000000000000000000000000000000000000000000000000000000000000000000000000000000000000000000000E7
:4099800000000000000000000000000000000000000000000000000000000000000000000000000000000000000000000000000000000000000000000000000000000000A7
:4099C0000000000000000000000000000000000000000000000000000000000000000000000000000000000000000000000000000000000000000000000000000000000067
:409A00000000000000000000000000000000000000000000000000000000000000000000000000000000000000000000000000000000000000000000000000000000000026
:409A400000000000000000000000000000000000000000000000000000000000000000000000000000000000000000000000000000000000000000000000000000000000E6
:409A800000000000000000000000000000000000000000000000000000000000000000000000000000000000000000000000000000000000000000000000000000000000A6
:409AC0000000000000000000000000000000000000000000000000000000000000000000000000000000000000000000000000000000000000000000000000000000000066
:409B00000000000000000000000000000000000000000000000000000000000000000000000000000000000000000000000000000000000000000000000000000000000025
:409B400000000000000000000000000000000000000000000000000000000000000000000000000000000000000000000000000000000000000000000000000000000000E5
:409B800000000000000000000000000000000000000000000000000000000000000000000000000000000000000000000000000000000000000000000000000000000000A5
:409BC0000000000000000000000000000000000000000000000000000000000000000000000000000000000000000000000000000000000000000000000000000000000065
:409C00000000000000000000000000000000000000000000000000000000000000000000000000000000000000000000000000000000000000000000000000000000000024
:409C400000000000000000000000000000000000000000000000000000000000000000000000000000000000000000000000000000000000000000000000000000000000E4
:409C800000000000000000000000000000000000000000000000000000000000000000000000000000000000000000000000000000000000000000000000000000000000A4
:409CC0000000000000000000000000000000000000000000000000000000000000000000000000000000000000000000000000000000000000000000000000000000000064
:409D00000000000000000000000000000000000000000000000000000000000000000000000000000000000000000000000000000000000000000000000000000000000023
:409D400000000000000000000000000000000000000000000000000000000000000000000000000000000000000000000000000000000000000000000000000000000000E3
:409D800000000000000000000000000000000000000000000000000000000000000000000000000000000000000000000000000000000000000000000000000000000000A3
:409DC0000000000000000000000000000000000000000000000000000000000000000000000000000000000000000000000000000000000000000000000000000000000063
:409E00000000000000000000000000000000000000000000000000000000000000000000000000000000000000000000000000000000000000000000000000000000000022
:409E400000000000000000000000000000000000000000000000000000000000000000000000000000000000000000000000000000000000000000000000000000000000E2
:409E800000000000000000000000000000000000000000000000000000000000000000000000000000000000000000000000000000000000000000000000000000000000A2
:409EC0000000000000000000000000000000000000000000000000000000000000000000000000000000000000000000000000000000000000000000000000000000000062
:409F00000000000000000000000000000000000000000000000000000000000000000000000000000000000000000000000000000000000000000000000000000000000021
:409F400000000000000000000000000000000000000000000000000000000000000000000000000000000000000000000000000000000000000000000000000000000000E1
:409F800000000000000000000000000000000000000000000000000000000000000000000000000000000000000000000000000000000000000000000000000000000000A1
:409FC0000000000000000000000000000000000000000000000000000000000000000000000000000000000000000000000000000000000000000000000000000000000061
:40A000000000000000000000000000000000000000000000000000000000000000000000000000000000000000000000000000000000000000000000000000000000000020
:40A0400000000000000000000000000000000000000000000000000000000000000000000000000000000000000000000000000000000000000000000000000000000000E0
:40A0800000000000000000000000000000000000000000000000000000000000000000000000000000000000000000000000000000000000000000000000000000000000A0
:40A0C0000000000000000000000000000000000000000000000000000000000000000000000000000000000000000000000000000000000000000000000000000000000060
:40A10000000000000000000000000000000000000000000000000000000000000000000000000000000000000000000000000000000000000000000000000000000000001F
:40A1400000000000000000000000000000000000000000000000000000000000000000000000000000000000000000000000000000000000000000000000000000000000DF
:40A18000000000000000000000000000000000000000000000000000000000000000000000000000000000000000000000000000000000000000000000000000000000009F
:40A1C000000000000000000000000000000000000000000000000000000000000000000000000000000000000000000000000000000000000000000000000000000000005F
:40A20000000000000000000000000000000000000000000000000000000000000000000000000000000000000000000000000000000000000000000000000000000000001E
:40A2400000000000000000000000000000000000000000000000000000000000000000000000000000000000000000000000000000000000000000000000000000000000DE
:40A28000000000000000000000000000000000000000000000000000000000000000000000000000000000000000000000000000000000000000000000000000000000009E
:40A2C000000000000000000000000000000000000000000000000000000000000000000000000000000000000000000000000000000000000000000000000000000000005E
:40A30000000000000000000000000000000000000000000000000000000000000000000000000000000000000000000000000000000000000000000000000000000000001D
:40A3400000000000000000000000000000000000000000000000000000000000000000000000000000000000000000000000000000000000000000000000000000000000DD
:40A38000000000000000000000000000000000000000000000000000000000000000000000000000000000000000000000000000000000000000000000000000000000009D
:40A3C000000000000000000000000000000000000000000000000000000000000000000000000000000000000000000000000000000000000000000000000000000000005D
:40A40000000000000000000000000000000000000000000000000000000000000000000000000000000000000000000000000000000000000000000000000000000000001C
:40A4400000000000000000000000000000000000000000000000000000000000000000000000000000000000000000000000000000000000000000000000000000000000DC
:40A48000000000000000000000000000000000000000000000000000000000000000000000000000000000000000000000000000000000000000000000000000000000009C
:40A4C000000000000000000000000000000000000000000000000000000000000000000000000000000000000000000000000000000000000000000000000000000000005C
:40A50000000000000000000000000000000000000000000000000000000000000000000000000000000000000000000000000000000000000000000000000000000000001B
:40A5400000000000000000000000000000000000000000000000000000000000000000000000000000000000000000000000000000000000000000000000000000000000DB
:40A58000000000000000000000000000000000000000000000000000000000000000000000000000000000000000000000000000000000000000000000000000000000009B
:40A5C000000000000000000000000000000000000000000000000000000000000000000000000000000000000000000000000000000000000000000000000000000000005B
:40A60000000000000000000000000000000000000000000000000000000000000000000000000000000000000000000000000000000000000000000000000000000000001A
:40A6400000000000000000000000000000000000000000000000000000000000000000000000000000000000000000000000000000000000000000000000000000000000DA
:40A68000000000000000000000000000000000000000000000000000000000000000000000000000000000000000000000000000000000000000000000000000000000009A
:40A6C000000000000000000000000000000000000000000000000000000000000000000000000000000000000000000000000000000000000000000000000000000000005A
:40A700000000000000000000000000000000000000000000000000000000000000000000000000000000000000000000000000000000000000000000000000000000000019
:40A7400000000000000000000000000000000000000000000000000000000000000000000000000000000000000000000000000000000000000000000000000000000000D9
:40A780000000000000000000000000000000000000000000000000000000000000000000000000000000000000000000000000000000000000000000000000000000000099
:40A7C0000000000000000000000000000000000000000000000000000000000000000000000000000000000000000000000000000000000000000000000000000000000059
:40A800000000000000000000000000000000000000000000000000000000000000000000000000000000000000000000000000000000000000000000000000000000000018
:40A8400000000000000000000000000000000000000000000000000000000000000000000000000000000000000000000000000000000000000000000000000000000000D8
:40A880000000000000000000000000000000000000000000000000000000000000000000000000000000000000000000000000000000000000000000000000000000000098
:40A8C0000000000000000000000000000000000000000000000000000000000000000000000000000000000000000000000000000000000000000000000000000000000058
:40A900000000000000000000000000000000000000000000000000000000000000000000000000000000000000000000000000000000000000000000000000000000000017
:40A9400000000000000000000000000000000000000000000000000000000000000000000000000000000000000000000000000000000000000000000000000000000000D7
:40A980000000000000000000000000000000000000000000000000000000000000000000000000000000000000000000000000000000000000000000000000000000000097
:40A9C0000000000000000000000000000000000000000000000000000000000000000000000000000000000000000000000000000000000000000000000000000000000057
:40AA00000000000000000000000000000000000000000000000000000000000000000000000000000000000000000000000000000000000000000000000000000000000016
:40AA400000000000000000000000000000000000000000000000000000000000000000000000000000000000000000000000000000000000000000000000000000000000D6
:40AA80000000000000000000000000000000000000000000000000000000000000000000000000000000000000000000000000000000000000000000000000000000000096
:40AAC0000000000000000000000000000000000000000000000000000000000000000000000000000000000000000000000000000000000000000000000000000000000056
:40AB00000000000000000000000000000000000000000000000000000000000000000000000000000000000000000000000000000000000000000000000000000000000015
:40AB400000000000000000000000000000000000000000000000000000000000000000000000000000000000000000000000000000000000000000000000000000000000D5
:40AB80000000000000000000000000000000000000000000000000000000000000000000000000000000000000000000000000000000000000000000000000000000000095
:40ABC0000000000000000000000000000000000000000000000000000000000000000000000000000000000000000000000000000000000000000000000000000000000055
:40AC00000000000000000000000000000000000000000000000000000000000000000000000000000000000000000000000000000000000000000000000000000000000014
:40AC400000000000000000000000000000000000000000000000000000000000000000000000000000000000000000000000000000000000000000000000000000000000D4
:40AC80000000000000000000000000000000000000000000000000000000000000000000000000000000000000000000000000000000000000000000000000000000000094
:40ACC0000000000000000000000000000000000000000000000000000000000000000000000000000000000000000000000000000000000000000000000000000000000054
:40AD00000000000000000000000000000000000000000000000000000000000000000000000000000000000000000000000000000000000000000000000000000000000013
:40AD400000000000000000000000000000000000000000000000000000000000000000000000000000000000000000000000000000000000000000000000000000000000D3
:40AD80000000000000000000000000000000000000000000000000000000000000000000000000000000000000000000000000000000000000000000000000000000000093
:40ADC0000000000000000000000000000000000000000000000000000000000000000000000000000000000000000000000000000000000000000000000000000000000053
:40AE00000000000000000000000000000000000000000000000000000000000000000000000000000000000000000000000000000000000000000000000000000000000012
:40AE400000000000000000000000000000000000000000000000000000000000000000000000000000000000000000000000000000000000000000000000000000000000D2
:40AE80000000000000000000000000000000000000000000000000000000000000000000000000000000000000000000000000000000000000000000000000000000000092
:40AEC0000000000000000000000000000000000000000000000000000000000000000000000000000000000000000000000000000000000000000000000000000000000052
:40AF00000000000000000000000000000000000000000000000000000000000000000000000000000000000000000000000000000000000000000000000000000000000011
:40AF400000000000000000000000000000000000000000000000000000000000000000000000000000000000000000000000000000000000000000000000000000000000D1
:40AF80000000000000000000000000000000000000000000000000000000000000000000000000000000000000000000000000000000000000000000000000000000000091
:40AFC0000000000000000000000000000000000000000000000000000000000000000000000000000000000000000000000000000000000000000000000000000000000051
:40B000000000000000000000000000000000000000000000000000000000000000000000000000000000000000000000000000000000000000000000000000000000000010
:40B0400000000000000000000000000000000000000000000000000000000000000000000000000000000000000000000000000000000000000000000000000000000000D0
:40B080000000000000000000000000000000000000000000000000000000000000000000000000000000000000000000000000000000000000000000000000000000000090
:40B0C0000000000000000000000000000000000000000000000000000000000000000000000000000000000000000000000000000000000000000000000000000000000050
:40B10000000000000000000000000000000000000000000000000000000000000000000000000000000000000000000000000000000000000000000000000000000000000F
:40B1400000000000000000000000000000000000000000000000000000000000000000000000000000000000000000000000000000000000000000000000000000000000CF
:40B18000000000000000000000000000000000000000000000000000000000000000000000000000000000000000000000000000000000000000000000000000000000008F
:40B1C000000000000000000000000000000000000000000000000000000000000000000000000000000000000000000000000000000000000000000000000000000000004F
:40B20000000000000000000000000000000000000000000000000000000000000000000000000000000000000000000000000000000000000000000000000000000000000E
:40B2400000000000000000000000000000000000000000000000000000000000000000000000000000000000000000000000000000000000000000000000000000000000CE
:40B28000000000000000000000000000000000000000000000000000000000000000000000000000000000000000000000000000000000000000000000000000000000008E
:40B2C000000000000000000000000000000000000000000000000000000000000000000000000000000000000000000000000000000000000000000000000000000000004E
:40B30000000000000000000000000000000000000000000000000000000000000000000000000000000000000000000000000000000000000000000000000000000000000D
:40B3400000000000000000000000000000000000000000000000000000000000000000000000000000000000000000000000000000000000000000000000000000000000CD
:40B38000000000000000000000000000000000000000000000000000000000000000000000000000000000000000000000000000000000000000000000000000000000008D
:40B3C000000000000000000000000000000000000000000000000000000000000000000000000000000000000000000000000000000000000000000000000000000000004D
:40B40000000000000000000000000000000000000000000000000000000000000000000000000000000000000000000000000000000000000000000000000000000000000C
:40B4400000000000000000000000000000000000000000000000000000000000000000000000000000000000000000000000000000000000000000000000000000000000CC
:40B48000000000000000000000000000000000000000000000000000000000000000000000000000000000000000000000000000000000000000000000000000000000008C
:40B4C000000000000000000000000000000000000000000000000000000000000000000000000000000000000000000000000000000000000000000000000000000000004C
:40B50000000000000000000000000000000000000000000000000000000000000000000000000000000000000000000000000000000000000000000000000000000000000B
:40B5400000000000000000000000000000000000000000000000000000000000000000000000000000000000000000000000000000000000000000000000000000000000CB
:40B58000000000000000000000000000000000000000000000000000000000000000000000000000000000000000000000000000000000000000000000000000000000008B
:40B5C000000000000000000000000000000000000000000000000000000000000000000000000000000000000000000000000000000000000000000000000000000000004B
:40B60000000000000000000000000000000000000000000000000000000000000000000000000000000000000000000000000000000000000000000000000000000000000A
:40B6400000000000000000000000000000000000000000000000000000000000000000000000000000000000000000000000000000000000000000000000000000000000CA
:40B68000000000000000000000000000000000000000000000000000000000000000000000000000000000000000000000000000000000000000000000000000000000008A
:40B6C000000000000000000000000000000000000000000000000000000000000000000000000000000000000000000000000000000000000000000000000000000000004A
:40B700000000000000000000000000000000000000000000000000000000000000000000000000000000000000000000000000000000000000000000000000000000000009
:40B7400000000000000000000000000000000000000000000000000000000000000000000000000000000000000000000000000000000000000000000000000000000000C9
:40B780000000000000000000000000000000000000000000000000000000000000000000000000000000000000000000000000000000000000000000000000000000000089
:40B7C0000000000000000000000000000000000000000000000000000000000000000000000000000000000000000000000000000000000000000000000000000000000049
:40B800000000000000000000000000000000000000000000000000000000000000000000000000000000000000000000000000000000000000000000000000000000000008
:40B8400000000000000000000000000000000000000000000000000000000000000000000000000000000000000000000000000000000000000000000000000000000000C8
:40B880000000000000000000000000000000000000000000000000000000000000000000000000000000000000000000000000000000000000000000000000000000000088
:40B8C0000000000000000000000000000000000000000000000000000000000000000000000000000000000000000000000000000000000000000000000000000000000048
:40B900000000000000000000000000000000000000000000000000000000000000000000000000000000000000000000000000000000000000000000000000000000000007
:40B9400000000000000000000000000000000000000000000000000000000000000000000000000000000000000000000000000000000000000000000000000000000000C7
:40B980000000000000000000000000000000000000000000000000000000000000000000000000000000000000000000000000000000000000000000000000000000000087
:40B9C0000000000000000000000000000000000000000000000000000000000000000000000000000000000000000000000000000000000000000000000000000000000047
:40BA00000000000000000000000000000000000000000000000000000000000000000000000000000000000000000000000000000000000000000000000000000000000006
:40BA400000000000000000000000000000000000000000000000000000000000000000000000000000000000000000000000000000000000000000000000000000000000C6
:40BA80000000000000000000000000000000000000000000000000000000000000000000000000000000000000000000000000000000000000000000000000000000000086
:40BAC0000000000000000000000000000000000000000000000000000000000000000000000000000000000000000000000000000000000000000000000000000000000046
:40BB00000000000000000000000000000000000000000000000000000000000000000000000000000000000000000000000000000000000000000000000000000000000005
:40BB400000000000000000000000000000000000000000000000000000000000000000000000000000000000000000000000000000000000000000000000000000000000C5
:40BB80000000000000000000000000000000000000000000000000000000000000000000000000000000000000000000000000000000000000000000000000000000000085
:40BBC0000000000000000000000000000000000000000000000000000000000000000000000000000000000000000000000000000000000000000000000000000000000045
:40BC00000000000000000000000000000000000000000000000000000000000000000000000000000000000000000000000000000000000000000000000000000000000004
:40BC400000000000000000000000000000000000000000000000000000000000000000000000000000000000000000000000000000000000000000000000000000000000C4
:40BC80000000000000000000000000000000000000000000000000000000000000000000000000000000000000000000000000000000000000000000000000000000000084
:40BCC0000000000000000000000000000000000000000000000000000000000000000000000000000000000000000000000000000000000000000000000000000000000044
:40BD00000000000000000000000000000000000000000000000000000000000000000000000000000000000000000000000000000000000000000000000000000000000003
:40BD400000000000000000000000000000000000000000000000000000000000000000000000000000000000000000000000000000000000000000000000000000000000C3
:40BD80000000000000000000000000000000000000000000000000000000000000000000000000000000000000000000000000000000000000000000000000000000000083
:40BDC0000000000000000000000000000000000000000000000000000000000000000000000000000000000000000000000000000000000000000000000000000000000043
:40BE00000000000000000000000000000000000000000000000000000000000000000000000000000000000000000000000000000000000000000000000000000000000002
:40BE400000000000000000000000000000000000000000000000000000000000000000000000000000000000000000000000000000000000000000000000000000000000C2
:40BE80000000000000000000000000000000000000000000000000000000000000000000000000000000000000000000000000000000000000000000000000000000000082
:40BEC0000000000000000000000000000000000000000000000000000000000000000000000000000000000000000000000000000000000000000000000000000000000042
:40BF00000000000000000000000000000000000000000000000000000000000000000000000000000000000000000000000000000000000000000000000000000000000001
:40BF400000000000000000000000000000000000000000000000000000000000000000000000000000000000000000000000000000000000000000000000000000000000C1
:40BF80000000000000000000000000000000000000000000000000000000000000000000000000000000000000000000000000000000000000000000000000000000000081
:40BFC0000000000000000000000000000000000000000000000000000000000000000000000000000000000000000000000000000000000000000000000000000000000041
:40C000000000000000000000000000000000000000000000000000000000000000000000000000000000000000000000000000000000000000000000000000000000000000
:40C0400000000000000000000000000000000000000000000000000000000000000000000000000000000000000000000000000000000000000000000000000000000000C0
:40C080000000000000000000000000000000000000000000000000000000000000000000000000000000000000000000000000000000000000000000000000000000000080
:40C0C0000000000000000000000000000000000000000000000000000000000000000000000000000000000000000000000000000000000000000000000000000000000040
:40C1000000000000000000000000000000000000000000000000000000000000000000000000000000000000000000000000000000000000000000000000000000000000FF
:40C1400000000000000000000000000000000000000000000000000000000000000000000000000000000000000000000000000000000000000000000000000000000000BF
:40C18000000000000000000000000000000000000000000000000000000000000000000000000000000000000000000000000000000000000000000000000000000000007F
:40C1C000000000000000000000000000000000000000000000000000000000000000000000000000000000000000000000000000000000000000000000000000000000003F
:40C2000000000000000000000000000000000000000000000000000000000000000000000000000000000000000000000000000000000000000000000000000000000000FE
:40C2400000000000000000000000000000000000000000000000000000000000000000000000000000000000000000000000000000000000000000000000000000000000BE
:40C28000000000000000000000000000000000000000000000000000000000000000000000000000000000000000000000000000000000000000000000000000000000007E
:40C2C000000000000000000000000000000000000000000000000000000000000000000000000000000000000000000000000000000000000000000000000000000000003E
:40C3000000000000000000000000000000000000000000000000000000000000000000000000000000000000000000000000000000000000000000000000000000000000FD
:40C3400000000000000000000000000000000000000000000000000000000000000000000000000000000000000000000000000000000000000000000000000000000000BD
:40C38000000000000000000000000000000000000000000000000000000000000000000000000000000000000000000000000000000000000000000000000000000000007D
:40C3C000000000000000000000000000000000000000000000000000000000000000000000000000000000000000000000000000000000000000000000000000000000003D
:40C4000000000000000000000000000000000000000000000000000000000000000000000000000000000000000000000000000000000000000000000000000000000000FC
:40C4400000000000000000000000000000000000000000000000000000000000000000000000000000000000000000000000000000000000000000000000000000000000BC
:40C48000000000000000000000000000000000000000000000000000000000000000000000000000000000000000000000000000000000000000000000000000000000007C
:40C4C000000000000000000000000000000000000000000000000000000000000000000000000000000000000000000000000000000000000000000000000000000000003C
:40C5000000000000000000000000000000000000000000000000000000000000000000000000000000000000000000000000000000000000000000000000000000000000FB
:40C5400000000000000000000000000000000000000000000000000000000000000000000000000000000000000000000000000000000000000000000000000000000000BB
:40C58000000000000000000000000000000000000000000000000000000000000000000000000000000000000000000000000000000000000000000000000000000000007B
:40C5C000000000000000000000000000000000000000000000000000000000000000000000000000000000000000000000000000000000000000000000000000000000003B
:40C6000000000000000000000000000000000000000000000000000000000000000000000000000000000000000000000000000000000000000000000000000000000000FA
:40C6400000000000000000000000000000000000000000000000000000000000000000000000000000000000000000000000000000000000000000000000000000000000BA
:40C68000000000000000000000000000000000000000000000000000000000000000000000000000000000000000000000000000000000000000000000000000000000007A
:40C6C000000000000000000000000000000000000000000000000000000000000000000000000000000000000000000000000000000000000000000000000000000000003A
:40C7000000000000000000000000000000000000000000000000000000000000000000000000000000000000000000000000000000000000000000000000000000000000F9
:40C7400000000000000000000000000000000000000000000000000000000000000000000000000000000000000000000000000000000000000000000000000000000000B9
:40C780000000000000000000000000000000000000000000000000000000000000000000000000000000000000000000000000000000000000000000000000000000000079
:40C7C0000000000000000000000000000000000000000000000000000000000000000000000000000000000000000000000000000000000000000000000000000000000039
:40C8000000000000000000000000000000000000000000000000000000000000000000000000000000000000000000000000000000000000000000000000000000000000F8
:40C8400000000000000000000000000000000000000000000000000000000000000000000000000000000000000000000000000000000000000000000000000000000000B8
:40C880000000000000000000000000000000000000000000000000000000000000000000000000000000000000000000000000000000000000000000000000000000000078
:40C8C0000000000000000000000000000000000000000000000000000000000000000000000000000000000000000000000000000000000000000000000000000000000038
:40C9000000000000000000000000000000000000000000000000000000000000000000000000000000000000000000000000000000000000000000000000000000000000F7
:40C9400000000000000000000000000000000000000000000000000000000000000000000000000000000000000000000000000000000000000000000000000000000000B7
:40C980000000000000000000000000000000000000000000000000000000000000000000000000000000000000000000000000000000000000000000000000000000000077
:40C9C0000000000000000000000000000000000000000000000000000000000000000000000000000000000000000000000000000000000000000000000000000000000037
:40CA000000000000000000000000000000000000000000000000000000000000000000000000000000000000000000000000000000000000000000000000000000000000F6
:40CA400000000000000000000000000000000000000000000000000000000000000000000000000000000000000000000000000000000000000000000000000000000000B6
:40CA80000000000000000000000000000000000000000000000000000000000000000000000000000000000000000000000000000000000000000000000000000000000076
:40CAC0000000000000000000000000000000000000000000000000000000000000000000000000000000000000000000000000000000000000000000000000000000000036
:40CB000000000000000000000000000000000000000000000000000000000000000000000000000000000000000000000000000000000000000000000000000000000000F5
:40CB400000000000000000000000000000000000000000000000000000000000000000000000000000000000000000000000000000000000000000000000000000000000B5
:40CB80000000000000000000000000000000000000000000000000000000000000000000000000000000000000000000000000000000000000000000000000000000000075
:40CBC0000000000000000000000000000000000000000000000000000000000000000000000000000000000000000000000000000000000000000000000000000000000035
:40CC000000000000000000000000000000000000000000000000000000000000000000000000000000000000000000000000000000000000000000000000000000000000F4
:40CC400000000000000000000000000000000000000000000000000000000000000000000000000000000000000000000000000000000000000000000000000000000000B4
:40CC80000000000000000000000000000000000000000000000000000000000000000000000000000000000000000000000000000000000000000000000000000000000074
:40CCC0000000000000000000000000000000000000000000000000000000000000000000000000000000000000000000000000000000000000000000000000000000000034
:40CD000000000000000000000000000000000000000000000000000000000000000000000000000000000000000000000000000000000000000000000000000000000000F3
:40CD400000000000000000000000000000000000000000000000000000000000000000000000000000000000000000000000000000000000000000000000000000000000B3
:40CD80000000000000000000000000000000000000000000000000000000000000000000000000000000000000000000000000000000000000000000000000000000000073
:40CDC0000000000000000000000000000000000000000000000000000000000000000000000000000000000000000000000000000000000000000000000000000000000033
:40CE000000000000000000000000000000000000000000000000000000000000000000000000000000000000000000000000000000000000000000000000000000000000F2
:40CE400000000000000000000000000000000000000000000000000000000000000000000000000000000000000000000000000000000000000000000000000000000000B2
:40CE80000000000000000000000000000000000000000000000000000000000000000000000000000000000000000000000000000000000000000000000000000000000072
:40CEC0000000000000000000000000000000000000000000000000000000000000000000000000000000000000000000000000000000000000000000000000000000000032
:40CF000000000000000000000000000000000000000000000000000000000000000000000000000000000000000000000000000000000000000000000000000000000000F1
:40CF400000000000000000000000000000000000000000000000000000000000000000000000000000000000000000000000000000000000000000000000000000000000B1
:40CF80000000000000000000000000000000000000000000000000000000000000000000000000000000000000000000000000000000000000000000000000000000000071
:40CFC0000000000000000000000000000000000000000000000000000000000000000000000000000000000000000000000000000000000000000000000000000000000031
:40D0000000000000000000000000000000000000000000000000000000000000000000000000000000000000000000000000000000000000000000000000000000000000F0
:40D0400000000000000000000000000000000000000000000000000000000000000000000000000000000000000000000000000000000000000000000000000000000000B0
:40D080000000000000000000000000000000000000000000000000000000000000000000000000000000000000000000000000000000000000000000000000000000000070
:40D0C0000000000000000000000000000000000000000000000000000000000000000000000000000000000000000000000000000000000000000000000000000000000030
:40D1000000000000000000000000000000000000000000000000000000000000000000000000000000000000000000000000000000000000000000000000000000000000EF
:40D1400000000000000000000000000000000000000000000000000000000000000000000000000000000000000000000000000000000000000000000000000000000000AF
:40D18000000000000000000000000000000000000000000000000000000000000000000000000000000000000000000000000000000000000000000000000000000000006F
:40D1C000000000000000000000000000000000000000000000000000000000000000000000000000000000000000000000000000000000000000000000000000000000002F
:40D2000000000000000000000000000000000000000000000000000000000000000000000000000000000000000000000000000000000000000000000000000000000000EE
:40D2400000000000000000000000000000000000000000000000000000000000000000000000000000000000000000000000000000000000000000000000000000000000AE
:40D28000000000000000000000000000000000000000000000000000000000000000000000000000000000000000000000000000000000000000000000000000000000006E
:40D2C000000000000000000000000000000000000000000000000000000000000000000000000000000000000000000000000000000000000000000000000000000000002E
:40D3000000000000000000000000000000000000000000000000000000000000000000000000000000000000000000000000000000000000000000000000000000000000ED
:40D3400000000000000000000000000000000000000000000000000000000000000000000000000000000000000000000000000000000000000000000000000000000000AD
:40D38000000000000000000000000000000000000000000000000000000000000000000000000000000000000000000000000000000000000000000000000000000000006D
:40D3C000000000000000000000000000000000000000000000000000000000000000000000000000000000000000000000000000000000000000000000000000000000002D
:40D4000000000000000000000000000000000000000000000000000000000000000000000000000000000000000000000000000000000000000000000000000000000000EC
:40D4400000000000000000000000000000000000000000000000000000000000000000000000000000000000000000000000000000000000000000000000000000000000AC
:40D48000000000000000000000000000000000000000000000000000000000000000000000000000000000000000000000000000000000000000000000000000000000006C
:40D4C000000000000000000000000000000000000000000000000000000000000000000000000000000000000000000000000000000000000000000000000000000000002C
:40D5000000000000000000000000000000000000000000000000000000000000000000000000000000000000000000000000000000000000000000000000000000000000EB
:40D5400000000000000000000000000000000000000000000000000000000000000000000000000000000000000000000000000000000000000000000000000000000000AB
:40D58000000000000000000000000000000000000000000000000000000000000000000000000000000000000000000000000000000000000000000000000000000000006B
:40D5C000000000000000000000000000000000000000000000000000000000000000000000000000000000000000000000000000000000000000000000000000000000002B
:40D6000000000000000000000000000000000000000000000000000000000000000000000000000000000000000000000000000000000000000000000000000000000000EA
:40D6400000000000000000000000000000000000000000000000000000000000000000000000000000000000000000000000000000000000000000000000000000000000AA
:40D68000000000000000000000000000000000000000000000000000000000000000000000000000000000000000000000000000000000000000000000000000000000006A
:40D6C000000000000000000000000000000000000000000000000000000000000000000000000000000000000000000000000000000000000000000000000000000000002A
:40D7000000000000000000000000000000000000000000000000000000000000000000000000000000000000000000000000000000000000000000000000000000000000E9
:40D7400000000000000000000000000000000000000000000000000000000000000000000000000000000000000000000000000000000000000000000000000000000000A9
:40D780000000000000000000000000000000000000000000000000000000000000000000000000000000000000000000000000000000000000000000000000000000000069
:40D7C0000000000000000000000000000000000000000000000000000000000000000000000000000000000000000000000000000000000000000000000000000000000029
:40D8000000000000000000000000000000000000000000000000000000000000000000000000000000000000000000000000000000000000000000000000000000000000E8
:40D8400000000000000000000000000000000000000000000000000000000000000000000000000000000000000000000000000000000000000000000000000000000000A8
:40D880000000000000000000000000000000000000000000000000000000000000000000000000000000000000000000000000000000000000000000000000000000000068
:40D8C0000000000000000000000000000000000000000000000000000000000000000000000000000000000000000000000000000000000000000000000000000000000028
:40D9000000000000000000000000000000000000000000000000000000000000000000000000000000000000000000000000000000000000000000000000000000000000E7
:40D9400000000000000000000000000000000000000000000000000000000000000000000000000000000000000000000000000000000000000000000000000000000000A7
:40D980000000000000000000000000000000000000000000000000000000000000000000000000000000000000000000000000000000000000000000000000000000000067
:40D9C0000000000000000000000000000000000000000000000000000000000000000000000000000000000000000000000000000000000000000000000000000000000027
:40DA000000000000000000000000000000000000000000000000000000000000000000000000000000000000000000000000000000000000000000000000000000000000E6
:40DA400000000000000000000000000000000000000000000000000000000000000000000000000000000000000000000000000000000000000000000000000000000000A6
:40DA80000000000000000000000000000000000000000000000000000000000000000000000000000000000000000000000000000000000000000000000000000000000066
:40DAC0000000000000000000000000000000000000000000000000000000000000000000000000000000000000000000000000000000000000000000000000000000000026
:40DB000000000000000000000000000000000000000000000000000000000000000000000000000000000000000000000000000000000000000000000000000000000000E5
:40DB400000000000000000000000000000000000000000000000000000000000000000000000000000000000000000000000000000000000000000000000000000000000A5
:40DB80000000000000000000000000000000000000000000000000000000000000000000000000000000000000000000000000000000000000000000000000000000000065
:40DBC0000000000000000000000000000000000000000000000000000000000000000000000000000000000000000000000000000000000000000000000000000000000025
:40DC000000000000000000000000000000000000000000000000000000000000000000000000000000000000000000000000000000000000000000000000000000000000E4
:40DC400000000000000000000000000000000000000000000000000000000000000000000000000000000000000000000000000000000000000000000000000000000000A4
:40DC80000000000000000000000000000000000000000000000000000000000000000000000000000000000000000000000000000000000000000000000000000000000064
:40DCC0000000000000000000000000000000000000000000000000000000000000000000000000000000000000000000000000000000000000000000000000000000000024
:40DD000000000000000000000000000000000000000000000000000000000000000000000000000000000000000000000000000000000000000000000000000000000000E3
:40DD400000000000000000000000000000000000000000000000000000000000000000000000000000000000000000000000000000000000000000000000000000000000A3
:40DD80000000000000000000000000000000000000000000000000000000000000000000000000000000000000000000000000000000000000000000000000000000000063
:40DDC0000000000000000000000000000000000000000000000000000000000000000000000000000000000000000000000000000000000000000000000000000000000023
:40DE000000000000000000000000000000000000000000000000000000000000000000000000000000000000000000000000000000000000000000000000000000000000E2
:40DE400000000000000000000000000000000000000000000000000000000000000000000000000000000000000000000000000000000000000000000000000000000000A2
:40DE80000000000000000000000000000000000000000000000000000000000000000000000000000000000000000000000000000000000000000000000000000000000062
:40DEC0000000000000000000000000000000000000000000000000000000000000000000000000000000000000000000000000000000000000000000000000000000000022
:40DF000000000000000000000000000000000000000000000000000000000000000000000000000000000000000000000000000000000000000000000000000000000000E1
:40DF400000000000000000000000000000000000000000000000000000000000000000000000000000000000000000000000000000000000000000000000000000000000A1
:40DF80000000000000000000000000000000000000000000000000000000000000000000000000000000000000000000000000000000000000000000000000000000000061
:40DFC0000000000000000000000000000000000000000000000000000000000000000000000000000000000000000000000000000000000000000000000000000000000021
:40E0000000000000000000000000000000000000000000000000000000000000000000000000000000000000000000000000000000000000000000000000000000000000E0
:40E0400000000000000000000000000000000000000000000000000000000000000000000000000000000000000000000000000000000000000000000000000000000000A0
:40E080000000000000000000000000000000000000000000000000000000000000000000000000000000000000000000000000000000000000000000000000000000000060
:40E0C0000000000000000000000000000000000000000000000000000000000000000000000000000000000000000000000000000000000000000000000000000000000020
:40E1000000000000000000000000000000000000000000000000000000000000000000000000000000000000000000000000000000000000000000000000000000000000DF
:40E14000000000000000000000000000000000000000000000000000000000000000000000000000000000000000000000000000000000000000000000000000000000009F
:40E18000000000000000000000000000000000000000000000000000000000000000000000000000000000000000000000000000000000000000000000000000000000005F
:40E1C000000000000000000000000000000000000000000000000000000000000000000000000000000000000000000000000000000000000000000000000000000000001F
:40E2000000000000000000000000000000000000000000000000000000000000000000000000000000000000000000000000000000000000000000000000000000000000DE
:40E24000000000000000000000000000000000000000000000000000000000000000000000000000000000000000000000000000000000000000000000000000000000009E
:40E28000000000000000000000000000000000000000000000000000000000000000000000000000000000000000000000000000000000000000000000000000000000005E
:40E2C000000000000000000000000000000000000000000000000000000000000000000000000000000000000000000000000000000000000000000000000000000000001E
:40E3000000000000000000000000000000000000000000000000000000000000000000000000000000000000000000000000000000000000000000000000000000000000DD
:40E34000000000000000000000000000000000000000000000000000000000000000000000000000000000000000000000000000000000000000000000000000000000009D
:40E38000000000000000000000000000000000000000000000000000000000000000000000000000000000000000000000000000000000000000000000000000000000005D
:40E3C000000000000000000000000000000000000000000000000000000000000000000000000000000000000000000000000000000000000000000000000000000000001D
:40E4000000000000000000000000000000000000000000000000000000000000000000000000000000000000000000000000000000000000000000000000000000000000DC
:40E44000000000000000000000000000000000000000000000000000000000000000000000000000000000000000000000000000000000000000000000000000000000009C
:40E48000000000000000000000000000000000000000000000000000000000000000000000000000000000000000000000000000000000000000000000000000000000005C
:40E4C000000000000000000000000000000000000000000000000000000000000000000000000000000000000000000000000000000000000000000000000000000000001C
:40E5000000000000000000000000000000000000000000000000000000000000000000000000000000000000000000000000000000000000000000000000000000000000DB
:40E54000000000000000000000000000000000000000000000000000000000000000000000000000000000000000000000000000000000000000000000000000000000009B
:40E58000000000000000000000000000000000000000000000000000000000000000000000000000000000000000000000000000000000000000000000000000000000005B
:40E5C000000000000000000000000000000000000000000000000000000000000000000000000000000000000000000000000000000000000000000000000000000000001B
:40E6000000000000000000000000000000000000000000000000000000000000000000000000000000000000000000000000000000000000000000000000000000000000DA
:40E64000000000000000000000000000000000000000000000000000000000000000000000000000000000000000000000000000000000000000000000000000000000009A
:40E68000000000000000000000000000000000000000000000000000000000000000000000000000000000000000000000000000000000000000000000000000000000005A
:40E6C000000000000000000000000000000000000000000000000000000000000000000000000000000000000000000000000000000000000000000000000000000000001A
:40E7000000000000000000000000000000000000000000000000000000000000000000000000000000000000000000000000000000000000000000000000000000000000D9
:40E740000000000000000000000000000000000000000000000000000000000000000000000000000000000000000000000000000000000000000000000000000000000099
:40E780000000000000000000000000000000000000000000000000000000000000000000000000000000000000000000000000000000000000000000000000000000000059
:40E7C0000000000000000000000000000000000000000000000000000000000000000000000000000000000000000000000000000000000000000000000000000000000019
:40E8000000000000000000000000000000000000000000000000000000000000000000000000000000000000000000000000000000000000000000000000000000000000D8
:40E840000000000000000000000000000000000000000000000000000000000000000000000000000000000000000000000000000000000000000000000000000000000098
:40E880000000000000000000000000000000000000000000000000000000000000000000000000000000000000000000000000000000000000000000000000000000000058
:40E8C0000000000000000000000000000000000000000000000000000000000000000000000000000000000000000000000000000000000000000000000000000000000018
:40E9000000000000000000000000000000000000000000000000000000000000000000000000000000000000000000000000000000000000000000000000000000000000D7
:40E940000000000000000000000000000000000000000000000000000000000000000000000000000000000000000000000000000000000000000000000000000000000097
:40E980000000000000000000000000000000000000000000000000000000000000000000000000000000000000000000000000000000000000000000000000000000000057
:40E9C0000000000000000000000000000000000000000000000000000000000000000000000000000000000000000000000000000000000000000000000000000000000017
:40EA000000000000000000000000000000000000000000000000000000000000000000000000000000000000000000000000000000000000000000000000000000000000D6
:40EA40000000000000000000000000000000000000000000000000000000000000000000000000000000000000000000000000000000000000000000000000000000000096
:40EA80000000000000000000000000000000000000000000000000000000000000000000000000000000000000000000000000000000000000000000000000000000000056
:40EAC0000000000000000000000000000000000000000000000000000000000000000000000000000000000000000000000000000000000000000000000000000000000016
:40EB000000000000000000000000000000000000000000000000000000000000000000000000000000000000000000000000000000000000000000000000000000000000D5
:40EB40000000000000000000000000000000000000000000000000000000000000000000000000000000000000000000000000000000000000000000000000000000000095
:40EB80000000000000000000000000000000000000000000000000000000000000000000000000000000000000000000000000000000000000000000000000000000000055
:40EBC0000000000000000000000000000000000000000000000000000000000000000000000000000000000000000000000000000000000000000000000000000000000015
:40EC000000000000000000000000000000000000000000000000000000000000000000000000000000000000000000000000000000000000000000000000000000000000D4
:40EC40000000000000000000000000000000000000000000000000000000000000000000000000000000000000000000000000000000000000000000000000000000000094
:40EC80000000000000000000000000000000000000000000000000000000000000000000000000000000000000000000000000000000000000000000000000000000000054
:40ECC0000000000000000000000000000000000000000000000000000000000000000000000000000000000000000000000000000000000000000000000000000000000014
:40ED000000000000000000000000000000000000000000000000000000000000000000000000000000000000000000000000000000000000000000000000000000000000D3
:40ED40000000000000000000000000000000000000000000000000000000000000000000000000000000000000000000000000000000000000000000000000000000000093
:40ED80000000000000000000000000000000000000000000000000000000000000000000000000000000000000000000000000000000000000000000000000000000000053
:40EDC0000000000000000000000000000000000000000000000000000000000000000000000000000000000000000000000000000000000000000000000000000000000013
:40EE000000000000000000000000000000000000000000000000000000000000000000000000000000000000000000000000000000000000000000000000000000000000D2
:40EE40000000000000000000000000000000000000000000000000000000000000000000000000000000000000000000000000000000000000000000000000000000000092
:40EE80000000000000000000000000000000000000000000000000000000000000000000000000000000000000000000000000000000000000000000000000000000000052
:40EEC0000000000000000000000000000000000000000000000000000000000000000000000000000000000000000000000000000000000000000000000000000000000012
:40EF000000000000000000000000000000000000000000000000000000000000000000000000000000000000000000000000000000000000000000000000000000000000D1
:40EF40000000000000000000000000000000000000000000000000000000000000000000000000000000000000000000000000000000000000000000000000000000000091
:40EF80000000000000000000000000000000000000000000000000000000000000000000000000000000000000000000000000000000000000000000000000000000000051
:40EFC0000000000000000000000000000000000000000000000000000000000000000000000000000000000000000000000000000000000000000000000000000000000011
:40F0000000000000000000000000000000000000000000000000000000000000000000000000000000000000000000000000000000000000000000000000000000000000D0
:40F040000000000000000000000000000000000000000000000000000000000000000000000000000000000000000000000000000000000000000000000000000000000090
:40F080000000000000000000000000000000000000000000000000000000000000000000000000000000000000000000000000000000000000000000000000000000000050
:40F0C0000000000000000000000000000000000000000000000000000000000000000000000000000000000000000000000000000000000000000000000000000000000010
:40F1000000000000000000000000000000000000000000000000000000000000000000000000000000000000000000000000000000000000000000000000000000000000CF
:40F14000000000000000000000000000000000000000000000000000000000000000000000000000000000000000000000000000000000000000000000000000000000008F
:40F18000000000000000000000000000000000000000000000000000000000000000000000000000000000000000000000000000000000000000000000000000000000004F
:40F1C000000000000000000000000000000000000000000000000000000000000000000000000000000000000000000000000000000000000000000000000000000000000F
:40F2000000000000000000000000000000000000000000000000000000000000000000000000000000000000000000000000000000000000000000000000000000000000CE
:40F24000000000000000000000000000000000000000000000000000000000000000000000000000000000000000000000000000000000000000000000000000000000008E
:40F28000000000000000000000000000000000000000000000000000000000000000000000000000000000000000000000000000000000000000000000000000000000004E
:40F2C000000000000000000000000000000000000000000000000000000000000000000000000000000000000000000000000000000000000000000000000000000000000E
:40F3000000000000000000000000000000000000000000000000000000000000000000000000000000000000000000000000000000000000000000000000000000000000CD
:40F34000000000000000000000000000000000000000000000000000000000000000000000000000000000000000000000000000000000000000000000000000000000008D
:40F38000000000000000000000000000000000000000000000000000000000000000000000000000000000000000000000000000000000000000000000000000000000004D
:40F3C000000000000000000000000000000000000000000000000000000000000000000000000000000000000000000000000000000000000000000000000000000000000D
:40F4000000000000000000000000000000000000000000000000000000000000000000000000000000000000000000000000000000000000000000000000000000000000CC
:40F44000000000000000000000000000000000000000000000000000000000000000000000000000000000000000000000000000000000000000000000000000000000008C
:40F48000000000000000000000000000000000000000000000000000000000000000000000000000000000000000000000000000000000000000000000000000000000004C
:40F4C000000000000000000000000000000000000000000000000000000000000000000000000000000000000000000000000000000000000000000000000000000000000C
:40F5000000000000000000000000000000000000000000000000000000000000000000000000000000000000000000000000000000000000000000000000000000000000CB
:40F54000000000000000000000000000000000000000000000000000000000000000000000000000000000000000000000000000000000000000000000000000000000008B
:40F58000000000000000000000000000000000000000000000000000000000000000000000000000000000000000000000000000000000000000000000000000000000004B
:40F5C000000000000000000000000000000000000000000000000000000000000000000000000000000000000000000000000000000000000000000000000000000000000B
:40F6000000000000000000000000000000000000000000000000000000000000000000000000000000000000000000000000000000000000000000000000000000000000CA
:40F64000000000000000000000000000000000000000000000000000000000000000000000000000000000000000000000000000000000000000000000000000000000008A
:40F68000000000000000000000000000000000000000000000000000000000000000000000000000000000000000000000000000000000000000000000000000000000004A
:40F6C000000000000000000000000000000000000000000000000000000000000000000000000000000000000000000000000000000000000000000000000000000000000A
:40F7000000000000000000000000000000000000000000000000000000000000000000000000000000000000000000000000000000000000000000000000000000000000C9
:40F740000000000000000000000000000000000000000000000000000000000000000000000000000000000000000000000000000000000000000000000000000000000089
:40F780000000000000000000000000000000000000000000000000000000000000000000000000000000000000000000000000000000000000000000000000000000000049
:40F7C0000000000000000000000000000000000000000000000000000000000000000000000000000000000000000000000000000000000000000000000000000000000009
:40F8000000000000000000000000000000000000000000000000000000000000000000000000000000000000000000000000000000000000000000000000000000000000C8
:40F840000000000000000000000000000000000000000000000000000000000000000000000000000000000000000000000000000000000000000000000000000000000088
:40F880000000000000000000000000000000000000000000000000000000000000000000000000000000000000000000000000000000000000000000000000000000000048
:40F8C0000000000000000000000000000000000000000000000000000000000000000000000000000000000000000000000000000000000000000000000000000000000008
:40F9000000000000000000000000000000000000000000000000000000000000000000000000000000000000000000000000000000000000000000000000000000000000C7
:40F940000000000000000000000000000000000000000000000000000000000000000000000000000000000000000000000000000000000000000000000000000000000087
:40F980000000000000000000000000000000000000000000000000000000000000000000000000000000000000000000000000000000000000000000000000000000000047
:40F9C0000000000000000000000000000000000000000000000000000000000000000000000000000000000000000000000000000000000000000000000000000000000007
:40FA000000000000000000000000000000000000000000000000000000000000000000000000000000000000000000000000000000000000000000000000000000000000C6
:40FA40000000000000000000000000000000000000000000000000000000000000000000000000000000000000000000000000000000000000000000000000000000000086
:40FA80000000000000000000000000000000000000000000000000000000000000000000000000000000000000000000000000000000000000000000000000000000000046
:40FAC0000000000000000000000000000000000000000000000000000000000000000000000000000000000000000000000000000000000000000000000000000000000006
:40FB000000000000000000000000000000000000000000000000000000000000000000000000000000000000000000000000000000000000000000000000000000000000C5
:40FB40000000000000000000000000000000000000000000000000000000000000000000000000000000000000000000000000000000000000000000000000000000000085
:40FB80000000000000000000000000000000000000000000000000000000000000000000000000000000000000000000000000000000000000000000000000000000000045
:40FBC0000000000000000000000000000000000000000000000000000000000000000000000000000000000000000000000000000000000000000000000000000000000005
:40FC000000000000000000000000000000000000000000000000000000000000000000000000000000000000000000000000000000000000000000000000000000000000C4
:40FC40000000000000000000000000000000000000000000000000000000000000000000000000000000000000000000000000000000000000000000000000000000000084
:40FC80000000000000000000000000000000000000000000000000000000000000000000000000000000000000000000000000000000000000000000000000000000000044
:40FCC0000000000000000000000000000000000000000000000000000000000000000000000000000000000000000000000000000000000000000000000000000000000004
:40FD000000000000000000000000000000000000000000000000000000000000000000000000000000000000000000000000000000000000000000000000000000000000C3
:40FD40000000000000000000000000000000000000000000000000000000000000000000000000000000000000000000000000000000000000000000000000000000000083
:40FD80000000000000000000000000000000000000000000000000000000000000000000000000000000000000000000000000000000000000000000000000000000000043
:40FDC0000000000000000000000000000000000000000000000000000000000000000000000000000000000000000000000000000000000000000000000000000000000003
:40FE000000000000000000000000000000000000000000000000000000000000000000000000000000000000000000000000000000000000000000000000000000000000C2
:40FE40000000000000000000000000000000000000000000000000000000000000000000000000000000000000000000000000000000000000000000000000000000000082
:40FE80000000000000000000000000000000000000000000000000000000000000000000000000000000000000000000000000000000000000000000000000000000000042
:40FEC0000000000000000000000000000000000000000000000000000000000000000000000000000000000000000000000000000000000000000000000000000000000002
:40FF000000000000000000000000000000000000000000000000000000000000000000000000000000000000000000000000000000000000000000000000000000000000C1
:40FF40000000000000000000000000000000000000000000000000000000000000000000000000000000000000000000000000000000000000000000000000000000000081
:40FF80000000000000000000000000000000000000000000000000000000000000000000000000000000000000000000000000000000000000000000000000000000000041
:40FFC0000000000000000000000000000000000000000000000000000000000000000000000000000000000000000000000000000000000000000000000000000000000001
:0200000490303A
:02000000DFB26D
:0200000490402A
:4000000000000000000000000000000000000000000000000000000000000000000000000000000000000000000000000000000000000000000000000000000000000000C0
:400040000000000000000000000000000000000000000000000000000000000000000000000000000000000000000000000000000000000000000000000000000000000080
:0200000490501A
:0C00000000021A1711AA00011A99F15C05
:0200000490600A
:0100000001FE
:00000001FF