ARM GAS  C:\Users\ARTEM\AppData\Local\Temp\ccgJ8RXf.s 			page 1


   1              		.syntax unified
   2              		.cpu cortex-m0
   3              		.fpu softvfp
   4              		.eabi_attribute 20, 1
   5              		.eabi_attribute 21, 1
   6              		.eabi_attribute 23, 3
   7              		.eabi_attribute 24, 1
   8              		.eabi_attribute 25, 1
   9              		.eabi_attribute 26, 1
  10              		.eabi_attribute 30, 1
  11              		.eabi_attribute 34, 0
  12              		.eabi_attribute 18, 4
  13              		.thumb
  14              		.syntax unified
  15              		.file	"cyfitter_cfg.c"
  16              		.text
  17              	.Ltext0:
  18              		.cfi_sections	.debug_frame
  19              		.section	.text.cfg_write_bytes32,"ax",%progbits
  20              		.align	2
  21              		.code	16
  22              		.thumb_func
  23              		.type	cfg_write_bytes32, %function
  24              	cfg_write_bytes32:
  25              	.LFB5:
  26              		.file 1 "Generated_Source\\PSoC4\\cyfitter_cfg.c"
   1:Generated_Source\PSoC4/cyfitter_cfg.c **** 
   2:Generated_Source\PSoC4/cyfitter_cfg.c **** /*******************************************************************************
   3:Generated_Source\PSoC4/cyfitter_cfg.c **** * File Name: cyfitter_cfg.c
   4:Generated_Source\PSoC4/cyfitter_cfg.c **** * 
   5:Generated_Source\PSoC4/cyfitter_cfg.c **** * PSoC Creator  4.4
   6:Generated_Source\PSoC4/cyfitter_cfg.c **** *
   7:Generated_Source\PSoC4/cyfitter_cfg.c **** * Description:
   8:Generated_Source\PSoC4/cyfitter_cfg.c **** * This file contains device initialization code.
   9:Generated_Source\PSoC4/cyfitter_cfg.c **** * Except for the user defined sections in CyClockStartupError(), this file should not be modified.
  10:Generated_Source\PSoC4/cyfitter_cfg.c **** * This file is automatically generated by PSoC Creator.
  11:Generated_Source\PSoC4/cyfitter_cfg.c **** *
  12:Generated_Source\PSoC4/cyfitter_cfg.c **** ********************************************************************************
  13:Generated_Source\PSoC4/cyfitter_cfg.c **** * Copyright (c) 2007-2020 Cypress Semiconductor.  All rights reserved.
  14:Generated_Source\PSoC4/cyfitter_cfg.c **** * You may use this file only in accordance with the license, terms, conditions, 
  15:Generated_Source\PSoC4/cyfitter_cfg.c **** * disclaimers, and limitations in the end user license agreement accompanying 
  16:Generated_Source\PSoC4/cyfitter_cfg.c **** * the software package with which this file was provided.
  17:Generated_Source\PSoC4/cyfitter_cfg.c **** ********************************************************************************/
  18:Generated_Source\PSoC4/cyfitter_cfg.c **** 
  19:Generated_Source\PSoC4/cyfitter_cfg.c **** #include <string.h>
  20:Generated_Source\PSoC4/cyfitter_cfg.c **** #include "cytypes.h"
  21:Generated_Source\PSoC4/cyfitter_cfg.c **** #include "cydevice_trm.h"
  22:Generated_Source\PSoC4/cyfitter_cfg.c **** #include "cyfitter.h"
  23:Generated_Source\PSoC4/cyfitter_cfg.c **** #include "CyLib.h"
  24:Generated_Source\PSoC4/cyfitter_cfg.c **** #include "CyLFClk.h"
  25:Generated_Source\PSoC4/cyfitter_cfg.c **** #include "cyfitter_cfg.h"
  26:Generated_Source\PSoC4/cyfitter_cfg.c **** 
  27:Generated_Source\PSoC4/cyfitter_cfg.c **** 
  28:Generated_Source\PSoC4/cyfitter_cfg.c **** #if defined(__GNUC__) || defined(__ARMCC_VERSION)
  29:Generated_Source\PSoC4/cyfitter_cfg.c ****     #define CYPACKED 
  30:Generated_Source\PSoC4/cyfitter_cfg.c ****     #define CYPACKED_ATTR __attribute__ ((packed))
  31:Generated_Source\PSoC4/cyfitter_cfg.c ****     #define CYALIGNED __attribute__ ((aligned))
ARM GAS  C:\Users\ARTEM\AppData\Local\Temp\ccgJ8RXf.s 			page 2


  32:Generated_Source\PSoC4/cyfitter_cfg.c ****     #define CY_CFG_UNUSED __attribute__ ((unused))
  33:Generated_Source\PSoC4/cyfitter_cfg.c ****     #ifndef CY_CFG_SECTION
  34:Generated_Source\PSoC4/cyfitter_cfg.c ****         #define CY_CFG_SECTION __attribute__ ((section(".psocinit")))
  35:Generated_Source\PSoC4/cyfitter_cfg.c ****     #endif
  36:Generated_Source\PSoC4/cyfitter_cfg.c ****     
  37:Generated_Source\PSoC4/cyfitter_cfg.c ****     #if defined(__ARMCC_VERSION)
  38:Generated_Source\PSoC4/cyfitter_cfg.c ****         #define CY_CFG_MEMORY_BARRIER() __memory_changed()
  39:Generated_Source\PSoC4/cyfitter_cfg.c ****     #else
  40:Generated_Source\PSoC4/cyfitter_cfg.c ****         #define CY_CFG_MEMORY_BARRIER() __sync_synchronize()
  41:Generated_Source\PSoC4/cyfitter_cfg.c ****     #endif
  42:Generated_Source\PSoC4/cyfitter_cfg.c ****     
  43:Generated_Source\PSoC4/cyfitter_cfg.c **** #elif defined(__ICCARM__)
  44:Generated_Source\PSoC4/cyfitter_cfg.c ****     #include <intrinsics.h>
  45:Generated_Source\PSoC4/cyfitter_cfg.c **** 
  46:Generated_Source\PSoC4/cyfitter_cfg.c ****     #define CYPACKED __packed
  47:Generated_Source\PSoC4/cyfitter_cfg.c ****     #define CYPACKED_ATTR 
  48:Generated_Source\PSoC4/cyfitter_cfg.c ****     #define CYALIGNED _Pragma("data_alignment=4")
  49:Generated_Source\PSoC4/cyfitter_cfg.c ****     #define CY_CFG_UNUSED _Pragma("diag_suppress=Pe177")
  50:Generated_Source\PSoC4/cyfitter_cfg.c ****     #define CY_CFG_SECTION _Pragma("location=\".psocinit\"")
  51:Generated_Source\PSoC4/cyfitter_cfg.c ****     
  52:Generated_Source\PSoC4/cyfitter_cfg.c ****     #define CY_CFG_MEMORY_BARRIER() __DMB()
  53:Generated_Source\PSoC4/cyfitter_cfg.c ****     
  54:Generated_Source\PSoC4/cyfitter_cfg.c **** #else
  55:Generated_Source\PSoC4/cyfitter_cfg.c ****     #error Unsupported toolchain
  56:Generated_Source\PSoC4/cyfitter_cfg.c **** #endif
  57:Generated_Source\PSoC4/cyfitter_cfg.c **** 
  58:Generated_Source\PSoC4/cyfitter_cfg.c **** #ifndef CYCODE
  59:Generated_Source\PSoC4/cyfitter_cfg.c ****     #define CYCODE
  60:Generated_Source\PSoC4/cyfitter_cfg.c **** #endif
  61:Generated_Source\PSoC4/cyfitter_cfg.c **** #ifndef CYDATA
  62:Generated_Source\PSoC4/cyfitter_cfg.c ****     #define CYDATA
  63:Generated_Source\PSoC4/cyfitter_cfg.c **** #endif
  64:Generated_Source\PSoC4/cyfitter_cfg.c **** #ifndef CYFAR
  65:Generated_Source\PSoC4/cyfitter_cfg.c ****     #define CYFAR
  66:Generated_Source\PSoC4/cyfitter_cfg.c **** #endif
  67:Generated_Source\PSoC4/cyfitter_cfg.c **** #ifndef CYXDATA
  68:Generated_Source\PSoC4/cyfitter_cfg.c ****     #define CYXDATA
  69:Generated_Source\PSoC4/cyfitter_cfg.c **** #endif
  70:Generated_Source\PSoC4/cyfitter_cfg.c **** 
  71:Generated_Source\PSoC4/cyfitter_cfg.c **** 
  72:Generated_Source\PSoC4/cyfitter_cfg.c **** CY_CFG_UNUSED
  73:Generated_Source\PSoC4/cyfitter_cfg.c **** static void CYMEMZERO(void *s, size_t n);
  74:Generated_Source\PSoC4/cyfitter_cfg.c **** CY_CFG_UNUSED
  75:Generated_Source\PSoC4/cyfitter_cfg.c **** static void CYMEMZERO(void *s, size_t n)
  76:Generated_Source\PSoC4/cyfitter_cfg.c **** {
  77:Generated_Source\PSoC4/cyfitter_cfg.c **** 	(void)memset(s, 0, n);
  78:Generated_Source\PSoC4/cyfitter_cfg.c **** }
  79:Generated_Source\PSoC4/cyfitter_cfg.c **** CY_CFG_UNUSED
  80:Generated_Source\PSoC4/cyfitter_cfg.c **** static void CYCONFIGCPY(void *dest, const void *src, size_t n);
  81:Generated_Source\PSoC4/cyfitter_cfg.c **** CY_CFG_UNUSED
  82:Generated_Source\PSoC4/cyfitter_cfg.c **** static void CYCONFIGCPY(void *dest, const void *src, size_t n)
  83:Generated_Source\PSoC4/cyfitter_cfg.c **** {
  84:Generated_Source\PSoC4/cyfitter_cfg.c **** 	(void)memcpy(dest, src, n);
  85:Generated_Source\PSoC4/cyfitter_cfg.c **** }
  86:Generated_Source\PSoC4/cyfitter_cfg.c **** CY_CFG_UNUSED
  87:Generated_Source\PSoC4/cyfitter_cfg.c **** static void CYCONFIGCPYCODE(void *dest, const void *src, size_t n);
  88:Generated_Source\PSoC4/cyfitter_cfg.c **** CY_CFG_UNUSED
ARM GAS  C:\Users\ARTEM\AppData\Local\Temp\ccgJ8RXf.s 			page 3


  89:Generated_Source\PSoC4/cyfitter_cfg.c **** static void CYCONFIGCPYCODE(void *dest, const void *src, size_t n)
  90:Generated_Source\PSoC4/cyfitter_cfg.c **** {
  91:Generated_Source\PSoC4/cyfitter_cfg.c **** 	(void)memcpy(dest, src, n);
  92:Generated_Source\PSoC4/cyfitter_cfg.c **** }
  93:Generated_Source\PSoC4/cyfitter_cfg.c **** 
  94:Generated_Source\PSoC4/cyfitter_cfg.c **** 
  95:Generated_Source\PSoC4/cyfitter_cfg.c **** 
  96:Generated_Source\PSoC4/cyfitter_cfg.c **** 
  97:Generated_Source\PSoC4/cyfitter_cfg.c **** /* Clock startup error codes                                                   */
  98:Generated_Source\PSoC4/cyfitter_cfg.c **** #define CYCLOCKSTART_NO_ERROR    0u
  99:Generated_Source\PSoC4/cyfitter_cfg.c **** #define CYCLOCKSTART_XTAL_ERROR  1u
 100:Generated_Source\PSoC4/cyfitter_cfg.c **** #define CYCLOCKSTART_32KHZ_ERROR 2u
 101:Generated_Source\PSoC4/cyfitter_cfg.c **** #define CYCLOCKSTART_PLL_ERROR   3u
 102:Generated_Source\PSoC4/cyfitter_cfg.c **** #define CYCLOCKSTART_FLL_ERROR   4u
 103:Generated_Source\PSoC4/cyfitter_cfg.c **** #define CYCLOCKSTART_WCO_ERROR   5u
 104:Generated_Source\PSoC4/cyfitter_cfg.c **** 
 105:Generated_Source\PSoC4/cyfitter_cfg.c **** 
 106:Generated_Source\PSoC4/cyfitter_cfg.c **** #ifdef CY_NEED_CYCLOCKSTARTUPERROR
 107:Generated_Source\PSoC4/cyfitter_cfg.c **** /*******************************************************************************
 108:Generated_Source\PSoC4/cyfitter_cfg.c **** * Function Name: CyClockStartupError
 109:Generated_Source\PSoC4/cyfitter_cfg.c **** ********************************************************************************
 110:Generated_Source\PSoC4/cyfitter_cfg.c **** * Summary:
 111:Generated_Source\PSoC4/cyfitter_cfg.c **** *  If an error is encountered during clock configuration (crystal startup error,
 112:Generated_Source\PSoC4/cyfitter_cfg.c **** *  PLL lock error, etc.), the system will end up here.  Unless reimplemented by
 113:Generated_Source\PSoC4/cyfitter_cfg.c **** *  the customer, this function will stop in an infinite loop.
 114:Generated_Source\PSoC4/cyfitter_cfg.c **** *
 115:Generated_Source\PSoC4/cyfitter_cfg.c **** * Parameters:
 116:Generated_Source\PSoC4/cyfitter_cfg.c **** *   void
 117:Generated_Source\PSoC4/cyfitter_cfg.c **** *
 118:Generated_Source\PSoC4/cyfitter_cfg.c **** * Return:
 119:Generated_Source\PSoC4/cyfitter_cfg.c **** *   void
 120:Generated_Source\PSoC4/cyfitter_cfg.c **** *
 121:Generated_Source\PSoC4/cyfitter_cfg.c **** *******************************************************************************/
 122:Generated_Source\PSoC4/cyfitter_cfg.c **** CY_CFG_UNUSED
 123:Generated_Source\PSoC4/cyfitter_cfg.c **** static void CyClockStartupError(uint8 errorCode);
 124:Generated_Source\PSoC4/cyfitter_cfg.c **** CY_CFG_UNUSED
 125:Generated_Source\PSoC4/cyfitter_cfg.c **** static void CyClockStartupError(uint8 errorCode)
 126:Generated_Source\PSoC4/cyfitter_cfg.c **** {
 127:Generated_Source\PSoC4/cyfitter_cfg.c ****     /* To remove the compiler warning if errorCode not used.                */
 128:Generated_Source\PSoC4/cyfitter_cfg.c ****     errorCode = errorCode;
 129:Generated_Source\PSoC4/cyfitter_cfg.c **** 
 130:Generated_Source\PSoC4/cyfitter_cfg.c ****     /* If we have a clock startup error (bad MHz crystal, PLL lock, etc.),  */
 131:Generated_Source\PSoC4/cyfitter_cfg.c ****     /* we will end up here to allow the customer to implement something to  */
 132:Generated_Source\PSoC4/cyfitter_cfg.c ****     /* deal with the clock condition.                                       */
 133:Generated_Source\PSoC4/cyfitter_cfg.c **** 
 134:Generated_Source\PSoC4/cyfitter_cfg.c **** #ifdef CY_CFG_CLOCK_STARTUP_ERROR_CALLBACK
 135:Generated_Source\PSoC4/cyfitter_cfg.c ****     CY_CFG_Clock_Startup_ErrorCallback();
 136:Generated_Source\PSoC4/cyfitter_cfg.c **** #else
 137:Generated_Source\PSoC4/cyfitter_cfg.c ****     /*  If not using CY_CFG_CLOCK_STARTUP_ERROR_CALLBACK, place your clock startup code here. */
 138:Generated_Source\PSoC4/cyfitter_cfg.c ****     /* `#START CyClockStartupError` */
 139:Generated_Source\PSoC4/cyfitter_cfg.c **** 
 140:Generated_Source\PSoC4/cyfitter_cfg.c **** 
 141:Generated_Source\PSoC4/cyfitter_cfg.c **** 
 142:Generated_Source\PSoC4/cyfitter_cfg.c ****     /* `#END` */
 143:Generated_Source\PSoC4/cyfitter_cfg.c **** 
 144:Generated_Source\PSoC4/cyfitter_cfg.c ****     while(1) {}
 145:Generated_Source\PSoC4/cyfitter_cfg.c **** #endif /* CY_CFG_CLOCK_STARTUP_ERROR_CALLBACK */
ARM GAS  C:\Users\ARTEM\AppData\Local\Temp\ccgJ8RXf.s 			page 4


 146:Generated_Source\PSoC4/cyfitter_cfg.c **** }
 147:Generated_Source\PSoC4/cyfitter_cfg.c **** #endif
 148:Generated_Source\PSoC4/cyfitter_cfg.c **** 
 149:Generated_Source\PSoC4/cyfitter_cfg.c **** #define CY_CFG_BASE_ADDR_COUNT 10u
 150:Generated_Source\PSoC4/cyfitter_cfg.c **** CYPACKED typedef struct
 151:Generated_Source\PSoC4/cyfitter_cfg.c **** {
 152:Generated_Source\PSoC4/cyfitter_cfg.c **** 	uint8 offset;
 153:Generated_Source\PSoC4/cyfitter_cfg.c **** 	uint8 value;
 154:Generated_Source\PSoC4/cyfitter_cfg.c **** } CYPACKED_ATTR cy_cfg_addrvalue_t;
 155:Generated_Source\PSoC4/cyfitter_cfg.c **** 
 156:Generated_Source\PSoC4/cyfitter_cfg.c **** 
 157:Generated_Source\PSoC4/cyfitter_cfg.c **** 
 158:Generated_Source\PSoC4/cyfitter_cfg.c **** /*******************************************************************************
 159:Generated_Source\PSoC4/cyfitter_cfg.c **** * Function Name: cfg_write_bytes32
 160:Generated_Source\PSoC4/cyfitter_cfg.c **** ********************************************************************************
 161:Generated_Source\PSoC4/cyfitter_cfg.c **** * Summary:
 162:Generated_Source\PSoC4/cyfitter_cfg.c **** *  This function is used for setting up the chip configuration areas that
 163:Generated_Source\PSoC4/cyfitter_cfg.c **** *  contain relatively sparse data.
 164:Generated_Source\PSoC4/cyfitter_cfg.c **** *
 165:Generated_Source\PSoC4/cyfitter_cfg.c **** * Parameters:
 166:Generated_Source\PSoC4/cyfitter_cfg.c **** *   void
 167:Generated_Source\PSoC4/cyfitter_cfg.c **** *
 168:Generated_Source\PSoC4/cyfitter_cfg.c **** * Return:
 169:Generated_Source\PSoC4/cyfitter_cfg.c **** *   void
 170:Generated_Source\PSoC4/cyfitter_cfg.c **** *
 171:Generated_Source\PSoC4/cyfitter_cfg.c **** *******************************************************************************/
 172:Generated_Source\PSoC4/cyfitter_cfg.c **** static void cfg_write_bytes32(const uint32 addr_table[], const cy_cfg_addrvalue_t data_table[]);
 173:Generated_Source\PSoC4/cyfitter_cfg.c **** static void cfg_write_bytes32(const uint32 addr_table[], const cy_cfg_addrvalue_t data_table[])
 174:Generated_Source\PSoC4/cyfitter_cfg.c **** {
  27              		.loc 1 174 0
  28              		.cfi_startproc
  29              		@ args = 0, pretend = 0, frame = 0
  30              		@ frame_needed = 0, uses_anonymous_args = 0
  31              	.LVL0:
  32 0000 F0B5     		push	{r4, r5, r6, r7, lr}
  33              		.cfi_def_cfa_offset 20
  34              		.cfi_offset 4, -20
  35              		.cfi_offset 5, -16
  36              		.cfi_offset 6, -12
  37              		.cfi_offset 7, -8
  38              		.cfi_offset 14, -4
  39              	.LVL1:
 175:Generated_Source\PSoC4/cyfitter_cfg.c **** 	/* For 32-bit little-endian architectures */
 176:Generated_Source\PSoC4/cyfitter_cfg.c **** 	uint32 i, j = 0u;
  40              		.loc 1 176 0
  41 0002 0025     		movs	r5, #0
 177:Generated_Source\PSoC4/cyfitter_cfg.c **** 	for (i = 0u; i < CY_CFG_BASE_ADDR_COUNT; i++)
  42              		.loc 1 177 0
  43 0004 0027     		movs	r7, #0
  44 0006 11E0     		b	.L2
  45              	.LVL2:
  46              	.L5:
  47              	.LBB2:
 178:Generated_Source\PSoC4/cyfitter_cfg.c **** 	{
 179:Generated_Source\PSoC4/cyfitter_cfg.c **** 		uint32 baseAddr = addr_table[i];
  48              		.loc 1 179 0
  49 0008 BB00     		lsls	r3, r7, #2
ARM GAS  C:\Users\ARTEM\AppData\Local\Temp\ccgJ8RXf.s 			page 5


  50 000a C658     		ldr	r6, [r0, r3]
  51              	.LVL3:
 180:Generated_Source\PSoC4/cyfitter_cfg.c **** 		uint8 count = (uint8)baseAddr;
  52              		.loc 1 180 0
  53 000c F3B2     		uxtb	r3, r6
  54              	.LVL4:
 181:Generated_Source\PSoC4/cyfitter_cfg.c **** 		baseAddr &= 0xFFFFFF00u;
  55              		.loc 1 181 0
  56 000e FF22     		movs	r2, #255
  57 0010 9643     		bics	r6, r2
  58              	.LVL5:
 182:Generated_Source\PSoC4/cyfitter_cfg.c **** 		while (count != 0u)
  59              		.loc 1 182 0
  60 0012 08E0     		b	.L3
  61              	.L4:
 183:Generated_Source\PSoC4/cyfitter_cfg.c **** 		{
 184:Generated_Source\PSoC4/cyfitter_cfg.c **** 			CY_SET_REG8((void *)(baseAddr + data_table[j].offset), data_table[j].value);
  62              		.loc 1 184 0
  63 0014 6A00     		lsls	r2, r5, #1
  64 0016 8A18     		adds	r2, r1, r2
  65 0018 1478     		ldrb	r4, [r2]
  66 001a A419     		adds	r4, r4, r6
  67 001c 5278     		ldrb	r2, [r2, #1]
  68 001e 2270     		strb	r2, [r4]
 185:Generated_Source\PSoC4/cyfitter_cfg.c **** 			j++;
  69              		.loc 1 185 0
  70 0020 0135     		adds	r5, r5, #1
  71              	.LVL6:
 186:Generated_Source\PSoC4/cyfitter_cfg.c **** 			count--;
  72              		.loc 1 186 0
  73 0022 013B     		subs	r3, r3, #1
  74              	.LVL7:
  75 0024 DBB2     		uxtb	r3, r3
  76              	.LVL8:
  77              	.L3:
 182:Generated_Source\PSoC4/cyfitter_cfg.c **** 		{
  78              		.loc 1 182 0
  79 0026 002B     		cmp	r3, #0
  80 0028 F4D1     		bne	.L4
  81              	.LBE2:
 177:Generated_Source\PSoC4/cyfitter_cfg.c **** 	{
  82              		.loc 1 177 0 discriminator 2
  83 002a 0137     		adds	r7, r7, #1
  84              	.LVL9:
  85              	.L2:
 177:Generated_Source\PSoC4/cyfitter_cfg.c **** 	{
  86              		.loc 1 177 0 is_stmt 0 discriminator 1
  87 002c 092F     		cmp	r7, #9
  88 002e EBD9     		bls	.L5
 187:Generated_Source\PSoC4/cyfitter_cfg.c **** 		}
 188:Generated_Source\PSoC4/cyfitter_cfg.c **** 	}
 189:Generated_Source\PSoC4/cyfitter_cfg.c **** }
  89              		.loc 1 189 0 is_stmt 1
  90              		@ sp needed
  91              	.LVL10:
  92              	.LVL11:
  93 0030 F0BD     		pop	{r4, r5, r6, r7, pc}
ARM GAS  C:\Users\ARTEM\AppData\Local\Temp\ccgJ8RXf.s 			page 6


  94              		.cfi_endproc
  95              	.LFE5:
  96              		.size	cfg_write_bytes32, .-cfg_write_bytes32
  97 0032 C046     		.section	.text.CYMEMZERO,"ax",%progbits
  98              		.align	2
  99              		.code	16
 100              		.thumb_func
 101              		.type	CYMEMZERO, %function
 102              	CYMEMZERO:
 103              	.LFB2:
  76:Generated_Source\PSoC4/cyfitter_cfg.c **** 	(void)memset(s, 0, n);
 104              		.loc 1 76 0
 105              		.cfi_startproc
 106              		@ args = 0, pretend = 0, frame = 0
 107              		@ frame_needed = 0, uses_anonymous_args = 0
 108              	.LVL12:
 109 0000 10B5     		push	{r4, lr}
 110              		.cfi_def_cfa_offset 8
 111              		.cfi_offset 4, -8
 112              		.cfi_offset 14, -4
 113 0002 0A00     		movs	r2, r1
  77:Generated_Source\PSoC4/cyfitter_cfg.c **** }
 114              		.loc 1 77 0
 115 0004 0021     		movs	r1, #0
 116              	.LVL13:
 117 0006 FFF7FEFF 		bl	memset
 118              	.LVL14:
  78:Generated_Source\PSoC4/cyfitter_cfg.c **** CY_CFG_UNUSED
 119              		.loc 1 78 0
 120              		@ sp needed
 121 000a 10BD     		pop	{r4, pc}
 122              		.cfi_endproc
 123              	.LFE2:
 124              		.size	CYMEMZERO, .-CYMEMZERO
 125              		.section	.psocinit,"ax",%progbits
 126              		.align	2
 127              		.code	16
 128              		.thumb_func
 129              		.type	ClockSetup, %function
 130              	ClockSetup:
 131              	.LFB6:
 190:Generated_Source\PSoC4/cyfitter_cfg.c **** 
 191:Generated_Source\PSoC4/cyfitter_cfg.c **** 
 192:Generated_Source\PSoC4/cyfitter_cfg.c **** /*******************************************************************************
 193:Generated_Source\PSoC4/cyfitter_cfg.c **** * Function Name: ClockSetup
 194:Generated_Source\PSoC4/cyfitter_cfg.c **** ********************************************************************************
 195:Generated_Source\PSoC4/cyfitter_cfg.c **** *
 196:Generated_Source\PSoC4/cyfitter_cfg.c **** * Summary:
 197:Generated_Source\PSoC4/cyfitter_cfg.c **** *   Performs the initialization of all of the clocks in the device based on the
 198:Generated_Source\PSoC4/cyfitter_cfg.c **** *   settings in the Clock tab of the DWR.  This includes enabling the requested
 199:Generated_Source\PSoC4/cyfitter_cfg.c **** *   clocks and setting the necessary dividers to produce the desired frequency. 
 200:Generated_Source\PSoC4/cyfitter_cfg.c **** *
 201:Generated_Source\PSoC4/cyfitter_cfg.c **** * Parameters:
 202:Generated_Source\PSoC4/cyfitter_cfg.c **** *   void
 203:Generated_Source\PSoC4/cyfitter_cfg.c **** *
 204:Generated_Source\PSoC4/cyfitter_cfg.c **** * Return:
 205:Generated_Source\PSoC4/cyfitter_cfg.c **** *   void
ARM GAS  C:\Users\ARTEM\AppData\Local\Temp\ccgJ8RXf.s 			page 7


 206:Generated_Source\PSoC4/cyfitter_cfg.c **** *
 207:Generated_Source\PSoC4/cyfitter_cfg.c **** *******************************************************************************/
 208:Generated_Source\PSoC4/cyfitter_cfg.c **** static void ClockSetup(void);
 209:Generated_Source\PSoC4/cyfitter_cfg.c **** CY_CFG_SECTION
 210:Generated_Source\PSoC4/cyfitter_cfg.c **** static void ClockSetup(void)
 211:Generated_Source\PSoC4/cyfitter_cfg.c **** {
 132              		.loc 1 211 0
 133              		.cfi_startproc
 134              		@ args = 0, pretend = 0, frame = 0
 135              		@ frame_needed = 0, uses_anonymous_args = 0
 136 0000 70B5     		push	{r4, r5, r6, lr}
 137              		.cfi_def_cfa_offset 16
 138              		.cfi_offset 4, -16
 139              		.cfi_offset 5, -12
 140              		.cfi_offset 6, -8
 141              		.cfi_offset 14, -4
 212:Generated_Source\PSoC4/cyfitter_cfg.c **** 
 213:Generated_Source\PSoC4/cyfitter_cfg.c **** 	/* Set Flash Cycles based on max possible frequency in case a glitch occurs during ClockSetup(). *
 214:Generated_Source\PSoC4/cyfitter_cfg.c **** 	CY_SET_REG32((void CYXDATA *)(CYREG_CPUSS_FLASH_CTL), (0x0012u));
 142              		.loc 1 214 0
 143 0002 1222     		movs	r2, #18
 144 0004 2F4B     		ldr	r3, .L8
 145 0006 1A60     		str	r2, [r3]
 215:Generated_Source\PSoC4/cyfitter_cfg.c **** 
 216:Generated_Source\PSoC4/cyfitter_cfg.c **** 	/* Start the WCO */
 217:Generated_Source\PSoC4/cyfitter_cfg.c **** 	CySysClkWcoStart();
 146              		.loc 1 217 0
 147 0008 FFF7FEFF 		bl	CySysClkWcoStart
 148              	.LVL15:
 218:Generated_Source\PSoC4/cyfitter_cfg.c **** 	CyDelayCycles(12000000u); /* WCO may take up to 500ms to start */
 149              		.loc 1 218 0
 150 000c 2E48     		ldr	r0, .L8+4
 151 000e FFF7FEFF 		bl	CyDelayCycles
 152              	.LVL16:
 219:Generated_Source\PSoC4/cyfitter_cfg.c **** 	(void)CySysClkWcoSetPowerMode(CY_SYS_CLK_WCO_LPM);    /* Switch to the low power mode */
 153              		.loc 1 219 0
 154 0012 0120     		movs	r0, #1
 155 0014 FFF7FEFF 		bl	CySysClkWcoSetPowerMode
 156              	.LVL17:
 220:Generated_Source\PSoC4/cyfitter_cfg.c **** 
 221:Generated_Source\PSoC4/cyfitter_cfg.c **** 	/* Setup and trim IMO based on desired frequency. */
 222:Generated_Source\PSoC4/cyfitter_cfg.c **** 	CySysClkWriteImoFreq(48u);
 157              		.loc 1 222 0
 158 0018 3020     		movs	r0, #48
 159 001a FFF7FEFF 		bl	CySysClkWriteImoFreq
 160              	.LVL18:
 223:Generated_Source\PSoC4/cyfitter_cfg.c **** 	/* CYDEV_CLK_ILO_CONFIG Starting address: CYDEV_CLK_ILO_CONFIG */
 224:Generated_Source\PSoC4/cyfitter_cfg.c **** 	CY_SET_REG32((void *)(CYREG_CLK_ILO_CONFIG), 0x80000006u);
 161              		.loc 1 224 0
 162 001e 2B4A     		ldr	r2, .L8+8
 163 0020 2B4B     		ldr	r3, .L8+12
 164 0022 1A60     		str	r2, [r3]
 225:Generated_Source\PSoC4/cyfitter_cfg.c **** 
 226:Generated_Source\PSoC4/cyfitter_cfg.c **** 	/* CYDEV_WDT_CONFIG Starting address: CYDEV_WDT_CONFIG */
 227:Generated_Source\PSoC4/cyfitter_cfg.c **** 	CY_SET_REG32((void *)(CYREG_WDT_CONFIG), 0x40000000u);
 165              		.loc 1 227 0
 166 0024 2B4C     		ldr	r4, .L8+16
ARM GAS  C:\Users\ARTEM\AppData\Local\Temp\ccgJ8RXf.s 			page 8


 167 0026 8025     		movs	r5, #128
 168 0028 ED05     		lsls	r5, r5, #23
 169 002a 2560     		str	r5, [r4]
 228:Generated_Source\PSoC4/cyfitter_cfg.c **** 
 229:Generated_Source\PSoC4/cyfitter_cfg.c **** 
 230:Generated_Source\PSoC4/cyfitter_cfg.c **** 	/* Enable fast start mode for XO */
 231:Generated_Source\PSoC4/cyfitter_cfg.c **** 	CY_SET_REG32((void*)CYREG_BLE_BLERD_BB_XO, CY_GET_REG32((void*)CYREG_BLE_BLERD_BB_XO) | (uint32)0x
 170              		.loc 1 231 0
 171 002c 2A4A     		ldr	r2, .L8+20
 172 002e 1168     		ldr	r1, [r2]
 173 0030 0223     		movs	r3, #2
 174 0032 0B43     		orrs	r3, r1
 175 0034 1360     		str	r3, [r2]
 232:Generated_Source\PSoC4/cyfitter_cfg.c **** 	CY_SET_REG32((void *)(CYREG_BLE_BLERD_BB_XO_CAPTRIM), 0x00003E2Du);
 176              		.loc 1 232 0
 177 0036 294A     		ldr	r2, .L8+24
 178 0038 294B     		ldr	r3, .L8+28
 179 003a 1A60     		str	r2, [r3]
 233:Generated_Source\PSoC4/cyfitter_cfg.c **** 	/*Set XTAL(ECO) divider*/
 234:Generated_Source\PSoC4/cyfitter_cfg.c **** 	CY_SET_REG32((void *)(CYREG_BLE_BLESS_XTAL_CLK_DIV_CONFIG), 0x00000000u);
 180              		.loc 1 234 0
 181 003c 0022     		movs	r2, #0
 182 003e 294B     		ldr	r3, .L8+32
 183 0040 1A60     		str	r2, [r3]
 235:Generated_Source\PSoC4/cyfitter_cfg.c **** 	/* Disable Crystal Stable Interrupt before enabling ECO */
 236:Generated_Source\PSoC4/cyfitter_cfg.c **** 	CY_SET_REG32((void*)CYREG_BLE_BLESS_LL_DSM_CTRL, CY_GET_REG32((void*)CYREG_BLE_BLESS_LL_DSM_CTRL) 
 184              		.loc 1 236 0
 185 0042 294A     		ldr	r2, .L8+36
 186 0044 1368     		ldr	r3, [r2]
 187 0046 0821     		movs	r1, #8
 188 0048 8B43     		bics	r3, r1
 189 004a 1360     		str	r3, [r2]
 237:Generated_Source\PSoC4/cyfitter_cfg.c **** 	/* Start the ECO and do not check status since it is not needed for HFCLK */
 238:Generated_Source\PSoC4/cyfitter_cfg.c **** 	(void)CySysClkEcoStart(2000u);
 190              		.loc 1 238 0
 191 004c FA20     		movs	r0, #250
 192 004e C000     		lsls	r0, r0, #3
 193 0050 FFF7FEFF 		bl	CySysClkEcoStart
 194              	.LVL19:
 239:Generated_Source\PSoC4/cyfitter_cfg.c **** 	CyDelayUs(1500u); /* Wait to stabilize */
 195              		.loc 1 239 0
 196 0054 2548     		ldr	r0, .L8+40
 197 0056 FFF7FEFF 		bl	CyDelayUs
 198              	.LVL20:
 240:Generated_Source\PSoC4/cyfitter_cfg.c **** 
 241:Generated_Source\PSoC4/cyfitter_cfg.c **** 	/* Setup phase aligned clocks */
 242:Generated_Source\PSoC4/cyfitter_cfg.c **** 	CY_SET_REG32((void *)CYREG_PERI_DIV_16_CTL1, 0x00000400u);
 199              		.loc 1 242 0
 200 005a 8022     		movs	r2, #128
 201 005c D200     		lsls	r2, r2, #3
 202 005e 244B     		ldr	r3, .L8+44
 203 0060 1A60     		str	r2, [r3]
 243:Generated_Source\PSoC4/cyfitter_cfg.c **** 	CY_SET_REG32((void *)CYREG_PERI_DIV_CMD, 0x8000FF41u);
 204              		.loc 1 243 0
 205 0062 244B     		ldr	r3, .L8+48
 206 0064 2449     		ldr	r1, .L8+52
 207 0066 1960     		str	r1, [r3]
ARM GAS  C:\Users\ARTEM\AppData\Local\Temp\ccgJ8RXf.s 			page 9


 244:Generated_Source\PSoC4/cyfitter_cfg.c **** 	CY_SET_REG32((void *)CYREG_PERI_DIV_16_CTL0, 0x00000400u);
 208              		.loc 1 244 0
 209 0068 2449     		ldr	r1, .L8+56
 210 006a 0A60     		str	r2, [r1]
 245:Generated_Source\PSoC4/cyfitter_cfg.c **** 	CY_SET_REG32((void *)CYREG_PERI_DIV_CMD, 0x8000FF40u);
 211              		.loc 1 245 0
 212 006c 244A     		ldr	r2, .L8+60
 213 006e 1A60     		str	r2, [r3]
 246:Generated_Source\PSoC4/cyfitter_cfg.c **** 	CY_SET_REG32((void *)CYREG_PERI_DIV_16_CTL2, 0x00001D00u);
 214              		.loc 1 246 0
 215 0070 E821     		movs	r1, #232
 216 0072 4901     		lsls	r1, r1, #5
 217 0074 234A     		ldr	r2, .L8+64
 218 0076 1160     		str	r1, [r2]
 247:Generated_Source\PSoC4/cyfitter_cfg.c **** 	CY_SET_REG32((void *)CYREG_PERI_DIV_CMD, 0x8000FF42u);
 219              		.loc 1 247 0
 220 0078 234A     		ldr	r2, .L8+68
 221 007a 1A60     		str	r2, [r3]
 248:Generated_Source\PSoC4/cyfitter_cfg.c **** 	CY_SET_REG32((void *)CYREG_PERI_DIV_16_CTL3, 0x00002200u);
 222              		.loc 1 248 0
 223 007c 8821     		movs	r1, #136
 224 007e 8901     		lsls	r1, r1, #6
 225 0080 224A     		ldr	r2, .L8+72
 226 0082 1160     		str	r1, [r2]
 249:Generated_Source\PSoC4/cyfitter_cfg.c **** 	CY_SET_REG32((void *)CYREG_PERI_DIV_CMD, 0x8000FF43u);
 227              		.loc 1 249 0
 228 0084 224A     		ldr	r2, .L8+76
 229 0086 1A60     		str	r2, [r3]
 250:Generated_Source\PSoC4/cyfitter_cfg.c **** 
 251:Generated_Source\PSoC4/cyfitter_cfg.c **** 	/* CYDEV_CLK_IMO_CONFIG Starting address: CYDEV_CLK_IMO_CONFIG */
 252:Generated_Source\PSoC4/cyfitter_cfg.c **** 	CY_SET_REG32((void *)(CYREG_CLK_IMO_CONFIG), 0x82000000u);
 230              		.loc 1 252 0
 231 0088 8222     		movs	r2, #130
 232 008a 1206     		lsls	r2, r2, #24
 233 008c 214B     		ldr	r3, .L8+80
 234 008e 1A60     		str	r2, [r3]
 253:Generated_Source\PSoC4/cyfitter_cfg.c **** 
 254:Generated_Source\PSoC4/cyfitter_cfg.c **** 	/* CYDEV_CLK_SELECT Starting address: CYDEV_CLK_SELECT */
 255:Generated_Source\PSoC4/cyfitter_cfg.c **** 	CY_SET_REG32((void *)(CYREG_CLK_SELECT), 0x00040000u);
 235              		.loc 1 255 0
 236 0090 8022     		movs	r2, #128
 237 0092 D202     		lsls	r2, r2, #11
 238 0094 204B     		ldr	r3, .L8+84
 239 0096 1A60     		str	r2, [r3]
 256:Generated_Source\PSoC4/cyfitter_cfg.c **** 
 257:Generated_Source\PSoC4/cyfitter_cfg.c **** 	/* CYDEV_PERI_PCLK_CTL10 Starting address: CYDEV_PERI_PCLK_CTL10 */
 258:Generated_Source\PSoC4/cyfitter_cfg.c **** 	CY_SET_REG32((void *)(CYREG_PERI_PCLK_CTL10), 0x00000041u);
 240              		.loc 1 258 0
 241 0098 4122     		movs	r2, #65
 242 009a 204B     		ldr	r3, .L8+88
 243 009c 1A60     		str	r2, [r3]
 259:Generated_Source\PSoC4/cyfitter_cfg.c **** 
 260:Generated_Source\PSoC4/cyfitter_cfg.c **** 	/* CYDEV_PERI_PCLK_CTL7 Starting address: CYDEV_PERI_PCLK_CTL7 */
 261:Generated_Source\PSoC4/cyfitter_cfg.c **** 	CY_SET_REG32((void *)(CYREG_PERI_PCLK_CTL7), 0x00000040u);
 244              		.loc 1 261 0
 245 009e 013A     		subs	r2, r2, #1
 246 00a0 1F4B     		ldr	r3, .L8+92
ARM GAS  C:\Users\ARTEM\AppData\Local\Temp\ccgJ8RXf.s 			page 10


 247 00a2 1A60     		str	r2, [r3]
 262:Generated_Source\PSoC4/cyfitter_cfg.c **** 
 263:Generated_Source\PSoC4/cyfitter_cfg.c **** 	/* CYDEV_PERI_PCLK_CTL6 Starting address: CYDEV_PERI_PCLK_CTL6 */
 264:Generated_Source\PSoC4/cyfitter_cfg.c **** 	CY_SET_REG32((void *)(CYREG_PERI_PCLK_CTL6), 0x00000042u);
 248              		.loc 1 264 0
 249 00a4 0232     		adds	r2, r2, #2
 250 00a6 1F4B     		ldr	r3, .L8+96
 251 00a8 1A60     		str	r2, [r3]
 265:Generated_Source\PSoC4/cyfitter_cfg.c **** 
 266:Generated_Source\PSoC4/cyfitter_cfg.c **** 	/* CYDEV_PERI_PCLK_CTL1 Starting address: CYDEV_PERI_PCLK_CTL1 */
 267:Generated_Source\PSoC4/cyfitter_cfg.c **** 	CY_SET_REG32((void *)(CYREG_PERI_PCLK_CTL1), 0x00000043u);
 252              		.loc 1 267 0
 253 00aa 0132     		adds	r2, r2, #1
 254 00ac 1E4B     		ldr	r3, .L8+100
 255 00ae 1A60     		str	r2, [r3]
 268:Generated_Source\PSoC4/cyfitter_cfg.c **** 
 269:Generated_Source\PSoC4/cyfitter_cfg.c **** 	(void)CyIntSetVector(8u, &CySysWdtIsr);
 256              		.loc 1 269 0
 257 00b0 1E49     		ldr	r1, .L8+104
 258 00b2 0820     		movs	r0, #8
 259 00b4 FFF7FEFF 		bl	CyIntSetVector
 260              	.LVL21:
 270:Generated_Source\PSoC4/cyfitter_cfg.c **** 	CyIntEnable(8u);
 261              		.loc 1 270 0
 262 00b8 0820     		movs	r0, #8
 263 00ba FFF7FEFF 		bl	CyIntEnable
 264              	.LVL22:
 271:Generated_Source\PSoC4/cyfitter_cfg.c **** 	CY_SET_REG32((void *)(CYREG_WDT_CONFIG), 0x40000000u);
 265              		.loc 1 271 0
 266 00be 2560     		str	r5, [r4]
 272:Generated_Source\PSoC4/cyfitter_cfg.c **** }
 267              		.loc 1 272 0
 268              		@ sp needed
 269 00c0 70BD     		pop	{r4, r5, r6, pc}
 270              	.L9:
 271 00c2 C046     		.align	2
 272              	.L8:
 273 00c4 30001040 		.word	1074790448
 274 00c8 001BB700 		.word	12000000
 275 00cc 06000080 		.word	-2147483642
 276 00d0 04010B40 		.word	1074462980
 277 00d4 0C020B40 		.word	1074463244
 278 00d8 78002E40 		.word	1076756600
 279 00dc 2D3E0000 		.word	15917
 280 00e0 7C002E40 		.word	1076756604
 281 00e4 64F02E40 		.word	1076818020
 282 00e8 6CF02E40 		.word	1076818028
 283 00ec DC050000 		.word	1500
 284 00f0 04030140 		.word	1073808132
 285 00f4 00000140 		.word	1073807360
 286 00f8 41FF0080 		.word	-2147418303
 287 00fc 00030140 		.word	1073808128
 288 0100 40FF0080 		.word	-2147418304
 289 0104 08030140 		.word	1073808136
 290 0108 42FF0080 		.word	-2147418302
 291 010c 0C030140 		.word	1073808140
 292 0110 43FF0080 		.word	-2147418301
ARM GAS  C:\Users\ARTEM\AppData\Local\Temp\ccgJ8RXf.s 			page 11


 293 0114 08010B40 		.word	1074462984
 294 0118 00010B40 		.word	1074462976
 295 011c 28010140 		.word	1073807656
 296 0120 1C010140 		.word	1073807644
 297 0124 18010140 		.word	1073807640
 298 0128 04010140 		.word	1073807620
 299 012c 00000000 		.word	CySysWdtIsr
 300              		.cfi_endproc
 301              	.LFE6:
 302              		.size	ClockSetup, .-ClockSetup
 303              		.section	.text.SetAnalogRoutingPumps,"ax",%progbits
 304              		.align	2
 305              		.global	SetAnalogRoutingPumps
 306              		.code	16
 307              		.thumb_func
 308              		.type	SetAnalogRoutingPumps, %function
 309              	SetAnalogRoutingPumps:
 310              	.LFB8:
 273:Generated_Source\PSoC4/cyfitter_cfg.c **** 
 274:Generated_Source\PSoC4/cyfitter_cfg.c **** 
 275:Generated_Source\PSoC4/cyfitter_cfg.c **** /* Analog API Functions */
 276:Generated_Source\PSoC4/cyfitter_cfg.c **** 
 277:Generated_Source\PSoC4/cyfitter_cfg.c **** 
 278:Generated_Source\PSoC4/cyfitter_cfg.c **** /*******************************************************************************
 279:Generated_Source\PSoC4/cyfitter_cfg.c **** * Function Name: AnalogSetDefault
 280:Generated_Source\PSoC4/cyfitter_cfg.c **** ********************************************************************************
 281:Generated_Source\PSoC4/cyfitter_cfg.c **** *
 282:Generated_Source\PSoC4/cyfitter_cfg.c **** * Summary:
 283:Generated_Source\PSoC4/cyfitter_cfg.c **** *  Sets up the analog portions of the chip to default values based on chip
 284:Generated_Source\PSoC4/cyfitter_cfg.c **** *  configuration options from the project.
 285:Generated_Source\PSoC4/cyfitter_cfg.c **** *
 286:Generated_Source\PSoC4/cyfitter_cfg.c **** * Parameters:
 287:Generated_Source\PSoC4/cyfitter_cfg.c **** *  void
 288:Generated_Source\PSoC4/cyfitter_cfg.c **** *
 289:Generated_Source\PSoC4/cyfitter_cfg.c **** * Return:
 290:Generated_Source\PSoC4/cyfitter_cfg.c **** *  void
 291:Generated_Source\PSoC4/cyfitter_cfg.c **** *
 292:Generated_Source\PSoC4/cyfitter_cfg.c **** *******************************************************************************/
 293:Generated_Source\PSoC4/cyfitter_cfg.c **** static void AnalogSetDefault(void);
 294:Generated_Source\PSoC4/cyfitter_cfg.c **** static void AnalogSetDefault(void)
 295:Generated_Source\PSoC4/cyfitter_cfg.c **** {
 296:Generated_Source\PSoC4/cyfitter_cfg.c **** 	CY_SET_XTND_REG32((void CYFAR *)CYREG_HSIOM_AMUX_SPLIT_CTL2, 0x00000003u);
 297:Generated_Source\PSoC4/cyfitter_cfg.c **** 	CY_SET_XTND_REG32((void CYFAR *)CYREG_CTBM0_DFT_CTRL, 0x00000003u);
 298:Generated_Source\PSoC4/cyfitter_cfg.c **** 	CY_SET_XTND_REG32((void CYFAR *)CYREG_CTBM1_DFT_CTRL, 0x00000003u);
 299:Generated_Source\PSoC4/cyfitter_cfg.c **** 	CY_SET_XTND_REG32((void CYFAR *)CYREG_SAR_CTRL, 0x80000000u);
 300:Generated_Source\PSoC4/cyfitter_cfg.c **** 	CY_SET_XTND_REG32((void CYFAR *)CYREG_SAR_MUX_SWITCH0, 0x00040000u);
 301:Generated_Source\PSoC4/cyfitter_cfg.c **** 	CY_SET_XTND_REG32((void CYFAR *)CYREG_PASS_DSAB_DSAB_CTRL, 0x00000000u);
 302:Generated_Source\PSoC4/cyfitter_cfg.c **** 	SetAnalogRoutingPumps(1);
 303:Generated_Source\PSoC4/cyfitter_cfg.c **** }
 304:Generated_Source\PSoC4/cyfitter_cfg.c **** 
 305:Generated_Source\PSoC4/cyfitter_cfg.c **** 
 306:Generated_Source\PSoC4/cyfitter_cfg.c **** /*******************************************************************************
 307:Generated_Source\PSoC4/cyfitter_cfg.c **** * Function Name: SetAnalogRoutingPumps
 308:Generated_Source\PSoC4/cyfitter_cfg.c **** ********************************************************************************
 309:Generated_Source\PSoC4/cyfitter_cfg.c **** *
 310:Generated_Source\PSoC4/cyfitter_cfg.c **** * Summary:
 311:Generated_Source\PSoC4/cyfitter_cfg.c **** * Enables or disables the analog pumps feeding analog routing switches.
ARM GAS  C:\Users\ARTEM\AppData\Local\Temp\ccgJ8RXf.s 			page 12


 312:Generated_Source\PSoC4/cyfitter_cfg.c **** * Intended to be called at startup, based on the Vdda system configuration;
 313:Generated_Source\PSoC4/cyfitter_cfg.c **** * may be called during operation when the user informs us that the Vdda voltage crossed the pump th
 314:Generated_Source\PSoC4/cyfitter_cfg.c **** *
 315:Generated_Source\PSoC4/cyfitter_cfg.c **** * Parameters:
 316:Generated_Source\PSoC4/cyfitter_cfg.c **** *  enabled - 1 to enable the pumps, 0 to disable the pumps
 317:Generated_Source\PSoC4/cyfitter_cfg.c **** *
 318:Generated_Source\PSoC4/cyfitter_cfg.c **** * Return:
 319:Generated_Source\PSoC4/cyfitter_cfg.c **** *  void
 320:Generated_Source\PSoC4/cyfitter_cfg.c **** *
 321:Generated_Source\PSoC4/cyfitter_cfg.c **** *******************************************************************************/
 322:Generated_Source\PSoC4/cyfitter_cfg.c **** void SetAnalogRoutingPumps(uint8 enabled)
 323:Generated_Source\PSoC4/cyfitter_cfg.c **** {
 311              		.loc 1 323 0
 312              		.cfi_startproc
 313              		@ args = 0, pretend = 0, frame = 0
 314              		@ frame_needed = 0, uses_anonymous_args = 0
 315              		@ link register save eliminated.
 316              	.LVL23:
 324:Generated_Source\PSoC4/cyfitter_cfg.c **** 	uint32 regValue = CY_GET_XTND_REG32((void *)(CYREG_SAR_PUMP_CTRL));
 317              		.loc 1 324 0
 318 0000 064B     		ldr	r3, .L13
 319 0002 1B68     		ldr	r3, [r3]
 320              	.LVL24:
 325:Generated_Source\PSoC4/cyfitter_cfg.c **** 	if (enabled != 0u)
 321              		.loc 1 325 0
 322 0004 0028     		cmp	r0, #0
 323 0006 03D0     		beq	.L11
 326:Generated_Source\PSoC4/cyfitter_cfg.c **** 	{
 327:Generated_Source\PSoC4/cyfitter_cfg.c **** 		regValue |= 0x80000000u;
 324              		.loc 1 327 0
 325 0008 8022     		movs	r2, #128
 326 000a 1206     		lsls	r2, r2, #24
 327 000c 1343     		orrs	r3, r2
 328              	.LVL25:
 329 000e 01E0     		b	.L12
 330              	.L11:
 328:Generated_Source\PSoC4/cyfitter_cfg.c **** 	}
 329:Generated_Source\PSoC4/cyfitter_cfg.c **** 	else
 330:Generated_Source\PSoC4/cyfitter_cfg.c **** 	{
 331:Generated_Source\PSoC4/cyfitter_cfg.c **** 		regValue &= ~0x80000000u;
 331              		.loc 1 331 0
 332 0010 5B00     		lsls	r3, r3, #1
 333              	.LVL26:
 334 0012 5B08     		lsrs	r3, r3, #1
 335              	.LVL27:
 336              	.L12:
 332:Generated_Source\PSoC4/cyfitter_cfg.c **** 	}
 333:Generated_Source\PSoC4/cyfitter_cfg.c **** 	CY_SET_XTND_REG32((void *)(CYREG_SAR_PUMP_CTRL), regValue);
 337              		.loc 1 333 0
 338 0014 014A     		ldr	r2, .L13
 339 0016 1360     		str	r3, [r2]
 334:Generated_Source\PSoC4/cyfitter_cfg.c **** }
 340              		.loc 1 334 0
 341              		@ sp needed
 342 0018 7047     		bx	lr
 343              	.L14:
 344 001a C046     		.align	2
ARM GAS  C:\Users\ARTEM\AppData\Local\Temp\ccgJ8RXf.s 			page 13


 345              	.L13:
 346 001c 80033A40 		.word	1077543808
 347              		.cfi_endproc
 348              	.LFE8:
 349              		.size	SetAnalogRoutingPumps, .-SetAnalogRoutingPumps
 350              		.section	.text.AnalogSetDefault,"ax",%progbits
 351              		.align	2
 352              		.code	16
 353              		.thumb_func
 354              		.type	AnalogSetDefault, %function
 355              	AnalogSetDefault:
 356              	.LFB7:
 295:Generated_Source\PSoC4/cyfitter_cfg.c **** 	CY_SET_XTND_REG32((void CYFAR *)CYREG_HSIOM_AMUX_SPLIT_CTL2, 0x00000003u);
 357              		.loc 1 295 0
 358              		.cfi_startproc
 359              		@ args = 0, pretend = 0, frame = 0
 360              		@ frame_needed = 0, uses_anonymous_args = 0
 361 0000 10B5     		push	{r4, lr}
 362              		.cfi_def_cfa_offset 8
 363              		.cfi_offset 4, -8
 364              		.cfi_offset 14, -4
 296:Generated_Source\PSoC4/cyfitter_cfg.c **** 	CY_SET_XTND_REG32((void CYFAR *)CYREG_CTBM0_DFT_CTRL, 0x00000003u);
 365              		.loc 1 296 0
 366 0002 0323     		movs	r3, #3
 367 0004 0A4A     		ldr	r2, .L16
 368 0006 1360     		str	r3, [r2]
 297:Generated_Source\PSoC4/cyfitter_cfg.c **** 	CY_SET_XTND_REG32((void CYFAR *)CYREG_CTBM1_DFT_CTRL, 0x00000003u);
 369              		.loc 1 297 0
 370 0008 0A4A     		ldr	r2, .L16+4
 371 000a 1360     		str	r3, [r2]
 298:Generated_Source\PSoC4/cyfitter_cfg.c **** 	CY_SET_XTND_REG32((void CYFAR *)CYREG_SAR_CTRL, 0x80000000u);
 372              		.loc 1 298 0
 373 000c 0A4A     		ldr	r2, .L16+8
 374 000e 1360     		str	r3, [r2]
 299:Generated_Source\PSoC4/cyfitter_cfg.c **** 	CY_SET_XTND_REG32((void CYFAR *)CYREG_SAR_MUX_SWITCH0, 0x00040000u);
 375              		.loc 1 299 0
 376 0010 8022     		movs	r2, #128
 377 0012 1206     		lsls	r2, r2, #24
 378 0014 094B     		ldr	r3, .L16+12
 379 0016 1A60     		str	r2, [r3]
 300:Generated_Source\PSoC4/cyfitter_cfg.c **** 	CY_SET_XTND_REG32((void CYFAR *)CYREG_PASS_DSAB_DSAB_CTRL, 0x00000000u);
 380              		.loc 1 300 0
 381 0018 8022     		movs	r2, #128
 382 001a D202     		lsls	r2, r2, #11
 383 001c 084B     		ldr	r3, .L16+16
 384 001e 1A60     		str	r2, [r3]
 301:Generated_Source\PSoC4/cyfitter_cfg.c **** 	SetAnalogRoutingPumps(1);
 385              		.loc 1 301 0
 386 0020 0022     		movs	r2, #0
 387 0022 084B     		ldr	r3, .L16+20
 388 0024 1A60     		str	r2, [r3]
 302:Generated_Source\PSoC4/cyfitter_cfg.c **** }
 389              		.loc 1 302 0
 390 0026 0120     		movs	r0, #1
 391 0028 FFF7FEFF 		bl	SetAnalogRoutingPumps
 392              	.LVL28:
 303:Generated_Source\PSoC4/cyfitter_cfg.c **** 
ARM GAS  C:\Users\ARTEM\AppData\Local\Temp\ccgJ8RXf.s 			page 14


 393              		.loc 1 303 0
 394              		@ sp needed
 395 002c 10BD     		pop	{r4, pc}
 396              	.L17:
 397 002e C046     		.align	2
 398              	.L16:
 399 0030 08210240 		.word	1073881352
 400 0034 30003040 		.word	1076887600
 401 0038 30003140 		.word	1076953136
 402 003c 00003A40 		.word	1077542912
 403 0040 00033A40 		.word	1077543680
 404 0044 000E3F40 		.word	1077874176
 405              		.cfi_endproc
 406              	.LFE7:
 407              		.size	AnalogSetDefault, .-AnalogSetDefault
 408              		.section	.psocinit
 409              		.align	2
 410              		.global	cyfitter_cfg
 411              		.code	16
 412              		.thumb_func
 413              		.type	cyfitter_cfg, %function
 414              	cyfitter_cfg:
 415              	.LFB9:
 335:Generated_Source\PSoC4/cyfitter_cfg.c **** 
 336:Generated_Source\PSoC4/cyfitter_cfg.c **** 
 337:Generated_Source\PSoC4/cyfitter_cfg.c **** 
 338:Generated_Source\PSoC4/cyfitter_cfg.c **** 
 339:Generated_Source\PSoC4/cyfitter_cfg.c **** /*******************************************************************************
 340:Generated_Source\PSoC4/cyfitter_cfg.c **** * Function Name: cyfitter_cfg
 341:Generated_Source\PSoC4/cyfitter_cfg.c **** ********************************************************************************
 342:Generated_Source\PSoC4/cyfitter_cfg.c **** * Summary:
 343:Generated_Source\PSoC4/cyfitter_cfg.c **** *  This function is called by the start-up code for the selected device. It
 344:Generated_Source\PSoC4/cyfitter_cfg.c **** *  performs all of the necessary device configuration based on the design
 345:Generated_Source\PSoC4/cyfitter_cfg.c **** *  settings.  This includes settings from the Design Wide Resources (DWR) such
 346:Generated_Source\PSoC4/cyfitter_cfg.c **** *  as Clocks and Pins as well as any component configuration that is necessary.
 347:Generated_Source\PSoC4/cyfitter_cfg.c **** *
 348:Generated_Source\PSoC4/cyfitter_cfg.c **** * Parameters:
 349:Generated_Source\PSoC4/cyfitter_cfg.c **** *   void
 350:Generated_Source\PSoC4/cyfitter_cfg.c **** *
 351:Generated_Source\PSoC4/cyfitter_cfg.c **** * Return:
 352:Generated_Source\PSoC4/cyfitter_cfg.c **** *   void
 353:Generated_Source\PSoC4/cyfitter_cfg.c **** *
 354:Generated_Source\PSoC4/cyfitter_cfg.c **** *******************************************************************************/
 355:Generated_Source\PSoC4/cyfitter_cfg.c **** CY_CFG_SECTION
 356:Generated_Source\PSoC4/cyfitter_cfg.c **** void cyfitter_cfg(void)
 357:Generated_Source\PSoC4/cyfitter_cfg.c **** {
 416              		.loc 1 357 0
 417              		.cfi_startproc
 418              		@ args = 0, pretend = 0, frame = 0
 419              		@ frame_needed = 0, uses_anonymous_args = 0
 420 0130 10B5     		push	{r4, lr}
 421              		.cfi_def_cfa_offset 8
 422              		.cfi_offset 4, -8
 423              		.cfi_offset 14, -4
 358:Generated_Source\PSoC4/cyfitter_cfg.c **** 	/* Disable interrupts by default. Let user enable if/when they want. */
 359:Generated_Source\PSoC4/cyfitter_cfg.c **** 	CyGlobalIntDisable;
 424              		.loc 1 359 0
ARM GAS  C:\Users\ARTEM\AppData\Local\Temp\ccgJ8RXf.s 			page 15


 425              		.syntax divided
 426              	@ 359 "Generated_Source\PSoC4\cyfitter_cfg.c" 1
 427 0132 72B6     		CPSID   i
 428              	@ 0 "" 2
 360:Generated_Source\PSoC4/cyfitter_cfg.c **** 
 361:Generated_Source\PSoC4/cyfitter_cfg.c **** 	CY_SET_REG32((void *)(CYREG_BLE_BLESS_LL_DSM_CTRL), 0x00000000u);
 429              		.loc 1 361 0
 430              		.thumb
 431              		.syntax unified
 432 0134 0022     		movs	r2, #0
 433 0136 3B4B     		ldr	r3, .L21
 434 0138 1A60     		str	r2, [r3]
 362:Generated_Source\PSoC4/cyfitter_cfg.c **** 
 363:Generated_Source\PSoC4/cyfitter_cfg.c **** 	/* Enable the clock in the interrupt controller for the routed interrupts */
 364:Generated_Source\PSoC4/cyfitter_cfg.c **** 	CY_SET_REG8((void *)CYREG_UDB_UDBIF_INT_CLK_CTL, 0x01u);
 435              		.loc 1 364 0
 436 013a 0132     		adds	r2, r2, #1
 437 013c 3A4B     		ldr	r3, .L21+4
 438 013e 1A70     		strb	r2, [r3]
 439              	.LVL29:
 440              	.LBB3:
 365:Generated_Source\PSoC4/cyfitter_cfg.c **** 	{
 366:Generated_Source\PSoC4/cyfitter_cfg.c **** 		static const uint32 CYCODE cy_cfg_addr_table[] = {
 367:Generated_Source\PSoC4/cyfitter_cfg.c **** 			0x400F0005u, /* Base address: 0x400F0000 Count: 5 */
 368:Generated_Source\PSoC4/cyfitter_cfg.c **** 			0x400F3046u, /* Base address: 0x400F3000 Count: 70 */
 369:Generated_Source\PSoC4/cyfitter_cfg.c **** 			0x400F312Au, /* Base address: 0x400F3100 Count: 42 */
 370:Generated_Source\PSoC4/cyfitter_cfg.c **** 			0x400F3240u, /* Base address: 0x400F3200 Count: 64 */
 371:Generated_Source\PSoC4/cyfitter_cfg.c **** 			0x400F3348u, /* Base address: 0x400F3300 Count: 72 */
 372:Generated_Source\PSoC4/cyfitter_cfg.c **** 			0x400F4006u, /* Base address: 0x400F4000 Count: 6 */
 373:Generated_Source\PSoC4/cyfitter_cfg.c **** 			0x400F410Bu, /* Base address: 0x400F4100 Count: 11 */
 374:Generated_Source\PSoC4/cyfitter_cfg.c **** 			0x400F420Cu, /* Base address: 0x400F4200 Count: 12 */
 375:Generated_Source\PSoC4/cyfitter_cfg.c **** 			0x400F4312u, /* Base address: 0x400F4300 Count: 18 */
 376:Generated_Source\PSoC4/cyfitter_cfg.c **** 			0x400F6002u, /* Base address: 0x400F6000 Count: 2 */
 377:Generated_Source\PSoC4/cyfitter_cfg.c **** 		};
 378:Generated_Source\PSoC4/cyfitter_cfg.c **** 
 379:Generated_Source\PSoC4/cyfitter_cfg.c **** 		static const cy_cfg_addrvalue_t CYCODE cy_cfg_data_table[] = {
 380:Generated_Source\PSoC4/cyfitter_cfg.c **** 			{0x01u, 0x18u},
 381:Generated_Source\PSoC4/cyfitter_cfg.c **** 			{0x11u, 0x18u},
 382:Generated_Source\PSoC4/cyfitter_cfg.c **** 			{0x21u, 0x14u},
 383:Generated_Source\PSoC4/cyfitter_cfg.c **** 			{0x31u, 0x0Cu},
 384:Generated_Source\PSoC4/cyfitter_cfg.c **** 			{0x73u, 0x0Fu},
 385:Generated_Source\PSoC4/cyfitter_cfg.c **** 			{0x09u, 0x02u},
 386:Generated_Source\PSoC4/cyfitter_cfg.c **** 			{0x11u, 0x04u},
 387:Generated_Source\PSoC4/cyfitter_cfg.c **** 			{0x16u, 0x03u},
 388:Generated_Source\PSoC4/cyfitter_cfg.c **** 			{0x1Au, 0x01u},
 389:Generated_Source\PSoC4/cyfitter_cfg.c **** 			{0x1Bu, 0x07u},
 390:Generated_Source\PSoC4/cyfitter_cfg.c **** 			{0x1Fu, 0x01u},
 391:Generated_Source\PSoC4/cyfitter_cfg.c **** 			{0x2Au, 0x02u},
 392:Generated_Source\PSoC4/cyfitter_cfg.c **** 			{0x31u, 0x04u},
 393:Generated_Source\PSoC4/cyfitter_cfg.c **** 			{0x33u, 0x01u},
 394:Generated_Source\PSoC4/cyfitter_cfg.c **** 			{0x34u, 0x02u},
 395:Generated_Source\PSoC4/cyfitter_cfg.c **** 			{0x35u, 0x02u},
 396:Generated_Source\PSoC4/cyfitter_cfg.c **** 			{0x36u, 0x01u},
 397:Generated_Source\PSoC4/cyfitter_cfg.c **** 			{0x3Eu, 0x50u},
 398:Generated_Source\PSoC4/cyfitter_cfg.c **** 			{0x3Fu, 0x15u},
 399:Generated_Source\PSoC4/cyfitter_cfg.c **** 			{0x58u, 0x04u},
 400:Generated_Source\PSoC4/cyfitter_cfg.c **** 			{0x59u, 0x04u},
ARM GAS  C:\Users\ARTEM\AppData\Local\Temp\ccgJ8RXf.s 			page 16


 401:Generated_Source\PSoC4/cyfitter_cfg.c **** 			{0x5Fu, 0x01u},
 402:Generated_Source\PSoC4/cyfitter_cfg.c **** 			{0x80u, 0x02u},
 403:Generated_Source\PSoC4/cyfitter_cfg.c **** 			{0x82u, 0x04u},
 404:Generated_Source\PSoC4/cyfitter_cfg.c **** 			{0x83u, 0x08u},
 405:Generated_Source\PSoC4/cyfitter_cfg.c **** 			{0x86u, 0x10u},
 406:Generated_Source\PSoC4/cyfitter_cfg.c **** 			{0x87u, 0x10u},
 407:Generated_Source\PSoC4/cyfitter_cfg.c **** 			{0x88u, 0x06u},
 408:Generated_Source\PSoC4/cyfitter_cfg.c **** 			{0x8Au, 0x38u},
 409:Generated_Source\PSoC4/cyfitter_cfg.c **** 			{0x8Eu, 0x01u},
 410:Generated_Source\PSoC4/cyfitter_cfg.c **** 			{0x8Fu, 0x10u},
 411:Generated_Source\PSoC4/cyfitter_cfg.c **** 			{0x94u, 0x08u},
 412:Generated_Source\PSoC4/cyfitter_cfg.c **** 			{0x96u, 0x26u},
 413:Generated_Source\PSoC4/cyfitter_cfg.c **** 			{0x98u, 0x02u},
 414:Generated_Source\PSoC4/cyfitter_cfg.c **** 			{0x9Bu, 0x06u},
 415:Generated_Source\PSoC4/cyfitter_cfg.c **** 			{0x9Cu, 0x04u},
 416:Generated_Source\PSoC4/cyfitter_cfg.c **** 			{0x9Du, 0x04u},
 417:Generated_Source\PSoC4/cyfitter_cfg.c **** 			{0xA0u, 0x01u},
 418:Generated_Source\PSoC4/cyfitter_cfg.c **** 			{0xA4u, 0x01u},
 419:Generated_Source\PSoC4/cyfitter_cfg.c **** 			{0xA5u, 0x03u},
 420:Generated_Source\PSoC4/cyfitter_cfg.c **** 			{0xA8u, 0x01u},
 421:Generated_Source\PSoC4/cyfitter_cfg.c **** 			{0xA9u, 0x01u},
 422:Generated_Source\PSoC4/cyfitter_cfg.c **** 			{0xABu, 0x08u},
 423:Generated_Source\PSoC4/cyfitter_cfg.c **** 			{0xACu, 0x01u},
 424:Generated_Source\PSoC4/cyfitter_cfg.c **** 			{0xAFu, 0x19u},
 425:Generated_Source\PSoC4/cyfitter_cfg.c **** 			{0xB0u, 0x0Eu},
 426:Generated_Source\PSoC4/cyfitter_cfg.c **** 			{0xB1u, 0x07u},
 427:Generated_Source\PSoC4/cyfitter_cfg.c **** 			{0xB2u, 0x18u},
 428:Generated_Source\PSoC4/cyfitter_cfg.c **** 			{0xB4u, 0x20u},
 429:Generated_Source\PSoC4/cyfitter_cfg.c **** 			{0xB5u, 0x08u},
 430:Generated_Source\PSoC4/cyfitter_cfg.c **** 			{0xB6u, 0x01u},
 431:Generated_Source\PSoC4/cyfitter_cfg.c **** 			{0xB7u, 0x10u},
 432:Generated_Source\PSoC4/cyfitter_cfg.c **** 			{0xB9u, 0x02u},
 433:Generated_Source\PSoC4/cyfitter_cfg.c **** 			{0xBEu, 0x40u},
 434:Generated_Source\PSoC4/cyfitter_cfg.c **** 			{0xBFu, 0x50u},
 435:Generated_Source\PSoC4/cyfitter_cfg.c **** 			{0xC0u, 0x15u},
 436:Generated_Source\PSoC4/cyfitter_cfg.c **** 			{0xC5u, 0x50u},
 437:Generated_Source\PSoC4/cyfitter_cfg.c **** 			{0xC6u, 0x12u},
 438:Generated_Source\PSoC4/cyfitter_cfg.c **** 			{0xC8u, 0x0Eu},
 439:Generated_Source\PSoC4/cyfitter_cfg.c **** 			{0xC9u, 0xFFu},
 440:Generated_Source\PSoC4/cyfitter_cfg.c **** 			{0xCAu, 0xFFu},
 441:Generated_Source\PSoC4/cyfitter_cfg.c **** 			{0xCBu, 0xFFu},
 442:Generated_Source\PSoC4/cyfitter_cfg.c **** 			{0xCDu, 0xA0u},
 443:Generated_Source\PSoC4/cyfitter_cfg.c **** 			{0xD8u, 0x04u},
 444:Generated_Source\PSoC4/cyfitter_cfg.c **** 			{0xD9u, 0x04u},
 445:Generated_Source\PSoC4/cyfitter_cfg.c **** 			{0xDAu, 0x04u},
 446:Generated_Source\PSoC4/cyfitter_cfg.c **** 			{0xDBu, 0x04u},
 447:Generated_Source\PSoC4/cyfitter_cfg.c **** 			{0xDCu, 0x99u},
 448:Generated_Source\PSoC4/cyfitter_cfg.c **** 			{0xDDu, 0x09u},
 449:Generated_Source\PSoC4/cyfitter_cfg.c **** 			{0xDFu, 0x01u},
 450:Generated_Source\PSoC4/cyfitter_cfg.c **** 			{0xE0u, 0x40u},
 451:Generated_Source\PSoC4/cyfitter_cfg.c **** 			{0xE1u, 0x40u},
 452:Generated_Source\PSoC4/cyfitter_cfg.c **** 			{0xE2u, 0xC0u},
 453:Generated_Source\PSoC4/cyfitter_cfg.c **** 			{0xE4u, 0xC0u},
 454:Generated_Source\PSoC4/cyfitter_cfg.c **** 			{0xE6u, 0xC0u},
 455:Generated_Source\PSoC4/cyfitter_cfg.c **** 			{0x04u, 0x40u},
 456:Generated_Source\PSoC4/cyfitter_cfg.c **** 			{0x05u, 0x14u},
 457:Generated_Source\PSoC4/cyfitter_cfg.c **** 			{0x06u, 0x80u},
ARM GAS  C:\Users\ARTEM\AppData\Local\Temp\ccgJ8RXf.s 			page 17


 458:Generated_Source\PSoC4/cyfitter_cfg.c **** 			{0x0Au, 0x28u},
 459:Generated_Source\PSoC4/cyfitter_cfg.c **** 			{0x0Du, 0x20u},
 460:Generated_Source\PSoC4/cyfitter_cfg.c **** 			{0x0Eu, 0x20u},
 461:Generated_Source\PSoC4/cyfitter_cfg.c **** 			{0x0Fu, 0x02u},
 462:Generated_Source\PSoC4/cyfitter_cfg.c **** 			{0x11u, 0x10u},
 463:Generated_Source\PSoC4/cyfitter_cfg.c **** 			{0x17u, 0x55u},
 464:Generated_Source\PSoC4/cyfitter_cfg.c **** 			{0x18u, 0x02u},
 465:Generated_Source\PSoC4/cyfitter_cfg.c **** 			{0x1Au, 0x04u},
 466:Generated_Source\PSoC4/cyfitter_cfg.c **** 			{0x1Cu, 0x48u},
 467:Generated_Source\PSoC4/cyfitter_cfg.c **** 			{0x1Du, 0x0Cu},
 468:Generated_Source\PSoC4/cyfitter_cfg.c **** 			{0x1Fu, 0x50u},
 469:Generated_Source\PSoC4/cyfitter_cfg.c **** 			{0x22u, 0x09u},
 470:Generated_Source\PSoC4/cyfitter_cfg.c **** 			{0x23u, 0x04u},
 471:Generated_Source\PSoC4/cyfitter_cfg.c **** 			{0x25u, 0x80u},
 472:Generated_Source\PSoC4/cyfitter_cfg.c **** 			{0x27u, 0x88u},
 473:Generated_Source\PSoC4/cyfitter_cfg.c **** 			{0x2Fu, 0x2Au},
 474:Generated_Source\PSoC4/cyfitter_cfg.c **** 			{0x30u, 0x82u},
 475:Generated_Source\PSoC4/cyfitter_cfg.c **** 			{0x32u, 0x10u},
 476:Generated_Source\PSoC4/cyfitter_cfg.c **** 			{0x36u, 0x10u},
 477:Generated_Source\PSoC4/cyfitter_cfg.c **** 			{0x37u, 0x80u},
 478:Generated_Source\PSoC4/cyfitter_cfg.c **** 			{0x39u, 0x10u},
 479:Generated_Source\PSoC4/cyfitter_cfg.c **** 			{0x3Cu, 0x88u},
 480:Generated_Source\PSoC4/cyfitter_cfg.c **** 			{0x3Eu, 0x01u},
 481:Generated_Source\PSoC4/cyfitter_cfg.c **** 			{0x47u, 0x80u},
 482:Generated_Source\PSoC4/cyfitter_cfg.c **** 			{0x4Fu, 0x82u},
 483:Generated_Source\PSoC4/cyfitter_cfg.c **** 			{0x55u, 0x20u},
 484:Generated_Source\PSoC4/cyfitter_cfg.c **** 			{0x56u, 0x40u},
 485:Generated_Source\PSoC4/cyfitter_cfg.c **** 			{0x57u, 0x40u},
 486:Generated_Source\PSoC4/cyfitter_cfg.c **** 			{0x6Fu, 0x55u},
 487:Generated_Source\PSoC4/cyfitter_cfg.c **** 			{0x81u, 0x80u},
 488:Generated_Source\PSoC4/cyfitter_cfg.c **** 			{0x8Eu, 0x10u},
 489:Generated_Source\PSoC4/cyfitter_cfg.c **** 			{0xC0u, 0xF0u},
 490:Generated_Source\PSoC4/cyfitter_cfg.c **** 			{0xC2u, 0xE6u},
 491:Generated_Source\PSoC4/cyfitter_cfg.c **** 			{0xC4u, 0xF2u},
 492:Generated_Source\PSoC4/cyfitter_cfg.c **** 			{0xCAu, 0x70u},
 493:Generated_Source\PSoC4/cyfitter_cfg.c **** 			{0xCCu, 0x3Du},
 494:Generated_Source\PSoC4/cyfitter_cfg.c **** 			{0xCEu, 0xD4u},
 495:Generated_Source\PSoC4/cyfitter_cfg.c **** 			{0xD0u, 0x10u},
 496:Generated_Source\PSoC4/cyfitter_cfg.c **** 			{0xD2u, 0x10u},
 497:Generated_Source\PSoC4/cyfitter_cfg.c **** 			{0x02u, 0x89u},
 498:Generated_Source\PSoC4/cyfitter_cfg.c **** 			{0x08u, 0x10u},
 499:Generated_Source\PSoC4/cyfitter_cfg.c **** 			{0x0Au, 0x02u},
 500:Generated_Source\PSoC4/cyfitter_cfg.c **** 			{0x0Eu, 0x21u},
 501:Generated_Source\PSoC4/cyfitter_cfg.c **** 			{0x0Fu, 0x57u},
 502:Generated_Source\PSoC4/cyfitter_cfg.c **** 			{0x11u, 0x02u},
 503:Generated_Source\PSoC4/cyfitter_cfg.c **** 			{0x13u, 0x20u},
 504:Generated_Source\PSoC4/cyfitter_cfg.c **** 			{0x14u, 0xA4u},
 505:Generated_Source\PSoC4/cyfitter_cfg.c **** 			{0x15u, 0x04u},
 506:Generated_Source\PSoC4/cyfitter_cfg.c **** 			{0x16u, 0x5Au},
 507:Generated_Source\PSoC4/cyfitter_cfg.c **** 			{0x17u, 0x90u},
 508:Generated_Source\PSoC4/cyfitter_cfg.c **** 			{0x18u, 0x6Du},
 509:Generated_Source\PSoC4/cyfitter_cfg.c **** 			{0x1Au, 0x12u},
 510:Generated_Source\PSoC4/cyfitter_cfg.c **** 			{0x1Bu, 0x08u},
 511:Generated_Source\PSoC4/cyfitter_cfg.c **** 			{0x1Eu, 0x49u},
 512:Generated_Source\PSoC4/cyfitter_cfg.c **** 			{0x22u, 0x49u},
 513:Generated_Source\PSoC4/cyfitter_cfg.c **** 			{0x25u, 0x57u},
 514:Generated_Source\PSoC4/cyfitter_cfg.c **** 			{0x26u, 0x49u},
ARM GAS  C:\Users\ARTEM\AppData\Local\Temp\ccgJ8RXf.s 			page 18


 515:Generated_Source\PSoC4/cyfitter_cfg.c **** 			{0x27u, 0x08u},
 516:Generated_Source\PSoC4/cyfitter_cfg.c **** 			{0x28u, 0x21u},
 517:Generated_Source\PSoC4/cyfitter_cfg.c **** 			{0x29u, 0xA0u},
 518:Generated_Source\PSoC4/cyfitter_cfg.c **** 			{0x2Bu, 0x5Fu},
 519:Generated_Source\PSoC4/cyfitter_cfg.c **** 			{0x2Du, 0x01u},
 520:Generated_Source\PSoC4/cyfitter_cfg.c **** 			{0x30u, 0xC0u},
 521:Generated_Source\PSoC4/cyfitter_cfg.c **** 			{0x32u, 0x07u},
 522:Generated_Source\PSoC4/cyfitter_cfg.c **** 			{0x33u, 0x0Fu},
 523:Generated_Source\PSoC4/cyfitter_cfg.c **** 			{0x34u, 0x38u},
 524:Generated_Source\PSoC4/cyfitter_cfg.c **** 			{0x35u, 0xC0u},
 525:Generated_Source\PSoC4/cyfitter_cfg.c **** 			{0x37u, 0x30u},
 526:Generated_Source\PSoC4/cyfitter_cfg.c **** 			{0x38u, 0x08u},
 527:Generated_Source\PSoC4/cyfitter_cfg.c **** 			{0x3Au, 0x02u},
 528:Generated_Source\PSoC4/cyfitter_cfg.c **** 			{0x3Bu, 0xA0u},
 529:Generated_Source\PSoC4/cyfitter_cfg.c **** 			{0x40u, 0x23u},
 530:Generated_Source\PSoC4/cyfitter_cfg.c **** 			{0x46u, 0x0Bu},
 531:Generated_Source\PSoC4/cyfitter_cfg.c **** 			{0x47u, 0xECu},
 532:Generated_Source\PSoC4/cyfitter_cfg.c **** 			{0x48u, 0x34u},
 533:Generated_Source\PSoC4/cyfitter_cfg.c **** 			{0x49u, 0xFFu},
 534:Generated_Source\PSoC4/cyfitter_cfg.c **** 			{0x4Au, 0xFFu},
 535:Generated_Source\PSoC4/cyfitter_cfg.c **** 			{0x4Bu, 0xFFu},
 536:Generated_Source\PSoC4/cyfitter_cfg.c **** 			{0x58u, 0x04u},
 537:Generated_Source\PSoC4/cyfitter_cfg.c **** 			{0x59u, 0x04u},
 538:Generated_Source\PSoC4/cyfitter_cfg.c **** 			{0x5Au, 0x04u},
 539:Generated_Source\PSoC4/cyfitter_cfg.c **** 			{0x5Bu, 0x04u},
 540:Generated_Source\PSoC4/cyfitter_cfg.c **** 			{0x5Cu, 0x99u},
 541:Generated_Source\PSoC4/cyfitter_cfg.c **** 			{0x5Du, 0x09u},
 542:Generated_Source\PSoC4/cyfitter_cfg.c **** 			{0x5Fu, 0x01u},
 543:Generated_Source\PSoC4/cyfitter_cfg.c **** 			{0x62u, 0xC0u},
 544:Generated_Source\PSoC4/cyfitter_cfg.c **** 			{0x64u, 0x40u},
 545:Generated_Source\PSoC4/cyfitter_cfg.c **** 			{0x65u, 0x01u},
 546:Generated_Source\PSoC4/cyfitter_cfg.c **** 			{0x95u, 0x01u},
 547:Generated_Source\PSoC4/cyfitter_cfg.c **** 			{0x96u, 0x06u},
 548:Generated_Source\PSoC4/cyfitter_cfg.c **** 			{0x9Bu, 0x01u},
 549:Generated_Source\PSoC4/cyfitter_cfg.c **** 			{0xA0u, 0x02u},
 550:Generated_Source\PSoC4/cyfitter_cfg.c **** 			{0xAEu, 0x04u},
 551:Generated_Source\PSoC4/cyfitter_cfg.c **** 			{0xB0u, 0x01u},
 552:Generated_Source\PSoC4/cyfitter_cfg.c **** 			{0xB2u, 0x04u},
 553:Generated_Source\PSoC4/cyfitter_cfg.c **** 			{0xB6u, 0x02u},
 554:Generated_Source\PSoC4/cyfitter_cfg.c **** 			{0xB7u, 0x01u},
 555:Generated_Source\PSoC4/cyfitter_cfg.c **** 			{0xBEu, 0x45u},
 556:Generated_Source\PSoC4/cyfitter_cfg.c **** 			{0xBFu, 0x40u},
 557:Generated_Source\PSoC4/cyfitter_cfg.c **** 			{0xD8u, 0x04u},
 558:Generated_Source\PSoC4/cyfitter_cfg.c **** 			{0xD9u, 0x04u},
 559:Generated_Source\PSoC4/cyfitter_cfg.c **** 			{0xDBu, 0x04u},
 560:Generated_Source\PSoC4/cyfitter_cfg.c **** 			{0xDFu, 0x01u},
 561:Generated_Source\PSoC4/cyfitter_cfg.c **** 			{0x05u, 0x01u},
 562:Generated_Source\PSoC4/cyfitter_cfg.c **** 			{0x06u, 0x01u},
 563:Generated_Source\PSoC4/cyfitter_cfg.c **** 			{0x07u, 0x09u},
 564:Generated_Source\PSoC4/cyfitter_cfg.c **** 			{0x0Au, 0x20u},
 565:Generated_Source\PSoC4/cyfitter_cfg.c **** 			{0x0Du, 0x80u},
 566:Generated_Source\PSoC4/cyfitter_cfg.c **** 			{0x0Eu, 0x28u},
 567:Generated_Source\PSoC4/cyfitter_cfg.c **** 			{0x10u, 0x82u},
 568:Generated_Source\PSoC4/cyfitter_cfg.c **** 			{0x16u, 0x48u},
 569:Generated_Source\PSoC4/cyfitter_cfg.c **** 			{0x17u, 0x04u},
 570:Generated_Source\PSoC4/cyfitter_cfg.c **** 			{0x18u, 0x11u},
 571:Generated_Source\PSoC4/cyfitter_cfg.c **** 			{0x1Au, 0x40u},
ARM GAS  C:\Users\ARTEM\AppData\Local\Temp\ccgJ8RXf.s 			page 19


 572:Generated_Source\PSoC4/cyfitter_cfg.c **** 			{0x1Du, 0x11u},
 573:Generated_Source\PSoC4/cyfitter_cfg.c **** 			{0x1Eu, 0x28u},
 574:Generated_Source\PSoC4/cyfitter_cfg.c **** 			{0x1Fu, 0x25u},
 575:Generated_Source\PSoC4/cyfitter_cfg.c **** 			{0x20u, 0x02u},
 576:Generated_Source\PSoC4/cyfitter_cfg.c **** 			{0x25u, 0x80u},
 577:Generated_Source\PSoC4/cyfitter_cfg.c **** 			{0x27u, 0x26u},
 578:Generated_Source\PSoC4/cyfitter_cfg.c **** 			{0x2Fu, 0x25u},
 579:Generated_Source\PSoC4/cyfitter_cfg.c **** 			{0x32u, 0x14u},
 580:Generated_Source\PSoC4/cyfitter_cfg.c **** 			{0x37u, 0x26u},
 581:Generated_Source\PSoC4/cyfitter_cfg.c **** 			{0x3Fu, 0x80u},
 582:Generated_Source\PSoC4/cyfitter_cfg.c **** 			{0x45u, 0x08u},
 583:Generated_Source\PSoC4/cyfitter_cfg.c **** 			{0x47u, 0x20u},
 584:Generated_Source\PSoC4/cyfitter_cfg.c **** 			{0x56u, 0x8Au},
 585:Generated_Source\PSoC4/cyfitter_cfg.c **** 			{0x57u, 0x08u},
 586:Generated_Source\PSoC4/cyfitter_cfg.c **** 			{0x5Cu, 0xA0u},
 587:Generated_Source\PSoC4/cyfitter_cfg.c **** 			{0x66u, 0x01u},
 588:Generated_Source\PSoC4/cyfitter_cfg.c **** 			{0x67u, 0x20u},
 589:Generated_Source\PSoC4/cyfitter_cfg.c **** 			{0x68u, 0x82u},
 590:Generated_Source\PSoC4/cyfitter_cfg.c **** 			{0x69u, 0x10u},
 591:Generated_Source\PSoC4/cyfitter_cfg.c **** 			{0x6Au, 0x08u},
 592:Generated_Source\PSoC4/cyfitter_cfg.c **** 			{0x6Eu, 0x01u},
 593:Generated_Source\PSoC4/cyfitter_cfg.c **** 			{0x6Fu, 0x03u},
 594:Generated_Source\PSoC4/cyfitter_cfg.c **** 			{0x74u, 0x40u},
 595:Generated_Source\PSoC4/cyfitter_cfg.c **** 			{0x77u, 0x08u},
 596:Generated_Source\PSoC4/cyfitter_cfg.c **** 			{0x80u, 0x20u},
 597:Generated_Source\PSoC4/cyfitter_cfg.c **** 			{0x82u, 0x02u},
 598:Generated_Source\PSoC4/cyfitter_cfg.c **** 			{0x84u, 0x81u},
 599:Generated_Source\PSoC4/cyfitter_cfg.c **** 			{0x86u, 0x0Cu},
 600:Generated_Source\PSoC4/cyfitter_cfg.c **** 			{0x8Cu, 0x11u},
 601:Generated_Source\PSoC4/cyfitter_cfg.c **** 			{0x92u, 0x24u},
 602:Generated_Source\PSoC4/cyfitter_cfg.c **** 			{0x93u, 0x20u},
 603:Generated_Source\PSoC4/cyfitter_cfg.c **** 			{0x95u, 0x10u},
 604:Generated_Source\PSoC4/cyfitter_cfg.c **** 			{0x96u, 0x49u},
 605:Generated_Source\PSoC4/cyfitter_cfg.c **** 			{0x9Au, 0x40u},
 606:Generated_Source\PSoC4/cyfitter_cfg.c **** 			{0x9Du, 0x10u},
 607:Generated_Source\PSoC4/cyfitter_cfg.c **** 			{0x9Eu, 0x80u},
 608:Generated_Source\PSoC4/cyfitter_cfg.c **** 			{0xA1u, 0x08u},
 609:Generated_Source\PSoC4/cyfitter_cfg.c **** 			{0xA3u, 0x40u},
 610:Generated_Source\PSoC4/cyfitter_cfg.c **** 			{0xA4u, 0xC2u},
 611:Generated_Source\PSoC4/cyfitter_cfg.c **** 			{0xA6u, 0x10u},
 612:Generated_Source\PSoC4/cyfitter_cfg.c **** 			{0xA7u, 0x2Au},
 613:Generated_Source\PSoC4/cyfitter_cfg.c **** 			{0xA8u, 0x01u},
 614:Generated_Source\PSoC4/cyfitter_cfg.c **** 			{0xABu, 0x08u},
 615:Generated_Source\PSoC4/cyfitter_cfg.c **** 			{0xAFu, 0x40u},
 616:Generated_Source\PSoC4/cyfitter_cfg.c **** 			{0xB2u, 0x09u},
 617:Generated_Source\PSoC4/cyfitter_cfg.c **** 			{0xB3u, 0x04u},
 618:Generated_Source\PSoC4/cyfitter_cfg.c **** 			{0xB6u, 0x40u},
 619:Generated_Source\PSoC4/cyfitter_cfg.c **** 			{0xC0u, 0xD0u},
 620:Generated_Source\PSoC4/cyfitter_cfg.c **** 			{0xC2u, 0xE4u},
 621:Generated_Source\PSoC4/cyfitter_cfg.c **** 			{0xC4u, 0x79u},
 622:Generated_Source\PSoC4/cyfitter_cfg.c **** 			{0xCAu, 0x70u},
 623:Generated_Source\PSoC4/cyfitter_cfg.c **** 			{0xCCu, 0xE6u},
 624:Generated_Source\PSoC4/cyfitter_cfg.c **** 			{0xCEu, 0x10u},
 625:Generated_Source\PSoC4/cyfitter_cfg.c **** 			{0xD0u, 0x60u},
 626:Generated_Source\PSoC4/cyfitter_cfg.c **** 			{0xD6u, 0x30u},
 627:Generated_Source\PSoC4/cyfitter_cfg.c **** 			{0xD8u, 0xC0u},
 628:Generated_Source\PSoC4/cyfitter_cfg.c **** 			{0xE0u, 0x02u},
ARM GAS  C:\Users\ARTEM\AppData\Local\Temp\ccgJ8RXf.s 			page 20


 629:Generated_Source\PSoC4/cyfitter_cfg.c **** 			{0xE4u, 0x08u},
 630:Generated_Source\PSoC4/cyfitter_cfg.c **** 			{0xEAu, 0x10u},
 631:Generated_Source\PSoC4/cyfitter_cfg.c **** 			{0xECu, 0x04u},
 632:Generated_Source\PSoC4/cyfitter_cfg.c **** 			{0xEEu, 0x40u},
 633:Generated_Source\PSoC4/cyfitter_cfg.c **** 			{0x51u, 0x20u},
 634:Generated_Source\PSoC4/cyfitter_cfg.c **** 			{0x54u, 0x02u},
 635:Generated_Source\PSoC4/cyfitter_cfg.c **** 			{0x83u, 0x02u},
 636:Generated_Source\PSoC4/cyfitter_cfg.c **** 			{0xD4u, 0x20u},
 637:Generated_Source\PSoC4/cyfitter_cfg.c **** 			{0xD6u, 0x20u},
 638:Generated_Source\PSoC4/cyfitter_cfg.c **** 			{0xE6u, 0x80u},
 639:Generated_Source\PSoC4/cyfitter_cfg.c **** 			{0x6Cu, 0x84u},
 640:Generated_Source\PSoC4/cyfitter_cfg.c **** 			{0x73u, 0x02u},
 641:Generated_Source\PSoC4/cyfitter_cfg.c **** 			{0x90u, 0x08u},
 642:Generated_Source\PSoC4/cyfitter_cfg.c **** 			{0x9Bu, 0x02u},
 643:Generated_Source\PSoC4/cyfitter_cfg.c **** 			{0xA0u, 0x80u},
 644:Generated_Source\PSoC4/cyfitter_cfg.c **** 			{0xA8u, 0x80u},
 645:Generated_Source\PSoC4/cyfitter_cfg.c **** 			{0xADu, 0x20u},
 646:Generated_Source\PSoC4/cyfitter_cfg.c **** 			{0xB4u, 0x06u},
 647:Generated_Source\PSoC4/cyfitter_cfg.c **** 			{0xDAu, 0x80u},
 648:Generated_Source\PSoC4/cyfitter_cfg.c **** 			{0xDCu, 0x60u},
 649:Generated_Source\PSoC4/cyfitter_cfg.c **** 			{0xEAu, 0x30u},
 650:Generated_Source\PSoC4/cyfitter_cfg.c **** 			{0x0Au, 0x80u},
 651:Generated_Source\PSoC4/cyfitter_cfg.c **** 			{0x12u, 0x80u},
 652:Generated_Source\PSoC4/cyfitter_cfg.c **** 			{0x53u, 0x40u},
 653:Generated_Source\PSoC4/cyfitter_cfg.c **** 			{0x57u, 0x20u},
 654:Generated_Source\PSoC4/cyfitter_cfg.c **** 			{0x5Bu, 0x20u},
 655:Generated_Source\PSoC4/cyfitter_cfg.c **** 			{0x5Cu, 0x80u},
 656:Generated_Source\PSoC4/cyfitter_cfg.c **** 			{0x8Eu, 0x80u},
 657:Generated_Source\PSoC4/cyfitter_cfg.c **** 			{0xC2u, 0x08u},
 658:Generated_Source\PSoC4/cyfitter_cfg.c **** 			{0xC4u, 0x08u},
 659:Generated_Source\PSoC4/cyfitter_cfg.c **** 			{0xD4u, 0x07u},
 660:Generated_Source\PSoC4/cyfitter_cfg.c **** 			{0xD6u, 0x04u},
 661:Generated_Source\PSoC4/cyfitter_cfg.c **** 			{0xE2u, 0x02u},
 662:Generated_Source\PSoC4/cyfitter_cfg.c **** 			{0x50u, 0x04u},
 663:Generated_Source\PSoC4/cyfitter_cfg.c **** 			{0x57u, 0x20u},
 664:Generated_Source\PSoC4/cyfitter_cfg.c **** 			{0x5Bu, 0x20u},
 665:Generated_Source\PSoC4/cyfitter_cfg.c **** 			{0x5Fu, 0x80u},
 666:Generated_Source\PSoC4/cyfitter_cfg.c **** 			{0x87u, 0xA0u},
 667:Generated_Source\PSoC4/cyfitter_cfg.c **** 			{0x8Cu, 0x04u},
 668:Generated_Source\PSoC4/cyfitter_cfg.c **** 			{0x8Fu, 0x20u},
 669:Generated_Source\PSoC4/cyfitter_cfg.c **** 			{0xABu, 0x20u},
 670:Generated_Source\PSoC4/cyfitter_cfg.c **** 			{0xB0u, 0x80u},
 671:Generated_Source\PSoC4/cyfitter_cfg.c **** 			{0xB3u, 0x60u},
 672:Generated_Source\PSoC4/cyfitter_cfg.c **** 			{0xB6u, 0x40u},
 673:Generated_Source\PSoC4/cyfitter_cfg.c **** 			{0xD4u, 0x07u},
 674:Generated_Source\PSoC4/cyfitter_cfg.c **** 			{0xD6u, 0x04u},
 675:Generated_Source\PSoC4/cyfitter_cfg.c **** 			{0xE0u, 0x08u},
 676:Generated_Source\PSoC4/cyfitter_cfg.c **** 			{0xE4u, 0x08u},
 677:Generated_Source\PSoC4/cyfitter_cfg.c **** 			{0xE8u, 0x04u},
 678:Generated_Source\PSoC4/cyfitter_cfg.c **** 			{0xEAu, 0x08u},
 679:Generated_Source\PSoC4/cyfitter_cfg.c **** 			{0xECu, 0x05u},
 680:Generated_Source\PSoC4/cyfitter_cfg.c **** 			{0x02u, 0x01u},
 681:Generated_Source\PSoC4/cyfitter_cfg.c **** 			{0x11u, 0x01u},
 682:Generated_Source\PSoC4/cyfitter_cfg.c **** 		};
 683:Generated_Source\PSoC4/cyfitter_cfg.c **** 
 684:Generated_Source\PSoC4/cyfitter_cfg.c **** 
 685:Generated_Source\PSoC4/cyfitter_cfg.c **** 
ARM GAS  C:\Users\ARTEM\AppData\Local\Temp\ccgJ8RXf.s 			page 21


 686:Generated_Source\PSoC4/cyfitter_cfg.c **** 		CYPACKED typedef struct {
 687:Generated_Source\PSoC4/cyfitter_cfg.c **** 			void CYFAR *address;
 688:Generated_Source\PSoC4/cyfitter_cfg.c **** 			uint16 size;
 689:Generated_Source\PSoC4/cyfitter_cfg.c **** 		} CYPACKED_ATTR cfg_memset_t;
 690:Generated_Source\PSoC4/cyfitter_cfg.c **** 
 691:Generated_Source\PSoC4/cyfitter_cfg.c **** 		static const cfg_memset_t CYCODE cfg_memset_list[] = {
 692:Generated_Source\PSoC4/cyfitter_cfg.c **** 			/* address, size */
 693:Generated_Source\PSoC4/cyfitter_cfg.c **** 			{(void CYFAR *)(CYDEV_UDB_P0_U0_BASE), 1024u},
 694:Generated_Source\PSoC4/cyfitter_cfg.c **** 			{(void CYFAR *)(CYDEV_UDB_DSI0_BASE), 1024u},
 695:Generated_Source\PSoC4/cyfitter_cfg.c **** 		};
 696:Generated_Source\PSoC4/cyfitter_cfg.c **** 
 697:Generated_Source\PSoC4/cyfitter_cfg.c **** 		uint8 CYDATA i;
 698:Generated_Source\PSoC4/cyfitter_cfg.c **** 
 699:Generated_Source\PSoC4/cyfitter_cfg.c **** 		/* Zero out critical memory blocks before beginning configuration */
 700:Generated_Source\PSoC4/cyfitter_cfg.c **** 		for (i = 0u; i < (sizeof(cfg_memset_list)/sizeof(cfg_memset_list[0])); i++)
 441              		.loc 1 700 0
 442 0140 0024     		movs	r4, #0
 443 0142 0FE0     		b	.L19
 444              	.LVL30:
 445              	.L20:
 446              	.LBB4:
 701:Generated_Source\PSoC4/cyfitter_cfg.c **** 		{
 702:Generated_Source\PSoC4/cyfitter_cfg.c **** 			const cfg_memset_t CYCODE * CYDATA ms = &cfg_memset_list[i];
 703:Generated_Source\PSoC4/cyfitter_cfg.c **** 			CYMEMZERO(ms->address, (size_t)(uint32)(ms->size));
 447              		.loc 1 703 0 discriminator 3
 448 0144 3948     		ldr	r0, .L21+8
 449 0146 6200     		lsls	r2, r4, #1
 450 0148 1319     		adds	r3, r2, r4
 451 014a 5900     		lsls	r1, r3, #1
 452 014c 0B00     		movs	r3, r1
 453 014e 4118     		adds	r1, r0, r1
 454 0150 8988     		ldrh	r1, [r1, #4]
 455 0152 1A5A     		ldrh	r2, [r3, r0]
 456 0154 C318     		adds	r3, r0, r3
 457 0156 5888     		ldrh	r0, [r3, #2]
 458 0158 0004     		lsls	r0, r0, #16
 459 015a 1043     		orrs	r0, r2
 460 015c FFF7FEFF 		bl	CYMEMZERO
 461              	.LVL31:
 462              	.LBE4:
 700:Generated_Source\PSoC4/cyfitter_cfg.c **** 		{
 463              		.loc 1 700 0 discriminator 3
 464 0160 0134     		adds	r4, r4, #1
 465              	.LVL32:
 466 0162 E4B2     		uxtb	r4, r4
 467              	.LVL33:
 468              	.L19:
 700:Generated_Source\PSoC4/cyfitter_cfg.c **** 		{
 469              		.loc 1 700 0 is_stmt 0 discriminator 1
 470 0164 012C     		cmp	r4, #1
 471 0166 EDD9     		bls	.L20
 704:Generated_Source\PSoC4/cyfitter_cfg.c **** 		}
 705:Generated_Source\PSoC4/cyfitter_cfg.c **** 
 706:Generated_Source\PSoC4/cyfitter_cfg.c **** 		cfg_write_bytes32(cy_cfg_addr_table, cy_cfg_data_table);
 472              		.loc 1 706 0 is_stmt 1
 473 0168 3049     		ldr	r1, .L21+8
 474 016a 0C31     		adds	r1, r1, #12
ARM GAS  C:\Users\ARTEM\AppData\Local\Temp\ccgJ8RXf.s 			page 22


 475 016c 3048     		ldr	r0, .L21+12
 476 016e 6830     		adds	r0, r0, #104
 477 0170 FFF7FEFF 		bl	cfg_write_bytes32
 478              	.LVL34:
 707:Generated_Source\PSoC4/cyfitter_cfg.c **** 
 708:Generated_Source\PSoC4/cyfitter_cfg.c **** 		/* HSIOM Starting address: CYDEV_HSIOM_BASE */
 709:Generated_Source\PSoC4/cyfitter_cfg.c **** 		CY_SET_REG32((void *)(CYDEV_HSIOM_BASE), 0xEE006300u);
 479              		.loc 1 709 0
 480 0174 2F4A     		ldr	r2, .L21+16
 481 0176 304B     		ldr	r3, .L21+20
 482 0178 1A60     		str	r2, [r3]
 710:Generated_Source\PSoC4/cyfitter_cfg.c **** 		CY_SET_REG32((void *)(CYREG_HSIOM_PORT_SEL1), 0x08990000u);
 483              		.loc 1 710 0
 484 017a 304A     		ldr	r2, .L21+24
 485 017c 304B     		ldr	r3, .L21+28
 486 017e 1A60     		str	r2, [r3]
 711:Generated_Source\PSoC4/cyfitter_cfg.c **** 		CY_SET_REG32((void *)(CYREG_HSIOM_PORT_SEL2), 0x00003333u);
 487              		.loc 1 711 0
 488 0180 304B     		ldr	r3, .L21+32
 489 0182 314A     		ldr	r2, .L21+36
 490 0184 1360     		str	r3, [r2]
 712:Generated_Source\PSoC4/cyfitter_cfg.c **** 		CY_SET_REG32((void *)(CYREG_HSIOM_PORT_SEL3), 0x00003333u);
 491              		.loc 1 712 0
 492 0186 314A     		ldr	r2, .L21+40
 493 0188 1360     		str	r3, [r2]
 713:Generated_Source\PSoC4/cyfitter_cfg.c **** 
 714:Generated_Source\PSoC4/cyfitter_cfg.c **** 		/* UDB_PA_0 Starting address: CYDEV_UDB_PA0_BASE */
 715:Generated_Source\PSoC4/cyfitter_cfg.c **** 		CY_SET_REG32((void *)(CYDEV_UDB_PA0_BASE), 0x00990000u);
 494              		.loc 1 715 0
 495 018a 9923     		movs	r3, #153
 496 018c 1B04     		lsls	r3, r3, #16
 497 018e 304A     		ldr	r2, .L21+44
 498 0190 1360     		str	r3, [r2]
 716:Generated_Source\PSoC4/cyfitter_cfg.c **** 		CY_SET_REG32((void *)(CYREG_UDB_PA0_CFG8), 0x00C50000u);
 499              		.loc 1 716 0
 500 0192 C521     		movs	r1, #197
 501 0194 0904     		lsls	r1, r1, #16
 502 0196 2F4A     		ldr	r2, .L21+48
 503 0198 1160     		str	r1, [r2]
 717:Generated_Source\PSoC4/cyfitter_cfg.c **** 
 718:Generated_Source\PSoC4/cyfitter_cfg.c **** 		/* UDB_PA_1 Starting address: CYDEV_UDB_PA1_BASE */
 719:Generated_Source\PSoC4/cyfitter_cfg.c **** 		CY_SET_REG32((void *)(CYDEV_UDB_PA1_BASE), 0x00990000u);
 504              		.loc 1 719 0
 505 019a 2F4A     		ldr	r2, .L21+52
 506 019c 1360     		str	r3, [r2]
 720:Generated_Source\PSoC4/cyfitter_cfg.c **** 
 721:Generated_Source\PSoC4/cyfitter_cfg.c **** 		/* UDB_PA_2 Starting address: CYDEV_UDB_PA2_BASE */
 722:Generated_Source\PSoC4/cyfitter_cfg.c **** 		CY_SET_REG32((void *)(CYDEV_UDB_PA2_BASE), 0x00990000u);
 507              		.loc 1 722 0
 508 019e 2F4A     		ldr	r2, .L21+56
 509 01a0 1360     		str	r3, [r2]
 723:Generated_Source\PSoC4/cyfitter_cfg.c **** 		CY_SET_REG32((void *)(CYREG_UDB_PA2_CFG8), 0x001B0000u);
 510              		.loc 1 723 0
 511 01a2 D821     		movs	r1, #216
 512 01a4 4903     		lsls	r1, r1, #13
 513 01a6 2E4A     		ldr	r2, .L21+60
 514 01a8 1160     		str	r1, [r2]
ARM GAS  C:\Users\ARTEM\AppData\Local\Temp\ccgJ8RXf.s 			page 23


 724:Generated_Source\PSoC4/cyfitter_cfg.c **** 
 725:Generated_Source\PSoC4/cyfitter_cfg.c **** 		/* UDB_PA_3 Starting address: CYDEV_UDB_PA3_BASE */
 726:Generated_Source\PSoC4/cyfitter_cfg.c **** 		CY_SET_REG32((void *)(CYDEV_UDB_PA3_BASE), 0x00990000u);
 515              		.loc 1 726 0
 516 01aa 2E4A     		ldr	r2, .L21+64
 517 01ac 1360     		str	r3, [r2]
 727:Generated_Source\PSoC4/cyfitter_cfg.c **** 		CY_SET_REG32((void *)(CYREG_UDB_PA3_CFG8), 0x009C0000u);
 518              		.loc 1 727 0
 519 01ae 9C22     		movs	r2, #156
 520 01b0 1204     		lsls	r2, r2, #16
 521 01b2 2D4B     		ldr	r3, .L21+68
 522 01b4 1A60     		str	r2, [r3]
 728:Generated_Source\PSoC4/cyfitter_cfg.c **** 
 729:Generated_Source\PSoC4/cyfitter_cfg.c **** 		/* INT_SELECT Starting address: CYDEV_CPUSS_INT_SEL */
 730:Generated_Source\PSoC4/cyfitter_cfg.c **** 		CY_SET_REG32((void *)(CYREG_CPUSS_INT_SEL), 0x0000000Eu);
 523              		.loc 1 730 0
 524 01b6 0E23     		movs	r3, #14
 525 01b8 2C4A     		ldr	r2, .L21+72
 526 01ba 1360     		str	r3, [r2]
 731:Generated_Source\PSoC4/cyfitter_cfg.c **** 
 732:Generated_Source\PSoC4/cyfitter_cfg.c **** 		/* INT_CONFIG Starting address: CYDEV_UDB_INT_CFG */
 733:Generated_Source\PSoC4/cyfitter_cfg.c **** 		CY_SET_REG32((void *)(CYREG_UDB_INT_CFG), 0x0000000Eu);
 527              		.loc 1 733 0
 528 01bc 2C4A     		ldr	r2, .L21+76
 529 01be 1360     		str	r3, [r2]
 734:Generated_Source\PSoC4/cyfitter_cfg.c **** 
 735:Generated_Source\PSoC4/cyfitter_cfg.c **** 		/* Enable UDB array and digital routing */
 736:Generated_Source\PSoC4/cyfitter_cfg.c **** 		CY_SET_XTND_REG8((void *)CYREG_UDB_UDBIF_WAIT_CFG, (uint8)((CY_GET_XTND_REG8((void *)CYREG_UDB_UD
 530              		.loc 1 736 0
 531 01c0 2C49     		ldr	r1, .L21+80
 532 01c2 0B78     		ldrb	r3, [r1]
 533 01c4 3C22     		movs	r2, #60
 534 01c6 9343     		bics	r3, r2
 535 01c8 1422     		movs	r2, #20
 536 01ca 1343     		orrs	r3, r2
 537 01cc DBB2     		uxtb	r3, r3
 538 01ce 0B70     		strb	r3, [r1]
 737:Generated_Source\PSoC4/cyfitter_cfg.c **** 		CY_SET_XTND_REG8((void *)CYREG_UDB_UDBIF_BANK_CTL, (uint8)(CY_GET_XTND_REG8((void *)CYREG_UDB_UDB
 539              		.loc 1 737 0
 540 01d0 294A     		ldr	r2, .L21+84
 541 01d2 1178     		ldrb	r1, [r2]
 542 01d4 1623     		movs	r3, #22
 543 01d6 0B43     		orrs	r3, r1
 544 01d8 DBB2     		uxtb	r3, r3
 545 01da 1370     		strb	r3, [r2]
 546              	.LBE3:
 738:Generated_Source\PSoC4/cyfitter_cfg.c **** 	}
 739:Generated_Source\PSoC4/cyfitter_cfg.c **** 
 740:Generated_Source\PSoC4/cyfitter_cfg.c **** 	/* Perform second pass device configuration. These items must be configured in specific order afte
 741:Generated_Source\PSoC4/cyfitter_cfg.c **** 	/* IOPINS0_0 Starting address: CYDEV_GPIO_PRT0_BASE */
 742:Generated_Source\PSoC4/cyfitter_cfg.c **** 	CY_SET_REG32((void *)(CYDEV_GPIO_PRT0_BASE), 0x0000000Cu);
 547              		.loc 1 742 0
 548 01dc 0C22     		movs	r2, #12
 549 01de 274B     		ldr	r3, .L21+88
 550 01e0 1A60     		str	r2, [r3]
 743:Generated_Source\PSoC4/cyfitter_cfg.c **** 	CY_SET_REG32((void *)(CYREG_GPIO_PRT0_PC), 0x00D801B6u);
 551              		.loc 1 743 0
ARM GAS  C:\Users\ARTEM\AppData\Local\Temp\ccgJ8RXf.s 			page 24


 552 01e2 274A     		ldr	r2, .L21+92
 553 01e4 274B     		ldr	r3, .L21+96
 554 01e6 1A60     		str	r2, [r3]
 744:Generated_Source\PSoC4/cyfitter_cfg.c **** 	CY_SET_REG32((void *)(CYREG_GPIO_PRT0_PC2), 0x00000008u);
 555              		.loc 1 744 0
 556 01e8 0822     		movs	r2, #8
 557 01ea 274B     		ldr	r3, .L21+100
 558 01ec 1A60     		str	r2, [r3]
 745:Generated_Source\PSoC4/cyfitter_cfg.c **** 
 746:Generated_Source\PSoC4/cyfitter_cfg.c **** 	/* IOPINS0_1 Starting address: CYDEV_GPIO_PRT1_BASE */
 747:Generated_Source\PSoC4/cyfitter_cfg.c **** 	CY_SET_REG32((void *)(CYDEV_GPIO_PRT1_BASE), 0x00000060u);
 559              		.loc 1 747 0
 560 01ee 5832     		adds	r2, r2, #88
 561 01f0 264B     		ldr	r3, .L21+104
 562 01f2 1A60     		str	r2, [r3]
 748:Generated_Source\PSoC4/cyfitter_cfg.c **** 	CY_SET_REG32((void *)(CYREG_GPIO_PRT1_PC), 0x001B1000u);
 563              		.loc 1 748 0
 564 01f4 264A     		ldr	r2, .L21+108
 565 01f6 274B     		ldr	r3, .L21+112
 566 01f8 1A60     		str	r2, [r3]
 749:Generated_Source\PSoC4/cyfitter_cfg.c **** 	CY_SET_REG32((void *)(CYREG_GPIO_PRT1_PC2), 0x00000020u);
 567              		.loc 1 749 0
 568 01fa 2022     		movs	r2, #32
 569 01fc 264B     		ldr	r3, .L21+116
 570 01fe 1A60     		str	r2, [r3]
 750:Generated_Source\PSoC4/cyfitter_cfg.c **** 
 751:Generated_Source\PSoC4/cyfitter_cfg.c **** 	/* IOPINS0_2 Starting address: CYDEV_GPIO_PRT2_BASE */
 752:Generated_Source\PSoC4/cyfitter_cfg.c **** 	CY_SET_REG32((void *)(CYDEV_GPIO_PRT2_BASE), 0x0000001Fu);
 571              		.loc 1 752 0
 572 0200 013A     		subs	r2, r2, #1
 573 0202 264B     		ldr	r3, .L21+120
 574 0204 1A60     		str	r2, [r3]
 753:Generated_Source\PSoC4/cyfitter_cfg.c **** 	CY_SET_REG32((void *)(CYREG_GPIO_PRT2_PC), 0x00032DB6u);
 575              		.loc 1 753 0
 576 0206 264A     		ldr	r2, .L21+124
 577 0208 264B     		ldr	r3, .L21+128
 578 020a 1A60     		str	r2, [r3]
 754:Generated_Source\PSoC4/cyfitter_cfg.c **** 
 755:Generated_Source\PSoC4/cyfitter_cfg.c **** 	/* IOPINS0_3 Starting address: CYDEV_GPIO_PRT3_BASE */
 756:Generated_Source\PSoC4/cyfitter_cfg.c **** 	CY_SET_REG32((void *)(CYDEV_GPIO_PRT3_BASE), 0x0000000Fu);
 579              		.loc 1 756 0
 580 020c 0F22     		movs	r2, #15
 581 020e 264B     		ldr	r3, .L21+132
 582 0210 1A60     		str	r2, [r3]
 757:Generated_Source\PSoC4/cyfitter_cfg.c **** 	CY_SET_REG32((void *)(CYREG_GPIO_PRT3_PC), 0x00006DB6u);
 583              		.loc 1 757 0
 584 0212 264A     		ldr	r2, .L21+136
 585 0214 264B     		ldr	r3, .L21+140
 586 0216 1A60     		str	r2, [r3]
 758:Generated_Source\PSoC4/cyfitter_cfg.c **** 
 759:Generated_Source\PSoC4/cyfitter_cfg.c **** 
 760:Generated_Source\PSoC4/cyfitter_cfg.c **** 	/* Setup clocks based on selections from Clock DWR */
 761:Generated_Source\PSoC4/cyfitter_cfg.c **** 	ClockSetup();
 587              		.loc 1 761 0
 588 0218 FFF7F2FE 		bl	ClockSetup
 589              	.LVL35:
 762:Generated_Source\PSoC4/cyfitter_cfg.c **** 
ARM GAS  C:\Users\ARTEM\AppData\Local\Temp\ccgJ8RXf.s 			page 25


 763:Generated_Source\PSoC4/cyfitter_cfg.c **** 	/* Perform basic analog initialization to defaults */
 764:Generated_Source\PSoC4/cyfitter_cfg.c **** 	AnalogSetDefault();
 590              		.loc 1 764 0
 591 021c FFF7FEFF 		bl	AnalogSetDefault
 592              	.LVL36:
 765:Generated_Source\PSoC4/cyfitter_cfg.c **** 
 766:Generated_Source\PSoC4/cyfitter_cfg.c **** }
 593              		.loc 1 766 0
 594              		@ sp needed
 595              	.LVL37:
 596 0220 10BD     		pop	{r4, pc}
 597              	.L22:
 598 0222 C046     		.align	2
 599              	.L21:
 600 0224 6CF02E40 		.word	1076818028
 601 0228 1C700F40 		.word	1074753564
 602 022c 00000000 		.word	.LANCHOR0
 603 0230 00020000 		.word	.LANCHOR1
 604 0234 006300EE 		.word	-301964544
 605 0238 00000240 		.word	1073872896
 606 023c 00009908 		.word	144244736
 607 0240 00010240 		.word	1073873152
 608 0244 33330000 		.word	13107
 609 0248 00020240 		.word	1073873408
 610 024c 00030240 		.word	1073873664
 611 0250 00500F40 		.word	1074745344
 612 0254 08500F40 		.word	1074745352
 613 0258 10500F40 		.word	1074745360
 614 025c 20500F40 		.word	1074745376
 615 0260 28500F40 		.word	1074745384
 616 0264 30500F40 		.word	1074745392
 617 0268 38500F40 		.word	1074745400
 618 026c 20001040 		.word	1074790432
 619 0270 00800F40 		.word	1074757632
 620 0274 01700F40 		.word	1074753537
 621 0278 00700F40 		.word	1074753536
 622 027c 00000440 		.word	1074003968
 623 0280 B601D800 		.word	14156214
 624 0284 08000440 		.word	1074003976
 625 0288 18000440 		.word	1074003992
 626 028c 00010440 		.word	1074004224
 627 0290 00101B00 		.word	1773568
 628 0294 08010440 		.word	1074004232
 629 0298 18010440 		.word	1074004248
 630 029c 00020440 		.word	1074004480
 631 02a0 B62D0300 		.word	208310
 632 02a4 08020440 		.word	1074004488
 633 02a8 00030440 		.word	1074004736
 634 02ac B66D0000 		.word	28086
 635 02b0 08030440 		.word	1074004744
 636              		.cfi_endproc
 637              	.LFE9:
 638              		.size	cyfitter_cfg, .-cyfitter_cfg
 639              		.section	.rodata
 640              		.align	2
 641              		.set	.LANCHOR0,. + 0
 642              		.set	.LANCHOR1,. + 512
ARM GAS  C:\Users\ARTEM\AppData\Local\Temp\ccgJ8RXf.s 			page 26


 643              		.type	cfg_memset_list.4922, %object
 644              		.size	cfg_memset_list.4922, 12
 645              	cfg_memset_list.4922:
 646 0000 00300F40 		.word	1074737152
 647 0004 0004     		.short	1024
 648 0006 00400F40 		.4byte	1074741248
 649 000a 0004     		.short	1024
 650              		.type	cy_cfg_data_table.4917, %object
 651              		.size	cy_cfg_data_table.4917, 604
 652              	cy_cfg_data_table.4917:
 653 000c 01       		.byte	1
 654 000d 18       		.byte	24
 655 000e 11       		.byte	17
 656 000f 18       		.byte	24
 657 0010 21       		.byte	33
 658 0011 14       		.byte	20
 659 0012 31       		.byte	49
 660 0013 0C       		.byte	12
 661 0014 73       		.byte	115
 662 0015 0F       		.byte	15
 663 0016 09       		.byte	9
 664 0017 02       		.byte	2
 665 0018 11       		.byte	17
 666 0019 04       		.byte	4
 667 001a 16       		.byte	22
 668 001b 03       		.byte	3
 669 001c 1A       		.byte	26
 670 001d 01       		.byte	1
 671 001e 1B       		.byte	27
 672 001f 07       		.byte	7
 673 0020 1F       		.byte	31
 674 0021 01       		.byte	1
 675 0022 2A       		.byte	42
 676 0023 02       		.byte	2
 677 0024 31       		.byte	49
 678 0025 04       		.byte	4
 679 0026 33       		.byte	51
 680 0027 01       		.byte	1
 681 0028 34       		.byte	52
 682 0029 02       		.byte	2
 683 002a 35       		.byte	53
 684 002b 02       		.byte	2
 685 002c 36       		.byte	54
 686 002d 01       		.byte	1
 687 002e 3E       		.byte	62
 688 002f 50       		.byte	80
 689 0030 3F       		.byte	63
 690 0031 15       		.byte	21
 691 0032 58       		.byte	88
 692 0033 04       		.byte	4
 693 0034 59       		.byte	89
 694 0035 04       		.byte	4
 695 0036 5F       		.byte	95
 696 0037 01       		.byte	1
 697 0038 80       		.byte	-128
 698 0039 02       		.byte	2
 699 003a 82       		.byte	-126
ARM GAS  C:\Users\ARTEM\AppData\Local\Temp\ccgJ8RXf.s 			page 27


 700 003b 04       		.byte	4
 701 003c 83       		.byte	-125
 702 003d 08       		.byte	8
 703 003e 86       		.byte	-122
 704 003f 10       		.byte	16
 705 0040 87       		.byte	-121
 706 0041 10       		.byte	16
 707 0042 88       		.byte	-120
 708 0043 06       		.byte	6
 709 0044 8A       		.byte	-118
 710 0045 38       		.byte	56
 711 0046 8E       		.byte	-114
 712 0047 01       		.byte	1
 713 0048 8F       		.byte	-113
 714 0049 10       		.byte	16
 715 004a 94       		.byte	-108
 716 004b 08       		.byte	8
 717 004c 96       		.byte	-106
 718 004d 26       		.byte	38
 719 004e 98       		.byte	-104
 720 004f 02       		.byte	2
 721 0050 9B       		.byte	-101
 722 0051 06       		.byte	6
 723 0052 9C       		.byte	-100
 724 0053 04       		.byte	4
 725 0054 9D       		.byte	-99
 726 0055 04       		.byte	4
 727 0056 A0       		.byte	-96
 728 0057 01       		.byte	1
 729 0058 A4       		.byte	-92
 730 0059 01       		.byte	1
 731 005a A5       		.byte	-91
 732 005b 03       		.byte	3
 733 005c A8       		.byte	-88
 734 005d 01       		.byte	1
 735 005e A9       		.byte	-87
 736 005f 01       		.byte	1
 737 0060 AB       		.byte	-85
 738 0061 08       		.byte	8
 739 0062 AC       		.byte	-84
 740 0063 01       		.byte	1
 741 0064 AF       		.byte	-81
 742 0065 19       		.byte	25
 743 0066 B0       		.byte	-80
 744 0067 0E       		.byte	14
 745 0068 B1       		.byte	-79
 746 0069 07       		.byte	7
 747 006a B2       		.byte	-78
 748 006b 18       		.byte	24
 749 006c B4       		.byte	-76
 750 006d 20       		.byte	32
 751 006e B5       		.byte	-75
 752 006f 08       		.byte	8
 753 0070 B6       		.byte	-74
 754 0071 01       		.byte	1
 755 0072 B7       		.byte	-73
 756 0073 10       		.byte	16
ARM GAS  C:\Users\ARTEM\AppData\Local\Temp\ccgJ8RXf.s 			page 28


 757 0074 B9       		.byte	-71
 758 0075 02       		.byte	2
 759 0076 BE       		.byte	-66
 760 0077 40       		.byte	64
 761 0078 BF       		.byte	-65
 762 0079 50       		.byte	80
 763 007a C0       		.byte	-64
 764 007b 15       		.byte	21
 765 007c C5       		.byte	-59
 766 007d 50       		.byte	80
 767 007e C6       		.byte	-58
 768 007f 12       		.byte	18
 769 0080 C8       		.byte	-56
 770 0081 0E       		.byte	14
 771 0082 C9       		.byte	-55
 772 0083 FF       		.byte	-1
 773 0084 CA       		.byte	-54
 774 0085 FF       		.byte	-1
 775 0086 CB       		.byte	-53
 776 0087 FF       		.byte	-1
 777 0088 CD       		.byte	-51
 778 0089 A0       		.byte	-96
 779 008a D8       		.byte	-40
 780 008b 04       		.byte	4
 781 008c D9       		.byte	-39
 782 008d 04       		.byte	4
 783 008e DA       		.byte	-38
 784 008f 04       		.byte	4
 785 0090 DB       		.byte	-37
 786 0091 04       		.byte	4
 787 0092 DC       		.byte	-36
 788 0093 99       		.byte	-103
 789 0094 DD       		.byte	-35
 790 0095 09       		.byte	9
 791 0096 DF       		.byte	-33
 792 0097 01       		.byte	1
 793 0098 E0       		.byte	-32
 794 0099 40       		.byte	64
 795 009a E1       		.byte	-31
 796 009b 40       		.byte	64
 797 009c E2       		.byte	-30
 798 009d C0       		.byte	-64
 799 009e E4       		.byte	-28
 800 009f C0       		.byte	-64
 801 00a0 E6       		.byte	-26
 802 00a1 C0       		.byte	-64
 803 00a2 04       		.byte	4
 804 00a3 40       		.byte	64
 805 00a4 05       		.byte	5
 806 00a5 14       		.byte	20
 807 00a6 06       		.byte	6
 808 00a7 80       		.byte	-128
 809 00a8 0A       		.byte	10
 810 00a9 28       		.byte	40
 811 00aa 0D       		.byte	13
 812 00ab 20       		.byte	32
 813 00ac 0E       		.byte	14
ARM GAS  C:\Users\ARTEM\AppData\Local\Temp\ccgJ8RXf.s 			page 29


 814 00ad 20       		.byte	32
 815 00ae 0F       		.byte	15
 816 00af 02       		.byte	2
 817 00b0 11       		.byte	17
 818 00b1 10       		.byte	16
 819 00b2 17       		.byte	23
 820 00b3 55       		.byte	85
 821 00b4 18       		.byte	24
 822 00b5 02       		.byte	2
 823 00b6 1A       		.byte	26
 824 00b7 04       		.byte	4
 825 00b8 1C       		.byte	28
 826 00b9 48       		.byte	72
 827 00ba 1D       		.byte	29
 828 00bb 0C       		.byte	12
 829 00bc 1F       		.byte	31
 830 00bd 50       		.byte	80
 831 00be 22       		.byte	34
 832 00bf 09       		.byte	9
 833 00c0 23       		.byte	35
 834 00c1 04       		.byte	4
 835 00c2 25       		.byte	37
 836 00c3 80       		.byte	-128
 837 00c4 27       		.byte	39
 838 00c5 88       		.byte	-120
 839 00c6 2F       		.byte	47
 840 00c7 2A       		.byte	42
 841 00c8 30       		.byte	48
 842 00c9 82       		.byte	-126
 843 00ca 32       		.byte	50
 844 00cb 10       		.byte	16
 845 00cc 36       		.byte	54
 846 00cd 10       		.byte	16
 847 00ce 37       		.byte	55
 848 00cf 80       		.byte	-128
 849 00d0 39       		.byte	57
 850 00d1 10       		.byte	16
 851 00d2 3C       		.byte	60
 852 00d3 88       		.byte	-120
 853 00d4 3E       		.byte	62
 854 00d5 01       		.byte	1
 855 00d6 47       		.byte	71
 856 00d7 80       		.byte	-128
 857 00d8 4F       		.byte	79
 858 00d9 82       		.byte	-126
 859 00da 55       		.byte	85
 860 00db 20       		.byte	32
 861 00dc 56       		.byte	86
 862 00dd 40       		.byte	64
 863 00de 57       		.byte	87
 864 00df 40       		.byte	64
 865 00e0 6F       		.byte	111
 866 00e1 55       		.byte	85
 867 00e2 81       		.byte	-127
 868 00e3 80       		.byte	-128
 869 00e4 8E       		.byte	-114
 870 00e5 10       		.byte	16
ARM GAS  C:\Users\ARTEM\AppData\Local\Temp\ccgJ8RXf.s 			page 30


 871 00e6 C0       		.byte	-64
 872 00e7 F0       		.byte	-16
 873 00e8 C2       		.byte	-62
 874 00e9 E6       		.byte	-26
 875 00ea C4       		.byte	-60
 876 00eb F2       		.byte	-14
 877 00ec CA       		.byte	-54
 878 00ed 70       		.byte	112
 879 00ee CC       		.byte	-52
 880 00ef 3D       		.byte	61
 881 00f0 CE       		.byte	-50
 882 00f1 D4       		.byte	-44
 883 00f2 D0       		.byte	-48
 884 00f3 10       		.byte	16
 885 00f4 D2       		.byte	-46
 886 00f5 10       		.byte	16
 887 00f6 02       		.byte	2
 888 00f7 89       		.byte	-119
 889 00f8 08       		.byte	8
 890 00f9 10       		.byte	16
 891 00fa 0A       		.byte	10
 892 00fb 02       		.byte	2
 893 00fc 0E       		.byte	14
 894 00fd 21       		.byte	33
 895 00fe 0F       		.byte	15
 896 00ff 57       		.byte	87
 897 0100 11       		.byte	17
 898 0101 02       		.byte	2
 899 0102 13       		.byte	19
 900 0103 20       		.byte	32
 901 0104 14       		.byte	20
 902 0105 A4       		.byte	-92
 903 0106 15       		.byte	21
 904 0107 04       		.byte	4
 905 0108 16       		.byte	22
 906 0109 5A       		.byte	90
 907 010a 17       		.byte	23
 908 010b 90       		.byte	-112
 909 010c 18       		.byte	24
 910 010d 6D       		.byte	109
 911 010e 1A       		.byte	26
 912 010f 12       		.byte	18
 913 0110 1B       		.byte	27
 914 0111 08       		.byte	8
 915 0112 1E       		.byte	30
 916 0113 49       		.byte	73
 917 0114 22       		.byte	34
 918 0115 49       		.byte	73
 919 0116 25       		.byte	37
 920 0117 57       		.byte	87
 921 0118 26       		.byte	38
 922 0119 49       		.byte	73
 923 011a 27       		.byte	39
 924 011b 08       		.byte	8
 925 011c 28       		.byte	40
 926 011d 21       		.byte	33
 927 011e 29       		.byte	41
ARM GAS  C:\Users\ARTEM\AppData\Local\Temp\ccgJ8RXf.s 			page 31


 928 011f A0       		.byte	-96
 929 0120 2B       		.byte	43
 930 0121 5F       		.byte	95
 931 0122 2D       		.byte	45
 932 0123 01       		.byte	1
 933 0124 30       		.byte	48
 934 0125 C0       		.byte	-64
 935 0126 32       		.byte	50
 936 0127 07       		.byte	7
 937 0128 33       		.byte	51
 938 0129 0F       		.byte	15
 939 012a 34       		.byte	52
 940 012b 38       		.byte	56
 941 012c 35       		.byte	53
 942 012d C0       		.byte	-64
 943 012e 37       		.byte	55
 944 012f 30       		.byte	48
 945 0130 38       		.byte	56
 946 0131 08       		.byte	8
 947 0132 3A       		.byte	58
 948 0133 02       		.byte	2
 949 0134 3B       		.byte	59
 950 0135 A0       		.byte	-96
 951 0136 40       		.byte	64
 952 0137 23       		.byte	35
 953 0138 46       		.byte	70
 954 0139 0B       		.byte	11
 955 013a 47       		.byte	71
 956 013b EC       		.byte	-20
 957 013c 48       		.byte	72
 958 013d 34       		.byte	52
 959 013e 49       		.byte	73
 960 013f FF       		.byte	-1
 961 0140 4A       		.byte	74
 962 0141 FF       		.byte	-1
 963 0142 4B       		.byte	75
 964 0143 FF       		.byte	-1
 965 0144 58       		.byte	88
 966 0145 04       		.byte	4
 967 0146 59       		.byte	89
 968 0147 04       		.byte	4
 969 0148 5A       		.byte	90
 970 0149 04       		.byte	4
 971 014a 5B       		.byte	91
 972 014b 04       		.byte	4
 973 014c 5C       		.byte	92
 974 014d 99       		.byte	-103
 975 014e 5D       		.byte	93
 976 014f 09       		.byte	9
 977 0150 5F       		.byte	95
 978 0151 01       		.byte	1
 979 0152 62       		.byte	98
 980 0153 C0       		.byte	-64
 981 0154 64       		.byte	100
 982 0155 40       		.byte	64
 983 0156 65       		.byte	101
 984 0157 01       		.byte	1
ARM GAS  C:\Users\ARTEM\AppData\Local\Temp\ccgJ8RXf.s 			page 32


 985 0158 95       		.byte	-107
 986 0159 01       		.byte	1
 987 015a 96       		.byte	-106
 988 015b 06       		.byte	6
 989 015c 9B       		.byte	-101
 990 015d 01       		.byte	1
 991 015e A0       		.byte	-96
 992 015f 02       		.byte	2
 993 0160 AE       		.byte	-82
 994 0161 04       		.byte	4
 995 0162 B0       		.byte	-80
 996 0163 01       		.byte	1
 997 0164 B2       		.byte	-78
 998 0165 04       		.byte	4
 999 0166 B6       		.byte	-74
 1000 0167 02       		.byte	2
 1001 0168 B7       		.byte	-73
 1002 0169 01       		.byte	1
 1003 016a BE       		.byte	-66
 1004 016b 45       		.byte	69
 1005 016c BF       		.byte	-65
 1006 016d 40       		.byte	64
 1007 016e D8       		.byte	-40
 1008 016f 04       		.byte	4
 1009 0170 D9       		.byte	-39
 1010 0171 04       		.byte	4
 1011 0172 DB       		.byte	-37
 1012 0173 04       		.byte	4
 1013 0174 DF       		.byte	-33
 1014 0175 01       		.byte	1
 1015 0176 05       		.byte	5
 1016 0177 01       		.byte	1
 1017 0178 06       		.byte	6
 1018 0179 01       		.byte	1
 1019 017a 07       		.byte	7
 1020 017b 09       		.byte	9
 1021 017c 0A       		.byte	10
 1022 017d 20       		.byte	32
 1023 017e 0D       		.byte	13
 1024 017f 80       		.byte	-128
 1025 0180 0E       		.byte	14
 1026 0181 28       		.byte	40
 1027 0182 10       		.byte	16
 1028 0183 82       		.byte	-126
 1029 0184 16       		.byte	22
 1030 0185 48       		.byte	72
 1031 0186 17       		.byte	23
 1032 0187 04       		.byte	4
 1033 0188 18       		.byte	24
 1034 0189 11       		.byte	17
 1035 018a 1A       		.byte	26
 1036 018b 40       		.byte	64
 1037 018c 1D       		.byte	29
 1038 018d 11       		.byte	17
 1039 018e 1E       		.byte	30
 1040 018f 28       		.byte	40
 1041 0190 1F       		.byte	31
ARM GAS  C:\Users\ARTEM\AppData\Local\Temp\ccgJ8RXf.s 			page 33


 1042 0191 25       		.byte	37
 1043 0192 20       		.byte	32
 1044 0193 02       		.byte	2
 1045 0194 25       		.byte	37
 1046 0195 80       		.byte	-128
 1047 0196 27       		.byte	39
 1048 0197 26       		.byte	38
 1049 0198 2F       		.byte	47
 1050 0199 25       		.byte	37
 1051 019a 32       		.byte	50
 1052 019b 14       		.byte	20
 1053 019c 37       		.byte	55
 1054 019d 26       		.byte	38
 1055 019e 3F       		.byte	63
 1056 019f 80       		.byte	-128
 1057 01a0 45       		.byte	69
 1058 01a1 08       		.byte	8
 1059 01a2 47       		.byte	71
 1060 01a3 20       		.byte	32
 1061 01a4 56       		.byte	86
 1062 01a5 8A       		.byte	-118
 1063 01a6 57       		.byte	87
 1064 01a7 08       		.byte	8
 1065 01a8 5C       		.byte	92
 1066 01a9 A0       		.byte	-96
 1067 01aa 66       		.byte	102
 1068 01ab 01       		.byte	1
 1069 01ac 67       		.byte	103
 1070 01ad 20       		.byte	32
 1071 01ae 68       		.byte	104
 1072 01af 82       		.byte	-126
 1073 01b0 69       		.byte	105
 1074 01b1 10       		.byte	16
 1075 01b2 6A       		.byte	106
 1076 01b3 08       		.byte	8
 1077 01b4 6E       		.byte	110
 1078 01b5 01       		.byte	1
 1079 01b6 6F       		.byte	111
 1080 01b7 03       		.byte	3
 1081 01b8 74       		.byte	116
 1082 01b9 40       		.byte	64
 1083 01ba 77       		.byte	119
 1084 01bb 08       		.byte	8
 1085 01bc 80       		.byte	-128
 1086 01bd 20       		.byte	32
 1087 01be 82       		.byte	-126
 1088 01bf 02       		.byte	2
 1089 01c0 84       		.byte	-124
 1090 01c1 81       		.byte	-127
 1091 01c2 86       		.byte	-122
 1092 01c3 0C       		.byte	12
 1093 01c4 8C       		.byte	-116
 1094 01c5 11       		.byte	17
 1095 01c6 92       		.byte	-110
 1096 01c7 24       		.byte	36
 1097 01c8 93       		.byte	-109
 1098 01c9 20       		.byte	32
ARM GAS  C:\Users\ARTEM\AppData\Local\Temp\ccgJ8RXf.s 			page 34


 1099 01ca 95       		.byte	-107
 1100 01cb 10       		.byte	16
 1101 01cc 96       		.byte	-106
 1102 01cd 49       		.byte	73
 1103 01ce 9A       		.byte	-102
 1104 01cf 40       		.byte	64
 1105 01d0 9D       		.byte	-99
 1106 01d1 10       		.byte	16
 1107 01d2 9E       		.byte	-98
 1108 01d3 80       		.byte	-128
 1109 01d4 A1       		.byte	-95
 1110 01d5 08       		.byte	8
 1111 01d6 A3       		.byte	-93
 1112 01d7 40       		.byte	64
 1113 01d8 A4       		.byte	-92
 1114 01d9 C2       		.byte	-62
 1115 01da A6       		.byte	-90
 1116 01db 10       		.byte	16
 1117 01dc A7       		.byte	-89
 1118 01dd 2A       		.byte	42
 1119 01de A8       		.byte	-88
 1120 01df 01       		.byte	1
 1121 01e0 AB       		.byte	-85
 1122 01e1 08       		.byte	8
 1123 01e2 AF       		.byte	-81
 1124 01e3 40       		.byte	64
 1125 01e4 B2       		.byte	-78
 1126 01e5 09       		.byte	9
 1127 01e6 B3       		.byte	-77
 1128 01e7 04       		.byte	4
 1129 01e8 B6       		.byte	-74
 1130 01e9 40       		.byte	64
 1131 01ea C0       		.byte	-64
 1132 01eb D0       		.byte	-48
 1133 01ec C2       		.byte	-62
 1134 01ed E4       		.byte	-28
 1135 01ee C4       		.byte	-60
 1136 01ef 79       		.byte	121
 1137 01f0 CA       		.byte	-54
 1138 01f1 70       		.byte	112
 1139 01f2 CC       		.byte	-52
 1140 01f3 E6       		.byte	-26
 1141 01f4 CE       		.byte	-50
 1142 01f5 10       		.byte	16
 1143 01f6 D0       		.byte	-48
 1144 01f7 60       		.byte	96
 1145 01f8 D6       		.byte	-42
 1146 01f9 30       		.byte	48
 1147 01fa D8       		.byte	-40
 1148 01fb C0       		.byte	-64
 1149 01fc E0       		.byte	-32
 1150 01fd 02       		.byte	2
 1151 01fe E4       		.byte	-28
 1152 01ff 08       		.byte	8
 1153 0200 EA       		.byte	-22
 1154 0201 10       		.byte	16
 1155 0202 EC       		.byte	-20
ARM GAS  C:\Users\ARTEM\AppData\Local\Temp\ccgJ8RXf.s 			page 35


 1156 0203 04       		.byte	4
 1157 0204 EE       		.byte	-18
 1158 0205 40       		.byte	64
 1159 0206 51       		.byte	81
 1160 0207 20       		.byte	32
 1161 0208 54       		.byte	84
 1162 0209 02       		.byte	2
 1163 020a 83       		.byte	-125
 1164 020b 02       		.byte	2
 1165 020c D4       		.byte	-44
 1166 020d 20       		.byte	32
 1167 020e D6       		.byte	-42
 1168 020f 20       		.byte	32
 1169 0210 E6       		.byte	-26
 1170 0211 80       		.byte	-128
 1171 0212 6C       		.byte	108
 1172 0213 84       		.byte	-124
 1173 0214 73       		.byte	115
 1174 0215 02       		.byte	2
 1175 0216 90       		.byte	-112
 1176 0217 08       		.byte	8
 1177 0218 9B       		.byte	-101
 1178 0219 02       		.byte	2
 1179 021a A0       		.byte	-96
 1180 021b 80       		.byte	-128
 1181 021c A8       		.byte	-88
 1182 021d 80       		.byte	-128
 1183 021e AD       		.byte	-83
 1184 021f 20       		.byte	32
 1185 0220 B4       		.byte	-76
 1186 0221 06       		.byte	6
 1187 0222 DA       		.byte	-38
 1188 0223 80       		.byte	-128
 1189 0224 DC       		.byte	-36
 1190 0225 60       		.byte	96
 1191 0226 EA       		.byte	-22
 1192 0227 30       		.byte	48
 1193 0228 0A       		.byte	10
 1194 0229 80       		.byte	-128
 1195 022a 12       		.byte	18
 1196 022b 80       		.byte	-128
 1197 022c 53       		.byte	83
 1198 022d 40       		.byte	64
 1199 022e 57       		.byte	87
 1200 022f 20       		.byte	32
 1201 0230 5B       		.byte	91
 1202 0231 20       		.byte	32
 1203 0232 5C       		.byte	92
 1204 0233 80       		.byte	-128
 1205 0234 8E       		.byte	-114
 1206 0235 80       		.byte	-128
 1207 0236 C2       		.byte	-62
 1208 0237 08       		.byte	8
 1209 0238 C4       		.byte	-60
 1210 0239 08       		.byte	8
 1211 023a D4       		.byte	-44
 1212 023b 07       		.byte	7
ARM GAS  C:\Users\ARTEM\AppData\Local\Temp\ccgJ8RXf.s 			page 36


 1213 023c D6       		.byte	-42
 1214 023d 04       		.byte	4
 1215 023e E2       		.byte	-30
 1216 023f 02       		.byte	2
 1217 0240 50       		.byte	80
 1218 0241 04       		.byte	4
 1219 0242 57       		.byte	87
 1220 0243 20       		.byte	32
 1221 0244 5B       		.byte	91
 1222 0245 20       		.byte	32
 1223 0246 5F       		.byte	95
 1224 0247 80       		.byte	-128
 1225 0248 87       		.byte	-121
 1226 0249 A0       		.byte	-96
 1227 024a 8C       		.byte	-116
 1228 024b 04       		.byte	4
 1229 024c 8F       		.byte	-113
 1230 024d 20       		.byte	32
 1231 024e AB       		.byte	-85
 1232 024f 20       		.byte	32
 1233 0250 B0       		.byte	-80
 1234 0251 80       		.byte	-128
 1235 0252 B3       		.byte	-77
 1236 0253 60       		.byte	96
 1237 0254 B6       		.byte	-74
 1238 0255 40       		.byte	64
 1239 0256 D4       		.byte	-44
 1240 0257 07       		.byte	7
 1241 0258 D6       		.byte	-42
 1242 0259 04       		.byte	4
 1243 025a E0       		.byte	-32
 1244 025b 08       		.byte	8
 1245 025c E4       		.byte	-28
 1246 025d 08       		.byte	8
 1247 025e E8       		.byte	-24
 1248 025f 04       		.byte	4
 1249 0260 EA       		.byte	-22
 1250 0261 08       		.byte	8
 1251 0262 EC       		.byte	-20
 1252 0263 05       		.byte	5
 1253 0264 02       		.byte	2
 1254 0265 01       		.byte	1
 1255 0266 11       		.byte	17
 1256 0267 01       		.byte	1
 1257              		.type	cy_cfg_addr_table.4916, %object
 1258              		.size	cy_cfg_addr_table.4916, 40
 1259              	cy_cfg_addr_table.4916:
 1260 0268 05000F40 		.word	1074724869
 1261 026c 46300F40 		.word	1074737222
 1262 0270 2A310F40 		.word	1074737450
 1263 0274 40320F40 		.word	1074737728
 1264 0278 48330F40 		.word	1074737992
 1265 027c 06400F40 		.word	1074741254
 1266 0280 0B410F40 		.word	1074741515
 1267 0284 0C420F40 		.word	1074741772
 1268 0288 12430F40 		.word	1074742034
 1269 028c 02600F40 		.word	1074749442
ARM GAS  C:\Users\ARTEM\AppData\Local\Temp\ccgJ8RXf.s 			page 37


 1270              		.text
 1271              	.Letext0:
 1272              		.file 2 "b:\\psoc creator\\4.4\\psoc creator\\import\\gnu\\arm\\5.4.1\\lib\\gcc\\arm-none-eabi\\5.
 1273              		.file 3 "Generated_Source\\PSoC4\\cytypes.h"
 1274              		.file 4 "Generated_Source\\PSoC4\\CyLFClk.h"
 1275              		.file 5 "Generated_Source\\PSoC4\\CyLib.h"
 1276              		.section	.debug_info,"",%progbits
 1277              	.Ldebug_info0:
 1278 0000 96040000 		.4byte	0x496
 1279 0004 0400     		.2byte	0x4
 1280 0006 00000000 		.4byte	.Ldebug_abbrev0
 1281 000a 04       		.byte	0x4
 1282 000b 01       		.uleb128 0x1
 1283 000c 8E010000 		.4byte	.LASF49
 1284 0010 0C       		.byte	0xc
 1285 0011 DE020000 		.4byte	.LASF50
 1286 0015 0D030000 		.4byte	.LASF51
 1287 0019 00000000 		.4byte	.Ldebug_ranges0+0
 1288 001d 00000000 		.4byte	0
 1289 0021 00000000 		.4byte	.Ldebug_line0
 1290 0025 02       		.uleb128 0x2
 1291 0026 04       		.byte	0x4
 1292 0027 05       		.byte	0x5
 1293 0028 696E7400 		.ascii	"int\000"
 1294 002c 03       		.uleb128 0x3
 1295 002d 14000000 		.4byte	.LASF12
 1296 0031 02       		.byte	0x2
 1297 0032 D8       		.byte	0xd8
 1298 0033 37000000 		.4byte	0x37
 1299 0037 04       		.uleb128 0x4
 1300 0038 04       		.byte	0x4
 1301 0039 07       		.byte	0x7
 1302 003a 55010000 		.4byte	.LASF0
 1303 003e 04       		.uleb128 0x4
 1304 003f 08       		.byte	0x8
 1305 0040 05       		.byte	0x5
 1306 0041 4E020000 		.4byte	.LASF1
 1307 0045 04       		.uleb128 0x4
 1308 0046 08       		.byte	0x8
 1309 0047 04       		.byte	0x4
 1310 0048 C6020000 		.4byte	.LASF2
 1311 004c 04       		.uleb128 0x4
 1312 004d 01       		.byte	0x1
 1313 004e 06       		.byte	0x6
 1314 004f D2020000 		.4byte	.LASF3
 1315 0053 04       		.uleb128 0x4
 1316 0054 01       		.byte	0x1
 1317 0055 08       		.byte	0x8
 1318 0056 F7000000 		.4byte	.LASF4
 1319 005a 04       		.uleb128 0x4
 1320 005b 02       		.byte	0x2
 1321 005c 05       		.byte	0x5
 1322 005d 9E020000 		.4byte	.LASF5
 1323 0061 04       		.uleb128 0x4
 1324 0062 02       		.byte	0x2
 1325 0063 07       		.byte	0x7
 1326 0064 3B020000 		.4byte	.LASF6
ARM GAS  C:\Users\ARTEM\AppData\Local\Temp\ccgJ8RXf.s 			page 38


 1327 0068 04       		.uleb128 0x4
 1328 0069 04       		.byte	0x4
 1329 006a 05       		.byte	0x5
 1330 006b BD020000 		.4byte	.LASF7
 1331 006f 04       		.uleb128 0x4
 1332 0070 04       		.byte	0x4
 1333 0071 07       		.byte	0x7
 1334 0072 AE000000 		.4byte	.LASF8
 1335 0076 04       		.uleb128 0x4
 1336 0077 08       		.byte	0x8
 1337 0078 07       		.byte	0x7
 1338 0079 77010000 		.4byte	.LASF9
 1339 007d 04       		.uleb128 0x4
 1340 007e 04       		.byte	0x4
 1341 007f 07       		.byte	0x7
 1342 0080 32020000 		.4byte	.LASF10
 1343 0084 05       		.uleb128 0x5
 1344 0085 04       		.byte	0x4
 1345 0086 04       		.uleb128 0x4
 1346 0087 01       		.byte	0x1
 1347 0088 08       		.byte	0x8
 1348 0089 66020000 		.4byte	.LASF11
 1349 008d 06       		.uleb128 0x6
 1350 008e C0000000 		.4byte	.LASF13
 1351 0092 03       		.byte	0x3
 1352 0093 FB01     		.2byte	0x1fb
 1353 0095 53000000 		.4byte	0x53
 1354 0099 06       		.uleb128 0x6
 1355 009a 3C010000 		.4byte	.LASF14
 1356 009e 03       		.byte	0x3
 1357 009f FC01     		.2byte	0x1fc
 1358 00a1 61000000 		.4byte	0x61
 1359 00a5 06       		.uleb128 0x6
 1360 00a6 4E010000 		.4byte	.LASF15
 1361 00aa 03       		.byte	0x3
 1362 00ab FD01     		.2byte	0x1fd
 1363 00ad 6F000000 		.4byte	0x6f
 1364 00b1 04       		.uleb128 0x4
 1365 00b2 04       		.byte	0x4
 1366 00b3 04       		.byte	0x4
 1367 00b4 76000000 		.4byte	.LASF16
 1368 00b8 04       		.uleb128 0x4
 1369 00b9 08       		.byte	0x8
 1370 00ba 04       		.byte	0x4
 1371 00bb 0C010000 		.4byte	.LASF17
 1372 00bf 06       		.uleb128 0x6
 1373 00c0 A9000000 		.4byte	.LASF18
 1374 00c4 03       		.byte	0x3
 1375 00c5 A502     		.2byte	0x2a5
 1376 00c7 CB000000 		.4byte	0xcb
 1377 00cb 07       		.uleb128 0x7
 1378 00cc 8D000000 		.4byte	0x8d
 1379 00d0 06       		.uleb128 0x6
 1380 00d1 0E000000 		.4byte	.LASF19
 1381 00d5 03       		.byte	0x3
 1382 00d6 A702     		.2byte	0x2a7
 1383 00d8 DC000000 		.4byte	0xdc
ARM GAS  C:\Users\ARTEM\AppData\Local\Temp\ccgJ8RXf.s 			page 39


 1384 00dc 07       		.uleb128 0x7
 1385 00dd A5000000 		.4byte	0xa5
 1386 00e1 08       		.uleb128 0x8
 1387 00e2 02       		.byte	0x2
 1388 00e3 01       		.byte	0x1
 1389 00e4 96       		.byte	0x96
 1390 00e5 02010000 		.4byte	0x102
 1391 00e9 09       		.uleb128 0x9
 1392 00ea 8F020000 		.4byte	.LASF20
 1393 00ee 01       		.byte	0x1
 1394 00ef 98       		.byte	0x98
 1395 00f0 8D000000 		.4byte	0x8d
 1396 00f4 00       		.byte	0
 1397 00f5 09       		.uleb128 0x9
 1398 00f6 3B000000 		.4byte	.LASF21
 1399 00fa 01       		.byte	0x1
 1400 00fb 99       		.byte	0x99
 1401 00fc 8D000000 		.4byte	0x8d
 1402 0100 01       		.byte	0x1
 1403 0101 00       		.byte	0
 1404 0102 03       		.uleb128 0x3
 1405 0103 7C020000 		.4byte	.LASF22
 1406 0107 01       		.byte	0x1
 1407 0108 9A       		.byte	0x9a
 1408 0109 E1000000 		.4byte	0xe1
 1409 010d 0A       		.uleb128 0xa
 1410 010e 13010000 		.4byte	.LASF27
 1411 0112 01       		.byte	0x1
 1412 0113 AD       		.byte	0xad
 1413 0114 00000000 		.4byte	.LFB5
 1414 0118 32000000 		.4byte	.LFE5-.LFB5
 1415 011c 01       		.uleb128 0x1
 1416 011d 9C       		.byte	0x9c
 1417 011e 7F010000 		.4byte	0x17f
 1418 0122 0B       		.uleb128 0xb
 1419 0123 31010000 		.4byte	.LASF23
 1420 0127 01       		.byte	0x1
 1421 0128 AD       		.byte	0xad
 1422 0129 7F010000 		.4byte	0x17f
 1423 012d 01       		.uleb128 0x1
 1424 012e 50       		.byte	0x50
 1425 012f 0B       		.uleb128 0xb
 1426 0130 43010000 		.4byte	.LASF24
 1427 0134 01       		.byte	0x1
 1428 0135 AD       		.byte	0xad
 1429 0136 8A010000 		.4byte	0x18a
 1430 013a 01       		.uleb128 0x1
 1431 013b 51       		.byte	0x51
 1432 013c 0C       		.uleb128 0xc
 1433 013d 6900     		.ascii	"i\000"
 1434 013f 01       		.byte	0x1
 1435 0140 B0       		.byte	0xb0
 1436 0141 A5000000 		.4byte	0xa5
 1437 0145 00000000 		.4byte	.LLST0
 1438 0149 0C       		.uleb128 0xc
 1439 014a 6A00     		.ascii	"j\000"
 1440 014c 01       		.byte	0x1
ARM GAS  C:\Users\ARTEM\AppData\Local\Temp\ccgJ8RXf.s 			page 40


 1441 014d B0       		.byte	0xb0
 1442 014e A5000000 		.4byte	0xa5
 1443 0152 1F000000 		.4byte	.LLST1
 1444 0156 0D       		.uleb128 0xd
 1445 0157 08000000 		.4byte	.LBB2
 1446 015b 22000000 		.4byte	.LBE2-.LBB2
 1447 015f 0E       		.uleb128 0xe
 1448 0160 29020000 		.4byte	.LASF25
 1449 0164 01       		.byte	0x1
 1450 0165 B3       		.byte	0xb3
 1451 0166 A5000000 		.4byte	0xa5
 1452 016a 3E000000 		.4byte	.LLST2
 1453 016e 0E       		.uleb128 0xe
 1454 016f 41000000 		.4byte	.LASF26
 1455 0173 01       		.byte	0x1
 1456 0174 B4       		.byte	0xb4
 1457 0175 8D000000 		.4byte	0x8d
 1458 0179 51000000 		.4byte	.LLST3
 1459 017d 00       		.byte	0
 1460 017e 00       		.byte	0
 1461 017f 0F       		.uleb128 0xf
 1462 0180 04       		.byte	0x4
 1463 0181 85010000 		.4byte	0x185
 1464 0185 10       		.uleb128 0x10
 1465 0186 A5000000 		.4byte	0xa5
 1466 018a 0F       		.uleb128 0xf
 1467 018b 04       		.byte	0x4
 1468 018c 90010000 		.4byte	0x190
 1469 0190 10       		.uleb128 0x10
 1470 0191 02010000 		.4byte	0x102
 1471 0195 0A       		.uleb128 0xa
 1472 0196 D7000000 		.4byte	.LASF28
 1473 019a 01       		.byte	0x1
 1474 019b 4B       		.byte	0x4b
 1475 019c 00000000 		.4byte	.LFB2
 1476 01a0 0C000000 		.4byte	.LFE2-.LFB2
 1477 01a4 01       		.uleb128 0x1
 1478 01a5 9C       		.byte	0x9c
 1479 01a6 E2010000 		.4byte	0x1e2
 1480 01aa 11       		.uleb128 0x11
 1481 01ab 7300     		.ascii	"s\000"
 1482 01ad 01       		.byte	0x1
 1483 01ae 4B       		.byte	0x4b
 1484 01af 84000000 		.4byte	0x84
 1485 01b3 6F000000 		.4byte	.LLST4
 1486 01b7 11       		.uleb128 0x11
 1487 01b8 6E00     		.ascii	"n\000"
 1488 01ba 01       		.byte	0x1
 1489 01bb 4B       		.byte	0x4b
 1490 01bc 2C000000 		.4byte	0x2c
 1491 01c0 90000000 		.4byte	.LLST5
 1492 01c4 12       		.uleb128 0x12
 1493 01c5 0A000000 		.4byte	.LVL14
 1494 01c9 38040000 		.4byte	0x438
 1495 01cd 13       		.uleb128 0x13
 1496 01ce 01       		.uleb128 0x1
 1497 01cf 50       		.byte	0x50
ARM GAS  C:\Users\ARTEM\AppData\Local\Temp\ccgJ8RXf.s 			page 41


 1498 01d0 03       		.uleb128 0x3
 1499 01d1 F3       		.byte	0xf3
 1500 01d2 01       		.uleb128 0x1
 1501 01d3 50       		.byte	0x50
 1502 01d4 13       		.uleb128 0x13
 1503 01d5 01       		.uleb128 0x1
 1504 01d6 51       		.byte	0x51
 1505 01d7 01       		.uleb128 0x1
 1506 01d8 30       		.byte	0x30
 1507 01d9 13       		.uleb128 0x13
 1508 01da 01       		.uleb128 0x1
 1509 01db 52       		.byte	0x52
 1510 01dc 03       		.uleb128 0x3
 1511 01dd F3       		.byte	0xf3
 1512 01de 01       		.uleb128 0x1
 1513 01df 51       		.byte	0x51
 1514 01e0 00       		.byte	0
 1515 01e1 00       		.byte	0
 1516 01e2 0A       		.uleb128 0xa
 1517 01e3 47000000 		.4byte	.LASF29
 1518 01e7 01       		.byte	0x1
 1519 01e8 D2       		.byte	0xd2
 1520 01e9 00000000 		.4byte	.LFB6
 1521 01ed 30010000 		.4byte	.LFE6-.LFB6
 1522 01f1 01       		.uleb128 0x1
 1523 01f2 9C       		.byte	0x9c
 1524 01f3 8B020000 		.4byte	0x28b
 1525 01f7 14       		.uleb128 0x14
 1526 01f8 0C000000 		.4byte	.LVL15
 1527 01fc 41040000 		.4byte	0x441
 1528 0200 15       		.uleb128 0x15
 1529 0201 12000000 		.4byte	.LVL16
 1530 0205 4C040000 		.4byte	0x44c
 1531 0209 17020000 		.4byte	0x217
 1532 020d 13       		.uleb128 0x13
 1533 020e 01       		.uleb128 0x1
 1534 020f 50       		.byte	0x50
 1535 0210 05       		.uleb128 0x5
 1536 0211 0C       		.byte	0xc
 1537 0212 001BB700 		.4byte	0xb71b00
 1538 0216 00       		.byte	0
 1539 0217 15       		.uleb128 0x15
 1540 0218 18000000 		.4byte	.LVL17
 1541 021c 57040000 		.4byte	0x457
 1542 0220 2A020000 		.4byte	0x22a
 1543 0224 13       		.uleb128 0x13
 1544 0225 01       		.uleb128 0x1
 1545 0226 50       		.byte	0x50
 1546 0227 01       		.uleb128 0x1
 1547 0228 31       		.byte	0x31
 1548 0229 00       		.byte	0
 1549 022a 15       		.uleb128 0x15
 1550 022b 1E000000 		.4byte	.LVL18
 1551 022f 62040000 		.4byte	0x462
 1552 0233 3E020000 		.4byte	0x23e
 1553 0237 13       		.uleb128 0x13
 1554 0238 01       		.uleb128 0x1
ARM GAS  C:\Users\ARTEM\AppData\Local\Temp\ccgJ8RXf.s 			page 42


 1555 0239 50       		.byte	0x50
 1556 023a 02       		.uleb128 0x2
 1557 023b 08       		.byte	0x8
 1558 023c 30       		.byte	0x30
 1559 023d 00       		.byte	0
 1560 023e 15       		.uleb128 0x15
 1561 023f 54000000 		.4byte	.LVL19
 1562 0243 6D040000 		.4byte	0x46d
 1563 0247 53020000 		.4byte	0x253
 1564 024b 13       		.uleb128 0x13
 1565 024c 01       		.uleb128 0x1
 1566 024d 50       		.byte	0x50
 1567 024e 03       		.uleb128 0x3
 1568 024f 0A       		.byte	0xa
 1569 0250 D007     		.2byte	0x7d0
 1570 0252 00       		.byte	0
 1571 0253 15       		.uleb128 0x15
 1572 0254 5A000000 		.4byte	.LVL20
 1573 0258 78040000 		.4byte	0x478
 1574 025c 68020000 		.4byte	0x268
 1575 0260 13       		.uleb128 0x13
 1576 0261 01       		.uleb128 0x1
 1577 0262 50       		.byte	0x50
 1578 0263 03       		.uleb128 0x3
 1579 0264 0A       		.byte	0xa
 1580 0265 DC05     		.2byte	0x5dc
 1581 0267 00       		.byte	0
 1582 0268 15       		.uleb128 0x15
 1583 0269 B8000000 		.4byte	.LVL21
 1584 026d 83040000 		.4byte	0x483
 1585 0271 7B020000 		.4byte	0x27b
 1586 0275 13       		.uleb128 0x13
 1587 0276 01       		.uleb128 0x1
 1588 0277 50       		.byte	0x50
 1589 0278 01       		.uleb128 0x1
 1590 0279 38       		.byte	0x38
 1591 027a 00       		.byte	0
 1592 027b 12       		.uleb128 0x12
 1593 027c BE000000 		.4byte	.LVL22
 1594 0280 8E040000 		.4byte	0x48e
 1595 0284 13       		.uleb128 0x13
 1596 0285 01       		.uleb128 0x1
 1597 0286 50       		.byte	0x50
 1598 0287 01       		.uleb128 0x1
 1599 0288 38       		.byte	0x38
 1600 0289 00       		.byte	0
 1601 028a 00       		.byte	0
 1602 028b 16       		.uleb128 0x16
 1603 028c E1000000 		.4byte	.LASF33
 1604 0290 01       		.byte	0x1
 1605 0291 4201     		.2byte	0x142
 1606 0293 00000000 		.4byte	.LFB8
 1607 0297 20000000 		.4byte	.LFE8-.LFB8
 1608 029b 01       		.uleb128 0x1
 1609 029c 9C       		.byte	0x9c
 1610 029d C0020000 		.4byte	0x2c0
 1611 02a1 17       		.uleb128 0x17
ARM GAS  C:\Users\ARTEM\AppData\Local\Temp\ccgJ8RXf.s 			page 43


 1612 02a2 96020000 		.4byte	.LASF30
 1613 02a6 01       		.byte	0x1
 1614 02a7 4201     		.2byte	0x142
 1615 02a9 8D000000 		.4byte	0x8d
 1616 02ad 01       		.uleb128 0x1
 1617 02ae 50       		.byte	0x50
 1618 02af 18       		.uleb128 0x18
 1619 02b0 04030000 		.4byte	.LASF31
 1620 02b4 01       		.byte	0x1
 1621 02b5 4401     		.2byte	0x144
 1622 02b7 A5000000 		.4byte	0xa5
 1623 02bb BC000000 		.4byte	.LLST6
 1624 02bf 00       		.byte	0
 1625 02c0 19       		.uleb128 0x19
 1626 02c1 1B000000 		.4byte	.LASF32
 1627 02c5 01       		.byte	0x1
 1628 02c6 2601     		.2byte	0x126
 1629 02c8 00000000 		.4byte	.LFB7
 1630 02cc 48000000 		.4byte	.LFE7-.LFB7
 1631 02d0 01       		.uleb128 0x1
 1632 02d1 9C       		.byte	0x9c
 1633 02d2 E6020000 		.4byte	0x2e6
 1634 02d6 12       		.uleb128 0x12
 1635 02d7 2C000000 		.4byte	.LVL28
 1636 02db 8B020000 		.4byte	0x28b
 1637 02df 13       		.uleb128 0x13
 1638 02e0 01       		.uleb128 0x1
 1639 02e1 50       		.byte	0x50
 1640 02e2 01       		.uleb128 0x1
 1641 02e3 31       		.byte	0x31
 1642 02e4 00       		.byte	0
 1643 02e5 00       		.byte	0
 1644 02e6 16       		.uleb128 0x16
 1645 02e7 62010000 		.4byte	.LASF34
 1646 02eb 01       		.byte	0x1
 1647 02ec 6401     		.2byte	0x164
 1648 02ee 30010000 		.4byte	.LFB9
 1649 02f2 84010000 		.4byte	.LFE9-.LFB9
 1650 02f6 01       		.uleb128 0x1
 1651 02f7 9C       		.byte	0x9c
 1652 02f8 0D040000 		.4byte	0x40d
 1653 02fc 1A       		.uleb128 0x1a
 1654 02fd 40010000 		.4byte	.LBB3
 1655 0301 9C000000 		.4byte	.LBE3-.LBB3
 1656 0305 FA030000 		.4byte	0x3fa
 1657 0309 1B       		.uleb128 0x1b
 1658 030a 52000000 		.4byte	.LASF35
 1659 030e 01       		.byte	0x1
 1660 030f 6E01     		.2byte	0x16e
 1661 0311 1D040000 		.4byte	0x41d
 1662 0315 05       		.uleb128 0x5
 1663 0316 03       		.byte	0x3
 1664 0317 68020000 		.4byte	cy_cfg_addr_table.4916
 1665 031b 1B       		.uleb128 0x1b
 1666 031c 64000000 		.4byte	.LASF36
 1667 0320 01       		.byte	0x1
 1668 0321 7B01     		.2byte	0x17b
ARM GAS  C:\Users\ARTEM\AppData\Local\Temp\ccgJ8RXf.s 			page 44


 1669 0323 33040000 		.4byte	0x433
 1670 0327 05       		.uleb128 0x5
 1671 0328 03       		.byte	0x3
 1672 0329 0C000000 		.4byte	cy_cfg_data_table.4917
 1673 032d 1C       		.uleb128 0x1c
 1674 032e 06       		.byte	0x6
 1675 032f 01       		.byte	0x1
 1676 0330 AE02     		.2byte	0x2ae
 1677 0332 51030000 		.4byte	0x351
 1678 0336 1D       		.uleb128 0x1d
 1679 0337 6F010000 		.4byte	.LASF37
 1680 033b 01       		.byte	0x1
 1681 033c AF02     		.2byte	0x2af
 1682 033e 84000000 		.4byte	0x84
 1683 0342 00       		.byte	0
 1684 0343 1D       		.uleb128 0x1d
 1685 0344 8C000000 		.4byte	.LASF38
 1686 0348 01       		.byte	0x1
 1687 0349 B002     		.2byte	0x2b0
 1688 034b 99000000 		.4byte	0x99
 1689 034f 04       		.byte	0x4
 1690 0350 00       		.byte	0
 1691 0351 06       		.uleb128 0x6
 1692 0352 1C020000 		.4byte	.LASF39
 1693 0356 01       		.byte	0x1
 1694 0357 B102     		.2byte	0x2b1
 1695 0359 2D030000 		.4byte	0x32d
 1696 035d 1E       		.uleb128 0x1e
 1697 035e 6D030000 		.4byte	0x36d
 1698 0362 6D030000 		.4byte	0x36d
 1699 0366 1F       		.uleb128 0x1f
 1700 0367 7D000000 		.4byte	0x7d
 1701 036b 01       		.byte	0x1
 1702 036c 00       		.byte	0
 1703 036d 10       		.uleb128 0x10
 1704 036e 51030000 		.4byte	0x351
 1705 0372 1B       		.uleb128 0x1b
 1706 0373 7C000000 		.4byte	.LASF40
 1707 0377 01       		.byte	0x1
 1708 0378 B302     		.2byte	0x2b3
 1709 037a 84030000 		.4byte	0x384
 1710 037e 05       		.uleb128 0x5
 1711 037f 03       		.byte	0x3
 1712 0380 00000000 		.4byte	cfg_memset_list.4922
 1713 0384 10       		.uleb128 0x10
 1714 0385 5D030000 		.4byte	0x35d
 1715 0389 20       		.uleb128 0x20
 1716 038a 6900     		.ascii	"i\000"
 1717 038c 01       		.byte	0x1
 1718 038d B902     		.2byte	0x2b9
 1719 038f 8D000000 		.4byte	0x8d
 1720 0393 DA000000 		.4byte	.LLST7
 1721 0397 1A       		.uleb128 0x1a
 1722 0398 44010000 		.4byte	.LBB4
 1723 039c 1C000000 		.4byte	.LBE4-.LBB4
 1724 03a0 DD030000 		.4byte	0x3dd
 1725 03a4 20       		.uleb128 0x20
ARM GAS  C:\Users\ARTEM\AppData\Local\Temp\ccgJ8RXf.s 			page 45


 1726 03a5 6D7300   		.ascii	"ms\000"
 1727 03a8 01       		.byte	0x1
 1728 03a9 BE02     		.2byte	0x2be
 1729 03ab B3030000 		.4byte	0x3b3
 1730 03af 04010000 		.4byte	.LLST8
 1731 03b3 0F       		.uleb128 0xf
 1732 03b4 04       		.byte	0x4
 1733 03b5 6D030000 		.4byte	0x36d
 1734 03b9 12       		.uleb128 0x12
 1735 03ba 60010000 		.4byte	.LVL31
 1736 03be 95010000 		.4byte	0x195
 1737 03c2 13       		.uleb128 0x13
 1738 03c3 01       		.uleb128 0x1
 1739 03c4 51       		.byte	0x51
 1740 03c5 15       		.uleb128 0x15
 1741 03c6 74       		.byte	0x74
 1742 03c7 00       		.sleb128 0
 1743 03c8 31       		.byte	0x31
 1744 03c9 24       		.byte	0x24
 1745 03ca 74       		.byte	0x74
 1746 03cb 00       		.sleb128 0
 1747 03cc 22       		.byte	0x22
 1748 03cd 31       		.byte	0x31
 1749 03ce 24       		.byte	0x24
 1750 03cf 03       		.byte	0x3
 1751 03d0 04000000 		.4byte	.LANCHOR0+4
 1752 03d4 22       		.byte	0x22
 1753 03d5 94       		.byte	0x94
 1754 03d6 02       		.byte	0x2
 1755 03d7 0A       		.byte	0xa
 1756 03d8 FFFF     		.2byte	0xffff
 1757 03da 1A       		.byte	0x1a
 1758 03db 00       		.byte	0
 1759 03dc 00       		.byte	0
 1760 03dd 12       		.uleb128 0x12
 1761 03de 74010000 		.4byte	.LVL34
 1762 03e2 0D010000 		.4byte	0x10d
 1763 03e6 13       		.uleb128 0x13
 1764 03e7 01       		.uleb128 0x1
 1765 03e8 50       		.byte	0x50
 1766 03e9 05       		.uleb128 0x5
 1767 03ea 03       		.byte	0x3
 1768 03eb 68020000 		.4byte	.LANCHOR1+104
 1769 03ef 13       		.uleb128 0x13
 1770 03f0 01       		.uleb128 0x1
 1771 03f1 51       		.byte	0x51
 1772 03f2 05       		.uleb128 0x5
 1773 03f3 03       		.byte	0x3
 1774 03f4 0C000000 		.4byte	.LANCHOR0+12
 1775 03f8 00       		.byte	0
 1776 03f9 00       		.byte	0
 1777 03fa 14       		.uleb128 0x14
 1778 03fb 1C020000 		.4byte	.LVL35
 1779 03ff E2010000 		.4byte	0x1e2
 1780 0403 14       		.uleb128 0x14
 1781 0404 20020000 		.4byte	.LVL36
 1782 0408 C0020000 		.4byte	0x2c0
ARM GAS  C:\Users\ARTEM\AppData\Local\Temp\ccgJ8RXf.s 			page 46


 1783 040c 00       		.byte	0
 1784 040d 1E       		.uleb128 0x1e
 1785 040e 85010000 		.4byte	0x185
 1786 0412 1D040000 		.4byte	0x41d
 1787 0416 1F       		.uleb128 0x1f
 1788 0417 7D000000 		.4byte	0x7d
 1789 041b 09       		.byte	0x9
 1790 041c 00       		.byte	0
 1791 041d 10       		.uleb128 0x10
 1792 041e 0D040000 		.4byte	0x40d
 1793 0422 1E       		.uleb128 0x1e
 1794 0423 90010000 		.4byte	0x190
 1795 0427 33040000 		.4byte	0x433
 1796 042b 21       		.uleb128 0x21
 1797 042c 7D000000 		.4byte	0x7d
 1798 0430 2D01     		.2byte	0x12d
 1799 0432 00       		.byte	0
 1800 0433 10       		.uleb128 0x10
 1801 0434 22040000 		.4byte	0x422
 1802 0438 22       		.uleb128 0x22
 1803 0439 05010000 		.4byte	.LASF52
 1804 043d 05010000 		.4byte	.LASF52
 1805 0441 23       		.uleb128 0x23
 1806 0442 C6000000 		.4byte	.LASF41
 1807 0446 C6000000 		.4byte	.LASF41
 1808 044a 04       		.byte	0x4
 1809 044b 4E       		.byte	0x4e
 1810 044c 23       		.uleb128 0x23
 1811 044d 00000000 		.4byte	.LASF42
 1812 0451 00000000 		.4byte	.LASF42
 1813 0455 05       		.byte	0x5
 1814 0456 EF       		.byte	0xef
 1815 0457 23       		.uleb128 0x23
 1816 0458 91000000 		.4byte	.LASF43
 1817 045c 91000000 		.4byte	.LASF43
 1818 0460 04       		.byte	0x4
 1819 0461 50       		.byte	0x50
 1820 0462 23       		.uleb128 0x23
 1821 0463 A8020000 		.4byte	.LASF44
 1822 0467 A8020000 		.4byte	.LASF44
 1823 046b 05       		.byte	0x5
 1824 046c 6C       		.byte	0x6c
 1825 046d 23       		.uleb128 0x23
 1826 046e 6B020000 		.4byte	.LASF45
 1827 0472 6B020000 		.4byte	.LASF45
 1828 0476 05       		.byte	0x5
 1829 0477 84       		.byte	0x84
 1830 0478 23       		.uleb128 0x23
 1831 0479 5C020000 		.4byte	.LASF46
 1832 047d 5C020000 		.4byte	.LASF46
 1833 0481 05       		.byte	0x5
 1834 0482 ED       		.byte	0xed
 1835 0483 23       		.uleb128 0x23
 1836 0484 2C000000 		.4byte	.LASF47
 1837 0488 2C000000 		.4byte	.LASF47
 1838 048c 05       		.byte	0x5
 1839 048d D0       		.byte	0xd0
ARM GAS  C:\Users\ARTEM\AppData\Local\Temp\ccgJ8RXf.s 			page 47


 1840 048e 23       		.uleb128 0x23
 1841 048f 25010000 		.4byte	.LASF48
 1842 0493 25010000 		.4byte	.LASF48
 1843 0497 05       		.byte	0x5
 1844 0498 D6       		.byte	0xd6
 1845 0499 00       		.byte	0
 1846              		.section	.debug_abbrev,"",%progbits
 1847              	.Ldebug_abbrev0:
 1848 0000 01       		.uleb128 0x1
 1849 0001 11       		.uleb128 0x11
 1850 0002 01       		.byte	0x1
 1851 0003 25       		.uleb128 0x25
 1852 0004 0E       		.uleb128 0xe
 1853 0005 13       		.uleb128 0x13
 1854 0006 0B       		.uleb128 0xb
 1855 0007 03       		.uleb128 0x3
 1856 0008 0E       		.uleb128 0xe
 1857 0009 1B       		.uleb128 0x1b
 1858 000a 0E       		.uleb128 0xe
 1859 000b 55       		.uleb128 0x55
 1860 000c 17       		.uleb128 0x17
 1861 000d 11       		.uleb128 0x11
 1862 000e 01       		.uleb128 0x1
 1863 000f 10       		.uleb128 0x10
 1864 0010 17       		.uleb128 0x17
 1865 0011 00       		.byte	0
 1866 0012 00       		.byte	0
 1867 0013 02       		.uleb128 0x2
 1868 0014 24       		.uleb128 0x24
 1869 0015 00       		.byte	0
 1870 0016 0B       		.uleb128 0xb
 1871 0017 0B       		.uleb128 0xb
 1872 0018 3E       		.uleb128 0x3e
 1873 0019 0B       		.uleb128 0xb
 1874 001a 03       		.uleb128 0x3
 1875 001b 08       		.uleb128 0x8
 1876 001c 00       		.byte	0
 1877 001d 00       		.byte	0
 1878 001e 03       		.uleb128 0x3
 1879 001f 16       		.uleb128 0x16
 1880 0020 00       		.byte	0
 1881 0021 03       		.uleb128 0x3
 1882 0022 0E       		.uleb128 0xe
 1883 0023 3A       		.uleb128 0x3a
 1884 0024 0B       		.uleb128 0xb
 1885 0025 3B       		.uleb128 0x3b
 1886 0026 0B       		.uleb128 0xb
 1887 0027 49       		.uleb128 0x49
 1888 0028 13       		.uleb128 0x13
 1889 0029 00       		.byte	0
 1890 002a 00       		.byte	0
 1891 002b 04       		.uleb128 0x4
 1892 002c 24       		.uleb128 0x24
 1893 002d 00       		.byte	0
 1894 002e 0B       		.uleb128 0xb
 1895 002f 0B       		.uleb128 0xb
 1896 0030 3E       		.uleb128 0x3e
ARM GAS  C:\Users\ARTEM\AppData\Local\Temp\ccgJ8RXf.s 			page 48


 1897 0031 0B       		.uleb128 0xb
 1898 0032 03       		.uleb128 0x3
 1899 0033 0E       		.uleb128 0xe
 1900 0034 00       		.byte	0
 1901 0035 00       		.byte	0
 1902 0036 05       		.uleb128 0x5
 1903 0037 0F       		.uleb128 0xf
 1904 0038 00       		.byte	0
 1905 0039 0B       		.uleb128 0xb
 1906 003a 0B       		.uleb128 0xb
 1907 003b 00       		.byte	0
 1908 003c 00       		.byte	0
 1909 003d 06       		.uleb128 0x6
 1910 003e 16       		.uleb128 0x16
 1911 003f 00       		.byte	0
 1912 0040 03       		.uleb128 0x3
 1913 0041 0E       		.uleb128 0xe
 1914 0042 3A       		.uleb128 0x3a
 1915 0043 0B       		.uleb128 0xb
 1916 0044 3B       		.uleb128 0x3b
 1917 0045 05       		.uleb128 0x5
 1918 0046 49       		.uleb128 0x49
 1919 0047 13       		.uleb128 0x13
 1920 0048 00       		.byte	0
 1921 0049 00       		.byte	0
 1922 004a 07       		.uleb128 0x7
 1923 004b 35       		.uleb128 0x35
 1924 004c 00       		.byte	0
 1925 004d 49       		.uleb128 0x49
 1926 004e 13       		.uleb128 0x13
 1927 004f 00       		.byte	0
 1928 0050 00       		.byte	0
 1929 0051 08       		.uleb128 0x8
 1930 0052 13       		.uleb128 0x13
 1931 0053 01       		.byte	0x1
 1932 0054 0B       		.uleb128 0xb
 1933 0055 0B       		.uleb128 0xb
 1934 0056 3A       		.uleb128 0x3a
 1935 0057 0B       		.uleb128 0xb
 1936 0058 3B       		.uleb128 0x3b
 1937 0059 0B       		.uleb128 0xb
 1938 005a 01       		.uleb128 0x1
 1939 005b 13       		.uleb128 0x13
 1940 005c 00       		.byte	0
 1941 005d 00       		.byte	0
 1942 005e 09       		.uleb128 0x9
 1943 005f 0D       		.uleb128 0xd
 1944 0060 00       		.byte	0
 1945 0061 03       		.uleb128 0x3
 1946 0062 0E       		.uleb128 0xe
 1947 0063 3A       		.uleb128 0x3a
 1948 0064 0B       		.uleb128 0xb
 1949 0065 3B       		.uleb128 0x3b
 1950 0066 0B       		.uleb128 0xb
 1951 0067 49       		.uleb128 0x49
 1952 0068 13       		.uleb128 0x13
 1953 0069 38       		.uleb128 0x38
ARM GAS  C:\Users\ARTEM\AppData\Local\Temp\ccgJ8RXf.s 			page 49


 1954 006a 0B       		.uleb128 0xb
 1955 006b 00       		.byte	0
 1956 006c 00       		.byte	0
 1957 006d 0A       		.uleb128 0xa
 1958 006e 2E       		.uleb128 0x2e
 1959 006f 01       		.byte	0x1
 1960 0070 03       		.uleb128 0x3
 1961 0071 0E       		.uleb128 0xe
 1962 0072 3A       		.uleb128 0x3a
 1963 0073 0B       		.uleb128 0xb
 1964 0074 3B       		.uleb128 0x3b
 1965 0075 0B       		.uleb128 0xb
 1966 0076 27       		.uleb128 0x27
 1967 0077 19       		.uleb128 0x19
 1968 0078 11       		.uleb128 0x11
 1969 0079 01       		.uleb128 0x1
 1970 007a 12       		.uleb128 0x12
 1971 007b 06       		.uleb128 0x6
 1972 007c 40       		.uleb128 0x40
 1973 007d 18       		.uleb128 0x18
 1974 007e 9742     		.uleb128 0x2117
 1975 0080 19       		.uleb128 0x19
 1976 0081 01       		.uleb128 0x1
 1977 0082 13       		.uleb128 0x13
 1978 0083 00       		.byte	0
 1979 0084 00       		.byte	0
 1980 0085 0B       		.uleb128 0xb
 1981 0086 05       		.uleb128 0x5
 1982 0087 00       		.byte	0
 1983 0088 03       		.uleb128 0x3
 1984 0089 0E       		.uleb128 0xe
 1985 008a 3A       		.uleb128 0x3a
 1986 008b 0B       		.uleb128 0xb
 1987 008c 3B       		.uleb128 0x3b
 1988 008d 0B       		.uleb128 0xb
 1989 008e 49       		.uleb128 0x49
 1990 008f 13       		.uleb128 0x13
 1991 0090 02       		.uleb128 0x2
 1992 0091 18       		.uleb128 0x18
 1993 0092 00       		.byte	0
 1994 0093 00       		.byte	0
 1995 0094 0C       		.uleb128 0xc
 1996 0095 34       		.uleb128 0x34
 1997 0096 00       		.byte	0
 1998 0097 03       		.uleb128 0x3
 1999 0098 08       		.uleb128 0x8
 2000 0099 3A       		.uleb128 0x3a
 2001 009a 0B       		.uleb128 0xb
 2002 009b 3B       		.uleb128 0x3b
 2003 009c 0B       		.uleb128 0xb
 2004 009d 49       		.uleb128 0x49
 2005 009e 13       		.uleb128 0x13
 2006 009f 02       		.uleb128 0x2
 2007 00a0 17       		.uleb128 0x17
 2008 00a1 00       		.byte	0
 2009 00a2 00       		.byte	0
 2010 00a3 0D       		.uleb128 0xd
ARM GAS  C:\Users\ARTEM\AppData\Local\Temp\ccgJ8RXf.s 			page 50


 2011 00a4 0B       		.uleb128 0xb
 2012 00a5 01       		.byte	0x1
 2013 00a6 11       		.uleb128 0x11
 2014 00a7 01       		.uleb128 0x1
 2015 00a8 12       		.uleb128 0x12
 2016 00a9 06       		.uleb128 0x6
 2017 00aa 00       		.byte	0
 2018 00ab 00       		.byte	0
 2019 00ac 0E       		.uleb128 0xe
 2020 00ad 34       		.uleb128 0x34
 2021 00ae 00       		.byte	0
 2022 00af 03       		.uleb128 0x3
 2023 00b0 0E       		.uleb128 0xe
 2024 00b1 3A       		.uleb128 0x3a
 2025 00b2 0B       		.uleb128 0xb
 2026 00b3 3B       		.uleb128 0x3b
 2027 00b4 0B       		.uleb128 0xb
 2028 00b5 49       		.uleb128 0x49
 2029 00b6 13       		.uleb128 0x13
 2030 00b7 02       		.uleb128 0x2
 2031 00b8 17       		.uleb128 0x17
 2032 00b9 00       		.byte	0
 2033 00ba 00       		.byte	0
 2034 00bb 0F       		.uleb128 0xf
 2035 00bc 0F       		.uleb128 0xf
 2036 00bd 00       		.byte	0
 2037 00be 0B       		.uleb128 0xb
 2038 00bf 0B       		.uleb128 0xb
 2039 00c0 49       		.uleb128 0x49
 2040 00c1 13       		.uleb128 0x13
 2041 00c2 00       		.byte	0
 2042 00c3 00       		.byte	0
 2043 00c4 10       		.uleb128 0x10
 2044 00c5 26       		.uleb128 0x26
 2045 00c6 00       		.byte	0
 2046 00c7 49       		.uleb128 0x49
 2047 00c8 13       		.uleb128 0x13
 2048 00c9 00       		.byte	0
 2049 00ca 00       		.byte	0
 2050 00cb 11       		.uleb128 0x11
 2051 00cc 05       		.uleb128 0x5
 2052 00cd 00       		.byte	0
 2053 00ce 03       		.uleb128 0x3
 2054 00cf 08       		.uleb128 0x8
 2055 00d0 3A       		.uleb128 0x3a
 2056 00d1 0B       		.uleb128 0xb
 2057 00d2 3B       		.uleb128 0x3b
 2058 00d3 0B       		.uleb128 0xb
 2059 00d4 49       		.uleb128 0x49
 2060 00d5 13       		.uleb128 0x13
 2061 00d6 02       		.uleb128 0x2
 2062 00d7 17       		.uleb128 0x17
 2063 00d8 00       		.byte	0
 2064 00d9 00       		.byte	0
 2065 00da 12       		.uleb128 0x12
 2066 00db 898201   		.uleb128 0x4109
 2067 00de 01       		.byte	0x1
ARM GAS  C:\Users\ARTEM\AppData\Local\Temp\ccgJ8RXf.s 			page 51


 2068 00df 11       		.uleb128 0x11
 2069 00e0 01       		.uleb128 0x1
 2070 00e1 31       		.uleb128 0x31
 2071 00e2 13       		.uleb128 0x13
 2072 00e3 00       		.byte	0
 2073 00e4 00       		.byte	0
 2074 00e5 13       		.uleb128 0x13
 2075 00e6 8A8201   		.uleb128 0x410a
 2076 00e9 00       		.byte	0
 2077 00ea 02       		.uleb128 0x2
 2078 00eb 18       		.uleb128 0x18
 2079 00ec 9142     		.uleb128 0x2111
 2080 00ee 18       		.uleb128 0x18
 2081 00ef 00       		.byte	0
 2082 00f0 00       		.byte	0
 2083 00f1 14       		.uleb128 0x14
 2084 00f2 898201   		.uleb128 0x4109
 2085 00f5 00       		.byte	0
 2086 00f6 11       		.uleb128 0x11
 2087 00f7 01       		.uleb128 0x1
 2088 00f8 31       		.uleb128 0x31
 2089 00f9 13       		.uleb128 0x13
 2090 00fa 00       		.byte	0
 2091 00fb 00       		.byte	0
 2092 00fc 15       		.uleb128 0x15
 2093 00fd 898201   		.uleb128 0x4109
 2094 0100 01       		.byte	0x1
 2095 0101 11       		.uleb128 0x11
 2096 0102 01       		.uleb128 0x1
 2097 0103 31       		.uleb128 0x31
 2098 0104 13       		.uleb128 0x13
 2099 0105 01       		.uleb128 0x1
 2100 0106 13       		.uleb128 0x13
 2101 0107 00       		.byte	0
 2102 0108 00       		.byte	0
 2103 0109 16       		.uleb128 0x16
 2104 010a 2E       		.uleb128 0x2e
 2105 010b 01       		.byte	0x1
 2106 010c 3F       		.uleb128 0x3f
 2107 010d 19       		.uleb128 0x19
 2108 010e 03       		.uleb128 0x3
 2109 010f 0E       		.uleb128 0xe
 2110 0110 3A       		.uleb128 0x3a
 2111 0111 0B       		.uleb128 0xb
 2112 0112 3B       		.uleb128 0x3b
 2113 0113 05       		.uleb128 0x5
 2114 0114 27       		.uleb128 0x27
 2115 0115 19       		.uleb128 0x19
 2116 0116 11       		.uleb128 0x11
 2117 0117 01       		.uleb128 0x1
 2118 0118 12       		.uleb128 0x12
 2119 0119 06       		.uleb128 0x6
 2120 011a 40       		.uleb128 0x40
 2121 011b 18       		.uleb128 0x18
 2122 011c 9742     		.uleb128 0x2117
 2123 011e 19       		.uleb128 0x19
 2124 011f 01       		.uleb128 0x1
ARM GAS  C:\Users\ARTEM\AppData\Local\Temp\ccgJ8RXf.s 			page 52


 2125 0120 13       		.uleb128 0x13
 2126 0121 00       		.byte	0
 2127 0122 00       		.byte	0
 2128 0123 17       		.uleb128 0x17
 2129 0124 05       		.uleb128 0x5
 2130 0125 00       		.byte	0
 2131 0126 03       		.uleb128 0x3
 2132 0127 0E       		.uleb128 0xe
 2133 0128 3A       		.uleb128 0x3a
 2134 0129 0B       		.uleb128 0xb
 2135 012a 3B       		.uleb128 0x3b
 2136 012b 05       		.uleb128 0x5
 2137 012c 49       		.uleb128 0x49
 2138 012d 13       		.uleb128 0x13
 2139 012e 02       		.uleb128 0x2
 2140 012f 18       		.uleb128 0x18
 2141 0130 00       		.byte	0
 2142 0131 00       		.byte	0
 2143 0132 18       		.uleb128 0x18
 2144 0133 34       		.uleb128 0x34
 2145 0134 00       		.byte	0
 2146 0135 03       		.uleb128 0x3
 2147 0136 0E       		.uleb128 0xe
 2148 0137 3A       		.uleb128 0x3a
 2149 0138 0B       		.uleb128 0xb
 2150 0139 3B       		.uleb128 0x3b
 2151 013a 05       		.uleb128 0x5
 2152 013b 49       		.uleb128 0x49
 2153 013c 13       		.uleb128 0x13
 2154 013d 02       		.uleb128 0x2
 2155 013e 17       		.uleb128 0x17
 2156 013f 00       		.byte	0
 2157 0140 00       		.byte	0
 2158 0141 19       		.uleb128 0x19
 2159 0142 2E       		.uleb128 0x2e
 2160 0143 01       		.byte	0x1
 2161 0144 03       		.uleb128 0x3
 2162 0145 0E       		.uleb128 0xe
 2163 0146 3A       		.uleb128 0x3a
 2164 0147 0B       		.uleb128 0xb
 2165 0148 3B       		.uleb128 0x3b
 2166 0149 05       		.uleb128 0x5
 2167 014a 27       		.uleb128 0x27
 2168 014b 19       		.uleb128 0x19
 2169 014c 11       		.uleb128 0x11
 2170 014d 01       		.uleb128 0x1
 2171 014e 12       		.uleb128 0x12
 2172 014f 06       		.uleb128 0x6
 2173 0150 40       		.uleb128 0x40
 2174 0151 18       		.uleb128 0x18
 2175 0152 9742     		.uleb128 0x2117
 2176 0154 19       		.uleb128 0x19
 2177 0155 01       		.uleb128 0x1
 2178 0156 13       		.uleb128 0x13
 2179 0157 00       		.byte	0
 2180 0158 00       		.byte	0
 2181 0159 1A       		.uleb128 0x1a
ARM GAS  C:\Users\ARTEM\AppData\Local\Temp\ccgJ8RXf.s 			page 53


 2182 015a 0B       		.uleb128 0xb
 2183 015b 01       		.byte	0x1
 2184 015c 11       		.uleb128 0x11
 2185 015d 01       		.uleb128 0x1
 2186 015e 12       		.uleb128 0x12
 2187 015f 06       		.uleb128 0x6
 2188 0160 01       		.uleb128 0x1
 2189 0161 13       		.uleb128 0x13
 2190 0162 00       		.byte	0
 2191 0163 00       		.byte	0
 2192 0164 1B       		.uleb128 0x1b
 2193 0165 34       		.uleb128 0x34
 2194 0166 00       		.byte	0
 2195 0167 03       		.uleb128 0x3
 2196 0168 0E       		.uleb128 0xe
 2197 0169 3A       		.uleb128 0x3a
 2198 016a 0B       		.uleb128 0xb
 2199 016b 3B       		.uleb128 0x3b
 2200 016c 05       		.uleb128 0x5
 2201 016d 49       		.uleb128 0x49
 2202 016e 13       		.uleb128 0x13
 2203 016f 02       		.uleb128 0x2
 2204 0170 18       		.uleb128 0x18
 2205 0171 00       		.byte	0
 2206 0172 00       		.byte	0
 2207 0173 1C       		.uleb128 0x1c
 2208 0174 13       		.uleb128 0x13
 2209 0175 01       		.byte	0x1
 2210 0176 0B       		.uleb128 0xb
 2211 0177 0B       		.uleb128 0xb
 2212 0178 3A       		.uleb128 0x3a
 2213 0179 0B       		.uleb128 0xb
 2214 017a 3B       		.uleb128 0x3b
 2215 017b 05       		.uleb128 0x5
 2216 017c 01       		.uleb128 0x1
 2217 017d 13       		.uleb128 0x13
 2218 017e 00       		.byte	0
 2219 017f 00       		.byte	0
 2220 0180 1D       		.uleb128 0x1d
 2221 0181 0D       		.uleb128 0xd
 2222 0182 00       		.byte	0
 2223 0183 03       		.uleb128 0x3
 2224 0184 0E       		.uleb128 0xe
 2225 0185 3A       		.uleb128 0x3a
 2226 0186 0B       		.uleb128 0xb
 2227 0187 3B       		.uleb128 0x3b
 2228 0188 05       		.uleb128 0x5
 2229 0189 49       		.uleb128 0x49
 2230 018a 13       		.uleb128 0x13
 2231 018b 38       		.uleb128 0x38
 2232 018c 0B       		.uleb128 0xb
 2233 018d 00       		.byte	0
 2234 018e 00       		.byte	0
 2235 018f 1E       		.uleb128 0x1e
 2236 0190 01       		.uleb128 0x1
 2237 0191 01       		.byte	0x1
 2238 0192 49       		.uleb128 0x49
ARM GAS  C:\Users\ARTEM\AppData\Local\Temp\ccgJ8RXf.s 			page 54


 2239 0193 13       		.uleb128 0x13
 2240 0194 01       		.uleb128 0x1
 2241 0195 13       		.uleb128 0x13
 2242 0196 00       		.byte	0
 2243 0197 00       		.byte	0
 2244 0198 1F       		.uleb128 0x1f
 2245 0199 21       		.uleb128 0x21
 2246 019a 00       		.byte	0
 2247 019b 49       		.uleb128 0x49
 2248 019c 13       		.uleb128 0x13
 2249 019d 2F       		.uleb128 0x2f
 2250 019e 0B       		.uleb128 0xb
 2251 019f 00       		.byte	0
 2252 01a0 00       		.byte	0
 2253 01a1 20       		.uleb128 0x20
 2254 01a2 34       		.uleb128 0x34
 2255 01a3 00       		.byte	0
 2256 01a4 03       		.uleb128 0x3
 2257 01a5 08       		.uleb128 0x8
 2258 01a6 3A       		.uleb128 0x3a
 2259 01a7 0B       		.uleb128 0xb
 2260 01a8 3B       		.uleb128 0x3b
 2261 01a9 05       		.uleb128 0x5
 2262 01aa 49       		.uleb128 0x49
 2263 01ab 13       		.uleb128 0x13
 2264 01ac 02       		.uleb128 0x2
 2265 01ad 17       		.uleb128 0x17
 2266 01ae 00       		.byte	0
 2267 01af 00       		.byte	0
 2268 01b0 21       		.uleb128 0x21
 2269 01b1 21       		.uleb128 0x21
 2270 01b2 00       		.byte	0
 2271 01b3 49       		.uleb128 0x49
 2272 01b4 13       		.uleb128 0x13
 2273 01b5 2F       		.uleb128 0x2f
 2274 01b6 05       		.uleb128 0x5
 2275 01b7 00       		.byte	0
 2276 01b8 00       		.byte	0
 2277 01b9 22       		.uleb128 0x22
 2278 01ba 2E       		.uleb128 0x2e
 2279 01bb 00       		.byte	0
 2280 01bc 3F       		.uleb128 0x3f
 2281 01bd 19       		.uleb128 0x19
 2282 01be 3C       		.uleb128 0x3c
 2283 01bf 19       		.uleb128 0x19
 2284 01c0 6E       		.uleb128 0x6e
 2285 01c1 0E       		.uleb128 0xe
 2286 01c2 03       		.uleb128 0x3
 2287 01c3 0E       		.uleb128 0xe
 2288 01c4 00       		.byte	0
 2289 01c5 00       		.byte	0
 2290 01c6 23       		.uleb128 0x23
 2291 01c7 2E       		.uleb128 0x2e
 2292 01c8 00       		.byte	0
 2293 01c9 3F       		.uleb128 0x3f
 2294 01ca 19       		.uleb128 0x19
 2295 01cb 3C       		.uleb128 0x3c
ARM GAS  C:\Users\ARTEM\AppData\Local\Temp\ccgJ8RXf.s 			page 55


 2296 01cc 19       		.uleb128 0x19
 2297 01cd 6E       		.uleb128 0x6e
 2298 01ce 0E       		.uleb128 0xe
 2299 01cf 03       		.uleb128 0x3
 2300 01d0 0E       		.uleb128 0xe
 2301 01d1 3A       		.uleb128 0x3a
 2302 01d2 0B       		.uleb128 0xb
 2303 01d3 3B       		.uleb128 0x3b
 2304 01d4 0B       		.uleb128 0xb
 2305 01d5 00       		.byte	0
 2306 01d6 00       		.byte	0
 2307 01d7 00       		.byte	0
 2308              		.section	.debug_loc,"",%progbits
 2309              	.Ldebug_loc0:
 2310              	.LLST0:
 2311 0000 02000000 		.4byte	.LVL1
 2312 0004 08000000 		.4byte	.LVL2
 2313 0008 0200     		.2byte	0x2
 2314 000a 30       		.byte	0x30
 2315 000b 9F       		.byte	0x9f
 2316 000c 08000000 		.4byte	.LVL2
 2317 0010 30000000 		.4byte	.LVL11
 2318 0014 0100     		.2byte	0x1
 2319 0016 57       		.byte	0x57
 2320 0017 00000000 		.4byte	0
 2321 001b 00000000 		.4byte	0
 2322              	.LLST1:
 2323 001f 02000000 		.4byte	.LVL1
 2324 0023 08000000 		.4byte	.LVL2
 2325 0027 0200     		.2byte	0x2
 2326 0029 30       		.byte	0x30
 2327 002a 9F       		.byte	0x9f
 2328 002b 08000000 		.4byte	.LVL2
 2329 002f 30000000 		.4byte	.LVL10
 2330 0033 0100     		.2byte	0x1
 2331 0035 55       		.byte	0x55
 2332 0036 00000000 		.4byte	0
 2333 003a 00000000 		.4byte	0
 2334              	.LLST2:
 2335 003e 0C000000 		.4byte	.LVL3
 2336 0042 2C000000 		.4byte	.LVL9
 2337 0046 0100     		.2byte	0x1
 2338 0048 56       		.byte	0x56
 2339 0049 00000000 		.4byte	0
 2340 004d 00000000 		.4byte	0
 2341              	.LLST3:
 2342 0051 0E000000 		.4byte	.LVL4
 2343 0055 24000000 		.4byte	.LVL7
 2344 0059 0100     		.2byte	0x1
 2345 005b 53       		.byte	0x53
 2346 005c 26000000 		.4byte	.LVL8
 2347 0060 2C000000 		.4byte	.LVL9
 2348 0064 0100     		.2byte	0x1
 2349 0066 53       		.byte	0x53
 2350 0067 00000000 		.4byte	0
 2351 006b 00000000 		.4byte	0
 2352              	.LLST4:
ARM GAS  C:\Users\ARTEM\AppData\Local\Temp\ccgJ8RXf.s 			page 56


 2353 006f 00000000 		.4byte	.LVL12
 2354 0073 09000000 		.4byte	.LVL14-1
 2355 0077 0100     		.2byte	0x1
 2356 0079 50       		.byte	0x50
 2357 007a 09000000 		.4byte	.LVL14-1
 2358 007e 0C000000 		.4byte	.LFE2
 2359 0082 0400     		.2byte	0x4
 2360 0084 F3       		.byte	0xf3
 2361 0085 01       		.uleb128 0x1
 2362 0086 50       		.byte	0x50
 2363 0087 9F       		.byte	0x9f
 2364 0088 00000000 		.4byte	0
 2365 008c 00000000 		.4byte	0
 2366              	.LLST5:
 2367 0090 00000000 		.4byte	.LVL12
 2368 0094 06000000 		.4byte	.LVL13
 2369 0098 0100     		.2byte	0x1
 2370 009a 51       		.byte	0x51
 2371 009b 06000000 		.4byte	.LVL13
 2372 009f 09000000 		.4byte	.LVL14-1
 2373 00a3 0100     		.2byte	0x1
 2374 00a5 52       		.byte	0x52
 2375 00a6 09000000 		.4byte	.LVL14-1
 2376 00aa 0C000000 		.4byte	.LFE2
 2377 00ae 0400     		.2byte	0x4
 2378 00b0 F3       		.byte	0xf3
 2379 00b1 01       		.uleb128 0x1
 2380 00b2 51       		.byte	0x51
 2381 00b3 9F       		.byte	0x9f
 2382 00b4 00000000 		.4byte	0
 2383 00b8 00000000 		.4byte	0
 2384              	.LLST6:
 2385 00bc 04000000 		.4byte	.LVL24
 2386 00c0 12000000 		.4byte	.LVL26
 2387 00c4 0100     		.2byte	0x1
 2388 00c6 53       		.byte	0x53
 2389 00c7 14000000 		.4byte	.LVL27
 2390 00cb 20000000 		.4byte	.LFE8
 2391 00cf 0100     		.2byte	0x1
 2392 00d1 53       		.byte	0x53
 2393 00d2 00000000 		.4byte	0
 2394 00d6 00000000 		.4byte	0
 2395              	.LLST7:
 2396 00da 40010000 		.4byte	.LVL29
 2397 00de 44010000 		.4byte	.LVL30
 2398 00e2 0200     		.2byte	0x2
 2399 00e4 30       		.byte	0x30
 2400 00e5 9F       		.byte	0x9f
 2401 00e6 44010000 		.4byte	.LVL30
 2402 00ea 62010000 		.4byte	.LVL32
 2403 00ee 0100     		.2byte	0x1
 2404 00f0 54       		.byte	0x54
 2405 00f1 64010000 		.4byte	.LVL33
 2406 00f5 20020000 		.4byte	.LVL37
 2407 00f9 0100     		.2byte	0x1
 2408 00fb 54       		.byte	0x54
 2409 00fc 00000000 		.4byte	0
ARM GAS  C:\Users\ARTEM\AppData\Local\Temp\ccgJ8RXf.s 			page 57


 2410 0100 00000000 		.4byte	0
 2411              	.LLST8:
 2412 0104 44010000 		.4byte	.LVL30
 2413 0108 62010000 		.4byte	.LVL32
 2414 010c 0B00     		.2byte	0xb
 2415 010e 74       		.byte	0x74
 2416 010f 00       		.sleb128 0
 2417 0110 36       		.byte	0x36
 2418 0111 1E       		.byte	0x1e
 2419 0112 03       		.byte	0x3
 2420 0113 00000000 		.4byte	cfg_memset_list.4922
 2421 0117 22       		.byte	0x22
 2422 0118 9F       		.byte	0x9f
 2423 0119 62010000 		.4byte	.LVL32
 2424 011d 64010000 		.4byte	.LVL33
 2425 0121 0B00     		.2byte	0xb
 2426 0123 74       		.byte	0x74
 2427 0124 7F       		.sleb128 -1
 2428 0125 36       		.byte	0x36
 2429 0126 1E       		.byte	0x1e
 2430 0127 03       		.byte	0x3
 2431 0128 00000000 		.4byte	cfg_memset_list.4922
 2432 012c 22       		.byte	0x22
 2433 012d 9F       		.byte	0x9f
 2434 012e 00000000 		.4byte	0
 2435 0132 00000000 		.4byte	0
 2436              		.section	.debug_aranges,"",%progbits
 2437 0000 44000000 		.4byte	0x44
 2438 0004 0200     		.2byte	0x2
 2439 0006 00000000 		.4byte	.Ldebug_info0
 2440 000a 04       		.byte	0x4
 2441 000b 00       		.byte	0
 2442 000c 0000     		.2byte	0
 2443 000e 0000     		.2byte	0
 2444 0010 00000000 		.4byte	.LFB5
 2445 0014 32000000 		.4byte	.LFE5-.LFB5
 2446 0018 00000000 		.4byte	.LFB2
 2447 001c 0C000000 		.4byte	.LFE2-.LFB2
 2448 0020 00000000 		.4byte	.LFB6
 2449 0024 30010000 		.4byte	.LFE6-.LFB6
 2450 0028 00000000 		.4byte	.LFB8
 2451 002c 20000000 		.4byte	.LFE8-.LFB8
 2452 0030 00000000 		.4byte	.LFB7
 2453 0034 48000000 		.4byte	.LFE7-.LFB7
 2454 0038 30010000 		.4byte	.LFB9
 2455 003c 84010000 		.4byte	.LFE9-.LFB9
 2456 0040 00000000 		.4byte	0
 2457 0044 00000000 		.4byte	0
 2458              		.section	.debug_ranges,"",%progbits
 2459              	.Ldebug_ranges0:
 2460 0000 00000000 		.4byte	.LFB5
 2461 0004 32000000 		.4byte	.LFE5
 2462 0008 00000000 		.4byte	.LFB2
 2463 000c 0C000000 		.4byte	.LFE2
 2464 0010 00000000 		.4byte	.LFB6
 2465 0014 30010000 		.4byte	.LFE6
 2466 0018 00000000 		.4byte	.LFB8
ARM GAS  C:\Users\ARTEM\AppData\Local\Temp\ccgJ8RXf.s 			page 58


 2467 001c 20000000 		.4byte	.LFE8
 2468 0020 00000000 		.4byte	.LFB7
 2469 0024 48000000 		.4byte	.LFE7
 2470 0028 30010000 		.4byte	.LFB9
 2471 002c B4020000 		.4byte	.LFE9
 2472 0030 00000000 		.4byte	0
 2473 0034 00000000 		.4byte	0
 2474              		.section	.debug_line,"",%progbits
 2475              	.Ldebug_line0:
 2476 0000 A0010000 		.section	.debug_str,"MS",%progbits,1
 2476      0200C700 
 2476      00000201 
 2476      FB0E0D00 
 2476      01010101 
 2477              	.LASF42:
 2478 0000 43794465 		.ascii	"CyDelayCycles\000"
 2478      6C617943 
 2478      79636C65 
 2478      7300
 2479              	.LASF19:
 2480 000e 72656733 		.ascii	"reg32\000"
 2480      3200
 2481              	.LASF12:
 2482 0014 73697A65 		.ascii	"size_t\000"
 2482      5F7400
 2483              	.LASF32:
 2484 001b 416E616C 		.ascii	"AnalogSetDefault\000"
 2484      6F675365 
 2484      74446566 
 2484      61756C74 
 2484      00
 2485              	.LASF47:
 2486 002c 4379496E 		.ascii	"CyIntSetVector\000"
 2486      74536574 
 2486      56656374 
 2486      6F7200
 2487              	.LASF21:
 2488 003b 76616C75 		.ascii	"value\000"
 2488      6500
 2489              	.LASF26:
 2490 0041 636F756E 		.ascii	"count\000"
 2490      7400
 2491              	.LASF29:
 2492 0047 436C6F63 		.ascii	"ClockSetup\000"
 2492      6B536574 
 2492      757000
 2493              	.LASF35:
 2494 0052 63795F63 		.ascii	"cy_cfg_addr_table\000"
 2494      66675F61 
 2494      6464725F 
 2494      7461626C 
 2494      6500
 2495              	.LASF36:
 2496 0064 63795F63 		.ascii	"cy_cfg_data_table\000"
 2496      66675F64 
 2496      6174615F 
 2496      7461626C 
ARM GAS  C:\Users\ARTEM\AppData\Local\Temp\ccgJ8RXf.s 			page 59


 2496      6500
 2497              	.LASF16:
 2498 0076 666C6F61 		.ascii	"float\000"
 2498      7400
 2499              	.LASF40:
 2500 007c 6366675F 		.ascii	"cfg_memset_list\000"
 2500      6D656D73 
 2500      65745F6C 
 2500      69737400 
 2501              	.LASF38:
 2502 008c 73697A65 		.ascii	"size\000"
 2502      00
 2503              	.LASF43:
 2504 0091 43795379 		.ascii	"CySysClkWcoSetPowerMode\000"
 2504      73436C6B 
 2504      57636F53 
 2504      6574506F 
 2504      7765724D 
 2505              	.LASF18:
 2506 00a9 72656738 		.ascii	"reg8\000"
 2506      00
 2507              	.LASF8:
 2508 00ae 6C6F6E67 		.ascii	"long unsigned int\000"
 2508      20756E73 
 2508      69676E65 
 2508      6420696E 
 2508      7400
 2509              	.LASF13:
 2510 00c0 75696E74 		.ascii	"uint8\000"
 2510      3800
 2511              	.LASF41:
 2512 00c6 43795379 		.ascii	"CySysClkWcoStart\000"
 2512      73436C6B 
 2512      57636F53 
 2512      74617274 
 2512      00
 2513              	.LASF28:
 2514 00d7 43594D45 		.ascii	"CYMEMZERO\000"
 2514      4D5A4552 
 2514      4F00
 2515              	.LASF33:
 2516 00e1 53657441 		.ascii	"SetAnalogRoutingPumps\000"
 2516      6E616C6F 
 2516      67526F75 
 2516      74696E67 
 2516      50756D70 
 2517              	.LASF4:
 2518 00f7 756E7369 		.ascii	"unsigned char\000"
 2518      676E6564 
 2518      20636861 
 2518      7200
 2519              	.LASF52:
 2520 0105 6D656D73 		.ascii	"memset\000"
 2520      657400
 2521              	.LASF17:
 2522 010c 646F7562 		.ascii	"double\000"
 2522      6C6500
ARM GAS  C:\Users\ARTEM\AppData\Local\Temp\ccgJ8RXf.s 			page 60


 2523              	.LASF27:
 2524 0113 6366675F 		.ascii	"cfg_write_bytes32\000"
 2524      77726974 
 2524      655F6279 
 2524      74657333 
 2524      3200
 2525              	.LASF48:
 2526 0125 4379496E 		.ascii	"CyIntEnable\000"
 2526      74456E61 
 2526      626C6500 
 2527              	.LASF23:
 2528 0131 61646472 		.ascii	"addr_table\000"
 2528      5F746162 
 2528      6C6500
 2529              	.LASF14:
 2530 013c 75696E74 		.ascii	"uint16\000"
 2530      313600
 2531              	.LASF24:
 2532 0143 64617461 		.ascii	"data_table\000"
 2532      5F746162 
 2532      6C6500
 2533              	.LASF15:
 2534 014e 75696E74 		.ascii	"uint32\000"
 2534      333200
 2535              	.LASF0:
 2536 0155 756E7369 		.ascii	"unsigned int\000"
 2536      676E6564 
 2536      20696E74 
 2536      00
 2537              	.LASF34:
 2538 0162 63796669 		.ascii	"cyfitter_cfg\000"
 2538      74746572 
 2538      5F636667 
 2538      00
 2539              	.LASF37:
 2540 016f 61646472 		.ascii	"address\000"
 2540      65737300 
 2541              	.LASF9:
 2542 0177 6C6F6E67 		.ascii	"long long unsigned int\000"
 2542      206C6F6E 
 2542      6720756E 
 2542      7369676E 
 2542      65642069 
 2543              	.LASF49:
 2544 018e 474E5520 		.ascii	"GNU C11 5.4.1 20160609 (release) [ARM/embedded-5-br"
 2544      43313120 
 2544      352E342E 
 2544      31203230 
 2544      31363036 
 2545 01c1 616E6368 		.ascii	"anch revision 237715] -mcpu=cortex-m0 -mthumb -g -O"
 2545      20726576 
 2545      6973696F 
 2545      6E203233 
 2545      37373135 
 2546 01f4 67202D66 		.ascii	"g -ffunction-sections -ffat-lto-objects\000"
 2546      66756E63 
 2546      74696F6E 
ARM GAS  C:\Users\ARTEM\AppData\Local\Temp\ccgJ8RXf.s 			page 61


 2546      2D736563 
 2546      74696F6E 
 2547              	.LASF39:
 2548 021c 6366675F 		.ascii	"cfg_memset_t\000"
 2548      6D656D73 
 2548      65745F74 
 2548      00
 2549              	.LASF25:
 2550 0229 62617365 		.ascii	"baseAddr\000"
 2550      41646472 
 2550      00
 2551              	.LASF10:
 2552 0232 73697A65 		.ascii	"sizetype\000"
 2552      74797065 
 2552      00
 2553              	.LASF6:
 2554 023b 73686F72 		.ascii	"short unsigned int\000"
 2554      7420756E 
 2554      7369676E 
 2554      65642069 
 2554      6E7400
 2555              	.LASF1:
 2556 024e 6C6F6E67 		.ascii	"long long int\000"
 2556      206C6F6E 
 2556      6720696E 
 2556      7400
 2557              	.LASF46:
 2558 025c 43794465 		.ascii	"CyDelayUs\000"
 2558      6C617955 
 2558      7300
 2559              	.LASF11:
 2560 0266 63686172 		.ascii	"char\000"
 2560      00
 2561              	.LASF45:
 2562 026b 43795379 		.ascii	"CySysClkEcoStart\000"
 2562      73436C6B 
 2562      45636F53 
 2562      74617274 
 2562      00
 2563              	.LASF22:
 2564 027c 63795F63 		.ascii	"cy_cfg_addrvalue_t\000"
 2564      66675F61 
 2564      64647276 
 2564      616C7565 
 2564      5F7400
 2565              	.LASF20:
 2566 028f 6F666673 		.ascii	"offset\000"
 2566      657400
 2567              	.LASF30:
 2568 0296 656E6162 		.ascii	"enabled\000"
 2568      6C656400 
 2569              	.LASF5:
 2570 029e 73686F72 		.ascii	"short int\000"
 2570      7420696E 
 2570      7400
 2571              	.LASF44:
 2572 02a8 43795379 		.ascii	"CySysClkWriteImoFreq\000"
ARM GAS  C:\Users\ARTEM\AppData\Local\Temp\ccgJ8RXf.s 			page 62


 2572      73436C6B 
 2572      57726974 
 2572      65496D6F 
 2572      46726571 
 2573              	.LASF7:
 2574 02bd 6C6F6E67 		.ascii	"long int\000"
 2574      20696E74 
 2574      00
 2575              	.LASF2:
 2576 02c6 6C6F6E67 		.ascii	"long double\000"
 2576      20646F75 
 2576      626C6500 
 2577              	.LASF3:
 2578 02d2 7369676E 		.ascii	"signed char\000"
 2578      65642063 
 2578      68617200 
 2579              	.LASF50:
 2580 02de 47656E65 		.ascii	"Generated_Source\\PSoC4\\cyfitter_cfg.c\000"
 2580      72617465 
 2580      645F536F 
 2580      75726365 
 2580      5C50536F 
 2581              	.LASF31:
 2582 0304 72656756 		.ascii	"regValue\000"
 2582      616C7565 
 2582      00
 2583              	.LASF51:
 2584 030d 423A5C55 		.ascii	"B:\\UCU Second year\\Term 1\\POC\\Cyberpong\\CyberP"
 2584      43552053 
 2584      65636F6E 
 2584      64207965 
 2584      61725C54 
 2585 033b 6F6E672E 		.ascii	"ong.cydsn\000"
 2585      63796473 
 2585      6E00
 2586              		.ident	"GCC: (GNU Tools for ARM Embedded Processors) 5.4.1 20160609 (release) [ARM/embedded-5-bran
