ARM GAS  C:\Users\ARTEM\AppData\Local\Temp\ccspu0Ww.s 			page 1


   1              		.syntax unified
   2              		.cpu cortex-m0
   3              		.fpu softvfp
   4              		.eabi_attribute 20, 1
   5              		.eabi_attribute 21, 1
   6              		.eabi_attribute 23, 3
   7              		.eabi_attribute 24, 1
   8              		.eabi_attribute 25, 1
   9              		.eabi_attribute 26, 1
  10              		.eabi_attribute 30, 1
  11              		.eabi_attribute 34, 0
  12              		.eabi_attribute 18, 4
  13              		.thumb
  14              		.syntax unified
  15              		.file	"led.c"
  16              		.text
  17              	.Ltext0:
  18              		.cfi_sections	.debug_frame
  19              		.global	__aeabi_uidivmod
  20              		.section	.text.chooseSide,"ax",%progbits
  21              		.align	2
  22              		.global	chooseSide
  23              		.code	16
  24              		.thumb_func
  25              		.type	chooseSide, %function
  26              	chooseSide:
  27              	.LFB36:
  28              		.file 1 "led.c"
   1:led.c         **** /* ========================================
   2:led.c         ****  *
   3:led.c         ****  * Copyright YOUR COMPANY, THE YEAR
   4:led.c         ****  * All Rights Reserved
   5:led.c         ****  * UNPUBLISHED, LICENSED SOFTWARE.
   6:led.c         ****  *
   7:led.c         ****  * CONFIDENTIAL AND PROPRIETARY INFORMATION
   8:led.c         ****  * WHICH IS THE PROPERTY OF your company.
   9:led.c         ****  *
  10:led.c         ****  * ========================================
  11:led.c         **** */
  12:led.c         **** 
  13:led.c         **** 
  14:led.c         **** #include "project.h"
  15:led.c         **** #include "led.h"
  16:led.c         **** #include <stdio.h>
  17:led.c         **** 
  18:led.c         **** 
  19:led.c         **** void chooseSide(uint8 cycles, uint8 sideCoord, uint32 color)
  20:led.c         **** {
  29              		.loc 1 20 0
  30              		.cfi_startproc
  31              		@ args = 0, pretend = 0, frame = 24
  32              		@ frame_needed = 0, uses_anonymous_args = 0
  33              	.LVL0:
  34 0000 F0B5     		push	{r4, r5, r6, r7, lr}
  35              		.cfi_def_cfa_offset 20
  36              		.cfi_offset 4, -20
  37              		.cfi_offset 5, -16
ARM GAS  C:\Users\ARTEM\AppData\Local\Temp\ccspu0Ww.s 			page 2


  38              		.cfi_offset 6, -12
  39              		.cfi_offset 7, -8
  40              		.cfi_offset 14, -4
  41 0002 5746     		mov	r7, r10
  42 0004 4E46     		mov	r6, r9
  43 0006 C0B4     		push	{r6, r7}
  44              		.cfi_def_cfa_offset 28
  45              		.cfi_offset 9, -28
  46              		.cfi_offset 10, -24
  47 0008 87B0     		sub	sp, sp, #28
  48              		.cfi_def_cfa_offset 56
  49 000a 8146     		mov	r9, r0
  50 000c 8A46     		mov	r10, r1
  51 000e 1500     		movs	r5, r2
  21:led.c         ****     StripLights_DisplayClear(StripLights_BLACK);
  52              		.loc 1 21 0
  53 0010 444B     		ldr	r3, .L6
  54 0012 1B6E     		ldr	r3, [r3, #96]
  55 0014 1C00     		movs	r4, r3
  56 0016 0393     		str	r3, [sp, #12]
  57 0018 1800     		movs	r0, r3
  58              	.LVL1:
  59 001a FFF7FEFF 		bl	StripLights_DisplayClear
  60              	.LVL2:
  22:led.c         **** 	StripLights_MemClear(StripLights_BLACK);
  61              		.loc 1 22 0
  62 001e 2000     		movs	r0, r4
  63 0020 FFF7FEFF 		bl	StripLights_MemClear
  64              	.LVL3:
  65              	.LBB2:
  23:led.c         ****  
  24:led.c         ****     uint32 ledPosition = 1;
  25:led.c         ****     uint8 currCycles = 0;
  26:led.c         ****     uint32 ledPos;
  27:led.c         ****     
  28:led.c         ****     for(int i = 0; i < 7; ++i)
  66              		.loc 1 28 0
  67 0024 0024     		movs	r4, #0
  68 0026 0BE0     		b	.L2
  69              	.LVL4:
  70              	.L3:
  29:led.c         ****     {
  30:led.c         ****         StripLights_Pixel(i, 0, color);
  71              		.loc 1 30 0 discriminator 3
  72 0028 2A00     		movs	r2, r5
  73 002a 0021     		movs	r1, #0
  74 002c 2000     		movs	r0, r4
  75 002e FFF7FEFF 		bl	StripLights_Pixel
  76              	.LVL5:
  31:led.c         ****         StripLights_Trigger(1);  
  77              		.loc 1 31 0 discriminator 3
  78 0032 0120     		movs	r0, #1
  79 0034 FFF7FEFF 		bl	StripLights_Trigger
  80              	.LVL6:
  32:led.c         ****         CyDelay(50);
  81              		.loc 1 32 0 discriminator 3
  82 0038 3220     		movs	r0, #50
ARM GAS  C:\Users\ARTEM\AppData\Local\Temp\ccspu0Ww.s 			page 3


  83 003a FFF7FEFF 		bl	CyDelay
  84              	.LVL7:
  28:led.c         ****     {
  85              		.loc 1 28 0 discriminator 3
  86 003e 0134     		adds	r4, r4, #1
  87              	.LVL8:
  88              	.L2:
  28:led.c         ****     {
  89              		.loc 1 28 0 is_stmt 0 discriminator 1
  90 0040 062C     		cmp	r4, #6
  91 0042 F1DD     		ble	.L3
  92              	.LBE2:
  33:led.c         ****     }
  34:led.c         ****     
  35:led.c         ****     uint32 mainCol = StripLights_GetPixel(0, 0);
  93              		.loc 1 35 0 is_stmt 1
  94 0044 0021     		movs	r1, #0
  95 0046 0020     		movs	r0, #0
  96 0048 FFF7FEFF 		bl	StripLights_GetPixel
  97              	.LVL9:
  98 004c 0490     		str	r0, [sp, #16]
  99              	.LVL10:
  36:led.c         ****     uint32 col2 = mainCol;
  37:led.c         ****     col2 = (col2 >> 1) & 0x007F7F7F;
  38:led.c         ****     col2 = (col2 >> 1) & 0x007F7F7F;
 100              		.loc 1 38 0
 101 004e 8708     		lsrs	r7, r0, #2
 102 0050 354B     		ldr	r3, .L6+4
 103 0052 1F40     		ands	r7, r3
 104              	.LVL11:
  39:led.c         ****     uint32 col3 = col2;
  40:led.c         ****     col3 = (col3 >> 1) & 0x007F7F7F;
 105              		.loc 1 40 0
 106 0054 7E08     		lsrs	r6, r7, #1
 107 0056 354A     		ldr	r2, .L6+8
 108 0058 1640     		ands	r6, r2
 109 005a 0196     		str	r6, [sp, #4]
 110              	.LVL12:
  41:led.c         ****     uint32 col4 = col3;
  42:led.c         ****     col4 = (col4 >> 1) & 0x007F7F7F;
  43:led.c         ****     col4 = (col4 >> 1) & 0x007F7F7F;
 111              		.loc 1 43 0
 112 005c B508     		lsrs	r5, r6, #2
 113              	.LVL13:
 114 005e 1D40     		ands	r5, r3
 115 0060 0595     		str	r5, [sp, #20]
 116              	.LVL14:
  25:led.c         ****     uint32 ledPos;
 117              		.loc 1 25 0
 118 0062 0026     		movs	r6, #0
 119              	.LVL15:
  24:led.c         ****     uint8 currCycles = 0;
 120              		.loc 1 24 0
 121 0064 0125     		movs	r5, #1
 122              	.LVL16:
 123 0066 0297     		str	r7, [sp, #8]
 124 0068 4F46     		mov	r7, r9
ARM GAS  C:\Users\ARTEM\AppData\Local\Temp\ccspu0Ww.s 			page 4


 125              	.LVL17:
 126              	.L5:
  44:led.c         ****     
  45:led.c         ****     for(;;)
  46:led.c         ****     {
  47:led.c         ****         StripLights_Pixel((ledPosition+23)%24, 0, StripLights_BLACK);
 127              		.loc 1 47 0
 128 006a 2800     		movs	r0, r5
 129 006c 1730     		adds	r0, r0, #23
 130 006e 1821     		movs	r1, #24
 131 0070 FFF7FEFF 		bl	__aeabi_uidivmod
 132              	.LVL18:
 133 0074 0800     		movs	r0, r1
 134 0076 039A     		ldr	r2, [sp, #12]
 135 0078 0021     		movs	r1, #0
 136 007a FFF7FEFF 		bl	StripLights_Pixel
 137              	.LVL19:
  48:led.c         ****         
  49:led.c         ****         StripLights_Pixel((ledPosition + 3) % 24, 0, mainCol);
 138              		.loc 1 49 0
 139 007e E81C     		adds	r0, r5, #3
 140 0080 1821     		movs	r1, #24
 141 0082 FFF7FEFF 		bl	__aeabi_uidivmod
 142              	.LVL20:
 143 0086 0800     		movs	r0, r1
 144 0088 049A     		ldr	r2, [sp, #16]
 145 008a 0021     		movs	r1, #0
 146 008c FFF7FEFF 		bl	StripLights_Pixel
 147              	.LVL21:
  50:led.c         ****         StripLights_Pixel(ledPosition % 24, 0, col4);
 148              		.loc 1 50 0
 149 0090 1821     		movs	r1, #24
 150 0092 2800     		movs	r0, r5
 151 0094 FFF7FEFF 		bl	__aeabi_uidivmod
 152              	.LVL22:
 153 0098 0800     		movs	r0, r1
 154 009a 059C     		ldr	r4, [sp, #20]
 155 009c 2200     		movs	r2, r4
 156 009e 0021     		movs	r1, #0
 157 00a0 FFF7FEFF 		bl	StripLights_Pixel
 158              	.LVL23:
  51:led.c         ****         StripLights_Pixel((ledPosition + 6) % 24, 0, col4);
 159              		.loc 1 51 0
 160 00a4 A81D     		adds	r0, r5, #6
 161 00a6 1821     		movs	r1, #24
 162 00a8 FFF7FEFF 		bl	__aeabi_uidivmod
 163              	.LVL24:
 164 00ac 0800     		movs	r0, r1
 165 00ae 2200     		movs	r2, r4
 166 00b0 0021     		movs	r1, #0
 167 00b2 FFF7FEFF 		bl	StripLights_Pixel
 168              	.LVL25:
  52:led.c         ****         StripLights_Pixel((ledPosition + 1) % 24, 0, col3);
 169              		.loc 1 52 0
 170 00b6 681C     		adds	r0, r5, #1
 171 00b8 1821     		movs	r1, #24
 172 00ba FFF7FEFF 		bl	__aeabi_uidivmod
ARM GAS  C:\Users\ARTEM\AppData\Local\Temp\ccspu0Ww.s 			page 5


 173              	.LVL26:
 174 00be 0C00     		movs	r4, r1
 175 00c0 019A     		ldr	r2, [sp, #4]
 176 00c2 0021     		movs	r1, #0
 177 00c4 2000     		movs	r0, r4
 178 00c6 FFF7FEFF 		bl	StripLights_Pixel
 179              	.LVL27:
  53:led.c         ****         StripLights_Pixel((ledPosition + 5) % 24, 0, col3);
 180              		.loc 1 53 0
 181 00ca 681D     		adds	r0, r5, #5
 182 00cc 1821     		movs	r1, #24
 183 00ce FFF7FEFF 		bl	__aeabi_uidivmod
 184              	.LVL28:
 185 00d2 0800     		movs	r0, r1
 186 00d4 019A     		ldr	r2, [sp, #4]
 187 00d6 0021     		movs	r1, #0
 188 00d8 FFF7FEFF 		bl	StripLights_Pixel
 189              	.LVL29:
  54:led.c         ****         StripLights_Pixel((ledPosition + 2) % 24, 0, col2);
 190              		.loc 1 54 0
 191 00dc A81C     		adds	r0, r5, #2
 192 00de 1821     		movs	r1, #24
 193 00e0 FFF7FEFF 		bl	__aeabi_uidivmod
 194              	.LVL30:
 195 00e4 0800     		movs	r0, r1
 196 00e6 029A     		ldr	r2, [sp, #8]
 197 00e8 0021     		movs	r1, #0
 198 00ea FFF7FEFF 		bl	StripLights_Pixel
 199              	.LVL31:
  55:led.c         ****         StripLights_Pixel((ledPosition + 4) % 24, 0, col2);
 200              		.loc 1 55 0
 201 00ee 281D     		adds	r0, r5, #4
 202 00f0 1821     		movs	r1, #24
 203 00f2 FFF7FEFF 		bl	__aeabi_uidivmod
 204              	.LVL32:
 205 00f6 0800     		movs	r0, r1
 206 00f8 029A     		ldr	r2, [sp, #8]
 207 00fa 0021     		movs	r1, #0
 208 00fc FFF7FEFF 		bl	StripLights_Pixel
 209              	.LVL33:
  56:led.c         ****         
  57:led.c         ****         StripLights_Trigger(1);  
 210              		.loc 1 57 0
 211 0100 0120     		movs	r0, #1
 212 0102 FFF7FEFF 		bl	StripLights_Trigger
 213              	.LVL34:
  58:led.c         ****         CyDelay(50);
 214              		.loc 1 58 0
 215 0106 3220     		movs	r0, #50
 216 0108 FFF7FEFF 		bl	CyDelay
 217              	.LVL35:
  59:led.c         ****         ledPosition = (ledPosition + 1) % 24;
  60:led.c         ****         if(ledPosition == sideCoord)
 218              		.loc 1 60 0
 219 010c 5445     		cmp	r4, r10
 220 010e 01D1     		bne	.L4
  61:led.c         ****         {
ARM GAS  C:\Users\ARTEM\AppData\Local\Temp\ccspu0Ww.s 			page 6


  62:led.c         ****             currCycles++;
 221              		.loc 1 62 0
 222 0110 731C     		adds	r3, r6, #1
 223 0112 DEB2     		uxtb	r6, r3
 224              	.LVL36:
 225              	.L4:
  59:led.c         ****         ledPosition = (ledPosition + 1) % 24;
 226              		.loc 1 59 0
 227 0114 2500     		movs	r5, r4
  63:led.c         ****         }
  64:led.c         ****         if(currCycles == cycles)
 228              		.loc 1 64 0
 229 0116 BE42     		cmp	r6, r7
 230 0118 A7D1     		bne	.L5
  65:led.c         ****         {
  66:led.c         ****             break;
  67:led.c         ****         }
  68:led.c         ****     }
  69:led.c         **** 
  70:led.c         **** }
 231              		.loc 1 70 0
 232 011a 07B0     		add	sp, sp, #28
 233              		@ sp needed
 234              	.LVL37:
 235              	.LVL38:
 236              	.LVL39:
 237 011c 0CBC     		pop	{r2, r3}
 238 011e 9146     		mov	r9, r2
 239 0120 9A46     		mov	r10, r3
 240 0122 F0BD     		pop	{r4, r5, r6, r7, pc}
 241              	.L7:
 242              		.align	2
 243              	.L6:
 244 0124 00000000 		.word	StripLights_CLUT
 245 0128 3F3F3F00 		.word	4144959
 246 012c 7F7F7F00 		.word	8355711
 247              		.cfi_endproc
 248              	.LFE36:
 249              		.size	chooseSide, .-chooseSide
 250              		.global	__aeabi_uidiv
 251              		.section	.text.chooseDiffIdle,"ax",%progbits
 252              		.align	2
 253              		.global	chooseDiffIdle
 254              		.code	16
 255              		.thumb_func
 256              		.type	chooseDiffIdle, %function
 257              	chooseDiffIdle:
 258              	.LFB37:
  71:led.c         **** 
  72:led.c         **** 
  73:led.c         **** void chooseDiffIdle(uint32 startColor)
  74:led.c         **** {
 259              		.loc 1 74 0
 260              		.cfi_startproc
 261              		@ args = 0, pretend = 0, frame = 104
 262              		@ frame_needed = 0, uses_anonymous_args = 0
 263              	.LVL40:
ARM GAS  C:\Users\ARTEM\AppData\Local\Temp\ccspu0Ww.s 			page 7


 264 0000 F0B5     		push	{r4, r5, r6, r7, lr}
 265              		.cfi_def_cfa_offset 20
 266              		.cfi_offset 4, -20
 267              		.cfi_offset 5, -16
 268              		.cfi_offset 6, -12
 269              		.cfi_offset 7, -8
 270              		.cfi_offset 14, -4
 271 0002 5F46     		mov	r7, fp
 272 0004 5646     		mov	r6, r10
 273 0006 4D46     		mov	r5, r9
 274 0008 4446     		mov	r4, r8
 275 000a F0B4     		push	{r4, r5, r6, r7}
 276              		.cfi_def_cfa_offset 36
 277              		.cfi_offset 8, -36
 278              		.cfi_offset 9, -32
 279              		.cfi_offset 10, -28
 280              		.cfi_offset 11, -24
 281 000c 9DB0     		sub	sp, sp, #116
 282              		.cfi_def_cfa_offset 152
 283 000e 8146     		mov	r9, r0
 284              	.LVL41:
  75:led.c         ****     uint32 color = startColor;
  76:led.c         **** 	uint32 nextColor = 0;
  77:led.c         **** 	uint32 pct = 0;
  78:led.c         **** 	uint32 toColor, fromColor, newColor;
  79:led.c         **** 	uint32 ledPosition = 0;     
  80:led.c         **** 	UART_UartPutString("-----------------");
 285              		.loc 1 80 0
 286 0010 3C48     		ldr	r0, .L23
 287              	.LVL42:
 288 0012 FFF7FEFF 		bl	UART_UartPutString
 289              	.LVL43:
 290 0016 03E0     		b	.L9
 291              	.LVL44:
 292              	.L22:
  81:led.c         ****     
  82:led.c         ****     for(;;)
  83:led.c         ****     {   
  84:led.c         **** 		nextColor = color + 1;
  85:led.c         **** 		if(nextColor >= StripLights_COLOR_WHEEL_SIZE) nextColor = 0;
  86:led.c         **** 		
  87:led.c         **** 		fromColor = StripLights_CLUT[color];
  88:led.c         **** 		toColor   = StripLights_CLUT[nextColor];  
  89:led.c         ****         
  90:led.c         **** 		for(pct = 0; pct <= 100; pct += 10)
  91:led.c         **** 		{
  92:led.c         **** 		    newColor  = (((pct * (toColor & 0x00FF0000)) + ((100-pct) * (fromColor & 0x00FF0000)))/100) &
  93:led.c         ****             newColor |= (((pct * (toColor & 0x0000FF00)) + ((100-pct) * (fromColor & 0x0000FF00)))/
  94:led.c         ****             newColor |= (((pct * (toColor & 0x000000FF)) + ((100-pct) * (fromColor & 0x000000FF)))/
  95:led.c         ****             if(newColor == 255 && pct) return;
  96:led.c         ****             char freqStr[100];
  97:led.c         ****             sprintf(freqStr, "%lu %lu color: %lu\r\n", newColor, pct, color);
  98:led.c         ****             UART_UartPutString(freqStr);
  99:led.c         **** 			
 100:led.c         **** 			while( !StripLights_Ready() ); 
 101:led.c         **** 			
 102:led.c         **** 	        for(ledPosition = 0; ledPosition <= StripLights_TOTAL_LEDS; ledPosition++)
ARM GAS  C:\Users\ARTEM\AppData\Local\Temp\ccspu0Ww.s 			page 8


 103:led.c         **** 	        {
 104:led.c         **** 	            StripLights_Pixel(ledPosition, 0, newColor % 65536);
 105:led.c         **** 	        }
 106:led.c         ****  		
 107:led.c         **** 	  	    StripLights_Trigger(1); 
 108:led.c         **** 			
 109:led.c         **** 			CyDelay(20);
 110:led.c         **** 	    } 
 111:led.c         **** 		color++;  
 293              		.loc 1 111 0
 294 0018 D146     		mov	r9, r10
 295 001a 01E0     		b	.L9
 296              	.L21:
 112:led.c         ****         if(color >= StripLights_COLOR_WHEEL_SIZE) color = 0;
 297              		.loc 1 112 0
 298 001c 0023     		movs	r3, #0
 299              	.LVL45:
 300 001e 9946     		mov	r9, r3
 301              	.LVL46:
 302              	.L9:
  84:led.c         **** 		if(nextColor >= StripLights_COLOR_WHEEL_SIZE) nextColor = 0;
 303              		.loc 1 84 0
 304 0020 0123     		movs	r3, #1
 305 0022 4B44     		add	r3, r3, r9
 306 0024 9A46     		mov	r10, r3
 307              	.LVL47:
  85:led.c         **** 		
 308              		.loc 1 85 0
 309 0026 172B     		cmp	r3, #23
 310 0028 00D9     		bls	.L10
 311 002a 0023     		movs	r3, #0
 312              	.LVL48:
 313              	.L10:
  87:led.c         **** 		toColor   = StripLights_CLUT[nextColor];  
 314              		.loc 1 87 0
 315 002c 364A     		ldr	r2, .L23+4
 316 002e 4946     		mov	r1, r9
 317 0030 8900     		lsls	r1, r1, #2
 318 0032 8958     		ldr	r1, [r1, r2]
 319 0034 8846     		mov	r8, r1
 320              	.LVL49:
  88:led.c         ****         
 321              		.loc 1 88 0
 322 0036 9B00     		lsls	r3, r3, #2
 323              	.LVL50:
 324 0038 9F58     		ldr	r7, [r3, r2]
 325              	.LVL51:
  90:led.c         **** 		{
 326              		.loc 1 90 0
 327 003a 0026     		movs	r6, #0
 328 003c 54E0     		b	.L11
 329              	.LVL52:
 330              	.L17:
 331              	.LBB3:
  92:led.c         ****             newColor |= (((pct * (toColor & 0x0000FF00)) + ((100-pct) * (fromColor & 0x0000FF00)))/
 332              		.loc 1 92 0
 333 003e FF24     		movs	r4, #255
ARM GAS  C:\Users\ARTEM\AppData\Local\Temp\ccspu0Ww.s 			page 9


 334 0040 2404     		lsls	r4, r4, #16
 335 0042 3800     		movs	r0, r7
 336 0044 2040     		ands	r0, r4
 337 0046 7043     		muls	r0, r6
 338 0048 6423     		movs	r3, #100
 339 004a 9B1B     		subs	r3, r3, r6
 340 004c 9B46     		mov	fp, r3
 341 004e 4346     		mov	r3, r8
 342 0050 2340     		ands	r3, r4
 343 0052 5A46     		mov	r2, fp
 344 0054 5343     		muls	r3, r2
 345 0056 C018     		adds	r0, r0, r3
 346 0058 6421     		movs	r1, #100
 347 005a FFF7FEFF 		bl	__aeabi_uidiv
 348              	.LVL53:
 349 005e 2040     		ands	r0, r4
 350 0060 0500     		movs	r5, r0
 351              	.LVL54:
  93:led.c         ****             newColor |= (((pct * (toColor & 0x000000FF)) + ((100-pct) * (fromColor & 0x000000FF)))/
 352              		.loc 1 93 0
 353 0062 FF24     		movs	r4, #255
 354 0064 2402     		lsls	r4, r4, #8
 355 0066 3800     		movs	r0, r7
 356              	.LVL55:
 357 0068 2040     		ands	r0, r4
 358 006a 7043     		muls	r0, r6
 359 006c 4346     		mov	r3, r8
 360 006e 2340     		ands	r3, r4
 361 0070 5A46     		mov	r2, fp
 362 0072 5343     		muls	r3, r2
 363 0074 C018     		adds	r0, r0, r3
 364 0076 6421     		movs	r1, #100
 365 0078 FFF7FEFF 		bl	__aeabi_uidiv
 366              	.LVL56:
 367 007c 0440     		ands	r4, r0
 368 007e 2C43     		orrs	r4, r5
 369              	.LVL57:
  94:led.c         ****             if(newColor == 255 && pct) return;
 370              		.loc 1 94 0
 371 0080 FF25     		movs	r5, #255
 372 0082 2800     		movs	r0, r5
 373 0084 3840     		ands	r0, r7
 374 0086 0300     		movs	r3, r0
 375 0088 7343     		muls	r3, r6
 376 008a 4046     		mov	r0, r8
 377 008c 2840     		ands	r0, r5
 378 008e 5A46     		mov	r2, fp
 379 0090 5043     		muls	r0, r2
 380 0092 1818     		adds	r0, r3, r0
 381 0094 6421     		movs	r1, #100
 382 0096 FFF7FEFF 		bl	__aeabi_uidiv
 383              	.LVL58:
 384 009a 0540     		ands	r5, r0
 385 009c 2543     		orrs	r5, r4
 386              	.LVL59:
  95:led.c         ****             char freqStr[100];
 387              		.loc 1 95 0
ARM GAS  C:\Users\ARTEM\AppData\Local\Temp\ccspu0Ww.s 			page 10


 388 009e FF2D     		cmp	r5, #255
 389 00a0 01D1     		bne	.L12
  95:led.c         ****             char freqStr[100];
 390              		.loc 1 95 0 is_stmt 0 discriminator 1
 391 00a2 002E     		cmp	r6, #0
 392 00a4 26D1     		bne	.L8
 393              	.L12:
  97:led.c         ****             UART_UartPutString(freqStr);
 394              		.loc 1 97 0 is_stmt 1
 395 00a6 4B46     		mov	r3, r9
 396 00a8 0093     		str	r3, [sp]
 397 00aa 3300     		movs	r3, r6
 398 00ac 2A00     		movs	r2, r5
 399 00ae 1749     		ldr	r1, .L23+8
 400 00b0 03A8     		add	r0, sp, #12
 401 00b2 FFF7FEFF 		bl	sprintf
 402              	.LVL60:
  98:led.c         **** 			
 403              		.loc 1 98 0
 404 00b6 03A8     		add	r0, sp, #12
 405 00b8 FFF7FEFF 		bl	UART_UartPutString
 406              	.LVL61:
 407              	.L14:
 100:led.c         **** 			
 408              		.loc 1 100 0 discriminator 1
 409 00bc FFF7FEFF 		bl	StripLights_Ready
 410              	.LVL62:
 411 00c0 0028     		cmp	r0, #0
 412 00c2 FBD0     		beq	.L14
 413 00c4 0024     		movs	r4, #0
 414 00c6 06E0     		b	.L15
 415              	.LVL63:
 416              	.L16:
 104:led.c         **** 	        }
 417              		.loc 1 104 0 discriminator 3
 418 00c8 2A04     		lsls	r2, r5, #16
 419 00ca 120C     		lsrs	r2, r2, #16
 420 00cc 0021     		movs	r1, #0
 421 00ce 2000     		movs	r0, r4
 422 00d0 FFF7FEFF 		bl	StripLights_Pixel
 423              	.LVL64:
 102:led.c         **** 	        {
 424              		.loc 1 102 0 discriminator 3
 425 00d4 0134     		adds	r4, r4, #1
 426              	.LVL65:
 427              	.L15:
 102:led.c         **** 	        {
 428              		.loc 1 102 0 is_stmt 0 discriminator 1
 429 00d6 182C     		cmp	r4, #24
 430 00d8 F6D9     		bls	.L16
 107:led.c         **** 			
 431              		.loc 1 107 0 is_stmt 1
 432 00da 0120     		movs	r0, #1
 433 00dc FFF7FEFF 		bl	StripLights_Trigger
 434              	.LVL66:
 109:led.c         **** 	    } 
 435              		.loc 1 109 0
ARM GAS  C:\Users\ARTEM\AppData\Local\Temp\ccspu0Ww.s 			page 11


 436 00e0 1420     		movs	r0, #20
 437 00e2 FFF7FEFF 		bl	CyDelay
 438              	.LVL67:
 439              	.LBE3:
  90:led.c         **** 		{
 440              		.loc 1 90 0
 441 00e6 0A36     		adds	r6, r6, #10
 442              	.LVL68:
 443              	.L11:
  90:led.c         **** 		{
 444              		.loc 1 90 0 is_stmt 0 discriminator 1
 445 00e8 642E     		cmp	r6, #100
 446 00ea A8D9     		bls	.L17
 447              	.LVL69:
 448              		.loc 1 112 0 is_stmt 1
 449 00ec 5346     		mov	r3, r10
 450 00ee 172B     		cmp	r3, #23
 451 00f0 94D8     		bhi	.L21
 452              	.LVL70:
 453 00f2 91E7     		b	.L22
 454              	.LVL71:
 455              	.L8:
 113:led.c         ****     }
 114:led.c         **** }
 456              		.loc 1 114 0
 457 00f4 1DB0     		add	sp, sp, #116
 458              		@ sp needed
 459              	.LVL72:
 460              	.LVL73:
 461              	.LVL74:
 462              	.LVL75:
 463              	.LVL76:
 464 00f6 3CBC     		pop	{r2, r3, r4, r5}
 465 00f8 9046     		mov	r8, r2
 466 00fa 9946     		mov	r9, r3
 467 00fc A246     		mov	r10, r4
 468 00fe AB46     		mov	fp, r5
 469 0100 F0BD     		pop	{r4, r5, r6, r7, pc}
 470              	.L24:
 471 0102 C046     		.align	2
 472              	.L23:
 473 0104 00000000 		.word	.LC1
 474 0108 00000000 		.word	StripLights_CLUT
 475 010c 14000000 		.word	.LC4
 476              		.cfi_endproc
 477              	.LFE37:
 478              		.size	chooseDiffIdle, .-chooseDiffIdle
 479              		.section	.text.chooseDifficulty,"ax",%progbits
 480              		.align	2
 481              		.global	chooseDifficulty
 482              		.code	16
 483              		.thumb_func
 484              		.type	chooseDifficulty, %function
 485              	chooseDifficulty:
 486              	.LFB38:
 115:led.c         **** 
 116:led.c         **** void chooseDifficulty(uint32 diffColor)
ARM GAS  C:\Users\ARTEM\AppData\Local\Temp\ccspu0Ww.s 			page 12


 117:led.c         **** {
 487              		.loc 1 117 0
 488              		.cfi_startproc
 489              		@ args = 0, pretend = 0, frame = 0
 490              		@ frame_needed = 0, uses_anonymous_args = 0
 491              	.LVL77:
 492 0000 70B5     		push	{r4, r5, r6, lr}
 493              		.cfi_def_cfa_offset 16
 494              		.cfi_offset 4, -16
 495              		.cfi_offset 5, -12
 496              		.cfi_offset 6, -8
 497              		.cfi_offset 14, -4
 498 0002 0500     		movs	r5, r0
 499              	.LVL78:
 500              	.LBB4:
 118:led.c         ****     for(int i = 0; i < 3; ++i)
 501              		.loc 1 118 0
 502 0004 0026     		movs	r6, #0
 503 0006 22E0     		b	.L26
 504              	.LVL79:
 505              	.L27:
 506              	.LBB5:
 119:led.c         ****     {
 120:led.c         ****         for(uint32 j = 0; j < 24; ++j)
 121:led.c         ****         {
 122:led.c         ****             StripLights_Pixel(j, 0, diffColor);
 507              		.loc 1 122 0 discriminator 3
 508 0008 2A00     		movs	r2, r5
 509 000a 0021     		movs	r1, #0
 510 000c 2000     		movs	r0, r4
 511 000e FFF7FEFF 		bl	StripLights_Pixel
 512              	.LVL80:
 120:led.c         ****         {
 513              		.loc 1 120 0 discriminator 3
 514 0012 0134     		adds	r4, r4, #1
 515              	.LVL81:
 516 0014 00E0     		b	.L30
 517              	.LVL82:
 518              	.L31:
 519              	.LBE5:
 520 0016 0024     		movs	r4, #0
 521              	.L30:
 522              	.LVL83:
 523              	.LBB6:
 120:led.c         ****         {
 524              		.loc 1 120 0 is_stmt 0 discriminator 1
 525 0018 172C     		cmp	r4, #23
 526 001a F5D9     		bls	.L27
 527              	.LBE6:
 123:led.c         ****         }
 124:led.c         ****         StripLights_Trigger(1);
 528              		.loc 1 124 0 is_stmt 1
 529 001c 0120     		movs	r0, #1
 530 001e FFF7FEFF 		bl	StripLights_Trigger
 531              	.LVL84:
 125:led.c         ****         CyDelay(350);
 532              		.loc 1 125 0
ARM GAS  C:\Users\ARTEM\AppData\Local\Temp\ccspu0Ww.s 			page 13


 533 0022 AF20     		movs	r0, #175
 534 0024 4000     		lsls	r0, r0, #1
 535 0026 FFF7FEFF 		bl	CyDelay
 536              	.LVL85:
 537              	.LBB7:
 126:led.c         ****         
 127:led.c         ****         for(uint32 j = 0; j < 24; ++j)
 538              		.loc 1 127 0
 539 002a 0024     		movs	r4, #0
 540              	.LVL86:
 541 002c 05E0     		b	.L28
 542              	.LVL87:
 543              	.L29:
 128:led.c         ****         {
 129:led.c         ****             StripLights_Pixel(j, 0, 0);
 544              		.loc 1 129 0 discriminator 3
 545 002e 0022     		movs	r2, #0
 546 0030 0021     		movs	r1, #0
 547 0032 2000     		movs	r0, r4
 548 0034 FFF7FEFF 		bl	StripLights_Pixel
 549              	.LVL88:
 127:led.c         ****         {
 550              		.loc 1 127 0 discriminator 3
 551 0038 0134     		adds	r4, r4, #1
 552              	.LVL89:
 553              	.L28:
 127:led.c         ****         {
 554              		.loc 1 127 0 is_stmt 0 discriminator 1
 555 003a 172C     		cmp	r4, #23
 556 003c F7D9     		bls	.L29
 557              	.LBE7:
 130:led.c         ****         }
 131:led.c         ****         StripLights_Trigger(1);
 558              		.loc 1 131 0 is_stmt 1 discriminator 2
 559 003e 0120     		movs	r0, #1
 560 0040 FFF7FEFF 		bl	StripLights_Trigger
 561              	.LVL90:
 132:led.c         ****         CyDelay(350);
 562              		.loc 1 132 0 discriminator 2
 563 0044 AF20     		movs	r0, #175
 564 0046 4000     		lsls	r0, r0, #1
 565 0048 FFF7FEFF 		bl	CyDelay
 566              	.LVL91:
 118:led.c         ****     {
 567              		.loc 1 118 0 discriminator 2
 568 004c 0136     		adds	r6, r6, #1
 569              	.LVL92:
 570              	.L26:
 118:led.c         ****     {
 571              		.loc 1 118 0 is_stmt 0 discriminator 1
 572 004e 022E     		cmp	r6, #2
 573 0050 E1DD     		ble	.L31
 574              	.LBE4:
 133:led.c         ****     }
 134:led.c         **** }
 575              		.loc 1 134 0 is_stmt 1
 576              		@ sp needed
ARM GAS  C:\Users\ARTEM\AppData\Local\Temp\ccspu0Ww.s 			page 14


 577              	.LVL93:
 578              	.LVL94:
 579 0052 70BD     		pop	{r4, r5, r6, pc}
 580              		.cfi_endproc
 581              	.LFE38:
 582              		.size	chooseDifficulty, .-chooseDifficulty
 583              		.section	.text.start,"ax",%progbits
 584              		.align	2
 585              		.global	start
 586              		.code	16
 587              		.thumb_func
 588              		.type	start, %function
 589              	start:
 590              	.LFB39:
 135:led.c         **** 
 136:led.c         **** 
 137:led.c         **** void start()
 138:led.c         **** {
 591              		.loc 1 138 0
 592              		.cfi_startproc
 593              		@ args = 0, pretend = 0, frame = 0
 594              		@ frame_needed = 0, uses_anonymous_args = 0
 595 0000 70B5     		push	{r4, r5, r6, lr}
 596              		.cfi_def_cfa_offset 16
 597              		.cfi_offset 4, -16
 598              		.cfi_offset 5, -12
 599              		.cfi_offset 6, -8
 600              		.cfi_offset 14, -4
 139:led.c         ****     StripLights_DisplayClear(StripLights_BLACK);
 601              		.loc 1 139 0
 602 0002 0F4B     		ldr	r3, .L37
 603 0004 1C6E     		ldr	r4, [r3, #96]
 604 0006 2000     		movs	r0, r4
 605 0008 FFF7FEFF 		bl	StripLights_DisplayClear
 606              	.LVL95:
 140:led.c         **** 	StripLights_MemClear(StripLights_BLACK);
 607              		.loc 1 140 0
 608 000c 2000     		movs	r0, r4
 609 000e FFF7FEFF 		bl	StripLights_MemClear
 610              	.LVL96:
 611              	.LBB8:
 141:led.c         ****     for(uint32 i = 0; i < 255; ++i)
 612              		.loc 1 141 0
 613 0012 0025     		movs	r5, #0
 614 0014 10E0     		b	.L33
 615              	.LVL97:
 616              	.L34:
 617              	.LBB9:
 142:led.c         ****     {
 143:led.c         ****         for(uint32 j = 0; j < 24; ++j)
 144:led.c         ****         {
 145:led.c         ****             StripLights_Pixel(j, 0, i);
 618              		.loc 1 145 0 discriminator 3
 619 0016 2A00     		movs	r2, r5
 620 0018 0021     		movs	r1, #0
 621 001a 2000     		movs	r0, r4
 622 001c FFF7FEFF 		bl	StripLights_Pixel
ARM GAS  C:\Users\ARTEM\AppData\Local\Temp\ccspu0Ww.s 			page 15


 623              	.LVL98:
 143:led.c         ****         {
 624              		.loc 1 143 0 discriminator 3
 625 0020 0134     		adds	r4, r4, #1
 626              	.LVL99:
 627 0022 00E0     		b	.L35
 628              	.LVL100:
 629              	.L36:
 630              	.LBE9:
 631 0024 0024     		movs	r4, #0
 632              	.L35:
 633              	.LVL101:
 634              	.LBB10:
 143:led.c         ****         {
 635              		.loc 1 143 0 is_stmt 0 discriminator 1
 636 0026 172C     		cmp	r4, #23
 637 0028 F5D9     		bls	.L34
 638              	.LBE10:
 146:led.c         ****         }
 147:led.c         ****         StripLights_Trigger(1);
 639              		.loc 1 147 0 is_stmt 1 discriminator 2
 640 002a 0120     		movs	r0, #1
 641 002c FFF7FEFF 		bl	StripLights_Trigger
 642              	.LVL102:
 148:led.c         ****         CyDelay(10);
 643              		.loc 1 148 0 discriminator 2
 644 0030 0A20     		movs	r0, #10
 645 0032 FFF7FEFF 		bl	CyDelay
 646              	.LVL103:
 141:led.c         ****     {
 647              		.loc 1 141 0 discriminator 2
 648 0036 0135     		adds	r5, r5, #1
 649              	.LVL104:
 650              	.L33:
 141:led.c         ****     {
 651              		.loc 1 141 0 is_stmt 0 discriminator 1
 652 0038 FE2D     		cmp	r5, #254
 653 003a F3D9     		bls	.L36
 654              	.LBE8:
 149:led.c         ****     }
 150:led.c         **** }
 655              		.loc 1 150 0 is_stmt 1
 656              		@ sp needed
 657              	.LVL105:
 658 003c 70BD     		pop	{r4, r5, r6, pc}
 659              	.L38:
 660 003e C046     		.align	2
 661              	.L37:
 662 0040 00000000 		.word	StripLights_CLUT
 663              		.cfi_endproc
 664              	.LFE39:
 665              		.size	start, .-start
 666              		.section	.text.end,"ax",%progbits
 667              		.align	2
 668              		.global	end
 669              		.code	16
 670              		.thumb_func
ARM GAS  C:\Users\ARTEM\AppData\Local\Temp\ccspu0Ww.s 			page 16


 671              		.type	end, %function
 672              	end:
 673              	.LFB40:
 151:led.c         **** 
 152:led.c         **** void end()
 153:led.c         **** {
 674              		.loc 1 153 0
 675              		.cfi_startproc
 676              		@ args = 0, pretend = 0, frame = 0
 677              		@ frame_needed = 0, uses_anonymous_args = 0
 678 0000 70B5     		push	{r4, r5, r6, lr}
 679              		.cfi_def_cfa_offset 16
 680              		.cfi_offset 4, -16
 681              		.cfi_offset 5, -12
 682              		.cfi_offset 6, -8
 683              		.cfi_offset 14, -4
 684              	.LVL106:
 685              	.LBB11:
 154:led.c         ****     for(int32 i = 255; i >= 0; --i)
 686              		.loc 1 154 0
 687 0002 FF25     		movs	r5, #255
 688 0004 10E0     		b	.L40
 689              	.LVL107:
 690              	.L41:
 691              	.LBB12:
 155:led.c         ****     {
 156:led.c         ****         for(uint32 j = 0; j < 24; ++j)
 157:led.c         ****         {
 158:led.c         ****             StripLights_Pixel(j, 0, i);
 692              		.loc 1 158 0 discriminator 3
 693 0006 2A00     		movs	r2, r5
 694 0008 0021     		movs	r1, #0
 695 000a 2000     		movs	r0, r4
 696 000c FFF7FEFF 		bl	StripLights_Pixel
 697              	.LVL108:
 156:led.c         ****         {
 698              		.loc 1 156 0 discriminator 3
 699 0010 0134     		adds	r4, r4, #1
 700              	.LVL109:
 701 0012 00E0     		b	.L42
 702              	.LVL110:
 703              	.L43:
 704              	.LBE12:
 705 0014 0024     		movs	r4, #0
 706              	.L42:
 707              	.LVL111:
 708              	.LBB13:
 156:led.c         ****         {
 709              		.loc 1 156 0 is_stmt 0 discriminator 1
 710 0016 172C     		cmp	r4, #23
 711 0018 F5D9     		bls	.L41
 712              	.LBE13:
 159:led.c         ****         }
 160:led.c         ****         StripLights_Trigger(1);
 713              		.loc 1 160 0 is_stmt 1 discriminator 2
 714 001a 0120     		movs	r0, #1
 715 001c FFF7FEFF 		bl	StripLights_Trigger
ARM GAS  C:\Users\ARTEM\AppData\Local\Temp\ccspu0Ww.s 			page 17


 716              	.LVL112:
 161:led.c         ****         CyDelay(10);
 717              		.loc 1 161 0 discriminator 2
 718 0020 0A20     		movs	r0, #10
 719 0022 FFF7FEFF 		bl	CyDelay
 720              	.LVL113:
 154:led.c         ****     {
 721              		.loc 1 154 0 discriminator 2
 722 0026 013D     		subs	r5, r5, #1
 723              	.LVL114:
 724              	.L40:
 154:led.c         ****     {
 725              		.loc 1 154 0 is_stmt 0 discriminator 1
 726 0028 002D     		cmp	r5, #0
 727 002a F3DA     		bge	.L43
 728              	.LBE11:
 162:led.c         ****     }
 163:led.c         **** }
 729              		.loc 1 163 0 is_stmt 1
 730              		@ sp needed
 731              	.LVL115:
 732 002c 70BD     		pop	{r4, r5, r6, pc}
 733              		.cfi_endproc
 734              	.LFE40:
 735              		.size	end, .-end
 736 002e C046     		.section	.text.oneColor,"ax",%progbits
 737              		.align	2
 738              		.global	oneColor
 739              		.code	16
 740              		.thumb_func
 741              		.type	oneColor, %function
 742              	oneColor:
 743              	.LFB41:
 164:led.c         **** 
 165:led.c         **** void oneColor(uint32 color)
 166:led.c         **** {
 744              		.loc 1 166 0
 745              		.cfi_startproc
 746              		@ args = 0, pretend = 0, frame = 0
 747              		@ frame_needed = 0, uses_anonymous_args = 0
 748              	.LVL116:
 749 0000 70B5     		push	{r4, r5, r6, lr}
 750              		.cfi_def_cfa_offset 16
 751              		.cfi_offset 4, -16
 752              		.cfi_offset 5, -12
 753              		.cfi_offset 6, -8
 754              		.cfi_offset 14, -4
 755 0002 0500     		movs	r5, r0
 167:led.c         ****     StripLights_DisplayClear(StripLights_BLACK);
 756              		.loc 1 167 0
 757 0004 0E4B     		ldr	r3, .L47
 758 0006 1C6E     		ldr	r4, [r3, #96]
 759 0008 2000     		movs	r0, r4
 760              	.LVL117:
 761 000a FFF7FEFF 		bl	StripLights_DisplayClear
 762              	.LVL118:
 168:led.c         ****     StripLights_MemClear(StripLights_BLACK);
ARM GAS  C:\Users\ARTEM\AppData\Local\Temp\ccspu0Ww.s 			page 18


 763              		.loc 1 168 0
 764 000e 2000     		movs	r0, r4
 765 0010 FFF7FEFF 		bl	StripLights_MemClear
 766              	.LVL119:
 169:led.c         ****     
 170:led.c         ****     StripLights_Pixel(0, 0, StripLights_BLACK);
 767              		.loc 1 170 0
 768 0014 2200     		movs	r2, r4
 769 0016 0021     		movs	r1, #0
 770 0018 0020     		movs	r0, #0
 771 001a FFF7FEFF 		bl	StripLights_Pixel
 772              	.LVL120:
 773              	.LBB14:
 171:led.c         ****     for(int i = 0; i < 24; ++i)
 774              		.loc 1 171 0
 775 001e 0024     		movs	r4, #0
 776 0020 05E0     		b	.L45
 777              	.LVL121:
 778              	.L46:
 172:led.c         ****     {
 173:led.c         ****         StripLights_Pixel(i, 0, color);
 779              		.loc 1 173 0 discriminator 3
 780 0022 2A00     		movs	r2, r5
 781 0024 0021     		movs	r1, #0
 782 0026 2000     		movs	r0, r4
 783 0028 FFF7FEFF 		bl	StripLights_Pixel
 784              	.LVL122:
 171:led.c         ****     for(int i = 0; i < 24; ++i)
 785              		.loc 1 171 0 discriminator 3
 786 002c 0134     		adds	r4, r4, #1
 787              	.LVL123:
 788              	.L45:
 171:led.c         ****     for(int i = 0; i < 24; ++i)
 789              		.loc 1 171 0 is_stmt 0 discriminator 1
 790 002e 172C     		cmp	r4, #23
 791 0030 F7DD     		ble	.L46
 792              	.LBE14:
 174:led.c         ****     }
 175:led.c         ****     CyDelay(10);
 793              		.loc 1 175 0 is_stmt 1
 794 0032 0A20     		movs	r0, #10
 795 0034 FFF7FEFF 		bl	CyDelay
 796              	.LVL124:
 176:led.c         ****     StripLights_Trigger(1); 
 797              		.loc 1 176 0
 798 0038 0120     		movs	r0, #1
 799 003a FFF7FEFF 		bl	StripLights_Trigger
 800              	.LVL125:
 177:led.c         **** }
 801              		.loc 1 177 0
 802              		@ sp needed
 803              	.LVL126:
 804              	.LVL127:
 805 003e 70BD     		pop	{r4, r5, r6, pc}
 806              	.L48:
 807              		.align	2
 808              	.L47:
ARM GAS  C:\Users\ARTEM\AppData\Local\Temp\ccspu0Ww.s 			page 19


 809 0040 00000000 		.word	StripLights_CLUT
 810              		.cfi_endproc
 811              	.LFE41:
 812              		.size	oneColor, .-oneColor
 813              		.section	.rodata.str1.4,"aMS",%progbits,1
 814              		.align	2
 815              	.LC1:
 816 0000 2D2D2D2D 		.ascii	"-----------------\000"
 816      2D2D2D2D 
 816      2D2D2D2D 
 816      2D2D2D2D 
 816      2D00
 817 0012 0000     		.space	2
 818              	.LC4:
 819 0014 256C7520 		.ascii	"%lu %lu color: %lu\015\012\000"
 819      256C7520 
 819      636F6C6F 
 819      723A2025 
 819      6C750D0A 
 820              		.text
 821              	.Letext0:
 822              		.file 2 "Generated_Source\\PSoC4/cytypes.h"
 823              		.file 3 "Generated_Source\\PSoC4/StripLights.h"
 824              		.file 4 "Generated_Source\\PSoC4/CyLib.h"
 825              		.file 5 "b:\\psoc creator\\4.4\\psoc creator\\import\\gnu\\arm\\5.4.1\\arm-none-eabi\\include\\std
 826              		.file 6 "Generated_Source\\PSoC4/UART_SPI_UART.h"
 827              		.file 7 "led.h"
 828              		.section	.debug_info,"",%progbits
 829              	.Ldebug_info0:
 830 0000 AD070000 		.4byte	0x7ad
 831 0004 0400     		.2byte	0x4
 832 0006 00000000 		.4byte	.Ldebug_abbrev0
 833 000a 04       		.byte	0x4
 834 000b 01       		.uleb128 0x1
 835 000c C3010000 		.4byte	.LASF47
 836 0010 0C       		.byte	0xc
 837 0011 30010000 		.4byte	.LASF48
 838 0015 3D000000 		.4byte	.LASF49
 839 0019 48000000 		.4byte	.Ldebug_ranges0+0x48
 840 001d 00000000 		.4byte	0
 841 0021 00000000 		.4byte	.Ldebug_line0
 842 0025 02       		.uleb128 0x2
 843 0026 01       		.byte	0x1
 844 0027 06       		.byte	0x6
 845 0028 C5020000 		.4byte	.LASF0
 846 002c 02       		.uleb128 0x2
 847 002d 01       		.byte	0x1
 848 002e 08       		.byte	0x8
 849 002f EE000000 		.4byte	.LASF1
 850 0033 02       		.uleb128 0x2
 851 0034 02       		.byte	0x2
 852 0035 05       		.byte	0x5
 853 0036 85020000 		.4byte	.LASF2
 854 003a 02       		.uleb128 0x2
 855 003b 02       		.byte	0x2
 856 003c 07       		.byte	0x7
 857 003d 9C000000 		.4byte	.LASF3
ARM GAS  C:\Users\ARTEM\AppData\Local\Temp\ccspu0Ww.s 			page 20


 858 0041 02       		.uleb128 0x2
 859 0042 04       		.byte	0x4
 860 0043 05       		.byte	0x5
 861 0044 9B020000 		.4byte	.LASF4
 862 0048 02       		.uleb128 0x2
 863 0049 04       		.byte	0x4
 864 004a 07       		.byte	0x7
 865 004b 18010000 		.4byte	.LASF5
 866 004f 02       		.uleb128 0x2
 867 0050 08       		.byte	0x8
 868 0051 05       		.byte	0x5
 869 0052 68020000 		.4byte	.LASF6
 870 0056 02       		.uleb128 0x2
 871 0057 08       		.byte	0x8
 872 0058 07       		.byte	0x7
 873 0059 AC010000 		.4byte	.LASF7
 874 005d 03       		.uleb128 0x3
 875 005e 04       		.byte	0x4
 876 005f 05       		.byte	0x5
 877 0060 696E7400 		.ascii	"int\000"
 878 0064 02       		.uleb128 0x2
 879 0065 04       		.byte	0x4
 880 0066 07       		.byte	0x7
 881 0067 7B010000 		.4byte	.LASF8
 882 006b 04       		.uleb128 0x4
 883 006c 2A010000 		.4byte	.LASF9
 884 0070 02       		.byte	0x2
 885 0071 FB01     		.2byte	0x1fb
 886 0073 2C000000 		.4byte	0x2c
 887 0077 04       		.uleb128 0x4
 888 0078 6A010000 		.4byte	.LASF10
 889 007c 02       		.byte	0x2
 890 007d FD01     		.2byte	0x1fd
 891 007f 48000000 		.4byte	0x48
 892 0083 04       		.uleb128 0x4
 893 0084 51020000 		.4byte	.LASF11
 894 0088 02       		.byte	0x2
 895 0089 0002     		.2byte	0x200
 896 008b 41000000 		.4byte	0x41
 897 008f 02       		.uleb128 0x2
 898 0090 04       		.byte	0x4
 899 0091 04       		.byte	0x4
 900 0092 E8000000 		.4byte	.LASF12
 901 0096 02       		.uleb128 0x2
 902 0097 08       		.byte	0x8
 903 0098 04       		.byte	0x4
 904 0099 53010000 		.4byte	.LASF13
 905 009d 02       		.uleb128 0x2
 906 009e 01       		.byte	0x1
 907 009f 08       		.byte	0x8
 908 00a0 76020000 		.4byte	.LASF14
 909 00a4 02       		.uleb128 0x2
 910 00a5 08       		.byte	0x8
 911 00a6 04       		.byte	0x4
 912 00a7 B9020000 		.4byte	.LASF15
 913 00ab 02       		.uleb128 0x2
 914 00ac 04       		.byte	0x4
ARM GAS  C:\Users\ARTEM\AppData\Local\Temp\ccspu0Ww.s 			page 21


 915 00ad 07       		.byte	0x7
 916 00ae 57020000 		.4byte	.LASF16
 917 00b2 05       		.uleb128 0x5
 918 00b3 08010000 		.4byte	.LASF26
 919 00b7 01       		.byte	0x1
 920 00b8 13       		.byte	0x13
 921 00b9 00000000 		.4byte	.LFB36
 922 00bd 30010000 		.4byte	.LFE36-.LFB36
 923 00c1 01       		.uleb128 0x1
 924 00c2 9C       		.byte	0x9c
 925 00c3 EE020000 		.4byte	0x2ee
 926 00c7 06       		.uleb128 0x6
 927 00c8 92010000 		.4byte	.LASF17
 928 00cc 01       		.byte	0x1
 929 00cd 13       		.byte	0x13
 930 00ce 6B000000 		.4byte	0x6b
 931 00d2 00000000 		.4byte	.LLST0
 932 00d6 06       		.uleb128 0x6
 933 00d7 60010000 		.4byte	.LASF18
 934 00db 01       		.byte	0x1
 935 00dc 13       		.byte	0x13
 936 00dd 6B000000 		.4byte	0x6b
 937 00e1 21000000 		.4byte	.LLST1
 938 00e5 06       		.uleb128 0x6
 939 00e6 5A010000 		.4byte	.LASF19
 940 00ea 01       		.byte	0x1
 941 00eb 13       		.byte	0x13
 942 00ec 77000000 		.4byte	0x77
 943 00f0 42000000 		.4byte	.LLST2
 944 00f4 07       		.uleb128 0x7
 945 00f5 8F020000 		.4byte	.LASF20
 946 00f9 01       		.byte	0x1
 947 00fa 18       		.byte	0x18
 948 00fb 77000000 		.4byte	0x77
 949 00ff 6E000000 		.4byte	.LLST3
 950 0103 07       		.uleb128 0x7
 951 0104 E2020000 		.4byte	.LASF21
 952 0108 01       		.byte	0x1
 953 0109 19       		.byte	0x19
 954 010a 6B000000 		.4byte	0x6b
 955 010e A3000000 		.4byte	.LLST4
 956 0112 08       		.uleb128 0x8
 957 0113 FC000000 		.4byte	.LASF50
 958 0117 01       		.byte	0x1
 959 0118 1A       		.byte	0x1a
 960 0119 77000000 		.4byte	0x77
 961 011d 07       		.uleb128 0x7
 962 011e 23000000 		.4byte	.LASF22
 963 0122 01       		.byte	0x1
 964 0123 23       		.byte	0x23
 965 0124 77000000 		.4byte	0x77
 966 0128 C2000000 		.4byte	.LLST5
 967 012c 07       		.uleb128 0x7
 968 012d 03010000 		.4byte	.LASF23
 969 0131 01       		.byte	0x1
 970 0132 24       		.byte	0x24
 971 0133 77000000 		.4byte	0x77
ARM GAS  C:\Users\ARTEM\AppData\Local\Temp\ccspu0Ww.s 			page 22


 972 0137 E1000000 		.4byte	.LLST6
 973 013b 07       		.uleb128 0x7
 974 013c D0000000 		.4byte	.LASF24
 975 0140 01       		.byte	0x1
 976 0141 27       		.byte	0x27
 977 0142 77000000 		.4byte	0x77
 978 0146 15010000 		.4byte	.LLST7
 979 014a 07       		.uleb128 0x7
 980 014b 13010000 		.4byte	.LASF25
 981 014f 01       		.byte	0x1
 982 0150 29       		.byte	0x29
 983 0151 77000000 		.4byte	0x77
 984 0155 3F010000 		.4byte	.LLST8
 985 0159 09       		.uleb128 0x9
 986 015a 24000000 		.4byte	.LBB2
 987 015e 20000000 		.4byte	.LBE2-.LBB2
 988 0162 B6010000 		.4byte	0x1b6
 989 0166 0A       		.uleb128 0xa
 990 0167 6900     		.ascii	"i\000"
 991 0169 01       		.byte	0x1
 992 016a 1C       		.byte	0x1c
 993 016b 5D000000 		.4byte	0x5d
 994 016f 73010000 		.4byte	.LLST9
 995 0173 0B       		.uleb128 0xb
 996 0174 32000000 		.4byte	.LVL5
 997 0178 4C070000 		.4byte	0x74c
 998 017c 92010000 		.4byte	0x192
 999 0180 0C       		.uleb128 0xc
 1000 0181 01       		.uleb128 0x1
 1001 0182 50       		.byte	0x50
 1002 0183 02       		.uleb128 0x2
 1003 0184 74       		.byte	0x74
 1004 0185 00       		.sleb128 0
 1005 0186 0C       		.uleb128 0xc
 1006 0187 01       		.uleb128 0x1
 1007 0188 51       		.byte	0x51
 1008 0189 01       		.uleb128 0x1
 1009 018a 30       		.byte	0x30
 1010 018b 0C       		.uleb128 0xc
 1011 018c 01       		.uleb128 0x1
 1012 018d 52       		.byte	0x52
 1013 018e 02       		.uleb128 0x2
 1014 018f 75       		.byte	0x75
 1015 0190 00       		.sleb128 0
 1016 0191 00       		.byte	0
 1017 0192 0B       		.uleb128 0xb
 1018 0193 38000000 		.4byte	.LVL6
 1019 0197 57070000 		.4byte	0x757
 1020 019b A5010000 		.4byte	0x1a5
 1021 019f 0C       		.uleb128 0xc
 1022 01a0 01       		.uleb128 0x1
 1023 01a1 50       		.byte	0x50
 1024 01a2 01       		.uleb128 0x1
 1025 01a3 31       		.byte	0x31
 1026 01a4 00       		.byte	0
 1027 01a5 0D       		.uleb128 0xd
 1028 01a6 3E000000 		.4byte	.LVL7
ARM GAS  C:\Users\ARTEM\AppData\Local\Temp\ccspu0Ww.s 			page 23


 1029 01aa 62070000 		.4byte	0x762
 1030 01ae 0C       		.uleb128 0xc
 1031 01af 01       		.uleb128 0x1
 1032 01b0 50       		.byte	0x50
 1033 01b1 02       		.uleb128 0x2
 1034 01b2 08       		.byte	0x8
 1035 01b3 32       		.byte	0x32
 1036 01b4 00       		.byte	0
 1037 01b5 00       		.byte	0
 1038 01b6 0B       		.uleb128 0xb
 1039 01b7 1E000000 		.4byte	.LVL2
 1040 01bb 6D070000 		.4byte	0x76d
 1041 01bf CA010000 		.4byte	0x1ca
 1042 01c3 0C       		.uleb128 0xc
 1043 01c4 01       		.uleb128 0x1
 1044 01c5 50       		.byte	0x50
 1045 01c6 02       		.uleb128 0x2
 1046 01c7 74       		.byte	0x74
 1047 01c8 00       		.sleb128 0
 1048 01c9 00       		.byte	0
 1049 01ca 0B       		.uleb128 0xb
 1050 01cb 24000000 		.4byte	.LVL3
 1051 01cf 78070000 		.4byte	0x778
 1052 01d3 DE010000 		.4byte	0x1de
 1053 01d7 0C       		.uleb128 0xc
 1054 01d8 01       		.uleb128 0x1
 1055 01d9 50       		.byte	0x50
 1056 01da 02       		.uleb128 0x2
 1057 01db 74       		.byte	0x74
 1058 01dc 00       		.sleb128 0
 1059 01dd 00       		.byte	0
 1060 01de 0B       		.uleb128 0xb
 1061 01df 4C000000 		.4byte	.LVL9
 1062 01e3 83070000 		.4byte	0x783
 1063 01e7 F6010000 		.4byte	0x1f6
 1064 01eb 0C       		.uleb128 0xc
 1065 01ec 01       		.uleb128 0x1
 1066 01ed 50       		.byte	0x50
 1067 01ee 01       		.uleb128 0x1
 1068 01ef 30       		.byte	0x30
 1069 01f0 0C       		.uleb128 0xc
 1070 01f1 01       		.uleb128 0x1
 1071 01f2 51       		.byte	0x51
 1072 01f3 01       		.uleb128 0x1
 1073 01f4 30       		.byte	0x30
 1074 01f5 00       		.byte	0
 1075 01f6 0B       		.uleb128 0xb
 1076 01f7 7E000000 		.4byte	.LVL19
 1077 01fb 4C070000 		.4byte	0x74c
 1078 01ff 10020000 		.4byte	0x210
 1079 0203 0C       		.uleb128 0xc
 1080 0204 01       		.uleb128 0x1
 1081 0205 51       		.byte	0x51
 1082 0206 01       		.uleb128 0x1
 1083 0207 30       		.byte	0x30
 1084 0208 0C       		.uleb128 0xc
 1085 0209 01       		.uleb128 0x1
ARM GAS  C:\Users\ARTEM\AppData\Local\Temp\ccspu0Ww.s 			page 24


 1086 020a 52       		.byte	0x52
 1087 020b 03       		.uleb128 0x3
 1088 020c 91       		.byte	0x91
 1089 020d 54       		.sleb128 -44
 1090 020e 06       		.byte	0x6
 1091 020f 00       		.byte	0
 1092 0210 0B       		.uleb128 0xb
 1093 0211 90000000 		.4byte	.LVL21
 1094 0215 4C070000 		.4byte	0x74c
 1095 0219 2A020000 		.4byte	0x22a
 1096 021d 0C       		.uleb128 0xc
 1097 021e 01       		.uleb128 0x1
 1098 021f 51       		.byte	0x51
 1099 0220 01       		.uleb128 0x1
 1100 0221 30       		.byte	0x30
 1101 0222 0C       		.uleb128 0xc
 1102 0223 01       		.uleb128 0x1
 1103 0224 52       		.byte	0x52
 1104 0225 03       		.uleb128 0x3
 1105 0226 91       		.byte	0x91
 1106 0227 58       		.sleb128 -40
 1107 0228 06       		.byte	0x6
 1108 0229 00       		.byte	0
 1109 022a 0B       		.uleb128 0xb
 1110 022b A4000000 		.4byte	.LVL23
 1111 022f 4C070000 		.4byte	0x74c
 1112 0233 43020000 		.4byte	0x243
 1113 0237 0C       		.uleb128 0xc
 1114 0238 01       		.uleb128 0x1
 1115 0239 51       		.byte	0x51
 1116 023a 01       		.uleb128 0x1
 1117 023b 30       		.byte	0x30
 1118 023c 0C       		.uleb128 0xc
 1119 023d 01       		.uleb128 0x1
 1120 023e 52       		.byte	0x52
 1121 023f 02       		.uleb128 0x2
 1122 0240 74       		.byte	0x74
 1123 0241 00       		.sleb128 0
 1124 0242 00       		.byte	0
 1125 0243 0B       		.uleb128 0xb
 1126 0244 B6000000 		.4byte	.LVL25
 1127 0248 4C070000 		.4byte	0x74c
 1128 024c 5C020000 		.4byte	0x25c
 1129 0250 0C       		.uleb128 0xc
 1130 0251 01       		.uleb128 0x1
 1131 0252 51       		.byte	0x51
 1132 0253 01       		.uleb128 0x1
 1133 0254 30       		.byte	0x30
 1134 0255 0C       		.uleb128 0xc
 1135 0256 01       		.uleb128 0x1
 1136 0257 52       		.byte	0x52
 1137 0258 02       		.uleb128 0x2
 1138 0259 74       		.byte	0x74
 1139 025a 00       		.sleb128 0
 1140 025b 00       		.byte	0
 1141 025c 0B       		.uleb128 0xb
 1142 025d CA000000 		.4byte	.LVL27
ARM GAS  C:\Users\ARTEM\AppData\Local\Temp\ccspu0Ww.s 			page 25


 1143 0261 4C070000 		.4byte	0x74c
 1144 0265 7C020000 		.4byte	0x27c
 1145 0269 0C       		.uleb128 0xc
 1146 026a 01       		.uleb128 0x1
 1147 026b 50       		.byte	0x50
 1148 026c 02       		.uleb128 0x2
 1149 026d 74       		.byte	0x74
 1150 026e 00       		.sleb128 0
 1151 026f 0C       		.uleb128 0xc
 1152 0270 01       		.uleb128 0x1
 1153 0271 51       		.byte	0x51
 1154 0272 01       		.uleb128 0x1
 1155 0273 30       		.byte	0x30
 1156 0274 0C       		.uleb128 0xc
 1157 0275 01       		.uleb128 0x1
 1158 0276 52       		.byte	0x52
 1159 0277 03       		.uleb128 0x3
 1160 0278 91       		.byte	0x91
 1161 0279 4C       		.sleb128 -52
 1162 027a 06       		.byte	0x6
 1163 027b 00       		.byte	0
 1164 027c 0B       		.uleb128 0xb
 1165 027d DC000000 		.4byte	.LVL29
 1166 0281 4C070000 		.4byte	0x74c
 1167 0285 96020000 		.4byte	0x296
 1168 0289 0C       		.uleb128 0xc
 1169 028a 01       		.uleb128 0x1
 1170 028b 51       		.byte	0x51
 1171 028c 01       		.uleb128 0x1
 1172 028d 30       		.byte	0x30
 1173 028e 0C       		.uleb128 0xc
 1174 028f 01       		.uleb128 0x1
 1175 0290 52       		.byte	0x52
 1176 0291 03       		.uleb128 0x3
 1177 0292 91       		.byte	0x91
 1178 0293 4C       		.sleb128 -52
 1179 0294 06       		.byte	0x6
 1180 0295 00       		.byte	0
 1181 0296 0B       		.uleb128 0xb
 1182 0297 EE000000 		.4byte	.LVL31
 1183 029b 4C070000 		.4byte	0x74c
 1184 029f B0020000 		.4byte	0x2b0
 1185 02a3 0C       		.uleb128 0xc
 1186 02a4 01       		.uleb128 0x1
 1187 02a5 51       		.byte	0x51
 1188 02a6 01       		.uleb128 0x1
 1189 02a7 30       		.byte	0x30
 1190 02a8 0C       		.uleb128 0xc
 1191 02a9 01       		.uleb128 0x1
 1192 02aa 52       		.byte	0x52
 1193 02ab 03       		.uleb128 0x3
 1194 02ac 91       		.byte	0x91
 1195 02ad 50       		.sleb128 -48
 1196 02ae 06       		.byte	0x6
 1197 02af 00       		.byte	0
 1198 02b0 0B       		.uleb128 0xb
 1199 02b1 00010000 		.4byte	.LVL33
ARM GAS  C:\Users\ARTEM\AppData\Local\Temp\ccspu0Ww.s 			page 26


 1200 02b5 4C070000 		.4byte	0x74c
 1201 02b9 CA020000 		.4byte	0x2ca
 1202 02bd 0C       		.uleb128 0xc
 1203 02be 01       		.uleb128 0x1
 1204 02bf 51       		.byte	0x51
 1205 02c0 01       		.uleb128 0x1
 1206 02c1 30       		.byte	0x30
 1207 02c2 0C       		.uleb128 0xc
 1208 02c3 01       		.uleb128 0x1
 1209 02c4 52       		.byte	0x52
 1210 02c5 03       		.uleb128 0x3
 1211 02c6 91       		.byte	0x91
 1212 02c7 50       		.sleb128 -48
 1213 02c8 06       		.byte	0x6
 1214 02c9 00       		.byte	0
 1215 02ca 0B       		.uleb128 0xb
 1216 02cb 06010000 		.4byte	.LVL34
 1217 02cf 57070000 		.4byte	0x757
 1218 02d3 DD020000 		.4byte	0x2dd
 1219 02d7 0C       		.uleb128 0xc
 1220 02d8 01       		.uleb128 0x1
 1221 02d9 50       		.byte	0x50
 1222 02da 01       		.uleb128 0x1
 1223 02db 31       		.byte	0x31
 1224 02dc 00       		.byte	0
 1225 02dd 0D       		.uleb128 0xd
 1226 02de 0C010000 		.4byte	.LVL35
 1227 02e2 62070000 		.4byte	0x762
 1228 02e6 0C       		.uleb128 0xc
 1229 02e7 01       		.uleb128 0x1
 1230 02e8 50       		.byte	0x50
 1231 02e9 02       		.uleb128 0x2
 1232 02ea 08       		.byte	0x8
 1233 02eb 32       		.byte	0x32
 1234 02ec 00       		.byte	0
 1235 02ed 00       		.byte	0
 1236 02ee 05       		.uleb128 0x5
 1237 02ef C1000000 		.4byte	.LASF27
 1238 02f3 01       		.byte	0x1
 1239 02f4 49       		.byte	0x49
 1240 02f5 00000000 		.4byte	.LFB37
 1241 02f9 10010000 		.4byte	.LFE37-.LFB37
 1242 02fd 01       		.uleb128 0x1
 1243 02fe 9C       		.byte	0x9c
 1244 02ff 40040000 		.4byte	0x440
 1245 0303 06       		.uleb128 0x6
 1246 0304 99010000 		.4byte	.LASF28
 1247 0308 01       		.byte	0x1
 1248 0309 49       		.byte	0x49
 1249 030a 77000000 		.4byte	0x77
 1250 030e 92010000 		.4byte	.LLST10
 1251 0312 07       		.uleb128 0x7
 1252 0313 5A010000 		.4byte	.LASF19
 1253 0317 01       		.byte	0x1
 1254 0318 4B       		.byte	0x4b
 1255 0319 77000000 		.4byte	0x77
 1256 031d BE010000 		.4byte	.LLST11
ARM GAS  C:\Users\ARTEM\AppData\Local\Temp\ccspu0Ww.s 			page 27


 1257 0321 07       		.uleb128 0x7
 1258 0322 71010000 		.4byte	.LASF29
 1259 0326 01       		.byte	0x1
 1260 0327 4C       		.byte	0x4c
 1261 0328 77000000 		.4byte	0x77
 1262 032c 1E020000 		.4byte	.LLST12
 1263 0330 0A       		.uleb128 0xa
 1264 0331 70637400 		.ascii	"pct\000"
 1265 0335 01       		.byte	0x1
 1266 0336 4D       		.byte	0x4d
 1267 0337 77000000 		.4byte	0x77
 1268 033b 3D020000 		.4byte	.LLST13
 1269 033f 07       		.uleb128 0x7
 1270 0340 4B010000 		.4byte	.LASF30
 1271 0344 01       		.byte	0x1
 1272 0345 4E       		.byte	0x4e
 1273 0346 77000000 		.4byte	0x77
 1274 034a 73020000 		.4byte	.LLST14
 1275 034e 07       		.uleb128 0x7
 1276 034f 88010000 		.4byte	.LASF31
 1277 0353 01       		.byte	0x1
 1278 0354 4E       		.byte	0x4e
 1279 0355 77000000 		.4byte	0x77
 1280 0359 91020000 		.4byte	.LLST15
 1281 035d 07       		.uleb128 0x7
 1282 035e 1A000000 		.4byte	.LASF32
 1283 0362 01       		.byte	0x1
 1284 0363 4E       		.byte	0x4e
 1285 0364 77000000 		.4byte	0x77
 1286 0368 BA020000 		.4byte	.LLST16
 1287 036c 07       		.uleb128 0x7
 1288 036d 8F020000 		.4byte	.LASF20
 1289 0371 01       		.byte	0x1
 1290 0372 4F       		.byte	0x4f
 1291 0373 77000000 		.4byte	0x77
 1292 0377 F9020000 		.4byte	.LLST17
 1293 037b 09       		.uleb128 0x9
 1294 037c 3E000000 		.4byte	.LBB3
 1295 0380 A8000000 		.4byte	.LBE3-.LBB3
 1296 0384 2C040000 		.4byte	0x42c
 1297 0388 0E       		.uleb128 0xe
 1298 0389 60020000 		.4byte	.LASF33
 1299 038d 01       		.byte	0x1
 1300 038e 60       		.byte	0x60
 1301 038f 40040000 		.4byte	0x440
 1302 0393 03       		.uleb128 0x3
 1303 0394 91       		.byte	0x91
 1304 0395 F47E     		.sleb128 -140
 1305 0397 0B       		.uleb128 0xb
 1306 0398 B6000000 		.4byte	.LVL60
 1307 039c 8E070000 		.4byte	0x78e
 1308 03a0 C8030000 		.4byte	0x3c8
 1309 03a4 0C       		.uleb128 0xc
 1310 03a5 01       		.uleb128 0x1
 1311 03a6 50       		.byte	0x50
 1312 03a7 03       		.uleb128 0x3
 1313 03a8 91       		.byte	0x91
ARM GAS  C:\Users\ARTEM\AppData\Local\Temp\ccspu0Ww.s 			page 28


 1314 03a9 F47E     		.sleb128 -140
 1315 03ab 0C       		.uleb128 0xc
 1316 03ac 01       		.uleb128 0x1
 1317 03ad 51       		.byte	0x51
 1318 03ae 05       		.uleb128 0x5
 1319 03af 03       		.byte	0x3
 1320 03b0 14000000 		.4byte	.LC4
 1321 03b4 0C       		.uleb128 0xc
 1322 03b5 01       		.uleb128 0x1
 1323 03b6 52       		.byte	0x52
 1324 03b7 02       		.uleb128 0x2
 1325 03b8 75       		.byte	0x75
 1326 03b9 00       		.sleb128 0
 1327 03ba 0C       		.uleb128 0xc
 1328 03bb 01       		.uleb128 0x1
 1329 03bc 53       		.byte	0x53
 1330 03bd 02       		.uleb128 0x2
 1331 03be 76       		.byte	0x76
 1332 03bf 00       		.sleb128 0
 1333 03c0 0C       		.uleb128 0xc
 1334 03c1 02       		.uleb128 0x2
 1335 03c2 7D       		.byte	0x7d
 1336 03c3 00       		.sleb128 0
 1337 03c4 02       		.uleb128 0x2
 1338 03c5 79       		.byte	0x79
 1339 03c6 00       		.sleb128 0
 1340 03c7 00       		.byte	0
 1341 03c8 0B       		.uleb128 0xb
 1342 03c9 BC000000 		.4byte	.LVL61
 1343 03cd 99070000 		.4byte	0x799
 1344 03d1 DD030000 		.4byte	0x3dd
 1345 03d5 0C       		.uleb128 0xc
 1346 03d6 01       		.uleb128 0x1
 1347 03d7 50       		.byte	0x50
 1348 03d8 03       		.uleb128 0x3
 1349 03d9 91       		.byte	0x91
 1350 03da F47E     		.sleb128 -140
 1351 03dc 00       		.byte	0
 1352 03dd 0F       		.uleb128 0xf
 1353 03de C0000000 		.4byte	.LVL62
 1354 03e2 A5070000 		.4byte	0x7a5
 1355 03e6 0B       		.uleb128 0xb
 1356 03e7 D4000000 		.4byte	.LVL64
 1357 03eb 4C070000 		.4byte	0x74c
 1358 03ef 09040000 		.4byte	0x409
 1359 03f3 0C       		.uleb128 0xc
 1360 03f4 01       		.uleb128 0x1
 1361 03f5 50       		.byte	0x50
 1362 03f6 02       		.uleb128 0x2
 1363 03f7 74       		.byte	0x74
 1364 03f8 00       		.sleb128 0
 1365 03f9 0C       		.uleb128 0xc
 1366 03fa 01       		.uleb128 0x1
 1367 03fb 51       		.byte	0x51
 1368 03fc 01       		.uleb128 0x1
 1369 03fd 30       		.byte	0x30
 1370 03fe 0C       		.uleb128 0xc
ARM GAS  C:\Users\ARTEM\AppData\Local\Temp\ccspu0Ww.s 			page 29


 1371 03ff 01       		.uleb128 0x1
 1372 0400 52       		.byte	0x52
 1373 0401 06       		.uleb128 0x6
 1374 0402 75       		.byte	0x75
 1375 0403 00       		.sleb128 0
 1376 0404 40       		.byte	0x40
 1377 0405 24       		.byte	0x24
 1378 0406 40       		.byte	0x40
 1379 0407 25       		.byte	0x25
 1380 0408 00       		.byte	0
 1381 0409 0B       		.uleb128 0xb
 1382 040a E0000000 		.4byte	.LVL66
 1383 040e 57070000 		.4byte	0x757
 1384 0412 1C040000 		.4byte	0x41c
 1385 0416 0C       		.uleb128 0xc
 1386 0417 01       		.uleb128 0x1
 1387 0418 50       		.byte	0x50
 1388 0419 01       		.uleb128 0x1
 1389 041a 31       		.byte	0x31
 1390 041b 00       		.byte	0
 1391 041c 0D       		.uleb128 0xd
 1392 041d E6000000 		.4byte	.LVL67
 1393 0421 62070000 		.4byte	0x762
 1394 0425 0C       		.uleb128 0xc
 1395 0426 01       		.uleb128 0x1
 1396 0427 50       		.byte	0x50
 1397 0428 01       		.uleb128 0x1
 1398 0429 44       		.byte	0x44
 1399 042a 00       		.byte	0
 1400 042b 00       		.byte	0
 1401 042c 0D       		.uleb128 0xd
 1402 042d 16000000 		.4byte	.LVL43
 1403 0431 99070000 		.4byte	0x799
 1404 0435 0C       		.uleb128 0xc
 1405 0436 01       		.uleb128 0x1
 1406 0437 50       		.byte	0x50
 1407 0438 05       		.uleb128 0x5
 1408 0439 03       		.byte	0x3
 1409 043a 00000000 		.4byte	.LC1
 1410 043e 00       		.byte	0
 1411 043f 00       		.byte	0
 1412 0440 10       		.uleb128 0x10
 1413 0441 9D000000 		.4byte	0x9d
 1414 0445 50040000 		.4byte	0x450
 1415 0449 11       		.uleb128 0x11
 1416 044a AB000000 		.4byte	0xab
 1417 044e 63       		.byte	0x63
 1418 044f 00       		.byte	0
 1419 0450 12       		.uleb128 0x12
 1420 0451 09000000 		.4byte	.LASF34
 1421 0455 01       		.byte	0x1
 1422 0456 74       		.byte	0x74
 1423 0457 00000000 		.4byte	.LFB38
 1424 045b 54000000 		.4byte	.LFE38-.LFB38
 1425 045f 01       		.uleb128 0x1
 1426 0460 9C       		.byte	0x9c
 1427 0461 3F050000 		.4byte	0x53f
ARM GAS  C:\Users\ARTEM\AppData\Local\Temp\ccspu0Ww.s 			page 30


 1428 0465 06       		.uleb128 0x6
 1429 0466 7B020000 		.4byte	.LASF35
 1430 046a 01       		.byte	0x1
 1431 046b 74       		.byte	0x74
 1432 046c 77000000 		.4byte	0x77
 1433 0470 18030000 		.4byte	.LLST18
 1434 0474 13       		.uleb128 0x13
 1435 0475 04000000 		.4byte	.LBB4
 1436 0479 4E000000 		.4byte	.LBE4-.LBB4
 1437 047d 0A       		.uleb128 0xa
 1438 047e 6900     		.ascii	"i\000"
 1439 0480 01       		.byte	0x1
 1440 0481 76       		.byte	0x76
 1441 0482 5D000000 		.4byte	0x5d
 1442 0486 44030000 		.4byte	.LLST19
 1443 048a 14       		.uleb128 0x14
 1444 048b 00000000 		.4byte	.Ldebug_ranges0+0
 1445 048f BC040000 		.4byte	0x4bc
 1446 0493 0A       		.uleb128 0xa
 1447 0494 6A00     		.ascii	"j\000"
 1448 0496 01       		.byte	0x1
 1449 0497 78       		.byte	0x78
 1450 0498 77000000 		.4byte	0x77
 1451 049c 63030000 		.4byte	.LLST20
 1452 04a0 0D       		.uleb128 0xd
 1453 04a1 12000000 		.4byte	.LVL80
 1454 04a5 4C070000 		.4byte	0x74c
 1455 04a9 0C       		.uleb128 0xc
 1456 04aa 01       		.uleb128 0x1
 1457 04ab 50       		.byte	0x50
 1458 04ac 02       		.uleb128 0x2
 1459 04ad 74       		.byte	0x74
 1460 04ae 00       		.sleb128 0
 1461 04af 0C       		.uleb128 0xc
 1462 04b0 01       		.uleb128 0x1
 1463 04b1 51       		.byte	0x51
 1464 04b2 01       		.uleb128 0x1
 1465 04b3 30       		.byte	0x30
 1466 04b4 0C       		.uleb128 0xc
 1467 04b5 01       		.uleb128 0x1
 1468 04b6 52       		.byte	0x52
 1469 04b7 02       		.uleb128 0x2
 1470 04b8 75       		.byte	0x75
 1471 04b9 00       		.sleb128 0
 1472 04ba 00       		.byte	0
 1473 04bb 00       		.byte	0
 1474 04bc 09       		.uleb128 0x9
 1475 04bd 2A000000 		.4byte	.LBB7
 1476 04c1 14000000 		.4byte	.LBE7-.LBB7
 1477 04c5 F1040000 		.4byte	0x4f1
 1478 04c9 0A       		.uleb128 0xa
 1479 04ca 6A00     		.ascii	"j\000"
 1480 04cc 01       		.byte	0x1
 1481 04cd 7F       		.byte	0x7f
 1482 04ce 77000000 		.4byte	0x77
 1483 04d2 81030000 		.4byte	.LLST21
 1484 04d6 0D       		.uleb128 0xd
ARM GAS  C:\Users\ARTEM\AppData\Local\Temp\ccspu0Ww.s 			page 31


 1485 04d7 38000000 		.4byte	.LVL88
 1486 04db 4C070000 		.4byte	0x74c
 1487 04df 0C       		.uleb128 0xc
 1488 04e0 01       		.uleb128 0x1
 1489 04e1 50       		.byte	0x50
 1490 04e2 02       		.uleb128 0x2
 1491 04e3 74       		.byte	0x74
 1492 04e4 00       		.sleb128 0
 1493 04e5 0C       		.uleb128 0xc
 1494 04e6 01       		.uleb128 0x1
 1495 04e7 51       		.byte	0x51
 1496 04e8 01       		.uleb128 0x1
 1497 04e9 30       		.byte	0x30
 1498 04ea 0C       		.uleb128 0xc
 1499 04eb 01       		.uleb128 0x1
 1500 04ec 52       		.byte	0x52
 1501 04ed 01       		.uleb128 0x1
 1502 04ee 30       		.byte	0x30
 1503 04ef 00       		.byte	0
 1504 04f0 00       		.byte	0
 1505 04f1 0B       		.uleb128 0xb
 1506 04f2 22000000 		.4byte	.LVL84
 1507 04f6 57070000 		.4byte	0x757
 1508 04fa 04050000 		.4byte	0x504
 1509 04fe 0C       		.uleb128 0xc
 1510 04ff 01       		.uleb128 0x1
 1511 0500 50       		.byte	0x50
 1512 0501 01       		.uleb128 0x1
 1513 0502 31       		.byte	0x31
 1514 0503 00       		.byte	0
 1515 0504 0B       		.uleb128 0xb
 1516 0505 2A000000 		.4byte	.LVL85
 1517 0509 62070000 		.4byte	0x762
 1518 050d 19050000 		.4byte	0x519
 1519 0511 0C       		.uleb128 0xc
 1520 0512 01       		.uleb128 0x1
 1521 0513 50       		.byte	0x50
 1522 0514 03       		.uleb128 0x3
 1523 0515 0A       		.byte	0xa
 1524 0516 5E01     		.2byte	0x15e
 1525 0518 00       		.byte	0
 1526 0519 0B       		.uleb128 0xb
 1527 051a 44000000 		.4byte	.LVL90
 1528 051e 57070000 		.4byte	0x757
 1529 0522 2C050000 		.4byte	0x52c
 1530 0526 0C       		.uleb128 0xc
 1531 0527 01       		.uleb128 0x1
 1532 0528 50       		.byte	0x50
 1533 0529 01       		.uleb128 0x1
 1534 052a 31       		.byte	0x31
 1535 052b 00       		.byte	0
 1536 052c 0D       		.uleb128 0xd
 1537 052d 4C000000 		.4byte	.LVL91
 1538 0531 62070000 		.4byte	0x762
 1539 0535 0C       		.uleb128 0xc
 1540 0536 01       		.uleb128 0x1
 1541 0537 50       		.byte	0x50
ARM GAS  C:\Users\ARTEM\AppData\Local\Temp\ccspu0Ww.s 			page 32


 1542 0538 03       		.uleb128 0x3
 1543 0539 0A       		.byte	0xa
 1544 053a 5E01     		.2byte	0x15e
 1545 053c 00       		.byte	0
 1546 053d 00       		.byte	0
 1547 053e 00       		.byte	0
 1548 053f 15       		.uleb128 0x15
 1549 0540 7D000000 		.4byte	.LASF36
 1550 0544 01       		.byte	0x1
 1551 0545 89       		.byte	0x89
 1552 0546 00000000 		.4byte	.LFB39
 1553 054a 44000000 		.4byte	.LFE39-.LFB39
 1554 054e 01       		.uleb128 0x1
 1555 054f 9C       		.byte	0x9c
 1556 0550 E8050000 		.4byte	0x5e8
 1557 0554 09       		.uleb128 0x9
 1558 0555 12000000 		.4byte	.LBB8
 1559 0559 2A000000 		.4byte	.LBE8-.LBB8
 1560 055d C3050000 		.4byte	0x5c3
 1561 0561 0A       		.uleb128 0xa
 1562 0562 6900     		.ascii	"i\000"
 1563 0564 01       		.byte	0x1
 1564 0565 8D       		.byte	0x8d
 1565 0566 77000000 		.4byte	0x77
 1566 056a A0030000 		.4byte	.LLST22
 1567 056e 14       		.uleb128 0x14
 1568 056f 18000000 		.4byte	.Ldebug_ranges0+0x18
 1569 0573 A0050000 		.4byte	0x5a0
 1570 0577 0A       		.uleb128 0xa
 1571 0578 6A00     		.ascii	"j\000"
 1572 057a 01       		.byte	0x1
 1573 057b 8F       		.byte	0x8f
 1574 057c 77000000 		.4byte	0x77
 1575 0580 BF030000 		.4byte	.LLST23
 1576 0584 0D       		.uleb128 0xd
 1577 0585 20000000 		.4byte	.LVL98
 1578 0589 4C070000 		.4byte	0x74c
 1579 058d 0C       		.uleb128 0xc
 1580 058e 01       		.uleb128 0x1
 1581 058f 50       		.byte	0x50
 1582 0590 02       		.uleb128 0x2
 1583 0591 74       		.byte	0x74
 1584 0592 00       		.sleb128 0
 1585 0593 0C       		.uleb128 0xc
 1586 0594 01       		.uleb128 0x1
 1587 0595 51       		.byte	0x51
 1588 0596 01       		.uleb128 0x1
 1589 0597 30       		.byte	0x30
 1590 0598 0C       		.uleb128 0xc
 1591 0599 01       		.uleb128 0x1
 1592 059a 52       		.byte	0x52
 1593 059b 02       		.uleb128 0x2
 1594 059c 75       		.byte	0x75
 1595 059d 00       		.sleb128 0
 1596 059e 00       		.byte	0
 1597 059f 00       		.byte	0
 1598 05a0 0B       		.uleb128 0xb
ARM GAS  C:\Users\ARTEM\AppData\Local\Temp\ccspu0Ww.s 			page 33


 1599 05a1 30000000 		.4byte	.LVL102
 1600 05a5 57070000 		.4byte	0x757
 1601 05a9 B3050000 		.4byte	0x5b3
 1602 05ad 0C       		.uleb128 0xc
 1603 05ae 01       		.uleb128 0x1
 1604 05af 50       		.byte	0x50
 1605 05b0 01       		.uleb128 0x1
 1606 05b1 31       		.byte	0x31
 1607 05b2 00       		.byte	0
 1608 05b3 0D       		.uleb128 0xd
 1609 05b4 36000000 		.4byte	.LVL103
 1610 05b8 62070000 		.4byte	0x762
 1611 05bc 0C       		.uleb128 0xc
 1612 05bd 01       		.uleb128 0x1
 1613 05be 50       		.byte	0x50
 1614 05bf 01       		.uleb128 0x1
 1615 05c0 3A       		.byte	0x3a
 1616 05c1 00       		.byte	0
 1617 05c2 00       		.byte	0
 1618 05c3 0B       		.uleb128 0xb
 1619 05c4 0C000000 		.4byte	.LVL95
 1620 05c8 6D070000 		.4byte	0x76d
 1621 05cc D7050000 		.4byte	0x5d7
 1622 05d0 0C       		.uleb128 0xc
 1623 05d1 01       		.uleb128 0x1
 1624 05d2 50       		.byte	0x50
 1625 05d3 02       		.uleb128 0x2
 1626 05d4 74       		.byte	0x74
 1627 05d5 00       		.sleb128 0
 1628 05d6 00       		.byte	0
 1629 05d7 0D       		.uleb128 0xd
 1630 05d8 12000000 		.4byte	.LVL96
 1631 05dc 78070000 		.4byte	0x778
 1632 05e0 0C       		.uleb128 0xc
 1633 05e1 01       		.uleb128 0x1
 1634 05e2 50       		.byte	0x50
 1635 05e3 02       		.uleb128 0x2
 1636 05e4 74       		.byte	0x74
 1637 05e5 00       		.sleb128 0
 1638 05e6 00       		.byte	0
 1639 05e7 00       		.byte	0
 1640 05e8 16       		.uleb128 0x16
 1641 05e9 656E6400 		.ascii	"end\000"
 1642 05ed 01       		.byte	0x1
 1643 05ee 98       		.byte	0x98
 1644 05ef 00000000 		.4byte	.LFB40
 1645 05f3 2E000000 		.4byte	.LFE40-.LFB40
 1646 05f7 01       		.uleb128 0x1
 1647 05f8 9C       		.byte	0x9c
 1648 05f9 69060000 		.4byte	0x669
 1649 05fd 13       		.uleb128 0x13
 1650 05fe 02000000 		.4byte	.LBB11
 1651 0602 2A000000 		.4byte	.LBE11-.LBB11
 1652 0606 0A       		.uleb128 0xa
 1653 0607 6900     		.ascii	"i\000"
 1654 0609 01       		.byte	0x1
 1655 060a 9A       		.byte	0x9a
ARM GAS  C:\Users\ARTEM\AppData\Local\Temp\ccspu0Ww.s 			page 34


 1656 060b 83000000 		.4byte	0x83
 1657 060f DD030000 		.4byte	.LLST24
 1658 0613 14       		.uleb128 0x14
 1659 0614 30000000 		.4byte	.Ldebug_ranges0+0x30
 1660 0618 45060000 		.4byte	0x645
 1661 061c 0A       		.uleb128 0xa
 1662 061d 6A00     		.ascii	"j\000"
 1663 061f 01       		.byte	0x1
 1664 0620 9C       		.byte	0x9c
 1665 0621 77000000 		.4byte	0x77
 1666 0625 FD030000 		.4byte	.LLST25
 1667 0629 0D       		.uleb128 0xd
 1668 062a 10000000 		.4byte	.LVL108
 1669 062e 4C070000 		.4byte	0x74c
 1670 0632 0C       		.uleb128 0xc
 1671 0633 01       		.uleb128 0x1
 1672 0634 50       		.byte	0x50
 1673 0635 02       		.uleb128 0x2
 1674 0636 74       		.byte	0x74
 1675 0637 00       		.sleb128 0
 1676 0638 0C       		.uleb128 0xc
 1677 0639 01       		.uleb128 0x1
 1678 063a 51       		.byte	0x51
 1679 063b 01       		.uleb128 0x1
 1680 063c 30       		.byte	0x30
 1681 063d 0C       		.uleb128 0xc
 1682 063e 01       		.uleb128 0x1
 1683 063f 52       		.byte	0x52
 1684 0640 02       		.uleb128 0x2
 1685 0641 75       		.byte	0x75
 1686 0642 00       		.sleb128 0
 1687 0643 00       		.byte	0
 1688 0644 00       		.byte	0
 1689 0645 0B       		.uleb128 0xb
 1690 0646 20000000 		.4byte	.LVL112
 1691 064a 57070000 		.4byte	0x757
 1692 064e 58060000 		.4byte	0x658
 1693 0652 0C       		.uleb128 0xc
 1694 0653 01       		.uleb128 0x1
 1695 0654 50       		.byte	0x50
 1696 0655 01       		.uleb128 0x1
 1697 0656 31       		.byte	0x31
 1698 0657 00       		.byte	0
 1699 0658 0D       		.uleb128 0xd
 1700 0659 26000000 		.4byte	.LVL113
 1701 065d 62070000 		.4byte	0x762
 1702 0661 0C       		.uleb128 0xc
 1703 0662 01       		.uleb128 0x1
 1704 0663 50       		.byte	0x50
 1705 0664 01       		.uleb128 0x1
 1706 0665 3A       		.byte	0x3a
 1707 0666 00       		.byte	0
 1708 0667 00       		.byte	0
 1709 0668 00       		.byte	0
 1710 0669 12       		.uleb128 0x12
 1711 066a 00000000 		.4byte	.LASF37
 1712 066e 01       		.byte	0x1
ARM GAS  C:\Users\ARTEM\AppData\Local\Temp\ccspu0Ww.s 			page 35


 1713 066f A5       		.byte	0xa5
 1714 0670 00000000 		.4byte	.LFB41
 1715 0674 44000000 		.4byte	.LFE41-.LFB41
 1716 0678 01       		.uleb128 0x1
 1717 0679 9C       		.byte	0x9c
 1718 067a 2C070000 		.4byte	0x72c
 1719 067e 06       		.uleb128 0x6
 1720 067f 5A010000 		.4byte	.LASF19
 1721 0683 01       		.byte	0x1
 1722 0684 A5       		.byte	0xa5
 1723 0685 77000000 		.4byte	0x77
 1724 0689 1B040000 		.4byte	.LLST26
 1725 068d 09       		.uleb128 0x9
 1726 068e 1E000000 		.4byte	.LBB14
 1727 0692 14000000 		.4byte	.LBE14-.LBB14
 1728 0696 C3060000 		.4byte	0x6c3
 1729 069a 0A       		.uleb128 0xa
 1730 069b 6900     		.ascii	"i\000"
 1731 069d 01       		.byte	0x1
 1732 069e AB       		.byte	0xab
 1733 069f 5D000000 		.4byte	0x5d
 1734 06a3 47040000 		.4byte	.LLST27
 1735 06a7 0D       		.uleb128 0xd
 1736 06a8 2C000000 		.4byte	.LVL122
 1737 06ac 4C070000 		.4byte	0x74c
 1738 06b0 0C       		.uleb128 0xc
 1739 06b1 01       		.uleb128 0x1
 1740 06b2 50       		.byte	0x50
 1741 06b3 02       		.uleb128 0x2
 1742 06b4 74       		.byte	0x74
 1743 06b5 00       		.sleb128 0
 1744 06b6 0C       		.uleb128 0xc
 1745 06b7 01       		.uleb128 0x1
 1746 06b8 51       		.byte	0x51
 1747 06b9 01       		.uleb128 0x1
 1748 06ba 30       		.byte	0x30
 1749 06bb 0C       		.uleb128 0xc
 1750 06bc 01       		.uleb128 0x1
 1751 06bd 52       		.byte	0x52
 1752 06be 02       		.uleb128 0x2
 1753 06bf 75       		.byte	0x75
 1754 06c0 00       		.sleb128 0
 1755 06c1 00       		.byte	0
 1756 06c2 00       		.byte	0
 1757 06c3 0B       		.uleb128 0xb
 1758 06c4 0E000000 		.4byte	.LVL118
 1759 06c8 6D070000 		.4byte	0x76d
 1760 06cc D7060000 		.4byte	0x6d7
 1761 06d0 0C       		.uleb128 0xc
 1762 06d1 01       		.uleb128 0x1
 1763 06d2 50       		.byte	0x50
 1764 06d3 02       		.uleb128 0x2
 1765 06d4 74       		.byte	0x74
 1766 06d5 00       		.sleb128 0
 1767 06d6 00       		.byte	0
 1768 06d7 0B       		.uleb128 0xb
 1769 06d8 14000000 		.4byte	.LVL119
ARM GAS  C:\Users\ARTEM\AppData\Local\Temp\ccspu0Ww.s 			page 36


 1770 06dc 78070000 		.4byte	0x778
 1771 06e0 EB060000 		.4byte	0x6eb
 1772 06e4 0C       		.uleb128 0xc
 1773 06e5 01       		.uleb128 0x1
 1774 06e6 50       		.byte	0x50
 1775 06e7 02       		.uleb128 0x2
 1776 06e8 74       		.byte	0x74
 1777 06e9 00       		.sleb128 0
 1778 06ea 00       		.byte	0
 1779 06eb 0B       		.uleb128 0xb
 1780 06ec 1E000000 		.4byte	.LVL120
 1781 06f0 4C070000 		.4byte	0x74c
 1782 06f4 09070000 		.4byte	0x709
 1783 06f8 0C       		.uleb128 0xc
 1784 06f9 01       		.uleb128 0x1
 1785 06fa 50       		.byte	0x50
 1786 06fb 01       		.uleb128 0x1
 1787 06fc 30       		.byte	0x30
 1788 06fd 0C       		.uleb128 0xc
 1789 06fe 01       		.uleb128 0x1
 1790 06ff 51       		.byte	0x51
 1791 0700 01       		.uleb128 0x1
 1792 0701 30       		.byte	0x30
 1793 0702 0C       		.uleb128 0xc
 1794 0703 01       		.uleb128 0x1
 1795 0704 52       		.byte	0x52
 1796 0705 02       		.uleb128 0x2
 1797 0706 74       		.byte	0x74
 1798 0707 00       		.sleb128 0
 1799 0708 00       		.byte	0
 1800 0709 0B       		.uleb128 0xb
 1801 070a 38000000 		.4byte	.LVL124
 1802 070e 62070000 		.4byte	0x762
 1803 0712 1C070000 		.4byte	0x71c
 1804 0716 0C       		.uleb128 0xc
 1805 0717 01       		.uleb128 0x1
 1806 0718 50       		.byte	0x50
 1807 0719 01       		.uleb128 0x1
 1808 071a 3A       		.byte	0x3a
 1809 071b 00       		.byte	0
 1810 071c 0D       		.uleb128 0xd
 1811 071d 3E000000 		.4byte	.LVL125
 1812 0721 57070000 		.4byte	0x757
 1813 0725 0C       		.uleb128 0xc
 1814 0726 01       		.uleb128 0x1
 1815 0727 50       		.byte	0x50
 1816 0728 01       		.uleb128 0x1
 1817 0729 31       		.byte	0x31
 1818 072a 00       		.byte	0
 1819 072b 00       		.byte	0
 1820 072c 10       		.uleb128 0x10
 1821 072d 37070000 		.4byte	0x737
 1822 0731 37070000 		.4byte	0x737
 1823 0735 17       		.uleb128 0x17
 1824 0736 00       		.byte	0
 1825 0737 18       		.uleb128 0x18
 1826 0738 77000000 		.4byte	0x77
ARM GAS  C:\Users\ARTEM\AppData\Local\Temp\ccspu0Ww.s 			page 37


 1827 073c 19       		.uleb128 0x19
 1828 073d D1020000 		.4byte	.LASF51
 1829 0741 07       		.byte	0x7
 1830 0742 07       		.byte	0x7
 1831 0743 47070000 		.4byte	0x747
 1832 0747 18       		.uleb128 0x18
 1833 0748 2C070000 		.4byte	0x72c
 1834 074c 1A       		.uleb128 0x1a
 1835 074d 2B000000 		.4byte	.LASF38
 1836 0751 2B000000 		.4byte	.LASF38
 1837 0755 03       		.byte	0x3
 1838 0756 1D       		.byte	0x1d
 1839 0757 1A       		.uleb128 0x1a
 1840 0758 ED020000 		.4byte	.LASF39
 1841 075c ED020000 		.4byte	.LASF39
 1842 0760 03       		.byte	0x3
 1843 0761 17       		.byte	0x17
 1844 0762 1A       		.uleb128 0x1a
 1845 0763 01030000 		.4byte	.LASF40
 1846 0767 01030000 		.4byte	.LASF40
 1847 076b 04       		.byte	0x4
 1848 076c EC       		.byte	0xec
 1849 076d 1A       		.uleb128 0x1a
 1850 076e 83000000 		.4byte	.LASF41
 1851 0772 83000000 		.4byte	.LASF41
 1852 0776 03       		.byte	0x3
 1853 0777 15       		.byte	0x15
 1854 0778 1A       		.uleb128 0x1a
 1855 0779 36010000 		.4byte	.LASF42
 1856 077d 36010000 		.4byte	.LASF42
 1857 0781 03       		.byte	0x3
 1858 0782 16       		.byte	0x16
 1859 0783 1A       		.uleb128 0x1a
 1860 0784 A4020000 		.4byte	.LASF43
 1861 0788 A4020000 		.4byte	.LASF43
 1862 078c 03       		.byte	0x3
 1863 078d 1E       		.byte	0x1e
 1864 078e 1A       		.uleb128 0x1a
 1865 078f A4010000 		.4byte	.LASF44
 1866 0793 A4010000 		.4byte	.LASF44
 1867 0797 05       		.byte	0x5
 1868 0798 E7       		.byte	0xe7
 1869 0799 1B       		.uleb128 0x1b
 1870 079a D5000000 		.4byte	.LASF45
 1871 079e D5000000 		.4byte	.LASF45
 1872 07a2 06       		.byte	0x6
 1873 07a3 2A03     		.2byte	0x32a
 1874 07a5 1A       		.uleb128 0x1a
 1875 07a6 AF000000 		.4byte	.LASF46
 1876 07aa AF000000 		.4byte	.LASF46
 1877 07ae 03       		.byte	0x3
 1878 07af 18       		.byte	0x18
 1879 07b0 00       		.byte	0
 1880              		.section	.debug_abbrev,"",%progbits
 1881              	.Ldebug_abbrev0:
 1882 0000 01       		.uleb128 0x1
 1883 0001 11       		.uleb128 0x11
ARM GAS  C:\Users\ARTEM\AppData\Local\Temp\ccspu0Ww.s 			page 38


 1884 0002 01       		.byte	0x1
 1885 0003 25       		.uleb128 0x25
 1886 0004 0E       		.uleb128 0xe
 1887 0005 13       		.uleb128 0x13
 1888 0006 0B       		.uleb128 0xb
 1889 0007 03       		.uleb128 0x3
 1890 0008 0E       		.uleb128 0xe
 1891 0009 1B       		.uleb128 0x1b
 1892 000a 0E       		.uleb128 0xe
 1893 000b 55       		.uleb128 0x55
 1894 000c 17       		.uleb128 0x17
 1895 000d 11       		.uleb128 0x11
 1896 000e 01       		.uleb128 0x1
 1897 000f 10       		.uleb128 0x10
 1898 0010 17       		.uleb128 0x17
 1899 0011 00       		.byte	0
 1900 0012 00       		.byte	0
 1901 0013 02       		.uleb128 0x2
 1902 0014 24       		.uleb128 0x24
 1903 0015 00       		.byte	0
 1904 0016 0B       		.uleb128 0xb
 1905 0017 0B       		.uleb128 0xb
 1906 0018 3E       		.uleb128 0x3e
 1907 0019 0B       		.uleb128 0xb
 1908 001a 03       		.uleb128 0x3
 1909 001b 0E       		.uleb128 0xe
 1910 001c 00       		.byte	0
 1911 001d 00       		.byte	0
 1912 001e 03       		.uleb128 0x3
 1913 001f 24       		.uleb128 0x24
 1914 0020 00       		.byte	0
 1915 0021 0B       		.uleb128 0xb
 1916 0022 0B       		.uleb128 0xb
 1917 0023 3E       		.uleb128 0x3e
 1918 0024 0B       		.uleb128 0xb
 1919 0025 03       		.uleb128 0x3
 1920 0026 08       		.uleb128 0x8
 1921 0027 00       		.byte	0
 1922 0028 00       		.byte	0
 1923 0029 04       		.uleb128 0x4
 1924 002a 16       		.uleb128 0x16
 1925 002b 00       		.byte	0
 1926 002c 03       		.uleb128 0x3
 1927 002d 0E       		.uleb128 0xe
 1928 002e 3A       		.uleb128 0x3a
 1929 002f 0B       		.uleb128 0xb
 1930 0030 3B       		.uleb128 0x3b
 1931 0031 05       		.uleb128 0x5
 1932 0032 49       		.uleb128 0x49
 1933 0033 13       		.uleb128 0x13
 1934 0034 00       		.byte	0
 1935 0035 00       		.byte	0
 1936 0036 05       		.uleb128 0x5
 1937 0037 2E       		.uleb128 0x2e
 1938 0038 01       		.byte	0x1
 1939 0039 3F       		.uleb128 0x3f
 1940 003a 19       		.uleb128 0x19
ARM GAS  C:\Users\ARTEM\AppData\Local\Temp\ccspu0Ww.s 			page 39


 1941 003b 03       		.uleb128 0x3
 1942 003c 0E       		.uleb128 0xe
 1943 003d 3A       		.uleb128 0x3a
 1944 003e 0B       		.uleb128 0xb
 1945 003f 3B       		.uleb128 0x3b
 1946 0040 0B       		.uleb128 0xb
 1947 0041 27       		.uleb128 0x27
 1948 0042 19       		.uleb128 0x19
 1949 0043 11       		.uleb128 0x11
 1950 0044 01       		.uleb128 0x1
 1951 0045 12       		.uleb128 0x12
 1952 0046 06       		.uleb128 0x6
 1953 0047 40       		.uleb128 0x40
 1954 0048 18       		.uleb128 0x18
 1955 0049 9642     		.uleb128 0x2116
 1956 004b 19       		.uleb128 0x19
 1957 004c 01       		.uleb128 0x1
 1958 004d 13       		.uleb128 0x13
 1959 004e 00       		.byte	0
 1960 004f 00       		.byte	0
 1961 0050 06       		.uleb128 0x6
 1962 0051 05       		.uleb128 0x5
 1963 0052 00       		.byte	0
 1964 0053 03       		.uleb128 0x3
 1965 0054 0E       		.uleb128 0xe
 1966 0055 3A       		.uleb128 0x3a
 1967 0056 0B       		.uleb128 0xb
 1968 0057 3B       		.uleb128 0x3b
 1969 0058 0B       		.uleb128 0xb
 1970 0059 49       		.uleb128 0x49
 1971 005a 13       		.uleb128 0x13
 1972 005b 02       		.uleb128 0x2
 1973 005c 17       		.uleb128 0x17
 1974 005d 00       		.byte	0
 1975 005e 00       		.byte	0
 1976 005f 07       		.uleb128 0x7
 1977 0060 34       		.uleb128 0x34
 1978 0061 00       		.byte	0
 1979 0062 03       		.uleb128 0x3
 1980 0063 0E       		.uleb128 0xe
 1981 0064 3A       		.uleb128 0x3a
 1982 0065 0B       		.uleb128 0xb
 1983 0066 3B       		.uleb128 0x3b
 1984 0067 0B       		.uleb128 0xb
 1985 0068 49       		.uleb128 0x49
 1986 0069 13       		.uleb128 0x13
 1987 006a 02       		.uleb128 0x2
 1988 006b 17       		.uleb128 0x17
 1989 006c 00       		.byte	0
 1990 006d 00       		.byte	0
 1991 006e 08       		.uleb128 0x8
 1992 006f 34       		.uleb128 0x34
 1993 0070 00       		.byte	0
 1994 0071 03       		.uleb128 0x3
 1995 0072 0E       		.uleb128 0xe
 1996 0073 3A       		.uleb128 0x3a
 1997 0074 0B       		.uleb128 0xb
ARM GAS  C:\Users\ARTEM\AppData\Local\Temp\ccspu0Ww.s 			page 40


 1998 0075 3B       		.uleb128 0x3b
 1999 0076 0B       		.uleb128 0xb
 2000 0077 49       		.uleb128 0x49
 2001 0078 13       		.uleb128 0x13
 2002 0079 00       		.byte	0
 2003 007a 00       		.byte	0
 2004 007b 09       		.uleb128 0x9
 2005 007c 0B       		.uleb128 0xb
 2006 007d 01       		.byte	0x1
 2007 007e 11       		.uleb128 0x11
 2008 007f 01       		.uleb128 0x1
 2009 0080 12       		.uleb128 0x12
 2010 0081 06       		.uleb128 0x6
 2011 0082 01       		.uleb128 0x1
 2012 0083 13       		.uleb128 0x13
 2013 0084 00       		.byte	0
 2014 0085 00       		.byte	0
 2015 0086 0A       		.uleb128 0xa
 2016 0087 34       		.uleb128 0x34
 2017 0088 00       		.byte	0
 2018 0089 03       		.uleb128 0x3
 2019 008a 08       		.uleb128 0x8
 2020 008b 3A       		.uleb128 0x3a
 2021 008c 0B       		.uleb128 0xb
 2022 008d 3B       		.uleb128 0x3b
 2023 008e 0B       		.uleb128 0xb
 2024 008f 49       		.uleb128 0x49
 2025 0090 13       		.uleb128 0x13
 2026 0091 02       		.uleb128 0x2
 2027 0092 17       		.uleb128 0x17
 2028 0093 00       		.byte	0
 2029 0094 00       		.byte	0
 2030 0095 0B       		.uleb128 0xb
 2031 0096 898201   		.uleb128 0x4109
 2032 0099 01       		.byte	0x1
 2033 009a 11       		.uleb128 0x11
 2034 009b 01       		.uleb128 0x1
 2035 009c 31       		.uleb128 0x31
 2036 009d 13       		.uleb128 0x13
 2037 009e 01       		.uleb128 0x1
 2038 009f 13       		.uleb128 0x13
 2039 00a0 00       		.byte	0
 2040 00a1 00       		.byte	0
 2041 00a2 0C       		.uleb128 0xc
 2042 00a3 8A8201   		.uleb128 0x410a
 2043 00a6 00       		.byte	0
 2044 00a7 02       		.uleb128 0x2
 2045 00a8 18       		.uleb128 0x18
 2046 00a9 9142     		.uleb128 0x2111
 2047 00ab 18       		.uleb128 0x18
 2048 00ac 00       		.byte	0
 2049 00ad 00       		.byte	0
 2050 00ae 0D       		.uleb128 0xd
 2051 00af 898201   		.uleb128 0x4109
 2052 00b2 01       		.byte	0x1
 2053 00b3 11       		.uleb128 0x11
 2054 00b4 01       		.uleb128 0x1
ARM GAS  C:\Users\ARTEM\AppData\Local\Temp\ccspu0Ww.s 			page 41


 2055 00b5 31       		.uleb128 0x31
 2056 00b6 13       		.uleb128 0x13
 2057 00b7 00       		.byte	0
 2058 00b8 00       		.byte	0
 2059 00b9 0E       		.uleb128 0xe
 2060 00ba 34       		.uleb128 0x34
 2061 00bb 00       		.byte	0
 2062 00bc 03       		.uleb128 0x3
 2063 00bd 0E       		.uleb128 0xe
 2064 00be 3A       		.uleb128 0x3a
 2065 00bf 0B       		.uleb128 0xb
 2066 00c0 3B       		.uleb128 0x3b
 2067 00c1 0B       		.uleb128 0xb
 2068 00c2 49       		.uleb128 0x49
 2069 00c3 13       		.uleb128 0x13
 2070 00c4 02       		.uleb128 0x2
 2071 00c5 18       		.uleb128 0x18
 2072 00c6 00       		.byte	0
 2073 00c7 00       		.byte	0
 2074 00c8 0F       		.uleb128 0xf
 2075 00c9 898201   		.uleb128 0x4109
 2076 00cc 00       		.byte	0
 2077 00cd 11       		.uleb128 0x11
 2078 00ce 01       		.uleb128 0x1
 2079 00cf 31       		.uleb128 0x31
 2080 00d0 13       		.uleb128 0x13
 2081 00d1 00       		.byte	0
 2082 00d2 00       		.byte	0
 2083 00d3 10       		.uleb128 0x10
 2084 00d4 01       		.uleb128 0x1
 2085 00d5 01       		.byte	0x1
 2086 00d6 49       		.uleb128 0x49
 2087 00d7 13       		.uleb128 0x13
 2088 00d8 01       		.uleb128 0x1
 2089 00d9 13       		.uleb128 0x13
 2090 00da 00       		.byte	0
 2091 00db 00       		.byte	0
 2092 00dc 11       		.uleb128 0x11
 2093 00dd 21       		.uleb128 0x21
 2094 00de 00       		.byte	0
 2095 00df 49       		.uleb128 0x49
 2096 00e0 13       		.uleb128 0x13
 2097 00e1 2F       		.uleb128 0x2f
 2098 00e2 0B       		.uleb128 0xb
 2099 00e3 00       		.byte	0
 2100 00e4 00       		.byte	0
 2101 00e5 12       		.uleb128 0x12
 2102 00e6 2E       		.uleb128 0x2e
 2103 00e7 01       		.byte	0x1
 2104 00e8 3F       		.uleb128 0x3f
 2105 00e9 19       		.uleb128 0x19
 2106 00ea 03       		.uleb128 0x3
 2107 00eb 0E       		.uleb128 0xe
 2108 00ec 3A       		.uleb128 0x3a
 2109 00ed 0B       		.uleb128 0xb
 2110 00ee 3B       		.uleb128 0x3b
 2111 00ef 0B       		.uleb128 0xb
ARM GAS  C:\Users\ARTEM\AppData\Local\Temp\ccspu0Ww.s 			page 42


 2112 00f0 27       		.uleb128 0x27
 2113 00f1 19       		.uleb128 0x19
 2114 00f2 11       		.uleb128 0x11
 2115 00f3 01       		.uleb128 0x1
 2116 00f4 12       		.uleb128 0x12
 2117 00f5 06       		.uleb128 0x6
 2118 00f6 40       		.uleb128 0x40
 2119 00f7 18       		.uleb128 0x18
 2120 00f8 9742     		.uleb128 0x2117
 2121 00fa 19       		.uleb128 0x19
 2122 00fb 01       		.uleb128 0x1
 2123 00fc 13       		.uleb128 0x13
 2124 00fd 00       		.byte	0
 2125 00fe 00       		.byte	0
 2126 00ff 13       		.uleb128 0x13
 2127 0100 0B       		.uleb128 0xb
 2128 0101 01       		.byte	0x1
 2129 0102 11       		.uleb128 0x11
 2130 0103 01       		.uleb128 0x1
 2131 0104 12       		.uleb128 0x12
 2132 0105 06       		.uleb128 0x6
 2133 0106 00       		.byte	0
 2134 0107 00       		.byte	0
 2135 0108 14       		.uleb128 0x14
 2136 0109 0B       		.uleb128 0xb
 2137 010a 01       		.byte	0x1
 2138 010b 55       		.uleb128 0x55
 2139 010c 17       		.uleb128 0x17
 2140 010d 01       		.uleb128 0x1
 2141 010e 13       		.uleb128 0x13
 2142 010f 00       		.byte	0
 2143 0110 00       		.byte	0
 2144 0111 15       		.uleb128 0x15
 2145 0112 2E       		.uleb128 0x2e
 2146 0113 01       		.byte	0x1
 2147 0114 3F       		.uleb128 0x3f
 2148 0115 19       		.uleb128 0x19
 2149 0116 03       		.uleb128 0x3
 2150 0117 0E       		.uleb128 0xe
 2151 0118 3A       		.uleb128 0x3a
 2152 0119 0B       		.uleb128 0xb
 2153 011a 3B       		.uleb128 0x3b
 2154 011b 0B       		.uleb128 0xb
 2155 011c 11       		.uleb128 0x11
 2156 011d 01       		.uleb128 0x1
 2157 011e 12       		.uleb128 0x12
 2158 011f 06       		.uleb128 0x6
 2159 0120 40       		.uleb128 0x40
 2160 0121 18       		.uleb128 0x18
 2161 0122 9742     		.uleb128 0x2117
 2162 0124 19       		.uleb128 0x19
 2163 0125 01       		.uleb128 0x1
 2164 0126 13       		.uleb128 0x13
 2165 0127 00       		.byte	0
 2166 0128 00       		.byte	0
 2167 0129 16       		.uleb128 0x16
 2168 012a 2E       		.uleb128 0x2e
ARM GAS  C:\Users\ARTEM\AppData\Local\Temp\ccspu0Ww.s 			page 43


 2169 012b 01       		.byte	0x1
 2170 012c 3F       		.uleb128 0x3f
 2171 012d 19       		.uleb128 0x19
 2172 012e 03       		.uleb128 0x3
 2173 012f 08       		.uleb128 0x8
 2174 0130 3A       		.uleb128 0x3a
 2175 0131 0B       		.uleb128 0xb
 2176 0132 3B       		.uleb128 0x3b
 2177 0133 0B       		.uleb128 0xb
 2178 0134 11       		.uleb128 0x11
 2179 0135 01       		.uleb128 0x1
 2180 0136 12       		.uleb128 0x12
 2181 0137 06       		.uleb128 0x6
 2182 0138 40       		.uleb128 0x40
 2183 0139 18       		.uleb128 0x18
 2184 013a 9742     		.uleb128 0x2117
 2185 013c 19       		.uleb128 0x19
 2186 013d 01       		.uleb128 0x1
 2187 013e 13       		.uleb128 0x13
 2188 013f 00       		.byte	0
 2189 0140 00       		.byte	0
 2190 0141 17       		.uleb128 0x17
 2191 0142 21       		.uleb128 0x21
 2192 0143 00       		.byte	0
 2193 0144 00       		.byte	0
 2194 0145 00       		.byte	0
 2195 0146 18       		.uleb128 0x18
 2196 0147 26       		.uleb128 0x26
 2197 0148 00       		.byte	0
 2198 0149 49       		.uleb128 0x49
 2199 014a 13       		.uleb128 0x13
 2200 014b 00       		.byte	0
 2201 014c 00       		.byte	0
 2202 014d 19       		.uleb128 0x19
 2203 014e 34       		.uleb128 0x34
 2204 014f 00       		.byte	0
 2205 0150 03       		.uleb128 0x3
 2206 0151 0E       		.uleb128 0xe
 2207 0152 3A       		.uleb128 0x3a
 2208 0153 0B       		.uleb128 0xb
 2209 0154 3B       		.uleb128 0x3b
 2210 0155 0B       		.uleb128 0xb
 2211 0156 49       		.uleb128 0x49
 2212 0157 13       		.uleb128 0x13
 2213 0158 3F       		.uleb128 0x3f
 2214 0159 19       		.uleb128 0x19
 2215 015a 3C       		.uleb128 0x3c
 2216 015b 19       		.uleb128 0x19
 2217 015c 00       		.byte	0
 2218 015d 00       		.byte	0
 2219 015e 1A       		.uleb128 0x1a
 2220 015f 2E       		.uleb128 0x2e
 2221 0160 00       		.byte	0
 2222 0161 3F       		.uleb128 0x3f
 2223 0162 19       		.uleb128 0x19
 2224 0163 3C       		.uleb128 0x3c
 2225 0164 19       		.uleb128 0x19
ARM GAS  C:\Users\ARTEM\AppData\Local\Temp\ccspu0Ww.s 			page 44


 2226 0165 6E       		.uleb128 0x6e
 2227 0166 0E       		.uleb128 0xe
 2228 0167 03       		.uleb128 0x3
 2229 0168 0E       		.uleb128 0xe
 2230 0169 3A       		.uleb128 0x3a
 2231 016a 0B       		.uleb128 0xb
 2232 016b 3B       		.uleb128 0x3b
 2233 016c 0B       		.uleb128 0xb
 2234 016d 00       		.byte	0
 2235 016e 00       		.byte	0
 2236 016f 1B       		.uleb128 0x1b
 2237 0170 2E       		.uleb128 0x2e
 2238 0171 00       		.byte	0
 2239 0172 3F       		.uleb128 0x3f
 2240 0173 19       		.uleb128 0x19
 2241 0174 3C       		.uleb128 0x3c
 2242 0175 19       		.uleb128 0x19
 2243 0176 6E       		.uleb128 0x6e
 2244 0177 0E       		.uleb128 0xe
 2245 0178 03       		.uleb128 0x3
 2246 0179 0E       		.uleb128 0xe
 2247 017a 3A       		.uleb128 0x3a
 2248 017b 0B       		.uleb128 0xb
 2249 017c 3B       		.uleb128 0x3b
 2250 017d 05       		.uleb128 0x5
 2251 017e 00       		.byte	0
 2252 017f 00       		.byte	0
 2253 0180 00       		.byte	0
 2254              		.section	.debug_loc,"",%progbits
 2255              	.Ldebug_loc0:
 2256              	.LLST0:
 2257 0000 00000000 		.4byte	.LVL0
 2258 0004 1A000000 		.4byte	.LVL1
 2259 0008 0100     		.2byte	0x1
 2260 000a 50       		.byte	0x50
 2261 000b 1A000000 		.4byte	.LVL1
 2262 000f 30010000 		.4byte	.LFE36
 2263 0013 0400     		.2byte	0x4
 2264 0015 F3       		.byte	0xf3
 2265 0016 01       		.uleb128 0x1
 2266 0017 50       		.byte	0x50
 2267 0018 9F       		.byte	0x9f
 2268 0019 00000000 		.4byte	0
 2269 001d 00000000 		.4byte	0
 2270              	.LLST1:
 2271 0021 00000000 		.4byte	.LVL0
 2272 0025 1D000000 		.4byte	.LVL2-1
 2273 0029 0100     		.2byte	0x1
 2274 002b 51       		.byte	0x51
 2275 002c 1D000000 		.4byte	.LVL2-1
 2276 0030 30010000 		.4byte	.LFE36
 2277 0034 0400     		.2byte	0x4
 2278 0036 F3       		.byte	0xf3
 2279 0037 01       		.uleb128 0x1
 2280 0038 51       		.byte	0x51
 2281 0039 9F       		.byte	0x9f
 2282 003a 00000000 		.4byte	0
ARM GAS  C:\Users\ARTEM\AppData\Local\Temp\ccspu0Ww.s 			page 45


 2283 003e 00000000 		.4byte	0
 2284              	.LLST2:
 2285 0042 00000000 		.4byte	.LVL0
 2286 0046 1D000000 		.4byte	.LVL2-1
 2287 004a 0100     		.2byte	0x1
 2288 004c 52       		.byte	0x52
 2289 004d 1D000000 		.4byte	.LVL2-1
 2290 0051 5E000000 		.4byte	.LVL13
 2291 0055 0100     		.2byte	0x1
 2292 0057 55       		.byte	0x55
 2293 0058 5E000000 		.4byte	.LVL13
 2294 005c 30010000 		.4byte	.LFE36
 2295 0060 0400     		.2byte	0x4
 2296 0062 F3       		.byte	0xf3
 2297 0063 01       		.uleb128 0x1
 2298 0064 52       		.byte	0x52
 2299 0065 9F       		.byte	0x9f
 2300 0066 00000000 		.4byte	0
 2301 006a 00000000 		.4byte	0
 2302              	.LLST3:
 2303 006e 24000000 		.4byte	.LVL3
 2304 0072 6A000000 		.4byte	.LVL17
 2305 0076 0200     		.2byte	0x2
 2306 0078 31       		.byte	0x31
 2307 0079 9F       		.byte	0x9f
 2308 007a 6A000000 		.4byte	.LVL17
 2309 007e 0C010000 		.4byte	.LVL35
 2310 0082 0100     		.2byte	0x1
 2311 0084 55       		.byte	0x55
 2312 0085 0C010000 		.4byte	.LVL35
 2313 0089 1C010000 		.4byte	.LVL37
 2314 008d 0100     		.2byte	0x1
 2315 008f 54       		.byte	0x54
 2316 0090 1C010000 		.4byte	.LVL37
 2317 0094 1C010000 		.4byte	.LVL38
 2318 0098 0100     		.2byte	0x1
 2319 009a 55       		.byte	0x55
 2320 009b 00000000 		.4byte	0
 2321 009f 00000000 		.4byte	0
 2322              	.LLST4:
 2323 00a3 24000000 		.4byte	.LVL3
 2324 00a7 6A000000 		.4byte	.LVL17
 2325 00ab 0200     		.2byte	0x2
 2326 00ad 30       		.byte	0x30
 2327 00ae 9F       		.byte	0x9f
 2328 00af 6A000000 		.4byte	.LVL17
 2329 00b3 1C010000 		.4byte	.LVL39
 2330 00b7 0100     		.2byte	0x1
 2331 00b9 56       		.byte	0x56
 2332 00ba 00000000 		.4byte	0
 2333 00be 00000000 		.4byte	0
 2334              	.LLST5:
 2335 00c2 4E000000 		.4byte	.LVL10
 2336 00c6 6A000000 		.4byte	.LVL17
 2337 00ca 0100     		.2byte	0x1
 2338 00cc 50       		.byte	0x50
 2339 00cd 6A000000 		.4byte	.LVL17
ARM GAS  C:\Users\ARTEM\AppData\Local\Temp\ccspu0Ww.s 			page 46


 2340 00d1 30010000 		.4byte	.LFE36
 2341 00d5 0200     		.2byte	0x2
 2342 00d7 91       		.byte	0x91
 2343 00d8 58       		.sleb128 -40
 2344 00d9 00000000 		.4byte	0
 2345 00dd 00000000 		.4byte	0
 2346              	.LLST6:
 2347 00e1 4E000000 		.4byte	.LVL10
 2348 00e5 54000000 		.4byte	.LVL11
 2349 00e9 0B00     		.2byte	0xb
 2350 00eb 70       		.byte	0x70
 2351 00ec 00       		.sleb128 0
 2352 00ed 31       		.byte	0x31
 2353 00ee 25       		.byte	0x25
 2354 00ef 0C       		.byte	0xc
 2355 00f0 7F7F7F00 		.4byte	0x7f7f7f
 2356 00f4 1A       		.byte	0x1a
 2357 00f5 9F       		.byte	0x9f
 2358 00f6 54000000 		.4byte	.LVL11
 2359 00fa 6A000000 		.4byte	.LVL17
 2360 00fe 0100     		.2byte	0x1
 2361 0100 57       		.byte	0x57
 2362 0101 6A000000 		.4byte	.LVL17
 2363 0105 30010000 		.4byte	.LFE36
 2364 0109 0200     		.2byte	0x2
 2365 010b 91       		.byte	0x91
 2366 010c 50       		.sleb128 -48
 2367 010d 00000000 		.4byte	0
 2368 0111 00000000 		.4byte	0
 2369              	.LLST7:
 2370 0115 54000000 		.4byte	.LVL11
 2371 0119 5C000000 		.4byte	.LVL12
 2372 011d 0100     		.2byte	0x1
 2373 011f 57       		.byte	0x57
 2374 0120 5C000000 		.4byte	.LVL12
 2375 0124 64000000 		.4byte	.LVL15
 2376 0128 0100     		.2byte	0x1
 2377 012a 56       		.byte	0x56
 2378 012b 64000000 		.4byte	.LVL15
 2379 012f 30010000 		.4byte	.LFE36
 2380 0133 0200     		.2byte	0x2
 2381 0135 91       		.byte	0x91
 2382 0136 4C       		.sleb128 -52
 2383 0137 00000000 		.4byte	0
 2384 013b 00000000 		.4byte	0
 2385              	.LLST8:
 2386 013f 5C000000 		.4byte	.LVL12
 2387 0143 62000000 		.4byte	.LVL14
 2388 0147 0B00     		.2byte	0xb
 2389 0149 76       		.byte	0x76
 2390 014a 00       		.sleb128 0
 2391 014b 31       		.byte	0x31
 2392 014c 25       		.byte	0x25
 2393 014d 0C       		.byte	0xc
 2394 014e 7F7F7F00 		.4byte	0x7f7f7f
 2395 0152 1A       		.byte	0x1a
 2396 0153 9F       		.byte	0x9f
ARM GAS  C:\Users\ARTEM\AppData\Local\Temp\ccspu0Ww.s 			page 47


 2397 0154 62000000 		.4byte	.LVL14
 2398 0158 66000000 		.4byte	.LVL16
 2399 015c 0100     		.2byte	0x1
 2400 015e 55       		.byte	0x55
 2401 015f 66000000 		.4byte	.LVL16
 2402 0163 30010000 		.4byte	.LFE36
 2403 0167 0200     		.2byte	0x2
 2404 0169 91       		.byte	0x91
 2405 016a 5C       		.sleb128 -36
 2406 016b 00000000 		.4byte	0
 2407 016f 00000000 		.4byte	0
 2408              	.LLST9:
 2409 0173 24000000 		.4byte	.LVL3
 2410 0177 28000000 		.4byte	.LVL4
 2411 017b 0200     		.2byte	0x2
 2412 017d 30       		.byte	0x30
 2413 017e 9F       		.byte	0x9f
 2414 017f 28000000 		.4byte	.LVL4
 2415 0183 6A000000 		.4byte	.LVL17
 2416 0187 0100     		.2byte	0x1
 2417 0189 54       		.byte	0x54
 2418 018a 00000000 		.4byte	0
 2419 018e 00000000 		.4byte	0
 2420              	.LLST10:
 2421 0192 00000000 		.4byte	.LVL40
 2422 0196 12000000 		.4byte	.LVL42
 2423 019a 0100     		.2byte	0x1
 2424 019c 50       		.byte	0x50
 2425 019d 12000000 		.4byte	.LVL42
 2426 01a1 18000000 		.4byte	.LVL44
 2427 01a5 0100     		.2byte	0x1
 2428 01a7 59       		.byte	0x59
 2429 01a8 18000000 		.4byte	.LVL44
 2430 01ac 10010000 		.4byte	.LFE37
 2431 01b0 0400     		.2byte	0x4
 2432 01b2 F3       		.byte	0xf3
 2433 01b3 01       		.uleb128 0x1
 2434 01b4 50       		.byte	0x50
 2435 01b5 9F       		.byte	0x9f
 2436 01b6 00000000 		.4byte	0
 2437 01ba 00000000 		.4byte	0
 2438              	.LLST11:
 2439 01be 10000000 		.4byte	.LVL41
 2440 01c2 12000000 		.4byte	.LVL42
 2441 01c6 0100     		.2byte	0x1
 2442 01c8 50       		.byte	0x50
 2443 01c9 12000000 		.4byte	.LVL42
 2444 01cd 18000000 		.4byte	.LVL44
 2445 01d1 0100     		.2byte	0x1
 2446 01d3 59       		.byte	0x59
 2447 01d4 18000000 		.4byte	.LVL44
 2448 01d8 1E000000 		.4byte	.LVL45
 2449 01dc 0100     		.2byte	0x1
 2450 01de 53       		.byte	0x53
 2451 01df 1E000000 		.4byte	.LVL45
 2452 01e3 20000000 		.4byte	.LVL46
 2453 01e7 0100     		.2byte	0x1
ARM GAS  C:\Users\ARTEM\AppData\Local\Temp\ccspu0Ww.s 			page 48


 2454 01e9 5A       		.byte	0x5a
 2455 01ea 20000000 		.4byte	.LVL46
 2456 01ee EC000000 		.4byte	.LVL69
 2457 01f2 0100     		.2byte	0x1
 2458 01f4 59       		.byte	0x59
 2459 01f5 EC000000 		.4byte	.LVL69
 2460 01f9 F2000000 		.4byte	.LVL70
 2461 01fd 0100     		.2byte	0x1
 2462 01ff 5A       		.byte	0x5a
 2463 0200 F2000000 		.4byte	.LVL70
 2464 0204 F4000000 		.4byte	.LVL71
 2465 0208 0100     		.2byte	0x1
 2466 020a 53       		.byte	0x53
 2467 020b F4000000 		.4byte	.LVL71
 2468 020f F6000000 		.4byte	.LVL76
 2469 0213 0100     		.2byte	0x1
 2470 0215 59       		.byte	0x59
 2471 0216 00000000 		.4byte	0
 2472 021a 00000000 		.4byte	0
 2473              	.LLST12:
 2474 021e 10000000 		.4byte	.LVL41
 2475 0222 18000000 		.4byte	.LVL44
 2476 0226 0200     		.2byte	0x2
 2477 0228 30       		.byte	0x30
 2478 0229 9F       		.byte	0x9f
 2479 022a 26000000 		.4byte	.LVL47
 2480 022e 38000000 		.4byte	.LVL50
 2481 0232 0100     		.2byte	0x1
 2482 0234 53       		.byte	0x53
 2483 0235 00000000 		.4byte	0
 2484 0239 00000000 		.4byte	0
 2485              	.LLST13:
 2486 023d 10000000 		.4byte	.LVL41
 2487 0241 18000000 		.4byte	.LVL44
 2488 0245 0200     		.2byte	0x2
 2489 0247 30       		.byte	0x30
 2490 0248 9F       		.byte	0x9f
 2491 0249 18000000 		.4byte	.LVL44
 2492 024d 20000000 		.4byte	.LVL46
 2493 0251 0100     		.2byte	0x1
 2494 0253 56       		.byte	0x56
 2495 0254 3A000000 		.4byte	.LVL51
 2496 0258 3E000000 		.4byte	.LVL52
 2497 025c 0200     		.2byte	0x2
 2498 025e 30       		.byte	0x30
 2499 025f 9F       		.byte	0x9f
 2500 0260 3E000000 		.4byte	.LVL52
 2501 0264 F6000000 		.4byte	.LVL73
 2502 0268 0100     		.2byte	0x1
 2503 026a 56       		.byte	0x56
 2504 026b 00000000 		.4byte	0
 2505 026f 00000000 		.4byte	0
 2506              	.LLST14:
 2507 0273 18000000 		.4byte	.LVL44
 2508 0277 20000000 		.4byte	.LVL46
 2509 027b 0100     		.2byte	0x1
 2510 027d 57       		.byte	0x57
ARM GAS  C:\Users\ARTEM\AppData\Local\Temp\ccspu0Ww.s 			page 49


 2511 027e 3A000000 		.4byte	.LVL51
 2512 0282 F6000000 		.4byte	.LVL74
 2513 0286 0100     		.2byte	0x1
 2514 0288 57       		.byte	0x57
 2515 0289 00000000 		.4byte	0
 2516 028d 00000000 		.4byte	0
 2517              	.LLST15:
 2518 0291 18000000 		.4byte	.LVL44
 2519 0295 20000000 		.4byte	.LVL46
 2520 0299 0100     		.2byte	0x1
 2521 029b 58       		.byte	0x58
 2522 029c 36000000 		.4byte	.LVL49
 2523 02a0 3E000000 		.4byte	.LVL52
 2524 02a4 0100     		.2byte	0x1
 2525 02a6 51       		.byte	0x51
 2526 02a7 3E000000 		.4byte	.LVL52
 2527 02ab F6000000 		.4byte	.LVL75
 2528 02af 0100     		.2byte	0x1
 2529 02b1 58       		.byte	0x58
 2530 02b2 00000000 		.4byte	0
 2531 02b6 00000000 		.4byte	0
 2532              	.LLST16:
 2533 02ba 62000000 		.4byte	.LVL54
 2534 02be 68000000 		.4byte	.LVL55
 2535 02c2 0100     		.2byte	0x1
 2536 02c4 50       		.byte	0x50
 2537 02c5 68000000 		.4byte	.LVL55
 2538 02c9 80000000 		.4byte	.LVL57
 2539 02cd 0100     		.2byte	0x1
 2540 02cf 55       		.byte	0x55
 2541 02d0 80000000 		.4byte	.LVL57
 2542 02d4 9E000000 		.4byte	.LVL59
 2543 02d8 0100     		.2byte	0x1
 2544 02da 54       		.byte	0x54
 2545 02db 9E000000 		.4byte	.LVL59
 2546 02df E8000000 		.4byte	.LVL68
 2547 02e3 0100     		.2byte	0x1
 2548 02e5 55       		.byte	0x55
 2549 02e6 F4000000 		.4byte	.LVL71
 2550 02ea F6000000 		.4byte	.LVL72
 2551 02ee 0100     		.2byte	0x1
 2552 02f0 55       		.byte	0x55
 2553 02f1 00000000 		.4byte	0
 2554 02f5 00000000 		.4byte	0
 2555              	.LLST17:
 2556 02f9 10000000 		.4byte	.LVL41
 2557 02fd 18000000 		.4byte	.LVL44
 2558 0301 0200     		.2byte	0x2
 2559 0303 30       		.byte	0x30
 2560 0304 9F       		.byte	0x9f
 2561 0305 C8000000 		.4byte	.LVL63
 2562 0309 E8000000 		.4byte	.LVL68
 2563 030d 0100     		.2byte	0x1
 2564 030f 54       		.byte	0x54
 2565 0310 00000000 		.4byte	0
 2566 0314 00000000 		.4byte	0
 2567              	.LLST18:
ARM GAS  C:\Users\ARTEM\AppData\Local\Temp\ccspu0Ww.s 			page 50


 2568 0318 00000000 		.4byte	.LVL77
 2569 031c 08000000 		.4byte	.LVL79
 2570 0320 0100     		.2byte	0x1
 2571 0322 50       		.byte	0x50
 2572 0323 08000000 		.4byte	.LVL79
 2573 0327 52000000 		.4byte	.LVL93
 2574 032b 0100     		.2byte	0x1
 2575 032d 55       		.byte	0x55
 2576 032e 52000000 		.4byte	.LVL93
 2577 0332 54000000 		.4byte	.LFE38
 2578 0336 0400     		.2byte	0x4
 2579 0338 F3       		.byte	0xf3
 2580 0339 01       		.uleb128 0x1
 2581 033a 50       		.byte	0x50
 2582 033b 9F       		.byte	0x9f
 2583 033c 00000000 		.4byte	0
 2584 0340 00000000 		.4byte	0
 2585              	.LLST19:
 2586 0344 04000000 		.4byte	.LVL78
 2587 0348 08000000 		.4byte	.LVL79
 2588 034c 0200     		.2byte	0x2
 2589 034e 30       		.byte	0x30
 2590 034f 9F       		.byte	0x9f
 2591 0350 08000000 		.4byte	.LVL79
 2592 0354 52000000 		.4byte	.LVL94
 2593 0358 0100     		.2byte	0x1
 2594 035a 56       		.byte	0x56
 2595 035b 00000000 		.4byte	0
 2596 035f 00000000 		.4byte	0
 2597              	.LLST20:
 2598 0363 08000000 		.4byte	.LVL79
 2599 0367 16000000 		.4byte	.LVL82
 2600 036b 0100     		.2byte	0x1
 2601 036d 54       		.byte	0x54
 2602 036e 18000000 		.4byte	.LVL83
 2603 0372 2C000000 		.4byte	.LVL86
 2604 0376 0100     		.2byte	0x1
 2605 0378 54       		.byte	0x54
 2606 0379 00000000 		.4byte	0
 2607 037d 00000000 		.4byte	0
 2608              	.LLST21:
 2609 0381 2A000000 		.4byte	.LVL85
 2610 0385 2E000000 		.4byte	.LVL87
 2611 0389 0200     		.2byte	0x2
 2612 038b 30       		.byte	0x30
 2613 038c 9F       		.byte	0x9f
 2614 038d 2E000000 		.4byte	.LVL87
 2615 0391 4E000000 		.4byte	.LVL92
 2616 0395 0100     		.2byte	0x1
 2617 0397 54       		.byte	0x54
 2618 0398 00000000 		.4byte	0
 2619 039c 00000000 		.4byte	0
 2620              	.LLST22:
 2621 03a0 12000000 		.4byte	.LVL96
 2622 03a4 16000000 		.4byte	.LVL97
 2623 03a8 0200     		.2byte	0x2
 2624 03aa 30       		.byte	0x30
ARM GAS  C:\Users\ARTEM\AppData\Local\Temp\ccspu0Ww.s 			page 51


 2625 03ab 9F       		.byte	0x9f
 2626 03ac 16000000 		.4byte	.LVL97
 2627 03b0 3C000000 		.4byte	.LVL105
 2628 03b4 0100     		.2byte	0x1
 2629 03b6 55       		.byte	0x55
 2630 03b7 00000000 		.4byte	0
 2631 03bb 00000000 		.4byte	0
 2632              	.LLST23:
 2633 03bf 16000000 		.4byte	.LVL97
 2634 03c3 24000000 		.4byte	.LVL100
 2635 03c7 0100     		.2byte	0x1
 2636 03c9 54       		.byte	0x54
 2637 03ca 26000000 		.4byte	.LVL101
 2638 03ce 38000000 		.4byte	.LVL104
 2639 03d2 0100     		.2byte	0x1
 2640 03d4 54       		.byte	0x54
 2641 03d5 00000000 		.4byte	0
 2642 03d9 00000000 		.4byte	0
 2643              	.LLST24:
 2644 03dd 02000000 		.4byte	.LVL106
 2645 03e1 06000000 		.4byte	.LVL107
 2646 03e5 0300     		.2byte	0x3
 2647 03e7 08       		.byte	0x8
 2648 03e8 FF       		.byte	0xff
 2649 03e9 9F       		.byte	0x9f
 2650 03ea 06000000 		.4byte	.LVL107
 2651 03ee 2C000000 		.4byte	.LVL115
 2652 03f2 0100     		.2byte	0x1
 2653 03f4 55       		.byte	0x55
 2654 03f5 00000000 		.4byte	0
 2655 03f9 00000000 		.4byte	0
 2656              	.LLST25:
 2657 03fd 06000000 		.4byte	.LVL107
 2658 0401 14000000 		.4byte	.LVL110
 2659 0405 0100     		.2byte	0x1
 2660 0407 54       		.byte	0x54
 2661 0408 16000000 		.4byte	.LVL111
 2662 040c 28000000 		.4byte	.LVL114
 2663 0410 0100     		.2byte	0x1
 2664 0412 54       		.byte	0x54
 2665 0413 00000000 		.4byte	0
 2666 0417 00000000 		.4byte	0
 2667              	.LLST26:
 2668 041b 00000000 		.4byte	.LVL116
 2669 041f 0A000000 		.4byte	.LVL117
 2670 0423 0100     		.2byte	0x1
 2671 0425 50       		.byte	0x50
 2672 0426 0A000000 		.4byte	.LVL117
 2673 042a 3E000000 		.4byte	.LVL127
 2674 042e 0100     		.2byte	0x1
 2675 0430 55       		.byte	0x55
 2676 0431 3E000000 		.4byte	.LVL127
 2677 0435 44000000 		.4byte	.LFE41
 2678 0439 0400     		.2byte	0x4
 2679 043b F3       		.byte	0xf3
 2680 043c 01       		.uleb128 0x1
 2681 043d 50       		.byte	0x50
ARM GAS  C:\Users\ARTEM\AppData\Local\Temp\ccspu0Ww.s 			page 52


 2682 043e 9F       		.byte	0x9f
 2683 043f 00000000 		.4byte	0
 2684 0443 00000000 		.4byte	0
 2685              	.LLST27:
 2686 0447 1E000000 		.4byte	.LVL120
 2687 044b 22000000 		.4byte	.LVL121
 2688 044f 0200     		.2byte	0x2
 2689 0451 30       		.byte	0x30
 2690 0452 9F       		.byte	0x9f
 2691 0453 22000000 		.4byte	.LVL121
 2692 0457 3E000000 		.4byte	.LVL126
 2693 045b 0100     		.2byte	0x1
 2694 045d 54       		.byte	0x54
 2695 045e 00000000 		.4byte	0
 2696 0462 00000000 		.4byte	0
 2697              		.section	.debug_aranges,"",%progbits
 2698 0000 44000000 		.4byte	0x44
 2699 0004 0200     		.2byte	0x2
 2700 0006 00000000 		.4byte	.Ldebug_info0
 2701 000a 04       		.byte	0x4
 2702 000b 00       		.byte	0
 2703 000c 0000     		.2byte	0
 2704 000e 0000     		.2byte	0
 2705 0010 00000000 		.4byte	.LFB36
 2706 0014 30010000 		.4byte	.LFE36-.LFB36
 2707 0018 00000000 		.4byte	.LFB37
 2708 001c 10010000 		.4byte	.LFE37-.LFB37
 2709 0020 00000000 		.4byte	.LFB38
 2710 0024 54000000 		.4byte	.LFE38-.LFB38
 2711 0028 00000000 		.4byte	.LFB39
 2712 002c 44000000 		.4byte	.LFE39-.LFB39
 2713 0030 00000000 		.4byte	.LFB40
 2714 0034 2E000000 		.4byte	.LFE40-.LFB40
 2715 0038 00000000 		.4byte	.LFB41
 2716 003c 44000000 		.4byte	.LFE41-.LFB41
 2717 0040 00000000 		.4byte	0
 2718 0044 00000000 		.4byte	0
 2719              		.section	.debug_ranges,"",%progbits
 2720              	.Ldebug_ranges0:
 2721 0000 08000000 		.4byte	.LBB5
 2722 0004 16000000 		.4byte	.LBE5
 2723 0008 18000000 		.4byte	.LBB6
 2724 000c 1C000000 		.4byte	.LBE6
 2725 0010 00000000 		.4byte	0
 2726 0014 00000000 		.4byte	0
 2727 0018 16000000 		.4byte	.LBB9
 2728 001c 24000000 		.4byte	.LBE9
 2729 0020 26000000 		.4byte	.LBB10
 2730 0024 2A000000 		.4byte	.LBE10
 2731 0028 00000000 		.4byte	0
 2732 002c 00000000 		.4byte	0
 2733 0030 06000000 		.4byte	.LBB12
 2734 0034 14000000 		.4byte	.LBE12
 2735 0038 16000000 		.4byte	.LBB13
 2736 003c 1A000000 		.4byte	.LBE13
 2737 0040 00000000 		.4byte	0
 2738 0044 00000000 		.4byte	0
ARM GAS  C:\Users\ARTEM\AppData\Local\Temp\ccspu0Ww.s 			page 53


 2739 0048 00000000 		.4byte	.LFB36
 2740 004c 30010000 		.4byte	.LFE36
 2741 0050 00000000 		.4byte	.LFB37
 2742 0054 10010000 		.4byte	.LFE37
 2743 0058 00000000 		.4byte	.LFB38
 2744 005c 54000000 		.4byte	.LFE38
 2745 0060 00000000 		.4byte	.LFB39
 2746 0064 44000000 		.4byte	.LFE39
 2747 0068 00000000 		.4byte	.LFB40
 2748 006c 2E000000 		.4byte	.LFE40
 2749 0070 00000000 		.4byte	.LFB41
 2750 0074 44000000 		.4byte	.LFE41
 2751 0078 00000000 		.4byte	0
 2752 007c 00000000 		.4byte	0
 2753              		.section	.debug_line,"",%progbits
 2754              	.Ldebug_line0:
 2755 0000 60020000 		.section	.debug_str,"MS",%progbits,1
 2755      0200CF00 
 2755      00000201 
 2755      FB0E0D00 
 2755      01010101 
 2756              	.LASF37:
 2757 0000 6F6E6543 		.ascii	"oneColor\000"
 2757      6F6C6F72 
 2757      00
 2758              	.LASF34:
 2759 0009 63686F6F 		.ascii	"chooseDifficulty\000"
 2759      73654469 
 2759      66666963 
 2759      756C7479 
 2759      00
 2760              	.LASF32:
 2761 001a 6E657743 		.ascii	"newColor\000"
 2761      6F6C6F72 
 2761      00
 2762              	.LASF22:
 2763 0023 6D61696E 		.ascii	"mainCol\000"
 2763      436F6C00 
 2764              	.LASF38:
 2765 002b 53747269 		.ascii	"StripLights_Pixel\000"
 2765      704C6967 
 2765      6874735F 
 2765      50697865 
 2765      6C00
 2766              	.LASF49:
 2767 003d 423A5C55 		.ascii	"B:\\UCU Second year\\Term 1\\POC\\Project\\CyberPon"
 2767      43552053 
 2767      65636F6E 
 2767      64207965 
 2767      61725C54 
 2768 006b 675C4379 		.ascii	"g\\CyberPong.cydsn\000"
 2768      62657250 
 2768      6F6E672E 
 2768      63796473 
 2768      6E00
 2769              	.LASF36:
 2770 007d 73746172 		.ascii	"start\000"
ARM GAS  C:\Users\ARTEM\AppData\Local\Temp\ccspu0Ww.s 			page 54


 2770      7400
 2771              	.LASF41:
 2772 0083 53747269 		.ascii	"StripLights_DisplayClear\000"
 2772      704C6967 
 2772      6874735F 
 2772      44697370 
 2772      6C617943 
 2773              	.LASF3:
 2774 009c 73686F72 		.ascii	"short unsigned int\000"
 2774      7420756E 
 2774      7369676E 
 2774      65642069 
 2774      6E7400
 2775              	.LASF46:
 2776 00af 53747269 		.ascii	"StripLights_Ready\000"
 2776      704C6967 
 2776      6874735F 
 2776      52656164 
 2776      7900
 2777              	.LASF27:
 2778 00c1 63686F6F 		.ascii	"chooseDiffIdle\000"
 2778      73654469 
 2778      66664964 
 2778      6C6500
 2779              	.LASF24:
 2780 00d0 636F6C33 		.ascii	"col3\000"
 2780      00
 2781              	.LASF45:
 2782 00d5 55415254 		.ascii	"UART_UartPutString\000"
 2782      5F556172 
 2782      74507574 
 2782      53747269 
 2782      6E6700
 2783              	.LASF12:
 2784 00e8 666C6F61 		.ascii	"float\000"
 2784      7400
 2785              	.LASF1:
 2786 00ee 756E7369 		.ascii	"unsigned char\000"
 2786      676E6564 
 2786      20636861 
 2786      7200
 2787              	.LASF50:
 2788 00fc 6C656450 		.ascii	"ledPos\000"
 2788      6F7300
 2789              	.LASF23:
 2790 0103 636F6C32 		.ascii	"col2\000"
 2790      00
 2791              	.LASF26:
 2792 0108 63686F6F 		.ascii	"chooseSide\000"
 2792      73655369 
 2792      646500
 2793              	.LASF25:
 2794 0113 636F6C34 		.ascii	"col4\000"
 2794      00
 2795              	.LASF5:
 2796 0118 6C6F6E67 		.ascii	"long unsigned int\000"
 2796      20756E73 
ARM GAS  C:\Users\ARTEM\AppData\Local\Temp\ccspu0Ww.s 			page 55


 2796      69676E65 
 2796      6420696E 
 2796      7400
 2797              	.LASF9:
 2798 012a 75696E74 		.ascii	"uint8\000"
 2798      3800
 2799              	.LASF48:
 2800 0130 6C65642E 		.ascii	"led.c\000"
 2800      6300
 2801              	.LASF42:
 2802 0136 53747269 		.ascii	"StripLights_MemClear\000"
 2802      704C6967 
 2802      6874735F 
 2802      4D656D43 
 2802      6C656172 
 2803              	.LASF30:
 2804 014b 746F436F 		.ascii	"toColor\000"
 2804      6C6F7200 
 2805              	.LASF13:
 2806 0153 646F7562 		.ascii	"double\000"
 2806      6C6500
 2807              	.LASF19:
 2808 015a 636F6C6F 		.ascii	"color\000"
 2808      7200
 2809              	.LASF18:
 2810 0160 73696465 		.ascii	"sideCoord\000"
 2810      436F6F72 
 2810      6400
 2811              	.LASF10:
 2812 016a 75696E74 		.ascii	"uint32\000"
 2812      333200
 2813              	.LASF29:
 2814 0171 6E657874 		.ascii	"nextColor\000"
 2814      436F6C6F 
 2814      7200
 2815              	.LASF8:
 2816 017b 756E7369 		.ascii	"unsigned int\000"
 2816      676E6564 
 2816      20696E74 
 2816      00
 2817              	.LASF31:
 2818 0188 66726F6D 		.ascii	"fromColor\000"
 2818      436F6C6F 
 2818      7200
 2819              	.LASF17:
 2820 0192 6379636C 		.ascii	"cycles\000"
 2820      657300
 2821              	.LASF28:
 2822 0199 73746172 		.ascii	"startColor\000"
 2822      74436F6C 
 2822      6F7200
 2823              	.LASF44:
 2824 01a4 73707269 		.ascii	"sprintf\000"
 2824      6E746600 
 2825              	.LASF7:
 2826 01ac 6C6F6E67 		.ascii	"long long unsigned int\000"
 2826      206C6F6E 
ARM GAS  C:\Users\ARTEM\AppData\Local\Temp\ccspu0Ww.s 			page 56


 2826      6720756E 
 2826      7369676E 
 2826      65642069 
 2827              	.LASF47:
 2828 01c3 474E5520 		.ascii	"GNU C11 5.4.1 20160609 (release) [ARM/embedded-5-br"
 2828      43313120 
 2828      352E342E 
 2828      31203230 
 2828      31363036 
 2829 01f6 616E6368 		.ascii	"anch revision 237715] -mcpu=cortex-m0 -mthumb -g -O"
 2829      20726576 
 2829      6973696F 
 2829      6E203233 
 2829      37373135 
 2830 0229 67202D66 		.ascii	"g -ffunction-sections -ffat-lto-objects\000"
 2830      66756E63 
 2830      74696F6E 
 2830      2D736563 
 2830      74696F6E 
 2831              	.LASF11:
 2832 0251 696E7433 		.ascii	"int32\000"
 2832      3200
 2833              	.LASF16:
 2834 0257 73697A65 		.ascii	"sizetype\000"
 2834      74797065 
 2834      00
 2835              	.LASF33:
 2836 0260 66726571 		.ascii	"freqStr\000"
 2836      53747200 
 2837              	.LASF6:
 2838 0268 6C6F6E67 		.ascii	"long long int\000"
 2838      206C6F6E 
 2838      6720696E 
 2838      7400
 2839              	.LASF14:
 2840 0276 63686172 		.ascii	"char\000"
 2840      00
 2841              	.LASF35:
 2842 027b 64696666 		.ascii	"diffColor\000"
 2842      436F6C6F 
 2842      7200
 2843              	.LASF2:
 2844 0285 73686F72 		.ascii	"short int\000"
 2844      7420696E 
 2844      7400
 2845              	.LASF20:
 2846 028f 6C656450 		.ascii	"ledPosition\000"
 2846      6F736974 
 2846      696F6E00 
 2847              	.LASF4:
 2848 029b 6C6F6E67 		.ascii	"long int\000"
 2848      20696E74 
 2848      00
 2849              	.LASF43:
 2850 02a4 53747269 		.ascii	"StripLights_GetPixel\000"
 2850      704C6967 
 2850      6874735F 
ARM GAS  C:\Users\ARTEM\AppData\Local\Temp\ccspu0Ww.s 			page 57


 2850      47657450 
 2850      6978656C 
 2851              	.LASF15:
 2852 02b9 6C6F6E67 		.ascii	"long double\000"
 2852      20646F75 
 2852      626C6500 
 2853              	.LASF0:
 2854 02c5 7369676E 		.ascii	"signed char\000"
 2854      65642063 
 2854      68617200 
 2855              	.LASF51:
 2856 02d1 53747269 		.ascii	"StripLights_CLUT\000"
 2856      704C6967 
 2856      6874735F 
 2856      434C5554 
 2856      00
 2857              	.LASF21:
 2858 02e2 63757272 		.ascii	"currCycles\000"
 2858      4379636C 
 2858      657300
 2859              	.LASF39:
 2860 02ed 53747269 		.ascii	"StripLights_Trigger\000"
 2860      704C6967 
 2860      6874735F 
 2860      54726967 
 2860      67657200 
 2861              	.LASF40:
 2862 0301 43794465 		.ascii	"CyDelay\000"
 2862      6C617900 
 2863              		.ident	"GCC: (GNU Tools for ARM Embedded Processors) 5.4.1 20160609 (release) [ARM/embedded-5-bran
