ARM GAS  C:\Users\ARTEM\AppData\Local\Temp\ccLQpEOO.s 			page 1


   1              		.syntax unified
   2              		.cpu cortex-m0
   3              		.fpu softvfp
   4              		.eabi_attribute 20, 1
   5              		.eabi_attribute 21, 1
   6              		.eabi_attribute 23, 3
   7              		.eabi_attribute 24, 1
   8              		.eabi_attribute 25, 1
   9              		.eabi_attribute 26, 1
  10              		.eabi_attribute 30, 1
  11              		.eabi_attribute 34, 0
  12              		.eabi_attribute 18, 4
  13              		.thumb
  14              		.syntax unified
  15              		.file	"motorController.c"
  16              		.text
  17              	.Ltext0:
  18              		.cfi_sections	.debug_frame
  19              		.section	.text.turnDown,"ax",%progbits
  20              		.align	2
  21              		.global	turnDown
  22              		.code	16
  23              		.thumb_func
  24              		.type	turnDown, %function
  25              	turnDown:
  26              	.LFB36:
  27              		.file 1 "motorController.c"
   1:motorController.c **** #include "motorController.h"
   2:motorController.c **** #include "stdlib.h"
   3:motorController.c **** #include "main_data.h"
   4:motorController.c **** #include "led.h"
   5:motorController.c **** 
   6:motorController.c **** #include "stdio.h"
   7:motorController.c **** 
   8:motorController.c **** uint8 stopCoords[] = {1, 7, 13, 19};
   9:motorController.c **** 
  10:motorController.c **** uint32 color = 0;
  11:motorController.c **** extern const uint32 StripLights_CLUT[ ];
  12:motorController.c **** 
  13:motorController.c **** 
  14:motorController.c **** void turnDown(void){
  28              		.loc 1 14 0
  29              		.cfi_startproc
  30              		@ args = 0, pretend = 0, frame = 0
  31              		@ frame_needed = 0, uses_anonymous_args = 0
  32 0000 10B5     		push	{r4, lr}
  33              		.cfi_def_cfa_offset 8
  34              		.cfi_offset 4, -8
  35              		.cfi_offset 14, -4
  15:motorController.c ****     PWM_Down_WriteCompare(720);
  36              		.loc 1 15 0
  37 0002 B420     		movs	r0, #180
  38 0004 8000     		lsls	r0, r0, #2
  39 0006 FFF7FEFF 		bl	PWM_Down_WriteCompare
  40              	.LVL0:
  16:motorController.c ****     ENA_P_16_Write(1);
  41              		.loc 1 16 0
ARM GAS  C:\Users\ARTEM\AppData\Local\Temp\ccLQpEOO.s 			page 2


  42 000a 0120     		movs	r0, #1
  43 000c FFF7FEFF 		bl	ENA_P_16_Write
  44              	.LVL1:
  17:motorController.c ****     IN1_P_01_Write(1);
  45              		.loc 1 17 0
  46 0010 0120     		movs	r0, #1
  47 0012 FFF7FEFF 		bl	IN1_P_01_Write
  48              	.LVL2:
  18:motorController.c ****     IN2_P_00_Write(0);
  49              		.loc 1 18 0
  50 0016 0020     		movs	r0, #0
  51 0018 FFF7FEFF 		bl	IN2_P_00_Write
  52              	.LVL3:
  19:motorController.c **** }
  53              		.loc 1 19 0
  54              		@ sp needed
  55 001c 10BD     		pop	{r4, pc}
  56              		.cfi_endproc
  57              	.LFE36:
  58              		.size	turnDown, .-turnDown
  59 001e C046     		.section	.text.turnUp,"ax",%progbits
  60              		.align	2
  61              		.global	turnUp
  62              		.code	16
  63              		.thumb_func
  64              		.type	turnUp, %function
  65              	turnUp:
  66              	.LFB37:
  20:motorController.c **** 
  21:motorController.c **** void turnUp(void){
  67              		.loc 1 21 0
  68              		.cfi_startproc
  69              		@ args = 0, pretend = 0, frame = 0
  70              		@ frame_needed = 0, uses_anonymous_args = 0
  71 0000 10B5     		push	{r4, lr}
  72              		.cfi_def_cfa_offset 8
  73              		.cfi_offset 4, -8
  74              		.cfi_offset 14, -4
  22:motorController.c ****     PWM_Down_WriteCompare(720);
  75              		.loc 1 22 0
  76 0002 B420     		movs	r0, #180
  77 0004 8000     		lsls	r0, r0, #2
  78 0006 FFF7FEFF 		bl	PWM_Down_WriteCompare
  79              	.LVL4:
  23:motorController.c ****     
  24:motorController.c ****     ENA_P_16_Write(1);
  80              		.loc 1 24 0
  81 000a 0120     		movs	r0, #1
  82 000c FFF7FEFF 		bl	ENA_P_16_Write
  83              	.LVL5:
  25:motorController.c ****     IN1_P_01_Write(0);
  84              		.loc 1 25 0
  85 0010 0020     		movs	r0, #0
  86 0012 FFF7FEFF 		bl	IN1_P_01_Write
  87              	.LVL6:
  26:motorController.c ****     IN2_P_00_Write(1);
  88              		.loc 1 26 0
ARM GAS  C:\Users\ARTEM\AppData\Local\Temp\ccLQpEOO.s 			page 3


  89 0016 0120     		movs	r0, #1
  90 0018 FFF7FEFF 		bl	IN2_P_00_Write
  91              	.LVL7:
  27:motorController.c **** }
  92              		.loc 1 27 0
  93              		@ sp needed
  94 001c 10BD     		pop	{r4, pc}
  95              		.cfi_endproc
  96              	.LFE37:
  97              		.size	turnUp, .-turnUp
  98 001e C046     		.section	.text.stopMoving,"ax",%progbits
  99              		.align	2
 100              		.global	stopMoving
 101              		.code	16
 102              		.thumb_func
 103              		.type	stopMoving, %function
 104              	stopMoving:
 105              	.LFB38:
  28:motorController.c **** 
  29:motorController.c **** void stopMoving()
  30:motorController.c **** {
 106              		.loc 1 30 0
 107              		.cfi_startproc
 108              		@ args = 0, pretend = 0, frame = 0
 109              		@ frame_needed = 0, uses_anonymous_args = 0
 110 0000 10B5     		push	{r4, lr}
 111              		.cfi_def_cfa_offset 8
 112              		.cfi_offset 4, -8
 113              		.cfi_offset 14, -4
  31:motorController.c ****     ENA_P_16_Write(0);
 114              		.loc 1 31 0
 115 0002 0020     		movs	r0, #0
 116 0004 FFF7FEFF 		bl	ENA_P_16_Write
 117              	.LVL8:
  32:motorController.c ****     PWM_Down_WriteCompare(0);
 118              		.loc 1 32 0
 119 0008 0020     		movs	r0, #0
 120 000a FFF7FEFF 		bl	PWM_Down_WriteCompare
 121              	.LVL9:
  33:motorController.c **** }
 122              		.loc 1 33 0
 123              		@ sp needed
 124 000e 10BD     		pop	{r4, pc}
 125              		.cfi_endproc
 126              	.LFE38:
 127              		.size	stopMoving, .-stopMoving
 128              		.section	.text.setSpin,"ax",%progbits
 129              		.align	2
 130              		.global	setSpin
 131              		.code	16
 132              		.thumb_func
 133              		.type	setSpin, %function
 134              	setSpin:
 135              	.LFB39:
  34:motorController.c **** 
  35:motorController.c **** void setSpin (int motors[])
  36:motorController.c **** {
ARM GAS  C:\Users\ARTEM\AppData\Local\Temp\ccLQpEOO.s 			page 4


 136              		.loc 1 36 0
 137              		.cfi_startproc
 138              		@ args = 0, pretend = 0, frame = 0
 139              		@ frame_needed = 0, uses_anonymous_args = 0
 140              	.LVL10:
 141 0000 10B5     		push	{r4, lr}
 142              		.cfi_def_cfa_offset 8
 143              		.cfi_offset 4, -8
 144              		.cfi_offset 14, -4
 145 0002 0400     		movs	r4, r0
  37:motorController.c ****     if(motors[0] && motors[1] && motors[2] && motors[3])
 146              		.loc 1 37 0
 147 0004 0368     		ldr	r3, [r0]
 148 0006 002B     		cmp	r3, #0
 149 0008 0CD0     		beq	.L5
 150              		.loc 1 37 0 is_stmt 0 discriminator 1
 151 000a 4368     		ldr	r3, [r0, #4]
 152 000c 002B     		cmp	r3, #0
 153 000e 09D0     		beq	.L5
 154              		.loc 1 37 0 discriminator 2
 155 0010 8368     		ldr	r3, [r0, #8]
 156 0012 002B     		cmp	r3, #0
 157 0014 06D0     		beq	.L5
 158              		.loc 1 37 0 discriminator 3
 159 0016 C368     		ldr	r3, [r0, #12]
 160 0018 002B     		cmp	r3, #0
 161 001a 03D0     		beq	.L5
  38:motorController.c ****     {
  39:motorController.c ****         oneColor(color);
 162              		.loc 1 39 0 is_stmt 1
 163 001c 334B     		ldr	r3, .L15
 164 001e 1868     		ldr	r0, [r3]
 165              	.LVL11:
 166 0020 FFF7FEFF 		bl	oneColor
 167              	.LVL12:
 168              	.L5:
  40:motorController.c ****     }
  41:motorController.c ****     if (motors[0] == 0){
 169              		.loc 1 41 0
 170 0024 2368     		ldr	r3, [r4]
 171 0026 002B     		cmp	r3, #0
 172 0028 0DD1     		bne	.L6
  42:motorController.c ****             chooseSide(1, stopCoords[3], color);
 173              		.loc 1 42 0
 174 002a 304B     		ldr	r3, .L15
 175 002c 1A68     		ldr	r2, [r3]
 176 002e 304B     		ldr	r3, .L15+4
 177 0030 D978     		ldrb	r1, [r3, #3]
 178 0032 0120     		movs	r0, #1
 179 0034 FFF7FEFF 		bl	chooseSide
 180              	.LVL13:
  43:motorController.c ****             Pin_Output_LEFT_Write(0);
 181              		.loc 1 43 0
 182 0038 0020     		movs	r0, #0
 183 003a FFF7FEFF 		bl	Pin_Output_LEFT_Write
 184              	.LVL14:
  44:motorController.c ****             Pin_Output_LEFT_GROUND_Write(0);
ARM GAS  C:\Users\ARTEM\AppData\Local\Temp\ccLQpEOO.s 			page 5


 185              		.loc 1 44 0
 186 003e 0020     		movs	r0, #0
 187 0040 FFF7FEFF 		bl	Pin_Output_LEFT_GROUND_Write
 188              	.LVL15:
 189 0044 05E0     		b	.L7
 190              	.L6:
  45:motorController.c ****     } else{
  46:motorController.c ****             Pin_Output_LEFT_Write(1);
 191              		.loc 1 46 0
 192 0046 0120     		movs	r0, #1
 193 0048 FFF7FEFF 		bl	Pin_Output_LEFT_Write
 194              	.LVL16:
  47:motorController.c ****             Pin_Output_LEFT_GROUND_Write(1); 
 195              		.loc 1 47 0
 196 004c 0120     		movs	r0, #1
 197 004e FFF7FEFF 		bl	Pin_Output_LEFT_GROUND_Write
 198              	.LVL17:
 199              	.L7:
  48:motorController.c ****         }
  49:motorController.c ****         
  50:motorController.c ****         if (motors[1] == 0)
 200              		.loc 1 50 0
 201 0052 6368     		ldr	r3, [r4, #4]
 202 0054 002B     		cmp	r3, #0
 203 0056 0DD1     		bne	.L8
  51:motorController.c ****         {
  52:motorController.c ****             chooseSide(1, stopCoords[1], color);
 204              		.loc 1 52 0
 205 0058 244B     		ldr	r3, .L15
 206 005a 1A68     		ldr	r2, [r3]
 207 005c 244B     		ldr	r3, .L15+4
 208 005e 5978     		ldrb	r1, [r3, #1]
 209 0060 0120     		movs	r0, #1
 210 0062 FFF7FEFF 		bl	chooseSide
 211              	.LVL18:
  53:motorController.c ****             Pin_Output_RIGHT_Write(0);
 212              		.loc 1 53 0
 213 0066 0020     		movs	r0, #0
 214 0068 FFF7FEFF 		bl	Pin_Output_RIGHT_Write
 215              	.LVL19:
  54:motorController.c ****             Pin_Output_RIGHT_GROUND_Write(0); 
 216              		.loc 1 54 0
 217 006c 0020     		movs	r0, #0
 218 006e FFF7FEFF 		bl	Pin_Output_RIGHT_GROUND_Write
 219              	.LVL20:
 220 0072 05E0     		b	.L9
 221              	.L8:
  55:motorController.c ****         }
  56:motorController.c ****         else
  57:motorController.c ****         {
  58:motorController.c ****             Pin_Output_RIGHT_Write(1);
 222              		.loc 1 58 0
 223 0074 0120     		movs	r0, #1
 224 0076 FFF7FEFF 		bl	Pin_Output_RIGHT_Write
 225              	.LVL21:
  59:motorController.c ****             Pin_Output_RIGHT_GROUND_Write(1); 
 226              		.loc 1 59 0
ARM GAS  C:\Users\ARTEM\AppData\Local\Temp\ccLQpEOO.s 			page 6


 227 007a 0120     		movs	r0, #1
 228 007c FFF7FEFF 		bl	Pin_Output_RIGHT_GROUND_Write
 229              	.LVL22:
 230              	.L9:
  60:motorController.c ****         }
  61:motorController.c ****         if (motors[2] == 0){
 231              		.loc 1 61 0
 232 0080 A368     		ldr	r3, [r4, #8]
 233 0082 002B     		cmp	r3, #0
 234 0084 0DD1     		bne	.L10
  62:motorController.c ****             chooseSide(1, stopCoords[0], color);
 235              		.loc 1 62 0
 236 0086 194B     		ldr	r3, .L15
 237 0088 1A68     		ldr	r2, [r3]
 238 008a 194B     		ldr	r3, .L15+4
 239 008c 1978     		ldrb	r1, [r3]
 240 008e 0120     		movs	r0, #1
 241 0090 FFF7FEFF 		bl	chooseSide
 242              	.LVL23:
  63:motorController.c ****             Pin_Output_UP_Write(0);
 243              		.loc 1 63 0
 244 0094 0020     		movs	r0, #0
 245 0096 FFF7FEFF 		bl	Pin_Output_UP_Write
 246              	.LVL24:
  64:motorController.c ****             Pin_Output_UP_GROUND_Write(0); 
 247              		.loc 1 64 0
 248 009a 0020     		movs	r0, #0
 249 009c FFF7FEFF 		bl	Pin_Output_UP_GROUND_Write
 250              	.LVL25:
 251 00a0 05E0     		b	.L11
 252              	.L10:
  65:motorController.c ****         }
  66:motorController.c ****         else{
  67:motorController.c ****             Pin_Output_UP_Write(1);
 253              		.loc 1 67 0
 254 00a2 0120     		movs	r0, #1
 255 00a4 FFF7FEFF 		bl	Pin_Output_UP_Write
 256              	.LVL26:
  68:motorController.c ****             Pin_Output_UP_GROUND_Write(1); 
 257              		.loc 1 68 0
 258 00a8 0120     		movs	r0, #1
 259 00aa FFF7FEFF 		bl	Pin_Output_UP_GROUND_Write
 260              	.LVL27:
 261              	.L11:
  69:motorController.c ****         }
  70:motorController.c ****         Pin_Output_DOWN_Write(1);
 262              		.loc 1 70 0
 263 00ae 0120     		movs	r0, #1
 264 00b0 FFF7FEFF 		bl	Pin_Output_DOWN_Write
 265              	.LVL28:
  71:motorController.c ****         Pin_Output_DOWN_GROUND_Write(1);
 266              		.loc 1 71 0
 267 00b4 0120     		movs	r0, #1
 268 00b6 FFF7FEFF 		bl	Pin_Output_DOWN_GROUND_Write
 269              	.LVL29:
  72:motorController.c ****         PWM_Start();
 270              		.loc 1 72 0
ARM GAS  C:\Users\ARTEM\AppData\Local\Temp\ccLQpEOO.s 			page 7


 271 00ba FFF7FEFF 		bl	PWM_Start
 272              	.LVL30:
  73:motorController.c ****         
  74:motorController.c ****         if (motors[3] == 2000){
 273              		.loc 1 74 0
 274 00be E368     		ldr	r3, [r4, #12]
 275 00c0 FA22     		movs	r2, #250
 276 00c2 D200     		lsls	r2, r2, #3
 277 00c4 9342     		cmp	r3, r2
 278 00c6 04D1     		bne	.L12
  75:motorController.c ****             PWM_WriteCompare(700);
 279              		.loc 1 75 0
 280 00c8 AF20     		movs	r0, #175
 281 00ca 8000     		lsls	r0, r0, #2
 282 00cc FFF7FEFF 		bl	PWM_WriteCompare
 283              	.LVL31:
 284 00d0 0AE0     		b	.L4
 285              	.L12:
  76:motorController.c ****         } else if (motors[3] == 5000){
 286              		.loc 1 76 0
 287 00d2 084A     		ldr	r2, .L15+8
 288 00d4 9342     		cmp	r3, r2
 289 00d6 03D1     		bne	.L14
  77:motorController.c ****             PWM_WriteCompare(850);
 290              		.loc 1 77 0
 291 00d8 0748     		ldr	r0, .L15+12
 292 00da FFF7FEFF 		bl	PWM_WriteCompare
 293              	.LVL32:
 294 00de 03E0     		b	.L4
 295              	.L14:
  78:motorController.c ****         } else {
  79:motorController.c ****             PWM_WriteCompare(1000);
 296              		.loc 1 79 0
 297 00e0 FA20     		movs	r0, #250
 298 00e2 8000     		lsls	r0, r0, #2
 299 00e4 FFF7FEFF 		bl	PWM_WriteCompare
 300              	.LVL33:
 301              	.L4:
  80:motorController.c ****         }
  81:motorController.c **** }
 302              		.loc 1 81 0
 303              		@ sp needed
 304              	.LVL34:
 305 00e8 10BD     		pop	{r4, pc}
 306              	.L16:
 307 00ea C046     		.align	2
 308              	.L15:
 309 00ec 00000000 		.word	.LANCHOR0
 310 00f0 00000000 		.word	.LANCHOR1
 311 00f4 88130000 		.word	5000
 312 00f8 52030000 		.word	850
 313              		.cfi_endproc
 314              	.LFE39:
 315              		.size	setSpin, .-setSpin
 316              		.section	.text.SetMotorsEnabled,"ax",%progbits
 317              		.align	2
 318              		.global	SetMotorsEnabled
ARM GAS  C:\Users\ARTEM\AppData\Local\Temp\ccLQpEOO.s 			page 8


 319              		.code	16
 320              		.thumb_func
 321              		.type	SetMotorsEnabled, %function
 322              	SetMotorsEnabled:
 323              	.LFB40:
  82:motorController.c **** 
  83:motorController.c **** void SetMotorsEnabled(bool enabled) 
  84:motorController.c **** {
 324              		.loc 1 84 0
 325              		.cfi_startproc
 326              		@ args = 0, pretend = 0, frame = 0
 327              		@ frame_needed = 0, uses_anonymous_args = 0
 328              	.LVL35:
 329 0000 10B5     		push	{r4, lr}
 330              		.cfi_def_cfa_offset 8
 331              		.cfi_offset 4, -8
 332              		.cfi_offset 14, -4
 333 0002 0400     		movs	r4, r0
  85:motorController.c ****     if(motorsEnabled == enabled)
 334              		.loc 1 85 0
 335 0004 054B     		ldr	r3, .L20
 336 0006 1B78     		ldrb	r3, [r3]
 337 0008 8342     		cmp	r3, r0
 338 000a 05D0     		beq	.L17
  86:motorController.c ****         return;
  87:motorController.c ****     if(enabled==false)
 339              		.loc 1 87 0
 340 000c 0028     		cmp	r0, #0
 341 000e 01D1     		bne	.L19
  88:motorController.c ****         StopBallServe();
 342              		.loc 1 88 0
 343 0010 FFF7FEFF 		bl	StopBallServe
 344              	.LVL36:
 345              	.L19:
  89:motorController.c ****     motorsEnabled = enabled;
 346              		.loc 1 89 0
 347 0014 014B     		ldr	r3, .L20
 348 0016 1C70     		strb	r4, [r3]
 349              	.L17:
  90:motorController.c **** }
 350              		.loc 1 90 0
 351              		@ sp needed
 352 0018 10BD     		pop	{r4, pc}
 353              	.L21:
 354 001a C046     		.align	2
 355              	.L20:
 356 001c 00000000 		.word	motorsEnabled
 357              		.cfi_endproc
 358              	.LFE40:
 359              		.size	SetMotorsEnabled, .-SetMotorsEnabled
 360              		.section	.text.setDesiredVoltage,"ax",%progbits
 361              		.align	2
 362              		.global	setDesiredVoltage
 363              		.code	16
 364              		.thumb_func
 365              		.type	setDesiredVoltage, %function
 366              	setDesiredVoltage:
ARM GAS  C:\Users\ARTEM\AppData\Local\Temp\ccLQpEOO.s 			page 9


 367              	.LFB41:
  91:motorController.c **** 
  92:motorController.c **** void setDesiredVoltage(uint16 desired_voltage)
  93:motorController.c **** {
 368              		.loc 1 93 0
 369              		.cfi_startproc
 370              		@ args = 0, pretend = 0, frame = 104
 371              		@ frame_needed = 0, uses_anonymous_args = 0
 372              	.LVL37:
 373 0000 70B5     		push	{r4, r5, r6, lr}
 374              		.cfi_def_cfa_offset 16
 375              		.cfi_offset 4, -16
 376              		.cfi_offset 5, -12
 377              		.cfi_offset 6, -8
 378              		.cfi_offset 14, -4
 379 0002 9AB0     		sub	sp, sp, #104
 380              		.cfi_def_cfa_offset 120
 381 0004 0500     		movs	r5, r0
  94:motorController.c ****     volatile int16 adcResult = 0;
 382              		.loc 1 94 0
 383 0006 6626     		movs	r6, #102
 384 0008 6E44     		add	r6, r6, sp
 385 000a 0023     		movs	r3, #0
 386 000c 3380     		strh	r3, [r6]
  95:motorController.c ****     volatile int16 voltage = 0;
 387              		.loc 1 95 0
 388 000e 19AC     		add	r4, sp, #100
 389 0010 2380     		strh	r3, [r4]
  96:motorController.c ****     ADC_Start();
 390              		.loc 1 96 0
 391 0012 FFF7FEFF 		bl	ADC_Start
 392              	.LVL38:
  97:motorController.c ****     ADC_StartConvert();
 393              		.loc 1 97 0
 394 0016 FFF7FEFF 		bl	ADC_StartConvert
 395              	.LVL39:
  98:motorController.c ****     adcResult = ADC_GetResult16(0);
 396              		.loc 1 98 0
 397 001a 0020     		movs	r0, #0
 398 001c FFF7FEFF 		bl	ADC_GetResult16
 399              	.LVL40:
 400 0020 3080     		strh	r0, [r6]
  99:motorController.c ****     voltage = ADC_CountsTo_mVolts(0, adcResult);
 401              		.loc 1 99 0
 402 0022 3188     		ldrh	r1, [r6]
 403 0024 09B2     		sxth	r1, r1
 404 0026 0020     		movs	r0, #0
 405 0028 FFF7FEFF 		bl	ADC_CountsTo_mVolts
 406              	.LVL41:
 407 002c 2080     		strh	r0, [r4]
 100:motorController.c ****     
 101:motorController.c **** 
 102:motorController.c ****     UART_UartPutString("readyyyy");
 408              		.loc 1 102 0
 409 002e 3148     		ldr	r0, .L31
 410 0030 FFF7FEFF 		bl	UART_UartPutString
 411              	.LVL42:
ARM GAS  C:\Users\ARTEM\AppData\Local\Temp\ccLQpEOO.s 			page 10


 103:motorController.c ****     if (abs(voltage - desired_voltage) > 90)
 412              		.loc 1 103 0
 413 0034 2088     		ldrh	r0, [r4]
 414 0036 00B2     		sxth	r0, r0
 415 0038 2C00     		movs	r4, r5
 416 003a 401B     		subs	r0, r0, r5
 417 003c C317     		asrs	r3, r0, #31
 418 003e C018     		adds	r0, r0, r3
 419 0040 5840     		eors	r0, r3
 420 0042 5A28     		cmp	r0, #90
 421 0044 4DDD     		ble	.L23
 104:motorController.c ****     {
 105:motorController.c ****         Pin_Output_Serve_Write(0);    
 422              		.loc 1 105 0
 423 0046 0020     		movs	r0, #0
 424 0048 FFF7FEFF 		bl	Pin_Output_Serve_Write
 425              	.LVL43:
 106:motorController.c ****         Pin_Motor_Write(0);
 426              		.loc 1 106 0
 427 004c 0020     		movs	r0, #0
 428 004e FFF7FEFF 		bl	Pin_Motor_Write
 429              	.LVL44:
 107:motorController.c ****         if (voltage > desired_voltage){               
 430              		.loc 1 107 0
 431 0052 19AB     		add	r3, sp, #100
 432 0054 1B88     		ldrh	r3, [r3]
 433 0056 1BB2     		sxth	r3, r3
 434 0058 9D42     		cmp	r5, r3
 435 005a 16DB     		blt	.L24
 436 005c 1BE0     		b	.L30
 437              	.L26:
 438              	.LBB2:
 108:motorController.c ****             while (voltage > desired_voltage){
 109:motorController.c ****                 turnUp();
 439              		.loc 1 109 0
 440 005e FFF7FEFF 		bl	turnUp
 441              	.LVL45:
 110:motorController.c ****                 
 111:motorController.c ****                 char mes[100];
 112:motorController.c ****                 sprintf(mes, "voltage: %u\r\n", voltage );
 442              		.loc 1 112 0
 443 0062 19AD     		add	r5, sp, #100
 444 0064 2A88     		ldrh	r2, [r5]
 445 0066 12B2     		sxth	r2, r2
 446 0068 2349     		ldr	r1, .L31+4
 447 006a 6846     		mov	r0, sp
 448 006c FFF7FEFF 		bl	sprintf
 449              	.LVL46:
 113:motorController.c ****                 UART_UartPutString(mes);
 450              		.loc 1 113 0
 451 0070 6846     		mov	r0, sp
 452 0072 FFF7FEFF 		bl	UART_UartPutString
 453              	.LVL47:
 114:motorController.c ****                 ADC_StartConvert();
 454              		.loc 1 114 0
 455 0076 FFF7FEFF 		bl	ADC_StartConvert
 456              	.LVL48:
ARM GAS  C:\Users\ARTEM\AppData\Local\Temp\ccLQpEOO.s 			page 11


 115:motorController.c ****                 voltage = ADC_CountsTo_mVolts(0, ADC_GetResult16(0));
 457              		.loc 1 115 0
 458 007a 0020     		movs	r0, #0
 459 007c FFF7FEFF 		bl	ADC_GetResult16
 460              	.LVL49:
 461 0080 0100     		movs	r1, r0
 462 0082 0020     		movs	r0, #0
 463 0084 FFF7FEFF 		bl	ADC_CountsTo_mVolts
 464              	.LVL50:
 465 0088 2880     		strh	r0, [r5]
 466              	.L24:
 467              	.LBE2:
 108:motorController.c ****                 turnUp();
 468              		.loc 1 108 0
 469 008a 19AB     		add	r3, sp, #100
 470 008c 1B88     		ldrh	r3, [r3]
 471 008e 1BB2     		sxth	r3, r3
 472 0090 9C42     		cmp	r4, r3
 473 0092 E4DB     		blt	.L26
 474 0094 20E0     		b	.L27
 475              	.L30:
 116:motorController.c ****             }                  
 117:motorController.c ****         } else if (voltage < desired_voltage){
 476              		.loc 1 117 0
 477 0096 19AB     		add	r3, sp, #100
 478 0098 1B88     		ldrh	r3, [r3]
 479 009a 1BB2     		sxth	r3, r3
 480 009c 9D42     		cmp	r5, r3
 481 009e 16DC     		bgt	.L28
 482 00a0 1AE0     		b	.L27
 483              	.L29:
 484              	.LBB3:
 118:motorController.c ****             
 119:motorController.c ****             while (desired_voltage > voltage){
 120:motorController.c ****                 turnDown();
 485              		.loc 1 120 0
 486 00a2 FFF7FEFF 		bl	turnDown
 487              	.LVL51:
 121:motorController.c ****                 
 122:motorController.c ****                 char mes[100];
 123:motorController.c ****                 sprintf(mes, "voltage: %u\r\n", voltage );
 488              		.loc 1 123 0
 489 00a6 19AD     		add	r5, sp, #100
 490 00a8 2A88     		ldrh	r2, [r5]
 491 00aa 12B2     		sxth	r2, r2
 492 00ac 1249     		ldr	r1, .L31+4
 493 00ae 6846     		mov	r0, sp
 494 00b0 FFF7FEFF 		bl	sprintf
 495              	.LVL52:
 124:motorController.c ****                 UART_UartPutString(mes);
 496              		.loc 1 124 0
 497 00b4 6846     		mov	r0, sp
 498 00b6 FFF7FEFF 		bl	UART_UartPutString
 499              	.LVL53:
 125:motorController.c ****                 ADC_StartConvert();
 500              		.loc 1 125 0
 501 00ba FFF7FEFF 		bl	ADC_StartConvert
ARM GAS  C:\Users\ARTEM\AppData\Local\Temp\ccLQpEOO.s 			page 12


 502              	.LVL54:
 126:motorController.c ****                 voltage = ADC_CountsTo_mVolts(0, ADC_GetResult16(0));
 503              		.loc 1 126 0
 504 00be 0020     		movs	r0, #0
 505 00c0 FFF7FEFF 		bl	ADC_GetResult16
 506              	.LVL55:
 507 00c4 0100     		movs	r1, r0
 508 00c6 0020     		movs	r0, #0
 509 00c8 FFF7FEFF 		bl	ADC_CountsTo_mVolts
 510              	.LVL56:
 511 00cc 2880     		strh	r0, [r5]
 512              	.L28:
 513              	.LBE3:
 119:motorController.c ****                 turnDown();
 514              		.loc 1 119 0
 515 00ce 19AB     		add	r3, sp, #100
 516 00d0 1B88     		ldrh	r3, [r3]
 517 00d2 1BB2     		sxth	r3, r3
 518 00d4 9C42     		cmp	r4, r3
 519 00d6 E4DC     		bgt	.L29
 520              	.L27:
 127:motorController.c ****             }             
 128:motorController.c ****         }
 129:motorController.c ****         stopMoving();
 521              		.loc 1 129 0
 522 00d8 FFF7FEFF 		bl	stopMoving
 523              	.LVL57:
 130:motorController.c ****         CyDelay(150); 
 524              		.loc 1 130 0
 525 00dc 9620     		movs	r0, #150
 526 00de FFF7FEFF 		bl	CyDelay
 527              	.LVL58:
 528              	.L23:
 131:motorController.c **** 
 132:motorController.c ****     }
 133:motorController.c ****     Pin_Motor_Write(1);
 529              		.loc 1 133 0
 530 00e2 0120     		movs	r0, #1
 531 00e4 FFF7FEFF 		bl	Pin_Motor_Write
 532              	.LVL59:
 134:motorController.c ****     Pin_Output_Serve_Write(1);
 533              		.loc 1 134 0
 534 00e8 0120     		movs	r0, #1
 535 00ea FFF7FEFF 		bl	Pin_Output_Serve_Write
 536              	.LVL60:
 135:motorController.c **** }
 537              		.loc 1 135 0
 538 00ee 1AB0     		add	sp, sp, #104
 539              		@ sp needed
 540 00f0 70BD     		pop	{r4, r5, r6, pc}
 541              	.L32:
 542 00f2 C046     		.align	2
 543              	.L31:
 544 00f4 00000000 		.word	.LC4
 545 00f8 0C000000 		.word	.LC6
 546              		.cfi_endproc
 547              	.LFE41:
ARM GAS  C:\Users\ARTEM\AppData\Local\Temp\ccLQpEOO.s 			page 13


 548              		.size	setDesiredVoltage, .-setDesiredVoltage
 549              		.section	.text.checkDifficultyChange,"ax",%progbits
 550              		.align	2
 551              		.global	checkDifficultyChange
 552              		.code	16
 553              		.thumb_func
 554              		.type	checkDifficultyChange, %function
 555              	checkDifficultyChange:
 556              	.LFB42:
 136:motorController.c **** 
 137:motorController.c **** bool checkDifficultyChange(){
 557              		.loc 1 137 0
 558              		.cfi_startproc
 559              		@ args = 0, pretend = 0, frame = 0
 560              		@ frame_needed = 0, uses_anonymous_args = 0
 561              		@ link register save eliminated.
 138:motorController.c ****     return oldDifficulty != newDiffuculty;
 562              		.loc 1 138 0
 563 0000 044B     		ldr	r3, .L34
 564 0002 1B68     		ldr	r3, [r3]
 565 0004 044A     		ldr	r2, .L34+4
 566 0006 1068     		ldr	r0, [r2]
 567 0008 181A     		subs	r0, r3, r0
 568 000a 431E     		subs	r3, r0, #1
 569 000c 9841     		sbcs	r0, r0, r3
 570 000e C0B2     		uxtb	r0, r0
 139:motorController.c **** };
 571              		.loc 1 139 0
 572              		@ sp needed
 573 0010 7047     		bx	lr
 574              	.L35:
 575 0012 C046     		.align	2
 576              	.L34:
 577 0014 00000000 		.word	oldDifficulty
 578 0018 00000000 		.word	newDiffuculty
 579              		.cfi_endproc
 580              	.LFE42:
 581              		.size	checkDifficultyChange, .-checkDifficultyChange
 582              		.section	.text.easyMode,"ax",%progbits
 583              		.align	2
 584              		.global	easyMode
 585              		.code	16
 586              		.thumb_func
 587              		.type	easyMode, %function
 588              	easyMode:
 589              	.LFB44:
 140:motorController.c **** 
 141:motorController.c **** void setDifficulty(){
 142:motorController.c ****     char mes[100];
 143:motorController.c ****     sprintf(mes, "counter: %u\r\n", ballCounter);
 144:motorController.c ****     UART_UartPutString(mes);
 145:motorController.c ****     if (checkDifficultyChange())
 146:motorController.c ****     {
 147:motorController.c ****         ballCounter = 0;
 148:motorController.c ****         oldDifficulty = newDiffuculty;
 149:motorController.c ****     }
 150:motorController.c ****     switch(oldDifficulty){
ARM GAS  C:\Users\ARTEM\AppData\Local\Temp\ccLQpEOO.s 			page 14


 151:motorController.c ****         case 0:
 152:motorController.c ****         {
 153:motorController.c ****             easyMode();
 154:motorController.c ****             break;
 155:motorController.c ****         }
 156:motorController.c ****         case 1:{
 157:motorController.c ****             mediumMode();
 158:motorController.c ****             break;
 159:motorController.c ****         }
 160:motorController.c ****         case 2:{
 161:motorController.c ****             hardMode();
 162:motorController.c ****             break;
 163:motorController.c ****         }
 164:motorController.c ****     }
 165:motorController.c **** }
 166:motorController.c **** 
 167:motorController.c **** 
 168:motorController.c **** void easyMode()
 169:motorController.c **** {
 590              		.loc 1 169 0
 591              		.cfi_startproc
 592              		@ args = 0, pretend = 0, frame = 0
 593              		@ frame_needed = 0, uses_anonymous_args = 0
 594 0000 10B5     		push	{r4, lr}
 595              		.cfi_def_cfa_offset 8
 596              		.cfi_offset 4, -8
 597              		.cfi_offset 14, -4
 170:motorController.c ****     color = StripLights_GREEN;
 598              		.loc 1 170 0
 599 0002 BC23     		movs	r3, #188
 600 0004 5B00     		lsls	r3, r3, #1
 601 0006 094A     		ldr	r2, .L39
 602 0008 D258     		ldr	r2, [r2, r3]
 603 000a 094B     		ldr	r3, .L39+4
 604 000c 1A60     		str	r2, [r3]
 171:motorController.c ****     
 172:motorController.c ****     setDesiredVoltage(1950);
 605              		.loc 1 172 0
 606 000e 0948     		ldr	r0, .L39+8
 607 0010 FFF7FEFF 		bl	setDesiredVoltage
 608              	.LVL61:
 173:motorController.c ****     if(ballCounter < 10)
 609              		.loc 1 173 0
 610 0014 084B     		ldr	r3, .L39+12
 611 0016 1B68     		ldr	r3, [r3]
 612 0018 092B     		cmp	r3, #9
 613 001a 03DC     		bgt	.L37
 174:motorController.c ****     {
 175:motorController.c ****         setDesiredVoltage(1950);
 614              		.loc 1 175 0
 615 001c 0548     		ldr	r0, .L39+8
 616 001e FFF7FEFF 		bl	setDesiredVoltage
 617              	.LVL62:
 618 0022 02E0     		b	.L36
 619              	.L37:
 176:motorController.c ****       //  CyDelay(300);
 177:motorController.c ****     } else
ARM GAS  C:\Users\ARTEM\AppData\Local\Temp\ccLQpEOO.s 			page 15


 178:motorController.c ****     {
 179:motorController.c ****         ballCounter = 0;
 620              		.loc 1 179 0
 621 0024 0022     		movs	r2, #0
 622 0026 044B     		ldr	r3, .L39+12
 623 0028 1A60     		str	r2, [r3]
 624              	.L36:
 180:motorController.c ****     }
 181:motorController.c ****     
 182:motorController.c **** }
 625              		.loc 1 182 0
 626              		@ sp needed
 627 002a 10BD     		pop	{r4, pc}
 628              	.L40:
 629              		.align	2
 630              	.L39:
 631 002c 00000000 		.word	StripLights_CLUT
 632 0030 00000000 		.word	.LANCHOR0
 633 0034 9E070000 		.word	1950
 634 0038 00000000 		.word	ballCounter
 635              		.cfi_endproc
 636              	.LFE44:
 637              		.size	easyMode, .-easyMode
 638              		.section	.text.mediumMode,"ax",%progbits
 639              		.align	2
 640              		.global	mediumMode
 641              		.code	16
 642              		.thumb_func
 643              		.type	mediumMode, %function
 644              	mediumMode:
 645              	.LFB45:
 183:motorController.c **** 
 184:motorController.c **** void mediumMode(){
 646              		.loc 1 184 0
 647              		.cfi_startproc
 648              		@ args = 0, pretend = 0, frame = 0
 649              		@ frame_needed = 0, uses_anonymous_args = 0
 650 0000 10B5     		push	{r4, lr}
 651              		.cfi_def_cfa_offset 8
 652              		.cfi_offset 4, -8
 653              		.cfi_offset 14, -4
 185:motorController.c ****     color = StripLights_CYAN;
 654              		.loc 1 185 0
 655 0002 B423     		movs	r3, #180
 656 0004 5B00     		lsls	r3, r3, #1
 657 0006 0B4A     		ldr	r2, .L45
 658 0008 D258     		ldr	r2, [r2, r3]
 659 000a 0B4B     		ldr	r3, .L45+4
 660 000c 1A60     		str	r2, [r3]
 186:motorController.c ****     if(ballCounter < 5){
 661              		.loc 1 186 0
 662 000e 0B4B     		ldr	r3, .L45+8
 663 0010 1B68     		ldr	r3, [r3]
 664 0012 042B     		cmp	r3, #4
 665 0014 03DC     		bgt	.L42
 187:motorController.c ****         setDesiredVoltage(1810);
 666              		.loc 1 187 0
ARM GAS  C:\Users\ARTEM\AppData\Local\Temp\ccLQpEOO.s 			page 16


 667 0016 0A48     		ldr	r0, .L45+12
 668 0018 FFF7FEFF 		bl	setDesiredVoltage
 669              	.LVL63:
 670 001c 08E0     		b	.L41
 671              	.L42:
 188:motorController.c ****     } else if(ballCounter < 10){
 672              		.loc 1 188 0
 673 001e 092B     		cmp	r3, #9
 674 0020 03DC     		bgt	.L44
 189:motorController.c ****         setDesiredVoltage(1930);
 675              		.loc 1 189 0
 676 0022 0848     		ldr	r0, .L45+16
 677 0024 FFF7FEFF 		bl	setDesiredVoltage
 678              	.LVL64:
 679 0028 02E0     		b	.L41
 680              	.L44:
 190:motorController.c ****     } else {
 191:motorController.c ****         ballCounter = 0;
 681              		.loc 1 191 0
 682 002a 0022     		movs	r2, #0
 683 002c 034B     		ldr	r3, .L45+8
 684 002e 1A60     		str	r2, [r3]
 685              	.L41:
 192:motorController.c ****     }
 193:motorController.c ****     
 194:motorController.c **** }
 686              		.loc 1 194 0
 687              		@ sp needed
 688 0030 10BD     		pop	{r4, pc}
 689              	.L46:
 690 0032 C046     		.align	2
 691              	.L45:
 692 0034 00000000 		.word	StripLights_CLUT
 693 0038 00000000 		.word	.LANCHOR0
 694 003c 00000000 		.word	ballCounter
 695 0040 12070000 		.word	1810
 696 0044 8A070000 		.word	1930
 697              		.cfi_endproc
 698              	.LFE45:
 699              		.size	mediumMode, .-mediumMode
 700              		.section	.text.hardMode,"ax",%progbits
 701              		.align	2
 702              		.global	hardMode
 703              		.code	16
 704              		.thumb_func
 705              		.type	hardMode, %function
 706              	hardMode:
 707              	.LFB46:
 195:motorController.c **** void hardMode(){
 708              		.loc 1 195 0
 709              		.cfi_startproc
 710              		@ args = 0, pretend = 0, frame = 24
 711              		@ frame_needed = 0, uses_anonymous_args = 0
 712 0000 00B5     		push	{lr}
 713              		.cfi_def_cfa_offset 4
 714              		.cfi_offset 14, -4
 715 0002 87B0     		sub	sp, sp, #28
ARM GAS  C:\Users\ARTEM\AppData\Local\Temp\ccLQpEOO.s 			page 17


 716              		.cfi_def_cfa_offset 32
 196:motorController.c ****     color = StripLights_RED;
 717              		.loc 1 196 0
 718 0004 9023     		movs	r3, #144
 719 0006 5B00     		lsls	r3, r3, #1
 720 0008 0B4A     		ldr	r2, .L50
 721 000a D258     		ldr	r2, [r2, r3]
 722 000c 0B4B     		ldr	r3, .L50+4
 723 000e 1A60     		str	r2, [r3]
 197:motorController.c ****     uint16 voltages [] = {1820, 1820, 1900, 1900, 2050, 2050,2050, 2050, 1900, 1900};
 724              		.loc 1 197 0
 725 0010 1422     		movs	r2, #20
 726 0012 0B49     		ldr	r1, .L50+8
 727 0014 01A8     		add	r0, sp, #4
 728 0016 FFF7FEFF 		bl	memcpy
 729              	.LVL65:
 198:motorController.c ****     if (ballCounter < 10){
 730              		.loc 1 198 0
 731 001a 0A4B     		ldr	r3, .L50+12
 732 001c 1B68     		ldr	r3, [r3]
 733 001e 092B     		cmp	r3, #9
 734 0020 05DC     		bgt	.L48
 199:motorController.c ****         setDesiredVoltage(voltages[ballCounter]);
 735              		.loc 1 199 0
 736 0022 5B00     		lsls	r3, r3, #1
 737 0024 01AA     		add	r2, sp, #4
 738 0026 985A     		ldrh	r0, [r3, r2]
 739 0028 FFF7FEFF 		bl	setDesiredVoltage
 740              	.LVL66:
 741 002c 02E0     		b	.L47
 742              	.L48:
 200:motorController.c ****     } else{
 201:motorController.c ****         ballCounter = 0;
 743              		.loc 1 201 0
 744 002e 0022     		movs	r2, #0
 745 0030 044B     		ldr	r3, .L50+12
 746 0032 1A60     		str	r2, [r3]
 747              	.L47:
 202:motorController.c ****     }
 203:motorController.c **** }
 748              		.loc 1 203 0
 749 0034 07B0     		add	sp, sp, #28
 750              		@ sp needed
 751 0036 00BD     		pop	{pc}
 752              	.L51:
 753              		.align	2
 754              	.L50:
 755 0038 00000000 		.word	StripLights_CLUT
 756 003c 00000000 		.word	.LANCHOR0
 757 0040 00000000 		.word	.LANCHOR2
 758 0044 00000000 		.word	ballCounter
 759              		.cfi_endproc
 760              	.LFE46:
 761              		.size	hardMode, .-hardMode
 762              		.section	.text.setDifficulty,"ax",%progbits
 763              		.align	2
 764              		.global	setDifficulty
ARM GAS  C:\Users\ARTEM\AppData\Local\Temp\ccLQpEOO.s 			page 18


 765              		.code	16
 766              		.thumb_func
 767              		.type	setDifficulty, %function
 768              	setDifficulty:
 769              	.LFB43:
 141:motorController.c ****     char mes[100];
 770              		.loc 1 141 0
 771              		.cfi_startproc
 772              		@ args = 0, pretend = 0, frame = 104
 773              		@ frame_needed = 0, uses_anonymous_args = 0
 774 0000 00B5     		push	{lr}
 775              		.cfi_def_cfa_offset 4
 776              		.cfi_offset 14, -4
 777 0002 9BB0     		sub	sp, sp, #108
 778              		.cfi_def_cfa_offset 112
 143:motorController.c ****     UART_UartPutString(mes);
 779              		.loc 1 143 0
 780 0004 124B     		ldr	r3, .L58
 781 0006 1A68     		ldr	r2, [r3]
 782 0008 1249     		ldr	r1, .L58+4
 783 000a 01A8     		add	r0, sp, #4
 784 000c FFF7FEFF 		bl	sprintf
 785              	.LVL67:
 144:motorController.c ****     if (checkDifficultyChange())
 786              		.loc 1 144 0
 787 0010 01A8     		add	r0, sp, #4
 788 0012 FFF7FEFF 		bl	UART_UartPutString
 789              	.LVL68:
 145:motorController.c ****     {
 790              		.loc 1 145 0
 791 0016 FFF7FEFF 		bl	checkDifficultyChange
 792              	.LVL69:
 793 001a 0028     		cmp	r0, #0
 794 001c 06D0     		beq	.L53
 147:motorController.c ****         oldDifficulty = newDiffuculty;
 795              		.loc 1 147 0
 796 001e 0022     		movs	r2, #0
 797 0020 0B4B     		ldr	r3, .L58
 798 0022 1A60     		str	r2, [r3]
 148:motorController.c ****     }
 799              		.loc 1 148 0
 800 0024 0C4B     		ldr	r3, .L58+8
 801 0026 1A68     		ldr	r2, [r3]
 802 0028 0C4B     		ldr	r3, .L58+12
 803 002a 1A60     		str	r2, [r3]
 804              	.L53:
 150:motorController.c ****         case 0:
 805              		.loc 1 150 0
 806 002c 0B4B     		ldr	r3, .L58+12
 807 002e 1B68     		ldr	r3, [r3]
 808 0030 012B     		cmp	r3, #1
 809 0032 06D0     		beq	.L55
 810 0034 022B     		cmp	r3, #2
 811 0036 07D0     		beq	.L56
 812 0038 002B     		cmp	r3, #0
 813 003a 07D1     		bne	.L52
 153:motorController.c ****             break;
ARM GAS  C:\Users\ARTEM\AppData\Local\Temp\ccLQpEOO.s 			page 19


 814              		.loc 1 153 0
 815 003c FFF7FEFF 		bl	easyMode
 816              	.LVL70:
 154:motorController.c ****         }
 817              		.loc 1 154 0
 818 0040 04E0     		b	.L52
 819              	.L55:
 157:motorController.c ****             break;
 820              		.loc 1 157 0
 821 0042 FFF7FEFF 		bl	mediumMode
 822              	.LVL71:
 158:motorController.c ****         }
 823              		.loc 1 158 0
 824 0046 01E0     		b	.L52
 825              	.L56:
 161:motorController.c ****             break;
 826              		.loc 1 161 0
 827 0048 FFF7FEFF 		bl	hardMode
 828              	.LVL72:
 829              	.L52:
 165:motorController.c **** 
 830              		.loc 1 165 0
 831 004c 1BB0     		add	sp, sp, #108
 832              		@ sp needed
 833 004e 00BD     		pop	{pc}
 834              	.L59:
 835              		.align	2
 836              	.L58:
 837 0050 00000000 		.word	ballCounter
 838 0054 1C000000 		.word	.LC21
 839 0058 00000000 		.word	newDiffuculty
 840 005c 00000000 		.word	oldDifficulty
 841              		.cfi_endproc
 842              	.LFE43:
 843              		.size	setDifficulty, .-setDifficulty
 844              		.global	color
 845              		.global	stopCoords
 846              		.comm	counter,4,4
 847              		.comm	isServing,1,1
 848              		.comm	doServe,1,1
 849              		.comm	motorsEnabled,1,1
 850              		.comm	motor_speeds,16,4
 851              		.comm	newDiffuculty,4,4
 852              		.comm	oldDifficulty,4,4
 853              		.comm	ballCounter,4,4
 854              		.comm	str,16,4
 855              		.comm	uart_rpm_buff,4,4
 856              		.section	.rodata
 857              		.align	2
 858              		.set	.LANCHOR2,. + 0
 859              	.LC0:
 860 0000 1C07     		.short	1820
 861 0002 1C07     		.short	1820
 862 0004 6C07     		.short	1900
 863 0006 6C07     		.short	1900
 864 0008 0208     		.short	2050
 865 000a 0208     		.short	2050
ARM GAS  C:\Users\ARTEM\AppData\Local\Temp\ccLQpEOO.s 			page 20


 866 000c 0208     		.short	2050
 867 000e 0208     		.short	2050
 868 0010 6C07     		.short	1900
 869 0012 6C07     		.short	1900
 870              		.data
 871              		.align	2
 872              		.set	.LANCHOR1,. + 0
 873              		.type	stopCoords, %object
 874              		.size	stopCoords, 4
 875              	stopCoords:
 876 0000 01       		.byte	1
 877 0001 07       		.byte	7
 878 0002 0D       		.byte	13
 879 0003 13       		.byte	19
 880              		.section	.rodata.str1.4,"aMS",%progbits,1
 881              		.align	2
 882              	.LC4:
 883 0000 72656164 		.ascii	"readyyyy\000"
 883      79797979 
 883      00
 884 0009 000000   		.space	3
 885              	.LC6:
 886 000c 766F6C74 		.ascii	"voltage: %u\015\012\000"
 886      6167653A 
 886      2025750D 
 886      0A00
 887 001a 0000     		.space	2
 888              	.LC21:
 889 001c 636F756E 		.ascii	"counter: %u\015\012\000"
 889      7465723A 
 889      2025750D 
 889      0A00
 890              		.bss
 891              		.align	2
 892              		.set	.LANCHOR0,. + 0
 893              		.type	color, %object
 894              		.size	color, 4
 895              	color:
 896 0000 00000000 		.space	4
 897              		.text
 898              	.Letext0:
 899              		.file 2 "Generated_Source\\PSoC4/cytypes.h"
 900              		.file 3 "Generated_Source\\PSoC4/Bluetooth_Stack.h"
 901              		.file 4 "Generated_Source\\PSoC4/Bluetooth_aios.h"
 902              		.file 5 "main_data.h"
 903              		.file 6 "ballServeController.h"
 904              		.file 7 "Generated_Source\\PSoC4/PWM_Down.h"
 905              		.file 8 "Generated_Source\\PSoC4/ENA_P_16.h"
 906              		.file 9 "Generated_Source\\PSoC4/IN1_P_01.h"
 907              		.file 10 "Generated_Source\\PSoC4/IN2_P_00.h"
 908              		.file 11 "led.h"
 909              		.file 12 "Generated_Source\\PSoC4/Pin_Output_LEFT.h"
 910              		.file 13 "Generated_Source\\PSoC4/Pin_Output_LEFT_GROUND.h"
 911              		.file 14 "Generated_Source\\PSoC4/Pin_Output_RIGHT.h"
 912              		.file 15 "Generated_Source\\PSoC4/Pin_Output_RIGHT_GROUND.h"
 913              		.file 16 "Generated_Source\\PSoC4/Pin_Output_UP.h"
 914              		.file 17 "Generated_Source\\PSoC4/Pin_Output_UP_GROUND.h"
ARM GAS  C:\Users\ARTEM\AppData\Local\Temp\ccLQpEOO.s 			page 21


 915              		.file 18 "Generated_Source\\PSoC4/Pin_Output_DOWN.h"
 916              		.file 19 "Generated_Source\\PSoC4/Pin_Output_DOWN_GROUND.h"
 917              		.file 20 "Generated_Source\\PSoC4/PWM.h"
 918              		.file 21 "b:\\psoc creator\\4.4\\psoc creator\\import\\gnu\\arm\\5.4.1\\arm-none-eabi\\include\\st
 919              		.file 22 "Generated_Source\\PSoC4/UART_SPI_UART.h"
 920              		.file 23 "Generated_Source\\PSoC4/ADC.h"
 921              		.file 24 "Generated_Source\\PSoC4/Pin_Output_Serve.h"
 922              		.file 25 "Generated_Source\\PSoC4/Pin_Motor.h"
 923              		.file 26 "Generated_Source\\PSoC4/CyLib.h"
 924              		.section	.debug_info,"",%progbits
 925              	.Ldebug_info0:
 926 0000 960B0000 		.4byte	0xb96
 927 0004 0400     		.2byte	0x4
 928 0006 00000000 		.4byte	.Ldebug_abbrev0
 929 000a 04       		.byte	0x4
 930 000b 01       		.uleb128 0x1
 931 000c 8F010000 		.4byte	.LASF157
 932 0010 0C       		.byte	0xc
 933 0011 620D0000 		.4byte	.LASF158
 934 0015 60000000 		.4byte	.LASF159
 935 0019 00000000 		.4byte	.Ldebug_ranges0+0
 936 001d 00000000 		.4byte	0
 937 0021 00000000 		.4byte	.Ldebug_line0
 938 0025 02       		.uleb128 0x2
 939 0026 01       		.byte	0x1
 940 0027 06       		.byte	0x6
 941 0028 0B030000 		.4byte	.LASF0
 942 002c 02       		.uleb128 0x2
 943 002d 01       		.byte	0x1
 944 002e 08       		.byte	0x8
 945 002f 8E0A0000 		.4byte	.LASF1
 946 0033 02       		.uleb128 0x2
 947 0034 02       		.byte	0x2
 948 0035 05       		.byte	0x5
 949 0036 75070000 		.4byte	.LASF2
 950 003a 02       		.uleb128 0x2
 951 003b 02       		.byte	0x2
 952 003c 07       		.byte	0x7
 953 003d 48060000 		.4byte	.LASF3
 954 0041 02       		.uleb128 0x2
 955 0042 04       		.byte	0x4
 956 0043 05       		.byte	0x5
 957 0044 86010000 		.4byte	.LASF4
 958 0048 02       		.uleb128 0x2
 959 0049 04       		.byte	0x4
 960 004a 07       		.byte	0x7
 961 004b 72050000 		.4byte	.LASF5
 962 004f 02       		.uleb128 0x2
 963 0050 08       		.byte	0x8
 964 0051 05       		.byte	0x5
 965 0052 25040000 		.4byte	.LASF6
 966 0056 02       		.uleb128 0x2
 967 0057 08       		.byte	0x8
 968 0058 07       		.byte	0x7
 969 0059 1D020000 		.4byte	.LASF7
 970 005d 03       		.uleb128 0x3
 971 005e 04       		.byte	0x4
ARM GAS  C:\Users\ARTEM\AppData\Local\Temp\ccLQpEOO.s 			page 22


 972 005f 05       		.byte	0x5
 973 0060 696E7400 		.ascii	"int\000"
 974 0064 02       		.uleb128 0x2
 975 0065 04       		.byte	0x4
 976 0066 07       		.byte	0x7
 977 0067 1C050000 		.4byte	.LASF8
 978 006b 04       		.uleb128 0x4
 979 006c FB030000 		.4byte	.LASF9
 980 0070 02       		.byte	0x2
 981 0071 FB01     		.2byte	0x1fb
 982 0073 2C000000 		.4byte	0x2c
 983 0077 04       		.uleb128 0x4
 984 0078 3A000000 		.4byte	.LASF10
 985 007c 02       		.byte	0x2
 986 007d FC01     		.2byte	0x1fc
 987 007f 3A000000 		.4byte	0x3a
 988 0083 04       		.uleb128 0x4
 989 0084 67040000 		.4byte	.LASF11
 990 0088 02       		.byte	0x2
 991 0089 FD01     		.2byte	0x1fd
 992 008b 48000000 		.4byte	0x48
 993 008f 04       		.uleb128 0x4
 994 0090 820D0000 		.4byte	.LASF12
 995 0094 02       		.byte	0x2
 996 0095 FF01     		.2byte	0x1ff
 997 0097 33000000 		.4byte	0x33
 998 009b 02       		.uleb128 0x2
 999 009c 04       		.byte	0x4
 1000 009d 04       		.byte	0x4
 1001 009e 330A0000 		.4byte	.LASF13
 1002 00a2 02       		.uleb128 0x2
 1003 00a3 08       		.byte	0x8
 1004 00a4 04       		.byte	0x4
 1005 00a5 60040000 		.4byte	.LASF14
 1006 00a9 02       		.uleb128 0x2
 1007 00aa 01       		.byte	0x1
 1008 00ab 08       		.byte	0x8
 1009 00ac E60B0000 		.4byte	.LASF15
 1010 00b0 02       		.uleb128 0x2
 1011 00b1 08       		.byte	0x8
 1012 00b2 04       		.byte	0x4
 1013 00b3 B8080000 		.4byte	.LASF16
 1014 00b7 02       		.uleb128 0x2
 1015 00b8 04       		.byte	0x4
 1016 00b9 07       		.byte	0x7
 1017 00ba 98080000 		.4byte	.LASF17
 1018 00be 05       		.uleb128 0x5
 1019 00bf 01       		.byte	0x1
 1020 00c0 2C000000 		.4byte	0x2c
 1021 00c4 03       		.byte	0x3
 1022 00c5 3501     		.2byte	0x135
 1023 00c7 7C020000 		.4byte	0x27c
 1024 00cb 06       		.uleb128 0x6
 1025 00cc 5B060000 		.4byte	.LASF18
 1026 00d0 00       		.byte	0
 1027 00d1 06       		.uleb128 0x6
 1028 00d2 17030000 		.4byte	.LASF19
ARM GAS  C:\Users\ARTEM\AppData\Local\Temp\ccLQpEOO.s 			page 23


 1029 00d6 01       		.byte	0x1
 1030 00d7 06       		.uleb128 0x6
 1031 00d8 74010000 		.4byte	.LASF20
 1032 00dc 02       		.byte	0x2
 1033 00dd 06       		.uleb128 0x6
 1034 00de EF0C0000 		.4byte	.LASF21
 1035 00e2 03       		.byte	0x3
 1036 00e3 06       		.uleb128 0x6
 1037 00e4 34020000 		.4byte	.LASF22
 1038 00e8 04       		.byte	0x4
 1039 00e9 06       		.uleb128 0x6
 1040 00ea 1E000000 		.4byte	.LASF23
 1041 00ee 05       		.byte	0x5
 1042 00ef 06       		.uleb128 0x6
 1043 00f0 90060000 		.4byte	.LASF24
 1044 00f4 06       		.byte	0x6
 1045 00f5 06       		.uleb128 0x6
 1046 00f6 1C080000 		.4byte	.LASF25
 1047 00fa 20       		.byte	0x20
 1048 00fb 06       		.uleb128 0x6
 1049 00fc 49030000 		.4byte	.LASF26
 1050 0100 21       		.byte	0x21
 1051 0101 06       		.uleb128 0x6
 1052 0102 E1060000 		.4byte	.LASF27
 1053 0106 22       		.byte	0x22
 1054 0107 06       		.uleb128 0x6
 1055 0108 7F070000 		.4byte	.LASF28
 1056 010c 23       		.byte	0x23
 1057 010d 06       		.uleb128 0x6
 1058 010e 51090000 		.4byte	.LASF29
 1059 0112 24       		.byte	0x24
 1060 0113 06       		.uleb128 0x6
 1061 0114 C4080000 		.4byte	.LASF30
 1062 0118 25       		.byte	0x25
 1063 0119 06       		.uleb128 0x6
 1064 011a B6030000 		.4byte	.LASF31
 1065 011e 26       		.byte	0x26
 1066 011f 06       		.uleb128 0x6
 1067 0120 05070000 		.4byte	.LASF32
 1068 0124 27       		.byte	0x27
 1069 0125 06       		.uleb128 0x6
 1070 0126 100C0000 		.4byte	.LASF33
 1071 012a 28       		.byte	0x28
 1072 012b 06       		.uleb128 0x6
 1073 012c D3020000 		.4byte	.LASF34
 1074 0130 29       		.byte	0x29
 1075 0131 06       		.uleb128 0x6
 1076 0132 A8000000 		.4byte	.LASF35
 1077 0136 2A       		.byte	0x2a
 1078 0137 06       		.uleb128 0x6
 1079 0138 2A030000 		.4byte	.LASF36
 1080 013c 2B       		.byte	0x2b
 1081 013d 06       		.uleb128 0x6
 1082 013e BF0D0000 		.4byte	.LASF37
 1083 0142 2C       		.byte	0x2c
 1084 0143 06       		.uleb128 0x6
 1085 0144 F40A0000 		.4byte	.LASF38
ARM GAS  C:\Users\ARTEM\AppData\Local\Temp\ccLQpEOO.s 			page 24


 1086 0148 2D       		.byte	0x2d
 1087 0149 06       		.uleb128 0x6
 1088 014a 6C0C0000 		.4byte	.LASF39
 1089 014e 2E       		.byte	0x2e
 1090 014f 06       		.uleb128 0x6
 1091 0150 2C010000 		.4byte	.LASF40
 1092 0154 2F       		.byte	0x2f
 1093 0155 06       		.uleb128 0x6
 1094 0156 19090000 		.4byte	.LASF41
 1095 015a 30       		.byte	0x30
 1096 015b 06       		.uleb128 0x6
 1097 015c 860E0000 		.4byte	.LASF42
 1098 0160 31       		.byte	0x31
 1099 0161 06       		.uleb128 0x6
 1100 0162 F8080000 		.4byte	.LASF43
 1101 0166 32       		.byte	0x32
 1102 0167 06       		.uleb128 0x6
 1103 0168 21060000 		.4byte	.LASF44
 1104 016c 33       		.byte	0x33
 1105 016d 06       		.uleb128 0x6
 1106 016e 84050000 		.4byte	.LASF45
 1107 0172 34       		.byte	0x34
 1108 0173 06       		.uleb128 0x6
 1109 0174 AB040000 		.4byte	.LASF46
 1110 0178 35       		.byte	0x35
 1111 0179 06       		.uleb128 0x6
 1112 017a 54070000 		.4byte	.LASF47
 1113 017e 36       		.byte	0x36
 1114 017f 06       		.uleb128 0x6
 1115 0180 150E0000 		.4byte	.LASF48
 1116 0184 37       		.byte	0x37
 1117 0185 06       		.uleb128 0x6
 1118 0186 950B0000 		.4byte	.LASF49
 1119 018a 40       		.byte	0x40
 1120 018b 06       		.uleb128 0x6
 1121 018c C5070000 		.4byte	.LASF50
 1122 0190 41       		.byte	0x41
 1123 0191 06       		.uleb128 0x6
 1124 0192 B90E0000 		.4byte	.LASF51
 1125 0196 42       		.byte	0x42
 1126 0197 06       		.uleb128 0x6
 1127 0198 440D0000 		.4byte	.LASF52
 1128 019c 43       		.byte	0x43
 1129 019d 06       		.uleb128 0x6
 1130 019e B6050000 		.4byte	.LASF53
 1131 01a2 44       		.byte	0x44
 1132 01a3 06       		.uleb128 0x6
 1133 01a4 020A0000 		.4byte	.LASF54
 1134 01a8 45       		.byte	0x45
 1135 01a9 06       		.uleb128 0x6
 1136 01aa 77080000 		.4byte	.LASF55
 1137 01ae 46       		.byte	0x46
 1138 01af 06       		.uleb128 0x6
 1139 01b0 72060000 		.4byte	.LASF56
 1140 01b4 47       		.byte	0x47
 1141 01b5 06       		.uleb128 0x6
 1142 01b6 880D0000 		.4byte	.LASF57
ARM GAS  C:\Users\ARTEM\AppData\Local\Temp\ccLQpEOO.s 			page 25


 1143 01ba 48       		.byte	0x48
 1144 01bb 06       		.uleb128 0x6
 1145 01bc 60030000 		.4byte	.LASF58
 1146 01c0 49       		.byte	0x49
 1147 01c1 06       		.uleb128 0x6
 1148 01c2 00000000 		.4byte	.LASF59
 1149 01c6 4A       		.byte	0x4a
 1150 01c7 06       		.uleb128 0x6
 1151 01c8 F10B0000 		.4byte	.LASF60
 1152 01cc 4B       		.byte	0x4b
 1153 01cd 06       		.uleb128 0x6
 1154 01ce 9C050000 		.4byte	.LASF61
 1155 01d2 4C       		.byte	0x4c
 1156 01d3 06       		.uleb128 0x6
 1157 01d4 DE080000 		.4byte	.LASF62
 1158 01d8 4D       		.byte	0x4d
 1159 01d9 06       		.uleb128 0x6
 1160 01da 98030000 		.4byte	.LASF63
 1161 01de 4E       		.byte	0x4e
 1162 01df 06       		.uleb128 0x6
 1163 01e0 550B0000 		.4byte	.LASF64
 1164 01e4 4F       		.byte	0x4f
 1165 01e5 06       		.uleb128 0x6
 1166 01e6 55010000 		.4byte	.LASF65
 1167 01ea 50       		.byte	0x50
 1168 01eb 06       		.uleb128 0x6
 1169 01ec 41040000 		.4byte	.LASF66
 1170 01f0 51       		.byte	0x51
 1171 01f1 06       		.uleb128 0x6
 1172 01f2 8E090000 		.4byte	.LASF67
 1173 01f6 52       		.byte	0x52
 1174 01f7 06       		.uleb128 0x6
 1175 01f8 D30A0000 		.4byte	.LASF68
 1176 01fc 53       		.byte	0x53
 1177 01fd 06       		.uleb128 0x6
 1178 01fe 740B0000 		.4byte	.LASF69
 1179 0202 54       		.byte	0x54
 1180 0203 06       		.uleb128 0x6
 1181 0204 D4050000 		.4byte	.LASF70
 1182 0208 55       		.byte	0x55
 1183 0209 06       		.uleb128 0x6
 1184 020a FA040000 		.4byte	.LASF71
 1185 020e 56       		.byte	0x56
 1186 020f 06       		.uleb128 0x6
 1187 0210 320C0000 		.4byte	.LASF72
 1188 0214 57       		.byte	0x57
 1189 0215 06       		.uleb128 0x6
 1190 0216 D7040000 		.4byte	.LASF73
 1191 021a 58       		.byte	0x58
 1192 021b 06       		.uleb128 0x6
 1193 021c AD020000 		.4byte	.LASF74
 1194 0220 70       		.byte	0x70
 1195 0221 06       		.uleb128 0x6
 1196 0222 4A0E0000 		.4byte	.LASF75
 1197 0226 71       		.byte	0x71
 1198 0227 06       		.uleb128 0x6
 1199 0228 00080000 		.4byte	.LASF76
ARM GAS  C:\Users\ARTEM\AppData\Local\Temp\ccLQpEOO.s 			page 26


 1200 022c 72       		.byte	0x72
 1201 022d 06       		.uleb128 0x6
 1202 022e 59080000 		.4byte	.LASF77
 1203 0232 73       		.byte	0x73
 1204 0233 06       		.uleb128 0x6
 1205 0234 B8090000 		.4byte	.LASF78
 1206 0238 74       		.byte	0x74
 1207 0239 06       		.uleb128 0x6
 1208 023a E30D0000 		.4byte	.LASF79
 1209 023e 75       		.byte	0x75
 1210 023f 06       		.uleb128 0x6
 1211 0240 0B010000 		.4byte	.LASF80
 1212 0244 76       		.byte	0x76
 1213 0245 06       		.uleb128 0x6
 1214 0246 41000000 		.4byte	.LASF81
 1215 024a 77       		.byte	0x77
 1216 024b 06       		.uleb128 0x6
 1217 024c 900C0000 		.4byte	.LASF82
 1218 0250 78       		.byte	0x78
 1219 0251 06       		.uleb128 0x6
 1220 0252 B30C0000 		.4byte	.LASF83
 1221 0256 79       		.byte	0x79
 1222 0257 06       		.uleb128 0x6
 1223 0258 87040000 		.4byte	.LASF84
 1224 025c 7A       		.byte	0x7a
 1225 025d 06       		.uleb128 0x6
 1226 025e 51020000 		.4byte	.LASF85
 1227 0262 FA       		.byte	0xfa
 1228 0263 06       		.uleb128 0x6
 1229 0264 40050000 		.4byte	.LASF86
 1230 0268 FB       		.byte	0xfb
 1231 0269 06       		.uleb128 0x6
 1232 026a 310B0000 		.4byte	.LASF87
 1233 026e FC       		.byte	0xfc
 1234 026f 06       		.uleb128 0x6
 1235 0270 E70E0000 		.4byte	.LASF88
 1236 0274 FD       		.byte	0xfd
 1237 0275 06       		.uleb128 0x6
 1238 0276 79040000 		.4byte	.LASF89
 1239 027a FF       		.byte	0xff
 1240 027b 00       		.byte	0
 1241 027c 07       		.uleb128 0x7
 1242 027d 01       		.byte	0x1
 1243 027e 2C000000 		.4byte	0x2c
 1244 0282 04       		.byte	0x4
 1245 0283 2B       		.byte	0x2b
 1246 0284 A1020000 		.4byte	0x2a1
 1247 0288 06       		.uleb128 0x6
 1248 0289 F8000000 		.4byte	.LASF90
 1249 028d 00       		.byte	0
 1250 028e 06       		.uleb128 0x6
 1251 028f 430B0000 		.4byte	.LASF91
 1252 0293 01       		.byte	0x1
 1253 0294 06       		.uleb128 0x6
 1254 0295 04060000 		.4byte	.LASF92
 1255 0299 02       		.byte	0x2
 1256 029a 06       		.uleb128 0x6
ARM GAS  C:\Users\ARTEM\AppData\Local\Temp\ccLQpEOO.s 			page 27


 1257 029b CB060000 		.4byte	.LASF93
 1258 029f 03       		.byte	0x3
 1259 02a0 00       		.byte	0
 1260 02a1 07       		.uleb128 0x7
 1261 02a2 01       		.byte	0x1
 1262 02a3 2C000000 		.4byte	0x2c
 1263 02a7 04       		.byte	0x4
 1264 02a8 34       		.byte	0x34
 1265 02a9 E4020000 		.4byte	0x2e4
 1266 02ad 06       		.uleb128 0x6
 1267 02ae 340D0000 		.4byte	.LASF94
 1268 02b2 00       		.byte	0
 1269 02b3 06       		.uleb128 0x6
 1270 02b4 01040000 		.4byte	.LASF95
 1271 02b8 01       		.byte	0x1
 1272 02b9 06       		.uleb128 0x6
 1273 02ba D1000000 		.4byte	.LASF96
 1274 02be 02       		.byte	0x2
 1275 02bf 06       		.uleb128 0x6
 1276 02c0 6F020000 		.4byte	.LASF97
 1277 02c4 03       		.byte	0x3
 1278 02c5 06       		.uleb128 0x6
 1279 02c6 A9060000 		.4byte	.LASF98
 1280 02ca 04       		.byte	0x4
 1281 02cb 06       		.uleb128 0x6
 1282 02cc 6D090000 		.4byte	.LASF99
 1283 02d0 05       		.byte	0x5
 1284 02d1 06       		.uleb128 0x6
 1285 02d2 AA0E0000 		.4byte	.LASF100
 1286 02d6 06       		.byte	0x6
 1287 02d7 06       		.uleb128 0x6
 1288 02d8 A5070000 		.4byte	.LASF101
 1289 02dc 06       		.byte	0x6
 1290 02dd 06       		.uleb128 0x6
 1291 02de 29050000 		.4byte	.LASF102
 1292 02e2 07       		.byte	0x7
 1293 02e3 00       		.byte	0
 1294 02e4 08       		.uleb128 0x8
 1295 02e5 AF0B0000 		.4byte	.LASF103
 1296 02e9 01       		.byte	0x1
 1297 02ea 0E       		.byte	0xe
 1298 02eb 00000000 		.4byte	.LFB36
 1299 02ef 1E000000 		.4byte	.LFE36-.LFB36
 1300 02f3 01       		.uleb128 0x1
 1301 02f4 9C       		.byte	0x9c
 1302 02f5 44030000 		.4byte	0x344
 1303 02f9 09       		.uleb128 0x9
 1304 02fa 0A000000 		.4byte	.LVL0
 1305 02fe 6E0A0000 		.4byte	0xa6e
 1306 0302 0E030000 		.4byte	0x30e
 1307 0306 0A       		.uleb128 0xa
 1308 0307 01       		.uleb128 0x1
 1309 0308 50       		.byte	0x50
 1310 0309 03       		.uleb128 0x3
 1311 030a 0A       		.byte	0xa
 1312 030b D002     		.2byte	0x2d0
 1313 030d 00       		.byte	0
ARM GAS  C:\Users\ARTEM\AppData\Local\Temp\ccLQpEOO.s 			page 28


 1314 030e 09       		.uleb128 0x9
 1315 030f 10000000 		.4byte	.LVL1
 1316 0313 7A0A0000 		.4byte	0xa7a
 1317 0317 21030000 		.4byte	0x321
 1318 031b 0A       		.uleb128 0xa
 1319 031c 01       		.uleb128 0x1
 1320 031d 50       		.byte	0x50
 1321 031e 01       		.uleb128 0x1
 1322 031f 31       		.byte	0x31
 1323 0320 00       		.byte	0
 1324 0321 09       		.uleb128 0x9
 1325 0322 16000000 		.4byte	.LVL2
 1326 0326 850A0000 		.4byte	0xa85
 1327 032a 34030000 		.4byte	0x334
 1328 032e 0A       		.uleb128 0xa
 1329 032f 01       		.uleb128 0x1
 1330 0330 50       		.byte	0x50
 1331 0331 01       		.uleb128 0x1
 1332 0332 31       		.byte	0x31
 1333 0333 00       		.byte	0
 1334 0334 0B       		.uleb128 0xb
 1335 0335 1C000000 		.4byte	.LVL3
 1336 0339 900A0000 		.4byte	0xa90
 1337 033d 0A       		.uleb128 0xa
 1338 033e 01       		.uleb128 0x1
 1339 033f 50       		.byte	0x50
 1340 0340 01       		.uleb128 0x1
 1341 0341 30       		.byte	0x30
 1342 0342 00       		.byte	0
 1343 0343 00       		.byte	0
 1344 0344 08       		.uleb128 0x8
 1345 0345 630A0000 		.4byte	.LASF104
 1346 0349 01       		.byte	0x1
 1347 034a 15       		.byte	0x15
 1348 034b 00000000 		.4byte	.LFB37
 1349 034f 1E000000 		.4byte	.LFE37-.LFB37
 1350 0353 01       		.uleb128 0x1
 1351 0354 9C       		.byte	0x9c
 1352 0355 A4030000 		.4byte	0x3a4
 1353 0359 09       		.uleb128 0x9
 1354 035a 0A000000 		.4byte	.LVL4
 1355 035e 6E0A0000 		.4byte	0xa6e
 1356 0362 6E030000 		.4byte	0x36e
 1357 0366 0A       		.uleb128 0xa
 1358 0367 01       		.uleb128 0x1
 1359 0368 50       		.byte	0x50
 1360 0369 03       		.uleb128 0x3
 1361 036a 0A       		.byte	0xa
 1362 036b D002     		.2byte	0x2d0
 1363 036d 00       		.byte	0
 1364 036e 09       		.uleb128 0x9
 1365 036f 10000000 		.4byte	.LVL5
 1366 0373 7A0A0000 		.4byte	0xa7a
 1367 0377 81030000 		.4byte	0x381
 1368 037b 0A       		.uleb128 0xa
 1369 037c 01       		.uleb128 0x1
 1370 037d 50       		.byte	0x50
ARM GAS  C:\Users\ARTEM\AppData\Local\Temp\ccLQpEOO.s 			page 29


 1371 037e 01       		.uleb128 0x1
 1372 037f 31       		.byte	0x31
 1373 0380 00       		.byte	0
 1374 0381 09       		.uleb128 0x9
 1375 0382 16000000 		.4byte	.LVL6
 1376 0386 850A0000 		.4byte	0xa85
 1377 038a 94030000 		.4byte	0x394
 1378 038e 0A       		.uleb128 0xa
 1379 038f 01       		.uleb128 0x1
 1380 0390 50       		.byte	0x50
 1381 0391 01       		.uleb128 0x1
 1382 0392 30       		.byte	0x30
 1383 0393 00       		.byte	0
 1384 0394 0B       		.uleb128 0xb
 1385 0395 1C000000 		.4byte	.LVL7
 1386 0399 900A0000 		.4byte	0xa90
 1387 039d 0A       		.uleb128 0xa
 1388 039e 01       		.uleb128 0x1
 1389 039f 50       		.byte	0x50
 1390 03a0 01       		.uleb128 0x1
 1391 03a1 31       		.byte	0x31
 1392 03a2 00       		.byte	0
 1393 03a3 00       		.byte	0
 1394 03a4 08       		.uleb128 0x8
 1395 03a5 DB0B0000 		.4byte	.LASF105
 1396 03a9 01       		.byte	0x1
 1397 03aa 1D       		.byte	0x1d
 1398 03ab 00000000 		.4byte	.LFB38
 1399 03af 10000000 		.4byte	.LFE38-.LFB38
 1400 03b3 01       		.uleb128 0x1
 1401 03b4 9C       		.byte	0x9c
 1402 03b5 DC030000 		.4byte	0x3dc
 1403 03b9 09       		.uleb128 0x9
 1404 03ba 08000000 		.4byte	.LVL8
 1405 03be 7A0A0000 		.4byte	0xa7a
 1406 03c2 CC030000 		.4byte	0x3cc
 1407 03c6 0A       		.uleb128 0xa
 1408 03c7 01       		.uleb128 0x1
 1409 03c8 50       		.byte	0x50
 1410 03c9 01       		.uleb128 0x1
 1411 03ca 30       		.byte	0x30
 1412 03cb 00       		.byte	0
 1413 03cc 0B       		.uleb128 0xb
 1414 03cd 0E000000 		.4byte	.LVL9
 1415 03d1 6E0A0000 		.4byte	0xa6e
 1416 03d5 0A       		.uleb128 0xa
 1417 03d6 01       		.uleb128 0x1
 1418 03d7 50       		.byte	0x50
 1419 03d8 01       		.uleb128 0x1
 1420 03d9 30       		.byte	0x30
 1421 03da 00       		.byte	0
 1422 03db 00       		.byte	0
 1423 03dc 08       		.uleb128 0x8
 1424 03dd C30A0000 		.4byte	.LASF106
 1425 03e1 01       		.byte	0x1
 1426 03e2 23       		.byte	0x23
 1427 03e3 00000000 		.4byte	.LFB39
ARM GAS  C:\Users\ARTEM\AppData\Local\Temp\ccLQpEOO.s 			page 30


 1428 03e7 FC000000 		.4byte	.LFE39-.LFB39
 1429 03eb 01       		.uleb128 0x1
 1430 03ec 9C       		.byte	0x9c
 1431 03ed 91050000 		.4byte	0x591
 1432 03f1 0C       		.uleb128 0xc
 1433 03f2 E80C0000 		.4byte	.LASF108
 1434 03f6 01       		.byte	0x1
 1435 03f7 23       		.byte	0x23
 1436 03f8 91050000 		.4byte	0x591
 1437 03fc 00000000 		.4byte	.LLST0
 1438 0400 0D       		.uleb128 0xd
 1439 0401 24000000 		.4byte	.LVL12
 1440 0405 9B0A0000 		.4byte	0xa9b
 1441 0409 09       		.uleb128 0x9
 1442 040a 38000000 		.4byte	.LVL13
 1443 040e A60A0000 		.4byte	0xaa6
 1444 0412 1C040000 		.4byte	0x41c
 1445 0416 0A       		.uleb128 0xa
 1446 0417 01       		.uleb128 0x1
 1447 0418 50       		.byte	0x50
 1448 0419 01       		.uleb128 0x1
 1449 041a 31       		.byte	0x31
 1450 041b 00       		.byte	0
 1451 041c 09       		.uleb128 0x9
 1452 041d 3E000000 		.4byte	.LVL14
 1453 0421 B10A0000 		.4byte	0xab1
 1454 0425 2F040000 		.4byte	0x42f
 1455 0429 0A       		.uleb128 0xa
 1456 042a 01       		.uleb128 0x1
 1457 042b 50       		.byte	0x50
 1458 042c 01       		.uleb128 0x1
 1459 042d 30       		.byte	0x30
 1460 042e 00       		.byte	0
 1461 042f 09       		.uleb128 0x9
 1462 0430 44000000 		.4byte	.LVL15
 1463 0434 BC0A0000 		.4byte	0xabc
 1464 0438 42040000 		.4byte	0x442
 1465 043c 0A       		.uleb128 0xa
 1466 043d 01       		.uleb128 0x1
 1467 043e 50       		.byte	0x50
 1468 043f 01       		.uleb128 0x1
 1469 0440 30       		.byte	0x30
 1470 0441 00       		.byte	0
 1471 0442 09       		.uleb128 0x9
 1472 0443 4C000000 		.4byte	.LVL16
 1473 0447 B10A0000 		.4byte	0xab1
 1474 044b 55040000 		.4byte	0x455
 1475 044f 0A       		.uleb128 0xa
 1476 0450 01       		.uleb128 0x1
 1477 0451 50       		.byte	0x50
 1478 0452 01       		.uleb128 0x1
 1479 0453 31       		.byte	0x31
 1480 0454 00       		.byte	0
 1481 0455 09       		.uleb128 0x9
 1482 0456 52000000 		.4byte	.LVL17
 1483 045a BC0A0000 		.4byte	0xabc
 1484 045e 68040000 		.4byte	0x468
ARM GAS  C:\Users\ARTEM\AppData\Local\Temp\ccLQpEOO.s 			page 31


 1485 0462 0A       		.uleb128 0xa
 1486 0463 01       		.uleb128 0x1
 1487 0464 50       		.byte	0x50
 1488 0465 01       		.uleb128 0x1
 1489 0466 31       		.byte	0x31
 1490 0467 00       		.byte	0
 1491 0468 09       		.uleb128 0x9
 1492 0469 66000000 		.4byte	.LVL18
 1493 046d A60A0000 		.4byte	0xaa6
 1494 0471 7B040000 		.4byte	0x47b
 1495 0475 0A       		.uleb128 0xa
 1496 0476 01       		.uleb128 0x1
 1497 0477 50       		.byte	0x50
 1498 0478 01       		.uleb128 0x1
 1499 0479 31       		.byte	0x31
 1500 047a 00       		.byte	0
 1501 047b 09       		.uleb128 0x9
 1502 047c 6C000000 		.4byte	.LVL19
 1503 0480 C70A0000 		.4byte	0xac7
 1504 0484 8E040000 		.4byte	0x48e
 1505 0488 0A       		.uleb128 0xa
 1506 0489 01       		.uleb128 0x1
 1507 048a 50       		.byte	0x50
 1508 048b 01       		.uleb128 0x1
 1509 048c 30       		.byte	0x30
 1510 048d 00       		.byte	0
 1511 048e 09       		.uleb128 0x9
 1512 048f 72000000 		.4byte	.LVL20
 1513 0493 D20A0000 		.4byte	0xad2
 1514 0497 A1040000 		.4byte	0x4a1
 1515 049b 0A       		.uleb128 0xa
 1516 049c 01       		.uleb128 0x1
 1517 049d 50       		.byte	0x50
 1518 049e 01       		.uleb128 0x1
 1519 049f 30       		.byte	0x30
 1520 04a0 00       		.byte	0
 1521 04a1 09       		.uleb128 0x9
 1522 04a2 7A000000 		.4byte	.LVL21
 1523 04a6 C70A0000 		.4byte	0xac7
 1524 04aa B4040000 		.4byte	0x4b4
 1525 04ae 0A       		.uleb128 0xa
 1526 04af 01       		.uleb128 0x1
 1527 04b0 50       		.byte	0x50
 1528 04b1 01       		.uleb128 0x1
 1529 04b2 31       		.byte	0x31
 1530 04b3 00       		.byte	0
 1531 04b4 09       		.uleb128 0x9
 1532 04b5 80000000 		.4byte	.LVL22
 1533 04b9 D20A0000 		.4byte	0xad2
 1534 04bd C7040000 		.4byte	0x4c7
 1535 04c1 0A       		.uleb128 0xa
 1536 04c2 01       		.uleb128 0x1
 1537 04c3 50       		.byte	0x50
 1538 04c4 01       		.uleb128 0x1
 1539 04c5 31       		.byte	0x31
 1540 04c6 00       		.byte	0
 1541 04c7 09       		.uleb128 0x9
ARM GAS  C:\Users\ARTEM\AppData\Local\Temp\ccLQpEOO.s 			page 32


 1542 04c8 94000000 		.4byte	.LVL23
 1543 04cc A60A0000 		.4byte	0xaa6
 1544 04d0 DA040000 		.4byte	0x4da
 1545 04d4 0A       		.uleb128 0xa
 1546 04d5 01       		.uleb128 0x1
 1547 04d6 50       		.byte	0x50
 1548 04d7 01       		.uleb128 0x1
 1549 04d8 31       		.byte	0x31
 1550 04d9 00       		.byte	0
 1551 04da 09       		.uleb128 0x9
 1552 04db 9A000000 		.4byte	.LVL24
 1553 04df DD0A0000 		.4byte	0xadd
 1554 04e3 ED040000 		.4byte	0x4ed
 1555 04e7 0A       		.uleb128 0xa
 1556 04e8 01       		.uleb128 0x1
 1557 04e9 50       		.byte	0x50
 1558 04ea 01       		.uleb128 0x1
 1559 04eb 30       		.byte	0x30
 1560 04ec 00       		.byte	0
 1561 04ed 09       		.uleb128 0x9
 1562 04ee A0000000 		.4byte	.LVL25
 1563 04f2 E80A0000 		.4byte	0xae8
 1564 04f6 00050000 		.4byte	0x500
 1565 04fa 0A       		.uleb128 0xa
 1566 04fb 01       		.uleb128 0x1
 1567 04fc 50       		.byte	0x50
 1568 04fd 01       		.uleb128 0x1
 1569 04fe 30       		.byte	0x30
 1570 04ff 00       		.byte	0
 1571 0500 09       		.uleb128 0x9
 1572 0501 A8000000 		.4byte	.LVL26
 1573 0505 DD0A0000 		.4byte	0xadd
 1574 0509 13050000 		.4byte	0x513
 1575 050d 0A       		.uleb128 0xa
 1576 050e 01       		.uleb128 0x1
 1577 050f 50       		.byte	0x50
 1578 0510 01       		.uleb128 0x1
 1579 0511 31       		.byte	0x31
 1580 0512 00       		.byte	0
 1581 0513 09       		.uleb128 0x9
 1582 0514 AE000000 		.4byte	.LVL27
 1583 0518 E80A0000 		.4byte	0xae8
 1584 051c 26050000 		.4byte	0x526
 1585 0520 0A       		.uleb128 0xa
 1586 0521 01       		.uleb128 0x1
 1587 0522 50       		.byte	0x50
 1588 0523 01       		.uleb128 0x1
 1589 0524 31       		.byte	0x31
 1590 0525 00       		.byte	0
 1591 0526 09       		.uleb128 0x9
 1592 0527 B4000000 		.4byte	.LVL28
 1593 052b F30A0000 		.4byte	0xaf3
 1594 052f 39050000 		.4byte	0x539
 1595 0533 0A       		.uleb128 0xa
 1596 0534 01       		.uleb128 0x1
 1597 0535 50       		.byte	0x50
 1598 0536 01       		.uleb128 0x1
ARM GAS  C:\Users\ARTEM\AppData\Local\Temp\ccLQpEOO.s 			page 33


 1599 0537 31       		.byte	0x31
 1600 0538 00       		.byte	0
 1601 0539 09       		.uleb128 0x9
 1602 053a BA000000 		.4byte	.LVL29
 1603 053e FE0A0000 		.4byte	0xafe
 1604 0542 4C050000 		.4byte	0x54c
 1605 0546 0A       		.uleb128 0xa
 1606 0547 01       		.uleb128 0x1
 1607 0548 50       		.byte	0x50
 1608 0549 01       		.uleb128 0x1
 1609 054a 31       		.byte	0x31
 1610 054b 00       		.byte	0
 1611 054c 0D       		.uleb128 0xd
 1612 054d BE000000 		.4byte	.LVL30
 1613 0551 090B0000 		.4byte	0xb09
 1614 0555 09       		.uleb128 0x9
 1615 0556 D0000000 		.4byte	.LVL31
 1616 055a 150B0000 		.4byte	0xb15
 1617 055e 6A050000 		.4byte	0x56a
 1618 0562 0A       		.uleb128 0xa
 1619 0563 01       		.uleb128 0x1
 1620 0564 50       		.byte	0x50
 1621 0565 03       		.uleb128 0x3
 1622 0566 0A       		.byte	0xa
 1623 0567 BC02     		.2byte	0x2bc
 1624 0569 00       		.byte	0
 1625 056a 09       		.uleb128 0x9
 1626 056b DE000000 		.4byte	.LVL32
 1627 056f 150B0000 		.4byte	0xb15
 1628 0573 7F050000 		.4byte	0x57f
 1629 0577 0A       		.uleb128 0xa
 1630 0578 01       		.uleb128 0x1
 1631 0579 50       		.byte	0x50
 1632 057a 03       		.uleb128 0x3
 1633 057b 0A       		.byte	0xa
 1634 057c 5203     		.2byte	0x352
 1635 057e 00       		.byte	0
 1636 057f 0B       		.uleb128 0xb
 1637 0580 E8000000 		.4byte	.LVL33
 1638 0584 150B0000 		.4byte	0xb15
 1639 0588 0A       		.uleb128 0xa
 1640 0589 01       		.uleb128 0x1
 1641 058a 50       		.byte	0x50
 1642 058b 03       		.uleb128 0x3
 1643 058c 0A       		.byte	0xa
 1644 058d E803     		.2byte	0x3e8
 1645 058f 00       		.byte	0
 1646 0590 00       		.byte	0
 1647 0591 0E       		.uleb128 0xe
 1648 0592 04       		.byte	0x4
 1649 0593 5D000000 		.4byte	0x5d
 1650 0597 08       		.uleb128 0x8
 1651 0598 040E0000 		.4byte	.LASF107
 1652 059c 01       		.byte	0x1
 1653 059d 53       		.byte	0x53
 1654 059e 00000000 		.4byte	.LFB40
 1655 05a2 20000000 		.4byte	.LFE40-.LFB40
ARM GAS  C:\Users\ARTEM\AppData\Local\Temp\ccLQpEOO.s 			page 34


 1656 05a6 01       		.uleb128 0x1
 1657 05a7 9C       		.byte	0x9c
 1658 05a8 C5050000 		.4byte	0x5c5
 1659 05ac 0C       		.uleb128 0xc
 1660 05ad D30B0000 		.4byte	.LASF109
 1661 05b1 01       		.byte	0x1
 1662 05b2 53       		.byte	0x53
 1663 05b3 C5050000 		.4byte	0x5c5
 1664 05b7 2C000000 		.4byte	.LLST1
 1665 05bb 0D       		.uleb128 0xd
 1666 05bc 14000000 		.4byte	.LVL36
 1667 05c0 210B0000 		.4byte	0xb21
 1668 05c4 00       		.byte	0
 1669 05c5 02       		.uleb128 0x2
 1670 05c6 01       		.byte	0x1
 1671 05c7 02       		.byte	0x2
 1672 05c8 880A0000 		.4byte	.LASF110
 1673 05cc 08       		.uleb128 0x8
 1674 05cd D60C0000 		.4byte	.LASF111
 1675 05d1 01       		.byte	0x1
 1676 05d2 5C       		.byte	0x5c
 1677 05d3 00000000 		.4byte	.LFB41
 1678 05d7 FC000000 		.4byte	.LFE41-.LFB41
 1679 05db 01       		.uleb128 0x1
 1680 05dc 9C       		.byte	0x9c
 1681 05dd C5070000 		.4byte	0x7c5
 1682 05e1 0C       		.uleb128 0xc
 1683 05e2 A50A0000 		.4byte	.LASF112
 1684 05e6 01       		.byte	0x1
 1685 05e7 5C       		.byte	0x5c
 1686 05e8 77000000 		.4byte	0x77
 1687 05ec 4D000000 		.4byte	.LLST2
 1688 05f0 0F       		.uleb128 0xf
 1689 05f1 83030000 		.4byte	.LASF113
 1690 05f5 01       		.byte	0x1
 1691 05f6 5E       		.byte	0x5e
 1692 05f7 C5070000 		.4byte	0x7c5
 1693 05fb 02       		.uleb128 0x2
 1694 05fc 91       		.byte	0x91
 1695 05fd 6E       		.sleb128 -18
 1696 05fe 0F       		.uleb128 0xf
 1697 05ff 49020000 		.4byte	.LASF114
 1698 0603 01       		.byte	0x1
 1699 0604 5F       		.byte	0x5f
 1700 0605 C5070000 		.4byte	0x7c5
 1701 0609 02       		.uleb128 0x2
 1702 060a 91       		.byte	0x91
 1703 060b 6C       		.sleb128 -20
 1704 060c 10       		.uleb128 0x10
 1705 060d 5E000000 		.4byte	.LBB2
 1706 0611 2C000000 		.4byte	.LBE2-.LBB2
 1707 0615 8E060000 		.4byte	0x68e
 1708 0619 11       		.uleb128 0x11
 1709 061a 6D657300 		.ascii	"mes\000"
 1710 061e 01       		.byte	0x1
 1711 061f 6F       		.byte	0x6f
 1712 0620 CA070000 		.4byte	0x7ca
ARM GAS  C:\Users\ARTEM\AppData\Local\Temp\ccLQpEOO.s 			page 35


 1713 0624 03       		.uleb128 0x3
 1714 0625 91       		.byte	0x91
 1715 0626 887F     		.sleb128 -120
 1716 0628 0D       		.uleb128 0xd
 1717 0629 62000000 		.4byte	.LVL45
 1718 062d 44030000 		.4byte	0x344
 1719 0631 09       		.uleb128 0x9
 1720 0632 70000000 		.4byte	.LVL46
 1721 0636 2C0B0000 		.4byte	0xb2c
 1722 063a 4E060000 		.4byte	0x64e
 1723 063e 0A       		.uleb128 0xa
 1724 063f 01       		.uleb128 0x1
 1725 0640 50       		.byte	0x50
 1726 0641 02       		.uleb128 0x2
 1727 0642 7D       		.byte	0x7d
 1728 0643 00       		.sleb128 0
 1729 0644 0A       		.uleb128 0xa
 1730 0645 01       		.uleb128 0x1
 1731 0646 51       		.byte	0x51
 1732 0647 05       		.uleb128 0x5
 1733 0648 03       		.byte	0x3
 1734 0649 0C000000 		.4byte	.LC6
 1735 064d 00       		.byte	0
 1736 064e 09       		.uleb128 0x9
 1737 064f 76000000 		.4byte	.LVL47
 1738 0653 370B0000 		.4byte	0xb37
 1739 0657 62060000 		.4byte	0x662
 1740 065b 0A       		.uleb128 0xa
 1741 065c 01       		.uleb128 0x1
 1742 065d 50       		.byte	0x50
 1743 065e 02       		.uleb128 0x2
 1744 065f 7D       		.byte	0x7d
 1745 0660 00       		.sleb128 0
 1746 0661 00       		.byte	0
 1747 0662 0D       		.uleb128 0xd
 1748 0663 7A000000 		.4byte	.LVL48
 1749 0667 430B0000 		.4byte	0xb43
 1750 066b 09       		.uleb128 0x9
 1751 066c 80000000 		.4byte	.LVL49
 1752 0670 4E0B0000 		.4byte	0xb4e
 1753 0674 7E060000 		.4byte	0x67e
 1754 0678 0A       		.uleb128 0xa
 1755 0679 01       		.uleb128 0x1
 1756 067a 50       		.byte	0x50
 1757 067b 01       		.uleb128 0x1
 1758 067c 30       		.byte	0x30
 1759 067d 00       		.byte	0
 1760 067e 0B       		.uleb128 0xb
 1761 067f 88000000 		.4byte	.LVL50
 1762 0683 590B0000 		.4byte	0xb59
 1763 0687 0A       		.uleb128 0xa
 1764 0688 01       		.uleb128 0x1
 1765 0689 50       		.byte	0x50
 1766 068a 01       		.uleb128 0x1
 1767 068b 30       		.byte	0x30
 1768 068c 00       		.byte	0
 1769 068d 00       		.byte	0
ARM GAS  C:\Users\ARTEM\AppData\Local\Temp\ccLQpEOO.s 			page 36


 1770 068e 10       		.uleb128 0x10
 1771 068f A2000000 		.4byte	.LBB3
 1772 0693 2C000000 		.4byte	.LBE3-.LBB3
 1773 0697 10070000 		.4byte	0x710
 1774 069b 11       		.uleb128 0x11
 1775 069c 6D657300 		.ascii	"mes\000"
 1776 06a0 01       		.byte	0x1
 1777 06a1 7A       		.byte	0x7a
 1778 06a2 CA070000 		.4byte	0x7ca
 1779 06a6 03       		.uleb128 0x3
 1780 06a7 91       		.byte	0x91
 1781 06a8 887F     		.sleb128 -120
 1782 06aa 0D       		.uleb128 0xd
 1783 06ab A6000000 		.4byte	.LVL51
 1784 06af E4020000 		.4byte	0x2e4
 1785 06b3 09       		.uleb128 0x9
 1786 06b4 B4000000 		.4byte	.LVL52
 1787 06b8 2C0B0000 		.4byte	0xb2c
 1788 06bc D0060000 		.4byte	0x6d0
 1789 06c0 0A       		.uleb128 0xa
 1790 06c1 01       		.uleb128 0x1
 1791 06c2 50       		.byte	0x50
 1792 06c3 02       		.uleb128 0x2
 1793 06c4 7D       		.byte	0x7d
 1794 06c5 00       		.sleb128 0
 1795 06c6 0A       		.uleb128 0xa
 1796 06c7 01       		.uleb128 0x1
 1797 06c8 51       		.byte	0x51
 1798 06c9 05       		.uleb128 0x5
 1799 06ca 03       		.byte	0x3
 1800 06cb 0C000000 		.4byte	.LC6
 1801 06cf 00       		.byte	0
 1802 06d0 09       		.uleb128 0x9
 1803 06d1 BA000000 		.4byte	.LVL53
 1804 06d5 370B0000 		.4byte	0xb37
 1805 06d9 E4060000 		.4byte	0x6e4
 1806 06dd 0A       		.uleb128 0xa
 1807 06de 01       		.uleb128 0x1
 1808 06df 50       		.byte	0x50
 1809 06e0 02       		.uleb128 0x2
 1810 06e1 7D       		.byte	0x7d
 1811 06e2 00       		.sleb128 0
 1812 06e3 00       		.byte	0
 1813 06e4 0D       		.uleb128 0xd
 1814 06e5 BE000000 		.4byte	.LVL54
 1815 06e9 430B0000 		.4byte	0xb43
 1816 06ed 09       		.uleb128 0x9
 1817 06ee C4000000 		.4byte	.LVL55
 1818 06f2 4E0B0000 		.4byte	0xb4e
 1819 06f6 00070000 		.4byte	0x700
 1820 06fa 0A       		.uleb128 0xa
 1821 06fb 01       		.uleb128 0x1
 1822 06fc 50       		.byte	0x50
 1823 06fd 01       		.uleb128 0x1
 1824 06fe 30       		.byte	0x30
 1825 06ff 00       		.byte	0
 1826 0700 0B       		.uleb128 0xb
ARM GAS  C:\Users\ARTEM\AppData\Local\Temp\ccLQpEOO.s 			page 37


 1827 0701 CC000000 		.4byte	.LVL56
 1828 0705 590B0000 		.4byte	0xb59
 1829 0709 0A       		.uleb128 0xa
 1830 070a 01       		.uleb128 0x1
 1831 070b 50       		.byte	0x50
 1832 070c 01       		.uleb128 0x1
 1833 070d 30       		.byte	0x30
 1834 070e 00       		.byte	0
 1835 070f 00       		.byte	0
 1836 0710 0D       		.uleb128 0xd
 1837 0711 16000000 		.4byte	.LVL38
 1838 0715 640B0000 		.4byte	0xb64
 1839 0719 0D       		.uleb128 0xd
 1840 071a 1A000000 		.4byte	.LVL39
 1841 071e 430B0000 		.4byte	0xb43
 1842 0722 09       		.uleb128 0x9
 1843 0723 20000000 		.4byte	.LVL40
 1844 0727 4E0B0000 		.4byte	0xb4e
 1845 072b 35070000 		.4byte	0x735
 1846 072f 0A       		.uleb128 0xa
 1847 0730 01       		.uleb128 0x1
 1848 0731 50       		.byte	0x50
 1849 0732 01       		.uleb128 0x1
 1850 0733 30       		.byte	0x30
 1851 0734 00       		.byte	0
 1852 0735 09       		.uleb128 0x9
 1853 0736 2C000000 		.4byte	.LVL41
 1854 073a 590B0000 		.4byte	0xb59
 1855 073e 48070000 		.4byte	0x748
 1856 0742 0A       		.uleb128 0xa
 1857 0743 01       		.uleb128 0x1
 1858 0744 50       		.byte	0x50
 1859 0745 01       		.uleb128 0x1
 1860 0746 30       		.byte	0x30
 1861 0747 00       		.byte	0
 1862 0748 09       		.uleb128 0x9
 1863 0749 34000000 		.4byte	.LVL42
 1864 074d 370B0000 		.4byte	0xb37
 1865 0751 5F070000 		.4byte	0x75f
 1866 0755 0A       		.uleb128 0xa
 1867 0756 01       		.uleb128 0x1
 1868 0757 50       		.byte	0x50
 1869 0758 05       		.uleb128 0x5
 1870 0759 03       		.byte	0x3
 1871 075a 00000000 		.4byte	.LC4
 1872 075e 00       		.byte	0
 1873 075f 09       		.uleb128 0x9
 1874 0760 4C000000 		.4byte	.LVL43
 1875 0764 6F0B0000 		.4byte	0xb6f
 1876 0768 72070000 		.4byte	0x772
 1877 076c 0A       		.uleb128 0xa
 1878 076d 01       		.uleb128 0x1
 1879 076e 50       		.byte	0x50
 1880 076f 01       		.uleb128 0x1
 1881 0770 30       		.byte	0x30
 1882 0771 00       		.byte	0
 1883 0772 09       		.uleb128 0x9
ARM GAS  C:\Users\ARTEM\AppData\Local\Temp\ccLQpEOO.s 			page 38


 1884 0773 52000000 		.4byte	.LVL44
 1885 0777 7A0B0000 		.4byte	0xb7a
 1886 077b 85070000 		.4byte	0x785
 1887 077f 0A       		.uleb128 0xa
 1888 0780 01       		.uleb128 0x1
 1889 0781 50       		.byte	0x50
 1890 0782 01       		.uleb128 0x1
 1891 0783 30       		.byte	0x30
 1892 0784 00       		.byte	0
 1893 0785 0D       		.uleb128 0xd
 1894 0786 DC000000 		.4byte	.LVL57
 1895 078a A4030000 		.4byte	0x3a4
 1896 078e 09       		.uleb128 0x9
 1897 078f E2000000 		.4byte	.LVL58
 1898 0793 850B0000 		.4byte	0xb85
 1899 0797 A2070000 		.4byte	0x7a2
 1900 079b 0A       		.uleb128 0xa
 1901 079c 01       		.uleb128 0x1
 1902 079d 50       		.byte	0x50
 1903 079e 02       		.uleb128 0x2
 1904 079f 08       		.byte	0x8
 1905 07a0 96       		.byte	0x96
 1906 07a1 00       		.byte	0
 1907 07a2 09       		.uleb128 0x9
 1908 07a3 E8000000 		.4byte	.LVL59
 1909 07a7 7A0B0000 		.4byte	0xb7a
 1910 07ab B5070000 		.4byte	0x7b5
 1911 07af 0A       		.uleb128 0xa
 1912 07b0 01       		.uleb128 0x1
 1913 07b1 50       		.byte	0x50
 1914 07b2 01       		.uleb128 0x1
 1915 07b3 31       		.byte	0x31
 1916 07b4 00       		.byte	0
 1917 07b5 0B       		.uleb128 0xb
 1918 07b6 EE000000 		.4byte	.LVL60
 1919 07ba 6F0B0000 		.4byte	0xb6f
 1920 07be 0A       		.uleb128 0xa
 1921 07bf 01       		.uleb128 0x1
 1922 07c0 50       		.byte	0x50
 1923 07c1 01       		.uleb128 0x1
 1924 07c2 31       		.byte	0x31
 1925 07c3 00       		.byte	0
 1926 07c4 00       		.byte	0
 1927 07c5 12       		.uleb128 0x12
 1928 07c6 8F000000 		.4byte	0x8f
 1929 07ca 13       		.uleb128 0x13
 1930 07cb A9000000 		.4byte	0xa9
 1931 07cf DA070000 		.4byte	0x7da
 1932 07d3 14       		.uleb128 0x14
 1933 07d4 B7000000 		.4byte	0xb7
 1934 07d8 63       		.byte	0x63
 1935 07d9 00       		.byte	0
 1936 07da 15       		.uleb128 0x15
 1937 07db DE030000 		.4byte	.LASF160
 1938 07df 01       		.byte	0x1
 1939 07e0 89       		.byte	0x89
 1940 07e1 C5050000 		.4byte	0x5c5
ARM GAS  C:\Users\ARTEM\AppData\Local\Temp\ccLQpEOO.s 			page 39


 1941 07e5 00000000 		.4byte	.LFB42
 1942 07e9 1C000000 		.4byte	.LFE42-.LFB42
 1943 07ed 01       		.uleb128 0x1
 1944 07ee 9C       		.byte	0x9c
 1945 07ef 08       		.uleb128 0x8
 1946 07f0 9C0A0000 		.4byte	.LASF115
 1947 07f4 01       		.byte	0x1
 1948 07f5 A8       		.byte	0xa8
 1949 07f6 00000000 		.4byte	.LFB44
 1950 07fa 3C000000 		.4byte	.LFE44-.LFB44
 1951 07fe 01       		.uleb128 0x1
 1952 07ff 9C       		.byte	0x9c
 1953 0800 2B080000 		.4byte	0x82b
 1954 0804 09       		.uleb128 0x9
 1955 0805 14000000 		.4byte	.LVL61
 1956 0809 CC050000 		.4byte	0x5cc
 1957 080d 19080000 		.4byte	0x819
 1958 0811 0A       		.uleb128 0xa
 1959 0812 01       		.uleb128 0x1
 1960 0813 50       		.byte	0x50
 1961 0814 03       		.uleb128 0x3
 1962 0815 0A       		.byte	0xa
 1963 0816 9E07     		.2byte	0x79e
 1964 0818 00       		.byte	0
 1965 0819 0B       		.uleb128 0xb
 1966 081a 22000000 		.4byte	.LVL62
 1967 081e CC050000 		.4byte	0x5cc
 1968 0822 0A       		.uleb128 0xa
 1969 0823 01       		.uleb128 0x1
 1970 0824 50       		.byte	0x50
 1971 0825 03       		.uleb128 0x3
 1972 0826 0A       		.byte	0xa
 1973 0827 9E07     		.2byte	0x79e
 1974 0829 00       		.byte	0
 1975 082a 00       		.byte	0
 1976 082b 08       		.uleb128 0x8
 1977 082c 6E040000 		.4byte	.LASF116
 1978 0830 01       		.byte	0x1
 1979 0831 B8       		.byte	0xb8
 1980 0832 00000000 		.4byte	.LFB45
 1981 0836 48000000 		.4byte	.LFE45-.LFB45
 1982 083a 01       		.uleb128 0x1
 1983 083b 9C       		.byte	0x9c
 1984 083c 67080000 		.4byte	0x867
 1985 0840 09       		.uleb128 0x9
 1986 0841 1C000000 		.4byte	.LVL63
 1987 0845 CC050000 		.4byte	0x5cc
 1988 0849 55080000 		.4byte	0x855
 1989 084d 0A       		.uleb128 0xa
 1990 084e 01       		.uleb128 0x1
 1991 084f 50       		.byte	0x50
 1992 0850 03       		.uleb128 0x3
 1993 0851 0A       		.byte	0xa
 1994 0852 1207     		.2byte	0x712
 1995 0854 00       		.byte	0
 1996 0855 0B       		.uleb128 0xb
 1997 0856 28000000 		.4byte	.LVL64
ARM GAS  C:\Users\ARTEM\AppData\Local\Temp\ccLQpEOO.s 			page 40


 1998 085a CC050000 		.4byte	0x5cc
 1999 085e 0A       		.uleb128 0xa
 2000 085f 01       		.uleb128 0x1
 2001 0860 50       		.byte	0x50
 2002 0861 03       		.uleb128 0x3
 2003 0862 0A       		.byte	0xa
 2004 0863 8A07     		.2byte	0x78a
 2005 0865 00       		.byte	0
 2006 0866 00       		.byte	0
 2007 0867 08       		.uleb128 0x8
 2008 0868 24070000 		.4byte	.LASF117
 2009 086c 01       		.byte	0x1
 2010 086d C3       		.byte	0xc3
 2011 086e 00000000 		.4byte	.LFB46
 2012 0872 48000000 		.4byte	.LFE46-.LFB46
 2013 0876 01       		.uleb128 0x1
 2014 0877 9C       		.byte	0x9c
 2015 0878 B6080000 		.4byte	0x8b6
 2016 087c 0F       		.uleb128 0xf
 2017 087d A4020000 		.4byte	.LASF118
 2018 0881 01       		.byte	0x1
 2019 0882 C5       		.byte	0xc5
 2020 0883 B6080000 		.4byte	0x8b6
 2021 0887 02       		.uleb128 0x2
 2022 0888 91       		.byte	0x91
 2023 0889 64       		.sleb128 -28
 2024 088a 09       		.uleb128 0x9
 2025 088b 1A000000 		.4byte	.LVL65
 2026 088f 900B0000 		.4byte	0xb90
 2027 0893 AC080000 		.4byte	0x8ac
 2028 0897 0A       		.uleb128 0xa
 2029 0898 01       		.uleb128 0x1
 2030 0899 50       		.byte	0x50
 2031 089a 02       		.uleb128 0x2
 2032 089b 91       		.byte	0x91
 2033 089c 64       		.sleb128 -28
 2034 089d 0A       		.uleb128 0xa
 2035 089e 01       		.uleb128 0x1
 2036 089f 51       		.byte	0x51
 2037 08a0 05       		.uleb128 0x5
 2038 08a1 03       		.byte	0x3
 2039 08a2 00000000 		.4byte	.LANCHOR2
 2040 08a6 0A       		.uleb128 0xa
 2041 08a7 01       		.uleb128 0x1
 2042 08a8 52       		.byte	0x52
 2043 08a9 01       		.uleb128 0x1
 2044 08aa 44       		.byte	0x44
 2045 08ab 00       		.byte	0
 2046 08ac 0D       		.uleb128 0xd
 2047 08ad 2C000000 		.4byte	.LVL66
 2048 08b1 CC050000 		.4byte	0x5cc
 2049 08b5 00       		.byte	0
 2050 08b6 13       		.uleb128 0x13
 2051 08b7 77000000 		.4byte	0x77
 2052 08bb C6080000 		.4byte	0x8c6
 2053 08bf 14       		.uleb128 0x14
 2054 08c0 B7000000 		.4byte	0xb7
ARM GAS  C:\Users\ARTEM\AppData\Local\Temp\ccLQpEOO.s 			page 41


 2055 08c4 09       		.byte	0x9
 2056 08c5 00       		.byte	0
 2057 08c6 16       		.uleb128 0x16
 2058 08c7 740D0000 		.4byte	.LASF161
 2059 08cb 01       		.byte	0x1
 2060 08cc 8D       		.byte	0x8d
 2061 08cd 00000000 		.4byte	.LFB43
 2062 08d1 60000000 		.4byte	.LFE43-.LFB43
 2063 08d5 01       		.uleb128 0x1
 2064 08d6 9C       		.byte	0x9c
 2065 08d7 42090000 		.4byte	0x942
 2066 08db 11       		.uleb128 0x11
 2067 08dc 6D657300 		.ascii	"mes\000"
 2068 08e0 01       		.byte	0x1
 2069 08e1 8E       		.byte	0x8e
 2070 08e2 CA070000 		.4byte	0x7ca
 2071 08e6 03       		.uleb128 0x3
 2072 08e7 91       		.byte	0x91
 2073 08e8 947F     		.sleb128 -108
 2074 08ea 09       		.uleb128 0x9
 2075 08eb 10000000 		.4byte	.LVL67
 2076 08ef 2C0B0000 		.4byte	0xb2c
 2077 08f3 08090000 		.4byte	0x908
 2078 08f7 0A       		.uleb128 0xa
 2079 08f8 01       		.uleb128 0x1
 2080 08f9 50       		.byte	0x50
 2081 08fa 03       		.uleb128 0x3
 2082 08fb 91       		.byte	0x91
 2083 08fc 947F     		.sleb128 -108
 2084 08fe 0A       		.uleb128 0xa
 2085 08ff 01       		.uleb128 0x1
 2086 0900 51       		.byte	0x51
 2087 0901 05       		.uleb128 0x5
 2088 0902 03       		.byte	0x3
 2089 0903 1C000000 		.4byte	.LC21
 2090 0907 00       		.byte	0
 2091 0908 09       		.uleb128 0x9
 2092 0909 16000000 		.4byte	.LVL68
 2093 090d 370B0000 		.4byte	0xb37
 2094 0911 1D090000 		.4byte	0x91d
 2095 0915 0A       		.uleb128 0xa
 2096 0916 01       		.uleb128 0x1
 2097 0917 50       		.byte	0x50
 2098 0918 03       		.uleb128 0x3
 2099 0919 91       		.byte	0x91
 2100 091a 947F     		.sleb128 -108
 2101 091c 00       		.byte	0
 2102 091d 0D       		.uleb128 0xd
 2103 091e 1A000000 		.4byte	.LVL69
 2104 0922 DA070000 		.4byte	0x7da
 2105 0926 0D       		.uleb128 0xd
 2106 0927 40000000 		.4byte	.LVL70
 2107 092b EF070000 		.4byte	0x7ef
 2108 092f 0D       		.uleb128 0xd
 2109 0930 46000000 		.4byte	.LVL71
 2110 0934 2B080000 		.4byte	0x82b
 2111 0938 0D       		.uleb128 0xd
ARM GAS  C:\Users\ARTEM\AppData\Local\Temp\ccLQpEOO.s 			page 42


 2112 0939 4C000000 		.4byte	.LVL72
 2113 093d 67080000 		.4byte	0x867
 2114 0941 00       		.byte	0
 2115 0942 13       		.uleb128 0x13
 2116 0943 A9000000 		.4byte	0xa9
 2117 0947 52090000 		.4byte	0x952
 2118 094b 14       		.uleb128 0x14
 2119 094c B7000000 		.4byte	0xb7
 2120 0950 03       		.byte	0x3
 2121 0951 00       		.byte	0
 2122 0952 17       		.uleb128 0x17
 2123 0953 B50A0000 		.4byte	.LASF119
 2124 0957 05       		.byte	0x5
 2125 0958 0C       		.byte	0xc
 2126 0959 42090000 		.4byte	0x942
 2127 095d 05       		.uleb128 0x5
 2128 095e 03       		.byte	0x3
 2129 095f 00000000 		.4byte	uart_rpm_buff
 2130 0963 13       		.uleb128 0x13
 2131 0964 A9000000 		.4byte	0xa9
 2132 0968 73090000 		.4byte	0x973
 2133 096c 14       		.uleb128 0x14
 2134 096d B7000000 		.4byte	0xb7
 2135 0971 0F       		.byte	0xf
 2136 0972 00       		.byte	0
 2137 0973 18       		.uleb128 0x18
 2138 0974 73747200 		.ascii	"str\000"
 2139 0978 05       		.byte	0x5
 2140 0979 0D       		.byte	0xd
 2141 097a 63090000 		.4byte	0x963
 2142 097e 05       		.uleb128 0x5
 2143 097f 03       		.byte	0x3
 2144 0980 00000000 		.4byte	str
 2145 0984 17       		.uleb128 0x17
 2146 0985 F8050000 		.4byte	.LASF120
 2147 0989 05       		.byte	0x5
 2148 098a 0F       		.byte	0xf
 2149 098b 5D000000 		.4byte	0x5d
 2150 098f 05       		.uleb128 0x5
 2151 0990 03       		.byte	0x3
 2152 0991 00000000 		.4byte	ballCounter
 2153 0995 17       		.uleb128 0x17
 2154 0996 B80B0000 		.4byte	.LASF121
 2155 099a 05       		.byte	0x5
 2156 099b 10       		.byte	0x10
 2157 099c 5D000000 		.4byte	0x5d
 2158 09a0 05       		.uleb128 0x5
 2159 09a1 03       		.byte	0x3
 2160 09a2 00000000 		.4byte	oldDifficulty
 2161 09a6 17       		.uleb128 0x17
 2162 09a7 33040000 		.4byte	.LASF122
 2163 09ab 05       		.byte	0x5
 2164 09ac 11       		.byte	0x11
 2165 09ad 5D000000 		.4byte	0x5d
 2166 09b1 05       		.uleb128 0x5
 2167 09b2 03       		.byte	0x3
 2168 09b3 00000000 		.4byte	newDiffuculty
ARM GAS  C:\Users\ARTEM\AppData\Local\Temp\ccLQpEOO.s 			page 43


 2169 09b7 13       		.uleb128 0x13
 2170 09b8 5D000000 		.4byte	0x5d
 2171 09bc C7090000 		.4byte	0x9c7
 2172 09c0 14       		.uleb128 0x14
 2173 09c1 B7000000 		.4byte	0xb7
 2174 09c5 03       		.byte	0x3
 2175 09c6 00       		.byte	0
 2176 09c7 17       		.uleb128 0x17
 2177 09c8 C60B0000 		.4byte	.LASF123
 2178 09cc 05       		.byte	0x5
 2179 09cd 13       		.byte	0x13
 2180 09ce B7090000 		.4byte	0x9b7
 2181 09d2 05       		.uleb128 0x5
 2182 09d3 03       		.byte	0x3
 2183 09d4 00000000 		.4byte	motor_speeds
 2184 09d8 17       		.uleb128 0x17
 2185 09d9 080D0000 		.4byte	.LASF124
 2186 09dd 05       		.byte	0x5
 2187 09de 14       		.byte	0x14
 2188 09df C5050000 		.4byte	0x5c5
 2189 09e3 05       		.uleb128 0x5
 2190 09e4 03       		.byte	0x3
 2191 09e5 00000000 		.4byte	motorsEnabled
 2192 09e9 17       		.uleb128 0x17
 2193 09ea 19060000 		.4byte	.LASF125
 2194 09ee 06       		.byte	0x6
 2195 09ef 08       		.byte	0x8
 2196 09f0 C5050000 		.4byte	0x5c5
 2197 09f4 05       		.uleb128 0x5
 2198 09f5 03       		.byte	0x3
 2199 09f6 00000000 		.4byte	doServe
 2200 09fa 17       		.uleb128 0x17
 2201 09fb 290A0000 		.4byte	.LASF126
 2202 09ff 06       		.byte	0x6
 2203 0a00 09       		.byte	0x9
 2204 0a01 C5050000 		.4byte	0x5c5
 2205 0a05 05       		.uleb128 0x5
 2206 0a06 03       		.byte	0x3
 2207 0a07 00000000 		.4byte	isServing
 2208 0a0b 17       		.uleb128 0x17
 2209 0a0c CB0A0000 		.4byte	.LASF127
 2210 0a10 06       		.byte	0x6
 2211 0a11 0A       		.byte	0xa
 2212 0a12 5D000000 		.4byte	0x5d
 2213 0a16 05       		.uleb128 0x5
 2214 0a17 03       		.byte	0x3
 2215 0a18 00000000 		.4byte	counter
 2216 0a1c 13       		.uleb128 0x13
 2217 0a1d 270A0000 		.4byte	0xa27
 2218 0a21 270A0000 		.4byte	0xa27
 2219 0a25 19       		.uleb128 0x19
 2220 0a26 00       		.byte	0
 2221 0a27 1A       		.uleb128 0x1a
 2222 0a28 83000000 		.4byte	0x83
 2223 0a2c 1B       		.uleb128 0x1b
 2224 0a2d 5B0C0000 		.4byte	.LASF128
 2225 0a31 01       		.byte	0x1
ARM GAS  C:\Users\ARTEM\AppData\Local\Temp\ccLQpEOO.s 			page 44


 2226 0a32 0B       		.byte	0xb
 2227 0a33 370A0000 		.4byte	0xa37
 2228 0a37 1A       		.uleb128 0x1a
 2229 0a38 1C0A0000 		.4byte	0xa1c
 2230 0a3c 13       		.uleb128 0x13
 2231 0a3d 6B000000 		.4byte	0x6b
 2232 0a41 4C0A0000 		.4byte	0xa4c
 2233 0a45 14       		.uleb128 0x14
 2234 0a46 B7000000 		.4byte	0xb7
 2235 0a4a 03       		.byte	0x3
 2236 0a4b 00       		.byte	0
 2237 0a4c 17       		.uleb128 0x17
 2238 0a4d 40080000 		.4byte	.LASF129
 2239 0a51 01       		.byte	0x1
 2240 0a52 08       		.byte	0x8
 2241 0a53 3C0A0000 		.4byte	0xa3c
 2242 0a57 05       		.uleb128 0x5
 2243 0a58 03       		.byte	0x3
 2244 0a59 00000000 		.4byte	stopCoords
 2245 0a5d 17       		.uleb128 0x17
 2246 0a5e EB0B0000 		.4byte	.LASF130
 2247 0a62 01       		.byte	0x1
 2248 0a63 0A       		.byte	0xa
 2249 0a64 83000000 		.4byte	0x83
 2250 0a68 05       		.uleb128 0x5
 2251 0a69 03       		.byte	0x3
 2252 0a6a 00000000 		.4byte	color
 2253 0a6e 1C       		.uleb128 0x1c
 2254 0a6f 4D0A0000 		.4byte	.LASF131
 2255 0a73 4D0A0000 		.4byte	.LASF131
 2256 0a77 07       		.byte	0x7
 2257 0a78 5501     		.2byte	0x155
 2258 0a7a 1D       		.uleb128 0x1d
 2259 0a7b F3090000 		.4byte	.LASF132
 2260 0a7f F3090000 		.4byte	.LASF132
 2261 0a83 08       		.byte	0x8
 2262 0a84 33       		.byte	0x33
 2263 0a85 1D       		.uleb128 0x1d
 2264 0a86 F1070000 		.4byte	.LASF133
 2265 0a8a F1070000 		.4byte	.LASF133
 2266 0a8e 09       		.byte	0x9
 2267 0a8f 33       		.byte	0x33
 2268 0a90 1D       		.uleb128 0x1d
 2269 0a91 C8040000 		.4byte	.LASF134
 2270 0a95 C8040000 		.4byte	.LASF134
 2271 0a99 0A       		.byte	0xa
 2272 0a9a 33       		.byte	0x33
 2273 0a9b 1D       		.uleb128 0x1d
 2274 0a9c AF090000 		.4byte	.LASF135
 2275 0aa0 AF090000 		.4byte	.LASF135
 2276 0aa4 0B       		.byte	0xb
 2277 0aa5 0E       		.byte	0xe
 2278 0aa6 1D       		.uleb128 0x1d
 2279 0aa7 8D030000 		.4byte	.LASF136
 2280 0aab 8D030000 		.4byte	.LASF136
 2281 0aaf 0B       		.byte	0xb
 2282 0ab0 09       		.byte	0x9
ARM GAS  C:\Users\ARTEM\AppData\Local\Temp\ccLQpEOO.s 			page 45


 2283 0ab1 1D       		.uleb128 0x1d
 2284 0ab2 160D0000 		.4byte	.LASF137
 2285 0ab6 160D0000 		.4byte	.LASF137
 2286 0aba 0C       		.byte	0xc
 2287 0abb 33       		.byte	0x33
 2288 0abc 1D       		.uleb128 0x1d
 2289 0abd 2D070000 		.4byte	.LASF138
 2290 0ac1 2D070000 		.4byte	.LASF138
 2291 0ac5 0D       		.byte	0xd
 2292 0ac6 33       		.byte	0x33
 2293 0ac7 1D       		.uleb128 0x1d
 2294 0ac8 A1080000 		.4byte	.LASF139
 2295 0acc A1080000 		.4byte	.LASF139
 2296 0ad0 0E       		.byte	0xe
 2297 0ad1 33       		.byte	0x33
 2298 0ad2 1D       		.uleb128 0x1d
 2299 0ad3 6A0A0000 		.4byte	.LASF140
 2300 0ad7 6A0A0000 		.4byte	.LASF140
 2301 0adb 0F       		.byte	0xf
 2302 0adc 33       		.byte	0x33
 2303 0add 1D       		.uleb128 0x1d
 2304 0ade 1D0B0000 		.4byte	.LASF141
 2305 0ae2 1D0B0000 		.4byte	.LASF141
 2306 0ae6 10       		.byte	0x10
 2307 0ae7 33       		.byte	0x33
 2308 0ae8 1D       		.uleb128 0x1d
 2309 0ae9 F0020000 		.4byte	.LASF142
 2310 0aed F0020000 		.4byte	.LASF142
 2311 0af1 11       		.byte	0x11
 2312 0af2 33       		.byte	0x33
 2313 0af3 1D       		.uleb128 0x1d
 2314 0af4 700E0000 		.4byte	.LASF143
 2315 0af8 700E0000 		.4byte	.LASF143
 2316 0afc 12       		.byte	0x12
 2317 0afd 33       		.byte	0x33
 2318 0afe 1D       		.uleb128 0x1d
 2319 0aff D6090000 		.4byte	.LASF144
 2320 0b03 D6090000 		.4byte	.LASF144
 2321 0b07 13       		.byte	0x13
 2322 0b08 33       		.byte	0x33
 2323 0b09 1C       		.uleb128 0x1c
 2324 0b0a 4A070000 		.4byte	.LASF145
 2325 0b0e 4A070000 		.4byte	.LASF145
 2326 0b12 14       		.byte	0x14
 2327 0b13 3201     		.2byte	0x132
 2328 0b15 1C       		.uleb128 0x1c
 2329 0b16 E0070000 		.4byte	.LASF146
 2330 0b1a E0070000 		.4byte	.LASF146
 2331 0b1e 14       		.byte	0x14
 2332 0b1f 5501     		.2byte	0x155
 2333 0b21 1D       		.uleb128 0x1d
 2334 0b22 4B080000 		.4byte	.LASF147
 2335 0b26 4B080000 		.4byte	.LASF147
 2336 0b2a 06       		.byte	0x6
 2337 0b2b 0D       		.byte	0xd
 2338 0b2c 1D       		.uleb128 0x1d
 2339 0b2d A0000000 		.4byte	.LASF148
ARM GAS  C:\Users\ARTEM\AppData\Local\Temp\ccLQpEOO.s 			page 46


 2340 0b31 A0000000 		.4byte	.LASF148
 2341 0b35 15       		.byte	0x15
 2342 0b36 E7       		.byte	0xe7
 2343 0b37 1C       		.uleb128 0x1c
 2344 0b38 5F050000 		.4byte	.LASF149
 2345 0b3c 5F050000 		.4byte	.LASF149
 2346 0b40 16       		.byte	0x16
 2347 0b41 2A03     		.2byte	0x32a
 2348 0b43 1D       		.uleb128 0x1d
 2349 0b44 93020000 		.4byte	.LASF150
 2350 0b48 93020000 		.4byte	.LASF150
 2351 0b4c 17       		.byte	0x17
 2352 0b4d 9D       		.byte	0x9d
 2353 0b4e 1D       		.uleb128 0x1d
 2354 0b4f D70E0000 		.4byte	.LASF151
 2355 0b53 D70E0000 		.4byte	.LASF151
 2356 0b57 17       		.byte	0x17
 2357 0b58 A0       		.byte	0xa0
 2358 0b59 1D       		.uleb128 0x1d
 2359 0b5a 390A0000 		.4byte	.LASF152
 2360 0b5e 390A0000 		.4byte	.LASF152
 2361 0b62 17       		.byte	0x17
 2362 0b63 AC       		.byte	0xac
 2363 0b64 1D       		.uleb128 0x1d
 2364 0b65 79030000 		.4byte	.LASF153
 2365 0b69 79030000 		.4byte	.LASF153
 2366 0b6d 17       		.byte	0x17
 2367 0b6e 99       		.byte	0x99
 2368 0b6f 1D       		.uleb128 0x1d
 2369 0b70 3A090000 		.4byte	.LASF154
 2370 0b74 3A090000 		.4byte	.LASF154
 2371 0b78 18       		.byte	0x18
 2372 0b79 33       		.byte	0x33
 2373 0b7a 1D       		.uleb128 0x1d
 2374 0b7b AF0D0000 		.4byte	.LASF155
 2375 0b7f AF0D0000 		.4byte	.LASF155
 2376 0b83 19       		.byte	0x19
 2377 0b84 33       		.byte	0x33
 2378 0b85 1D       		.uleb128 0x1d
 2379 0b86 2C0D0000 		.4byte	.LASF156
 2380 0b8a 2C0D0000 		.4byte	.LASF156
 2381 0b8e 1A       		.byte	0x1a
 2382 0b8f EC       		.byte	0xec
 2383 0b90 1E       		.uleb128 0x1e
 2384 0b91 F4030000 		.4byte	.LASF162
 2385 0b95 F4030000 		.4byte	.LASF162
 2386 0b99 00       		.byte	0
 2387              		.section	.debug_abbrev,"",%progbits
 2388              	.Ldebug_abbrev0:
 2389 0000 01       		.uleb128 0x1
 2390 0001 11       		.uleb128 0x11
 2391 0002 01       		.byte	0x1
 2392 0003 25       		.uleb128 0x25
 2393 0004 0E       		.uleb128 0xe
 2394 0005 13       		.uleb128 0x13
 2395 0006 0B       		.uleb128 0xb
 2396 0007 03       		.uleb128 0x3
ARM GAS  C:\Users\ARTEM\AppData\Local\Temp\ccLQpEOO.s 			page 47


 2397 0008 0E       		.uleb128 0xe
 2398 0009 1B       		.uleb128 0x1b
 2399 000a 0E       		.uleb128 0xe
 2400 000b 55       		.uleb128 0x55
 2401 000c 17       		.uleb128 0x17
 2402 000d 11       		.uleb128 0x11
 2403 000e 01       		.uleb128 0x1
 2404 000f 10       		.uleb128 0x10
 2405 0010 17       		.uleb128 0x17
 2406 0011 00       		.byte	0
 2407 0012 00       		.byte	0
 2408 0013 02       		.uleb128 0x2
 2409 0014 24       		.uleb128 0x24
 2410 0015 00       		.byte	0
 2411 0016 0B       		.uleb128 0xb
 2412 0017 0B       		.uleb128 0xb
 2413 0018 3E       		.uleb128 0x3e
 2414 0019 0B       		.uleb128 0xb
 2415 001a 03       		.uleb128 0x3
 2416 001b 0E       		.uleb128 0xe
 2417 001c 00       		.byte	0
 2418 001d 00       		.byte	0
 2419 001e 03       		.uleb128 0x3
 2420 001f 24       		.uleb128 0x24
 2421 0020 00       		.byte	0
 2422 0021 0B       		.uleb128 0xb
 2423 0022 0B       		.uleb128 0xb
 2424 0023 3E       		.uleb128 0x3e
 2425 0024 0B       		.uleb128 0xb
 2426 0025 03       		.uleb128 0x3
 2427 0026 08       		.uleb128 0x8
 2428 0027 00       		.byte	0
 2429 0028 00       		.byte	0
 2430 0029 04       		.uleb128 0x4
 2431 002a 16       		.uleb128 0x16
 2432 002b 00       		.byte	0
 2433 002c 03       		.uleb128 0x3
 2434 002d 0E       		.uleb128 0xe
 2435 002e 3A       		.uleb128 0x3a
 2436 002f 0B       		.uleb128 0xb
 2437 0030 3B       		.uleb128 0x3b
 2438 0031 05       		.uleb128 0x5
 2439 0032 49       		.uleb128 0x49
 2440 0033 13       		.uleb128 0x13
 2441 0034 00       		.byte	0
 2442 0035 00       		.byte	0
 2443 0036 05       		.uleb128 0x5
 2444 0037 04       		.uleb128 0x4
 2445 0038 01       		.byte	0x1
 2446 0039 0B       		.uleb128 0xb
 2447 003a 0B       		.uleb128 0xb
 2448 003b 49       		.uleb128 0x49
 2449 003c 13       		.uleb128 0x13
 2450 003d 3A       		.uleb128 0x3a
 2451 003e 0B       		.uleb128 0xb
 2452 003f 3B       		.uleb128 0x3b
 2453 0040 05       		.uleb128 0x5
ARM GAS  C:\Users\ARTEM\AppData\Local\Temp\ccLQpEOO.s 			page 48


 2454 0041 01       		.uleb128 0x1
 2455 0042 13       		.uleb128 0x13
 2456 0043 00       		.byte	0
 2457 0044 00       		.byte	0
 2458 0045 06       		.uleb128 0x6
 2459 0046 28       		.uleb128 0x28
 2460 0047 00       		.byte	0
 2461 0048 03       		.uleb128 0x3
 2462 0049 0E       		.uleb128 0xe
 2463 004a 1C       		.uleb128 0x1c
 2464 004b 0B       		.uleb128 0xb
 2465 004c 00       		.byte	0
 2466 004d 00       		.byte	0
 2467 004e 07       		.uleb128 0x7
 2468 004f 04       		.uleb128 0x4
 2469 0050 01       		.byte	0x1
 2470 0051 0B       		.uleb128 0xb
 2471 0052 0B       		.uleb128 0xb
 2472 0053 49       		.uleb128 0x49
 2473 0054 13       		.uleb128 0x13
 2474 0055 3A       		.uleb128 0x3a
 2475 0056 0B       		.uleb128 0xb
 2476 0057 3B       		.uleb128 0x3b
 2477 0058 0B       		.uleb128 0xb
 2478 0059 01       		.uleb128 0x1
 2479 005a 13       		.uleb128 0x13
 2480 005b 00       		.byte	0
 2481 005c 00       		.byte	0
 2482 005d 08       		.uleb128 0x8
 2483 005e 2E       		.uleb128 0x2e
 2484 005f 01       		.byte	0x1
 2485 0060 3F       		.uleb128 0x3f
 2486 0061 19       		.uleb128 0x19
 2487 0062 03       		.uleb128 0x3
 2488 0063 0E       		.uleb128 0xe
 2489 0064 3A       		.uleb128 0x3a
 2490 0065 0B       		.uleb128 0xb
 2491 0066 3B       		.uleb128 0x3b
 2492 0067 0B       		.uleb128 0xb
 2493 0068 27       		.uleb128 0x27
 2494 0069 19       		.uleb128 0x19
 2495 006a 11       		.uleb128 0x11
 2496 006b 01       		.uleb128 0x1
 2497 006c 12       		.uleb128 0x12
 2498 006d 06       		.uleb128 0x6
 2499 006e 40       		.uleb128 0x40
 2500 006f 18       		.uleb128 0x18
 2501 0070 9742     		.uleb128 0x2117
 2502 0072 19       		.uleb128 0x19
 2503 0073 01       		.uleb128 0x1
 2504 0074 13       		.uleb128 0x13
 2505 0075 00       		.byte	0
 2506 0076 00       		.byte	0
 2507 0077 09       		.uleb128 0x9
 2508 0078 898201   		.uleb128 0x4109
 2509 007b 01       		.byte	0x1
 2510 007c 11       		.uleb128 0x11
ARM GAS  C:\Users\ARTEM\AppData\Local\Temp\ccLQpEOO.s 			page 49


 2511 007d 01       		.uleb128 0x1
 2512 007e 31       		.uleb128 0x31
 2513 007f 13       		.uleb128 0x13
 2514 0080 01       		.uleb128 0x1
 2515 0081 13       		.uleb128 0x13
 2516 0082 00       		.byte	0
 2517 0083 00       		.byte	0
 2518 0084 0A       		.uleb128 0xa
 2519 0085 8A8201   		.uleb128 0x410a
 2520 0088 00       		.byte	0
 2521 0089 02       		.uleb128 0x2
 2522 008a 18       		.uleb128 0x18
 2523 008b 9142     		.uleb128 0x2111
 2524 008d 18       		.uleb128 0x18
 2525 008e 00       		.byte	0
 2526 008f 00       		.byte	0
 2527 0090 0B       		.uleb128 0xb
 2528 0091 898201   		.uleb128 0x4109
 2529 0094 01       		.byte	0x1
 2530 0095 11       		.uleb128 0x11
 2531 0096 01       		.uleb128 0x1
 2532 0097 31       		.uleb128 0x31
 2533 0098 13       		.uleb128 0x13
 2534 0099 00       		.byte	0
 2535 009a 00       		.byte	0
 2536 009b 0C       		.uleb128 0xc
 2537 009c 05       		.uleb128 0x5
 2538 009d 00       		.byte	0
 2539 009e 03       		.uleb128 0x3
 2540 009f 0E       		.uleb128 0xe
 2541 00a0 3A       		.uleb128 0x3a
 2542 00a1 0B       		.uleb128 0xb
 2543 00a2 3B       		.uleb128 0x3b
 2544 00a3 0B       		.uleb128 0xb
 2545 00a4 49       		.uleb128 0x49
 2546 00a5 13       		.uleb128 0x13
 2547 00a6 02       		.uleb128 0x2
 2548 00a7 17       		.uleb128 0x17
 2549 00a8 00       		.byte	0
 2550 00a9 00       		.byte	0
 2551 00aa 0D       		.uleb128 0xd
 2552 00ab 898201   		.uleb128 0x4109
 2553 00ae 00       		.byte	0
 2554 00af 11       		.uleb128 0x11
 2555 00b0 01       		.uleb128 0x1
 2556 00b1 31       		.uleb128 0x31
 2557 00b2 13       		.uleb128 0x13
 2558 00b3 00       		.byte	0
 2559 00b4 00       		.byte	0
 2560 00b5 0E       		.uleb128 0xe
 2561 00b6 0F       		.uleb128 0xf
 2562 00b7 00       		.byte	0
 2563 00b8 0B       		.uleb128 0xb
 2564 00b9 0B       		.uleb128 0xb
 2565 00ba 49       		.uleb128 0x49
 2566 00bb 13       		.uleb128 0x13
 2567 00bc 00       		.byte	0
ARM GAS  C:\Users\ARTEM\AppData\Local\Temp\ccLQpEOO.s 			page 50


 2568 00bd 00       		.byte	0
 2569 00be 0F       		.uleb128 0xf
 2570 00bf 34       		.uleb128 0x34
 2571 00c0 00       		.byte	0
 2572 00c1 03       		.uleb128 0x3
 2573 00c2 0E       		.uleb128 0xe
 2574 00c3 3A       		.uleb128 0x3a
 2575 00c4 0B       		.uleb128 0xb
 2576 00c5 3B       		.uleb128 0x3b
 2577 00c6 0B       		.uleb128 0xb
 2578 00c7 49       		.uleb128 0x49
 2579 00c8 13       		.uleb128 0x13
 2580 00c9 02       		.uleb128 0x2
 2581 00ca 18       		.uleb128 0x18
 2582 00cb 00       		.byte	0
 2583 00cc 00       		.byte	0
 2584 00cd 10       		.uleb128 0x10
 2585 00ce 0B       		.uleb128 0xb
 2586 00cf 01       		.byte	0x1
 2587 00d0 11       		.uleb128 0x11
 2588 00d1 01       		.uleb128 0x1
 2589 00d2 12       		.uleb128 0x12
 2590 00d3 06       		.uleb128 0x6
 2591 00d4 01       		.uleb128 0x1
 2592 00d5 13       		.uleb128 0x13
 2593 00d6 00       		.byte	0
 2594 00d7 00       		.byte	0
 2595 00d8 11       		.uleb128 0x11
 2596 00d9 34       		.uleb128 0x34
 2597 00da 00       		.byte	0
 2598 00db 03       		.uleb128 0x3
 2599 00dc 08       		.uleb128 0x8
 2600 00dd 3A       		.uleb128 0x3a
 2601 00de 0B       		.uleb128 0xb
 2602 00df 3B       		.uleb128 0x3b
 2603 00e0 0B       		.uleb128 0xb
 2604 00e1 49       		.uleb128 0x49
 2605 00e2 13       		.uleb128 0x13
 2606 00e3 02       		.uleb128 0x2
 2607 00e4 18       		.uleb128 0x18
 2608 00e5 00       		.byte	0
 2609 00e6 00       		.byte	0
 2610 00e7 12       		.uleb128 0x12
 2611 00e8 35       		.uleb128 0x35
 2612 00e9 00       		.byte	0
 2613 00ea 49       		.uleb128 0x49
 2614 00eb 13       		.uleb128 0x13
 2615 00ec 00       		.byte	0
 2616 00ed 00       		.byte	0
 2617 00ee 13       		.uleb128 0x13
 2618 00ef 01       		.uleb128 0x1
 2619 00f0 01       		.byte	0x1
 2620 00f1 49       		.uleb128 0x49
 2621 00f2 13       		.uleb128 0x13
 2622 00f3 01       		.uleb128 0x1
 2623 00f4 13       		.uleb128 0x13
 2624 00f5 00       		.byte	0
ARM GAS  C:\Users\ARTEM\AppData\Local\Temp\ccLQpEOO.s 			page 51


 2625 00f6 00       		.byte	0
 2626 00f7 14       		.uleb128 0x14
 2627 00f8 21       		.uleb128 0x21
 2628 00f9 00       		.byte	0
 2629 00fa 49       		.uleb128 0x49
 2630 00fb 13       		.uleb128 0x13
 2631 00fc 2F       		.uleb128 0x2f
 2632 00fd 0B       		.uleb128 0xb
 2633 00fe 00       		.byte	0
 2634 00ff 00       		.byte	0
 2635 0100 15       		.uleb128 0x15
 2636 0101 2E       		.uleb128 0x2e
 2637 0102 00       		.byte	0
 2638 0103 3F       		.uleb128 0x3f
 2639 0104 19       		.uleb128 0x19
 2640 0105 03       		.uleb128 0x3
 2641 0106 0E       		.uleb128 0xe
 2642 0107 3A       		.uleb128 0x3a
 2643 0108 0B       		.uleb128 0xb
 2644 0109 3B       		.uleb128 0x3b
 2645 010a 0B       		.uleb128 0xb
 2646 010b 49       		.uleb128 0x49
 2647 010c 13       		.uleb128 0x13
 2648 010d 11       		.uleb128 0x11
 2649 010e 01       		.uleb128 0x1
 2650 010f 12       		.uleb128 0x12
 2651 0110 06       		.uleb128 0x6
 2652 0111 40       		.uleb128 0x40
 2653 0112 18       		.uleb128 0x18
 2654 0113 9742     		.uleb128 0x2117
 2655 0115 19       		.uleb128 0x19
 2656 0116 00       		.byte	0
 2657 0117 00       		.byte	0
 2658 0118 16       		.uleb128 0x16
 2659 0119 2E       		.uleb128 0x2e
 2660 011a 01       		.byte	0x1
 2661 011b 3F       		.uleb128 0x3f
 2662 011c 19       		.uleb128 0x19
 2663 011d 03       		.uleb128 0x3
 2664 011e 0E       		.uleb128 0xe
 2665 011f 3A       		.uleb128 0x3a
 2666 0120 0B       		.uleb128 0xb
 2667 0121 3B       		.uleb128 0x3b
 2668 0122 0B       		.uleb128 0xb
 2669 0123 11       		.uleb128 0x11
 2670 0124 01       		.uleb128 0x1
 2671 0125 12       		.uleb128 0x12
 2672 0126 06       		.uleb128 0x6
 2673 0127 40       		.uleb128 0x40
 2674 0128 18       		.uleb128 0x18
 2675 0129 9742     		.uleb128 0x2117
 2676 012b 19       		.uleb128 0x19
 2677 012c 01       		.uleb128 0x1
 2678 012d 13       		.uleb128 0x13
 2679 012e 00       		.byte	0
 2680 012f 00       		.byte	0
 2681 0130 17       		.uleb128 0x17
ARM GAS  C:\Users\ARTEM\AppData\Local\Temp\ccLQpEOO.s 			page 52


 2682 0131 34       		.uleb128 0x34
 2683 0132 00       		.byte	0
 2684 0133 03       		.uleb128 0x3
 2685 0134 0E       		.uleb128 0xe
 2686 0135 3A       		.uleb128 0x3a
 2687 0136 0B       		.uleb128 0xb
 2688 0137 3B       		.uleb128 0x3b
 2689 0138 0B       		.uleb128 0xb
 2690 0139 49       		.uleb128 0x49
 2691 013a 13       		.uleb128 0x13
 2692 013b 3F       		.uleb128 0x3f
 2693 013c 19       		.uleb128 0x19
 2694 013d 02       		.uleb128 0x2
 2695 013e 18       		.uleb128 0x18
 2696 013f 00       		.byte	0
 2697 0140 00       		.byte	0
 2698 0141 18       		.uleb128 0x18
 2699 0142 34       		.uleb128 0x34
 2700 0143 00       		.byte	0
 2701 0144 03       		.uleb128 0x3
 2702 0145 08       		.uleb128 0x8
 2703 0146 3A       		.uleb128 0x3a
 2704 0147 0B       		.uleb128 0xb
 2705 0148 3B       		.uleb128 0x3b
 2706 0149 0B       		.uleb128 0xb
 2707 014a 49       		.uleb128 0x49
 2708 014b 13       		.uleb128 0x13
 2709 014c 3F       		.uleb128 0x3f
 2710 014d 19       		.uleb128 0x19
 2711 014e 02       		.uleb128 0x2
 2712 014f 18       		.uleb128 0x18
 2713 0150 00       		.byte	0
 2714 0151 00       		.byte	0
 2715 0152 19       		.uleb128 0x19
 2716 0153 21       		.uleb128 0x21
 2717 0154 00       		.byte	0
 2718 0155 00       		.byte	0
 2719 0156 00       		.byte	0
 2720 0157 1A       		.uleb128 0x1a
 2721 0158 26       		.uleb128 0x26
 2722 0159 00       		.byte	0
 2723 015a 49       		.uleb128 0x49
 2724 015b 13       		.uleb128 0x13
 2725 015c 00       		.byte	0
 2726 015d 00       		.byte	0
 2727 015e 1B       		.uleb128 0x1b
 2728 015f 34       		.uleb128 0x34
 2729 0160 00       		.byte	0
 2730 0161 03       		.uleb128 0x3
 2731 0162 0E       		.uleb128 0xe
 2732 0163 3A       		.uleb128 0x3a
 2733 0164 0B       		.uleb128 0xb
 2734 0165 3B       		.uleb128 0x3b
 2735 0166 0B       		.uleb128 0xb
 2736 0167 49       		.uleb128 0x49
 2737 0168 13       		.uleb128 0x13
 2738 0169 3F       		.uleb128 0x3f
ARM GAS  C:\Users\ARTEM\AppData\Local\Temp\ccLQpEOO.s 			page 53


 2739 016a 19       		.uleb128 0x19
 2740 016b 3C       		.uleb128 0x3c
 2741 016c 19       		.uleb128 0x19
 2742 016d 00       		.byte	0
 2743 016e 00       		.byte	0
 2744 016f 1C       		.uleb128 0x1c
 2745 0170 2E       		.uleb128 0x2e
 2746 0171 00       		.byte	0
 2747 0172 3F       		.uleb128 0x3f
 2748 0173 19       		.uleb128 0x19
 2749 0174 3C       		.uleb128 0x3c
 2750 0175 19       		.uleb128 0x19
 2751 0176 6E       		.uleb128 0x6e
 2752 0177 0E       		.uleb128 0xe
 2753 0178 03       		.uleb128 0x3
 2754 0179 0E       		.uleb128 0xe
 2755 017a 3A       		.uleb128 0x3a
 2756 017b 0B       		.uleb128 0xb
 2757 017c 3B       		.uleb128 0x3b
 2758 017d 05       		.uleb128 0x5
 2759 017e 00       		.byte	0
 2760 017f 00       		.byte	0
 2761 0180 1D       		.uleb128 0x1d
 2762 0181 2E       		.uleb128 0x2e
 2763 0182 00       		.byte	0
 2764 0183 3F       		.uleb128 0x3f
 2765 0184 19       		.uleb128 0x19
 2766 0185 3C       		.uleb128 0x3c
 2767 0186 19       		.uleb128 0x19
 2768 0187 6E       		.uleb128 0x6e
 2769 0188 0E       		.uleb128 0xe
 2770 0189 03       		.uleb128 0x3
 2771 018a 0E       		.uleb128 0xe
 2772 018b 3A       		.uleb128 0x3a
 2773 018c 0B       		.uleb128 0xb
 2774 018d 3B       		.uleb128 0x3b
 2775 018e 0B       		.uleb128 0xb
 2776 018f 00       		.byte	0
 2777 0190 00       		.byte	0
 2778 0191 1E       		.uleb128 0x1e
 2779 0192 2E       		.uleb128 0x2e
 2780 0193 00       		.byte	0
 2781 0194 3F       		.uleb128 0x3f
 2782 0195 19       		.uleb128 0x19
 2783 0196 3C       		.uleb128 0x3c
 2784 0197 19       		.uleb128 0x19
 2785 0198 6E       		.uleb128 0x6e
 2786 0199 0E       		.uleb128 0xe
 2787 019a 03       		.uleb128 0x3
 2788 019b 0E       		.uleb128 0xe
 2789 019c 00       		.byte	0
 2790 019d 00       		.byte	0
 2791 019e 00       		.byte	0
 2792              		.section	.debug_loc,"",%progbits
 2793              	.Ldebug_loc0:
 2794              	.LLST0:
 2795 0000 00000000 		.4byte	.LVL10
ARM GAS  C:\Users\ARTEM\AppData\Local\Temp\ccLQpEOO.s 			page 54


 2796 0004 20000000 		.4byte	.LVL11
 2797 0008 0100     		.2byte	0x1
 2798 000a 50       		.byte	0x50
 2799 000b 20000000 		.4byte	.LVL11
 2800 000f E8000000 		.4byte	.LVL34
 2801 0013 0100     		.2byte	0x1
 2802 0015 54       		.byte	0x54
 2803 0016 E8000000 		.4byte	.LVL34
 2804 001a FC000000 		.4byte	.LFE39
 2805 001e 0400     		.2byte	0x4
 2806 0020 F3       		.byte	0xf3
 2807 0021 01       		.uleb128 0x1
 2808 0022 50       		.byte	0x50
 2809 0023 9F       		.byte	0x9f
 2810 0024 00000000 		.4byte	0
 2811 0028 00000000 		.4byte	0
 2812              	.LLST1:
 2813 002c 00000000 		.4byte	.LVL35
 2814 0030 13000000 		.4byte	.LVL36-1
 2815 0034 0100     		.2byte	0x1
 2816 0036 50       		.byte	0x50
 2817 0037 13000000 		.4byte	.LVL36-1
 2818 003b 20000000 		.4byte	.LFE40
 2819 003f 0400     		.2byte	0x4
 2820 0041 F3       		.byte	0xf3
 2821 0042 01       		.uleb128 0x1
 2822 0043 50       		.byte	0x50
 2823 0044 9F       		.byte	0x9f
 2824 0045 00000000 		.4byte	0
 2825 0049 00000000 		.4byte	0
 2826              	.LLST2:
 2827 004d 00000000 		.4byte	.LVL37
 2828 0051 15000000 		.4byte	.LVL38-1
 2829 0055 0100     		.2byte	0x1
 2830 0057 50       		.byte	0x50
 2831 0058 15000000 		.4byte	.LVL38-1
 2832 005c FC000000 		.4byte	.LFE41
 2833 0060 0400     		.2byte	0x4
 2834 0062 F3       		.byte	0xf3
 2835 0063 01       		.uleb128 0x1
 2836 0064 50       		.byte	0x50
 2837 0065 9F       		.byte	0x9f
 2838 0066 00000000 		.4byte	0
 2839 006a 00000000 		.4byte	0
 2840              		.section	.debug_aranges,"",%progbits
 2841 0000 6C000000 		.4byte	0x6c
 2842 0004 0200     		.2byte	0x2
 2843 0006 00000000 		.4byte	.Ldebug_info0
 2844 000a 04       		.byte	0x4
 2845 000b 00       		.byte	0
 2846 000c 0000     		.2byte	0
 2847 000e 0000     		.2byte	0
 2848 0010 00000000 		.4byte	.LFB36
 2849 0014 1E000000 		.4byte	.LFE36-.LFB36
 2850 0018 00000000 		.4byte	.LFB37
 2851 001c 1E000000 		.4byte	.LFE37-.LFB37
 2852 0020 00000000 		.4byte	.LFB38
ARM GAS  C:\Users\ARTEM\AppData\Local\Temp\ccLQpEOO.s 			page 55


 2853 0024 10000000 		.4byte	.LFE38-.LFB38
 2854 0028 00000000 		.4byte	.LFB39
 2855 002c FC000000 		.4byte	.LFE39-.LFB39
 2856 0030 00000000 		.4byte	.LFB40
 2857 0034 20000000 		.4byte	.LFE40-.LFB40
 2858 0038 00000000 		.4byte	.LFB41
 2859 003c FC000000 		.4byte	.LFE41-.LFB41
 2860 0040 00000000 		.4byte	.LFB42
 2861 0044 1C000000 		.4byte	.LFE42-.LFB42
 2862 0048 00000000 		.4byte	.LFB44
 2863 004c 3C000000 		.4byte	.LFE44-.LFB44
 2864 0050 00000000 		.4byte	.LFB45
 2865 0054 48000000 		.4byte	.LFE45-.LFB45
 2866 0058 00000000 		.4byte	.LFB46
 2867 005c 48000000 		.4byte	.LFE46-.LFB46
 2868 0060 00000000 		.4byte	.LFB43
 2869 0064 60000000 		.4byte	.LFE43-.LFB43
 2870 0068 00000000 		.4byte	0
 2871 006c 00000000 		.4byte	0
 2872              		.section	.debug_ranges,"",%progbits
 2873              	.Ldebug_ranges0:
 2874 0000 00000000 		.4byte	.LFB36
 2875 0004 1E000000 		.4byte	.LFE36
 2876 0008 00000000 		.4byte	.LFB37
 2877 000c 1E000000 		.4byte	.LFE37
 2878 0010 00000000 		.4byte	.LFB38
 2879 0014 10000000 		.4byte	.LFE38
 2880 0018 00000000 		.4byte	.LFB39
 2881 001c FC000000 		.4byte	.LFE39
 2882 0020 00000000 		.4byte	.LFB40
 2883 0024 20000000 		.4byte	.LFE40
 2884 0028 00000000 		.4byte	.LFB41
 2885 002c FC000000 		.4byte	.LFE41
 2886 0030 00000000 		.4byte	.LFB42
 2887 0034 1C000000 		.4byte	.LFE42
 2888 0038 00000000 		.4byte	.LFB44
 2889 003c 3C000000 		.4byte	.LFE44
 2890 0040 00000000 		.4byte	.LFB45
 2891 0044 48000000 		.4byte	.LFE45
 2892 0048 00000000 		.4byte	.LFB46
 2893 004c 48000000 		.4byte	.LFE46
 2894 0050 00000000 		.4byte	.LFB43
 2895 0054 60000000 		.4byte	.LFE43
 2896 0058 00000000 		.4byte	0
 2897 005c 00000000 		.4byte	0
 2898              		.section	.debug_line,"",%progbits
 2899              	.Ldebug_line0:
 2900 0000 84030000 		.section	.debug_str,"MS",%progbits,1
 2900      02004C02 
 2900      00000201 
 2900      FB0E0D00 
 2900      01010101 
 2901              	.LASF59:
 2902 0000 4359424C 		.ascii	"CYBLE_EVT_GATTC_READ_BLOB_RSP\000"
 2902      455F4556 
 2902      545F4741 
 2902      5454435F 
ARM GAS  C:\Users\ARTEM\AppData\Local\Temp\ccLQpEOO.s 			page 56


 2902      52454144 
 2903              	.LASF23:
 2904 001e 4359424C 		.ascii	"CYBLE_EVT_STACK_BUSY_STATUS\000"
 2904      455F4556 
 2904      545F5354 
 2904      41434B5F 
 2904      42555359 
 2905              	.LASF10:
 2906 003a 75696E74 		.ascii	"uint16\000"
 2906      313600
 2907              	.LASF81:
 2908 0041 4359424C 		.ascii	"CYBLE_EVT_L2CAP_CBFC_DATA_READ\000"
 2908      455F4556 
 2908      545F4C32 
 2908      4341505F 
 2908      43424643 
 2909              	.LASF159:
 2910 0060 423A5C55 		.ascii	"B:\\UCU Second year\\Term 1\\POC\\Project\\CyberPon"
 2910      43552053 
 2910      65636F6E 
 2910      64207965 
 2910      61725C54 
 2911 008e 675C4379 		.ascii	"g\\CyberPong.cydsn\000"
 2911      62657250 
 2911      6F6E672E 
 2911      63796473 
 2911      6E00
 2912              	.LASF148:
 2913 00a0 73707269 		.ascii	"sprintf\000"
 2913      6E746600 
 2914              	.LASF35:
 2915 00a8 4359424C 		.ascii	"CYBLE_EVT_GAP_CONNECTION_UPDATE_COMPLETE\000"
 2915      455F4556 
 2915      545F4741 
 2915      505F434F 
 2915      4E4E4543 
 2916              	.LASF96:
 2917 00d1 4359424C 		.ascii	"CYBLE_AIOS_CHAR_USER_DESCRIPTION_DESCR\000"
 2917      455F4149 
 2917      4F535F43 
 2917      4841525F 
 2917      55534552 
 2918              	.LASF90:
 2919 00f8 4359424C 		.ascii	"CYBLE_AIOS_DIGITAL\000"
 2919      455F4149 
 2919      4F535F44 
 2919      49474954 
 2919      414C00
 2920              	.LASF80:
 2921 010b 4359424C 		.ascii	"CYBLE_EVT_L2CAP_CBFC_DISCONN_CNF\000"
 2921      455F4556 
 2921      545F4C32 
 2921      4341505F 
 2921      43424643 
 2922              	.LASF40:
 2923 012c 4359424C 		.ascii	"CYBLE_EVT_GAP_OOB_GENERATED_NOTIFICATION\000"
 2923      455F4556 
ARM GAS  C:\Users\ARTEM\AppData\Local\Temp\ccLQpEOO.s 			page 57


 2923      545F4741 
 2923      505F4F4F 
 2923      425F4745 
 2924              	.LASF65:
 2925 0155 4359424C 		.ascii	"CYBLE_EVT_GATTS_EXEC_WRITE_REQ\000"
 2925      455F4556 
 2925      545F4741 
 2925      5454535F 
 2925      45584543 
 2926              	.LASF20:
 2927 0174 4359424C 		.ascii	"CYBLE_EVT_TIMEOUT\000"
 2927      455F4556 
 2927      545F5449 
 2927      4D454F55 
 2927      5400
 2928              	.LASF4:
 2929 0186 6C6F6E67 		.ascii	"long int\000"
 2929      20696E74 
 2929      00
 2930              	.LASF157:
 2931 018f 474E5520 		.ascii	"GNU C11 5.4.1 20160609 (release) [ARM/embedded-5-br"
 2931      43313120 
 2931      352E342E 
 2931      31203230 
 2931      31363036 
 2932 01c2 616E6368 		.ascii	"anch revision 237715] -mcpu=cortex-m0 -mthumb -g -O"
 2932      20726576 
 2932      6973696F 
 2932      6E203233 
 2932      37373135 
 2933 01f5 67202D66 		.ascii	"g -ffunction-sections -ffat-lto-objects\000"
 2933      66756E63 
 2933      74696F6E 
 2933      2D736563 
 2933      74696F6E 
 2934              	.LASF7:
 2935 021d 6C6F6E67 		.ascii	"long long unsigned int\000"
 2935      206C6F6E 
 2935      6720756E 
 2935      7369676E 
 2935      65642069 
 2936              	.LASF22:
 2937 0234 4359424C 		.ascii	"CYBLE_EVT_HCI_STATUS\000"
 2937      455F4556 
 2937      545F4843 
 2937      495F5354 
 2937      41545553 
 2938              	.LASF114:
 2939 0249 766F6C74 		.ascii	"voltage\000"
 2939      61676500 
 2940              	.LASF85:
 2941 0251 4359424C 		.ascii	"CYBLE_EVT_PENDING_FLASH_WRITE\000"
 2941      455F4556 
 2941      545F5045 
 2941      4E44494E 
 2941      475F464C 
 2942              	.LASF97:
ARM GAS  C:\Users\ARTEM\AppData\Local\Temp\ccLQpEOO.s 			page 58


 2943 026f 4359424C 		.ascii	"CYBLE_AIOS_CHAR_EXTENDED_PROPERTIES\000"
 2943      455F4149 
 2943      4F535F43 
 2943      4841525F 
 2943      45585445 
 2944              	.LASF150:
 2945 0293 4144435F 		.ascii	"ADC_StartConvert\000"
 2945      53746172 
 2945      74436F6E 
 2945      76657274 
 2945      00
 2946              	.LASF118:
 2947 02a4 766F6C74 		.ascii	"voltages\000"
 2947      61676573 
 2947      00
 2948              	.LASF74:
 2949 02ad 4359424C 		.ascii	"CYBLE_EVT_L2CAP_CONN_PARAM_UPDATE_REQ\000"
 2949      455F4556 
 2949      545F4C32 
 2949      4341505F 
 2949      434F4E4E 
 2950              	.LASF34:
 2951 02d3 4359424C 		.ascii	"CYBLE_EVT_GAP_ENCRYPT_CHANGE\000"
 2951      455F4556 
 2951      545F4741 
 2951      505F454E 
 2951      43525950 
 2952              	.LASF142:
 2953 02f0 50696E5F 		.ascii	"Pin_Output_UP_GROUND_Write\000"
 2953      4F757470 
 2953      75745F55 
 2953      505F4752 
 2953      4F554E44 
 2954              	.LASF0:
 2955 030b 7369676E 		.ascii	"signed char\000"
 2955      65642063 
 2955      68617200 
 2956              	.LASF19:
 2957 0317 4359424C 		.ascii	"CYBLE_EVT_STACK_ON\000"
 2957      455F4556 
 2957      545F5354 
 2957      41434B5F 
 2957      4F4E00
 2958              	.LASF36:
 2959 032a 4359424C 		.ascii	"CYBLE_EVT_GAPC_SCAN_START_STOP\000"
 2959      455F4556 
 2959      545F4741 
 2959      50435F53 
 2959      43414E5F 
 2960              	.LASF26:
 2961 0349 4359424C 		.ascii	"CYBLE_EVT_GAP_AUTH_REQ\000"
 2961      455F4556 
 2961      545F4741 
 2961      505F4155 
 2961      54485F52 
 2962              	.LASF58:
 2963 0360 4359424C 		.ascii	"CYBLE_EVT_GATTC_READ_RSP\000"
ARM GAS  C:\Users\ARTEM\AppData\Local\Temp\ccLQpEOO.s 			page 59


 2963      455F4556 
 2963      545F4741 
 2963      5454435F 
 2963      52454144 
 2964              	.LASF153:
 2965 0379 4144435F 		.ascii	"ADC_Start\000"
 2965      53746172 
 2965      7400
 2966              	.LASF113:
 2967 0383 61646352 		.ascii	"adcResult\000"
 2967      6573756C 
 2967      7400
 2968              	.LASF136:
 2969 038d 63686F6F 		.ascii	"chooseSide\000"
 2969      73655369 
 2969      646500
 2970              	.LASF63:
 2971 0398 4359424C 		.ascii	"CYBLE_EVT_GATTS_WRITE_CMD_REQ\000"
 2971      455F4556 
 2971      545F4741 
 2971      5454535F 
 2971      57524954 
 2972              	.LASF31:
 2973 03b6 4359424C 		.ascii	"CYBLE_EVT_GAPP_ADVERTISEMENT_START_STOP\000"
 2973      455F4556 
 2973      545F4741 
 2973      50505F41 
 2973      44564552 
 2974              	.LASF160:
 2975 03de 63686563 		.ascii	"checkDifficultyChange\000"
 2975      6B446966 
 2975      66696375 
 2975      6C747943 
 2975      68616E67 
 2976              	.LASF162:
 2977 03f4 6D656D63 		.ascii	"memcpy\000"
 2977      707900
 2978              	.LASF9:
 2979 03fb 75696E74 		.ascii	"uint8\000"
 2979      3800
 2980              	.LASF95:
 2981 0401 4359424C 		.ascii	"CYBLE_AIOS_CHAR_PRESENTATION_FORMAT\000"
 2981      455F4149 
 2981      4F535F43 
 2981      4841525F 
 2981      50524553 
 2982              	.LASF6:
 2983 0425 6C6F6E67 		.ascii	"long long int\000"
 2983      206C6F6E 
 2983      6720696E 
 2983      7400
 2984              	.LASF122:
 2985 0433 6E657744 		.ascii	"newDiffuculty\000"
 2985      69666675 
 2985      63756C74 
 2985      7900
 2986              	.LASF66:
ARM GAS  C:\Users\ARTEM\AppData\Local\Temp\ccLQpEOO.s 			page 60


 2987 0441 4359424C 		.ascii	"CYBLE_EVT_GATTC_EXEC_WRITE_RSP\000"
 2987      455F4556 
 2987      545F4741 
 2987      5454435F 
 2987      45584543 
 2988              	.LASF14:
 2989 0460 646F7562 		.ascii	"double\000"
 2989      6C6500
 2990              	.LASF11:
 2991 0467 75696E74 		.ascii	"uint32\000"
 2991      333200
 2992              	.LASF116:
 2993 046e 6D656469 		.ascii	"mediumMode\000"
 2993      756D4D6F 
 2993      646500
 2994              	.LASF89:
 2995 0479 4359424C 		.ascii	"CYBLE_EVT_MAX\000"
 2995      455F4556 
 2995      545F4D41 
 2995      5800
 2996              	.LASF84:
 2997 0487 4359424C 		.ascii	"CYBLE_EVT_L2CAP_CBFC_DATA_WRITE_IND\000"
 2997      455F4556 
 2997      545F4C32 
 2997      4341505F 
 2997      43424643 
 2998              	.LASF46:
 2999 04ab 4359424C 		.ascii	"CYBLE_EVT_GAP_SCAN_REQ_RECVD\000"
 2999      455F4556 
 2999      545F4741 
 2999      505F5343 
 2999      414E5F52 
 3000              	.LASF134:
 3001 04c8 494E325F 		.ascii	"IN2_P_00_Write\000"
 3001      505F3030 
 3001      5F577269 
 3001      746500
 3002              	.LASF73:
 3003 04d7 4359424C 		.ascii	"CYBLE_EVT_GATTC_LONG_PROCEDURE_END\000"
 3003      455F4556 
 3003      545F4741 
 3003      5454435F 
 3003      4C4F4E47 
 3004              	.LASF71:
 3005 04fa 4359424C 		.ascii	"CYBLE_EVT_GATTC_STOP_CMD_COMPLETE\000"
 3005      455F4556 
 3005      545F4741 
 3005      5454435F 
 3005      53544F50 
 3006              	.LASF8:
 3007 051c 756E7369 		.ascii	"unsigned int\000"
 3007      676E6564 
 3007      20696E74 
 3007      00
 3008              	.LASF102:
 3009 0529 4359424C 		.ascii	"CYBLE_AIOS_DESCR_COUNT\000"
 3009      455F4149 
ARM GAS  C:\Users\ARTEM\AppData\Local\Temp\ccLQpEOO.s 			page 61


 3009      4F535F44 
 3009      45534352 
 3009      5F434F55 
 3010              	.LASF86:
 3011 0540 4359424C 		.ascii	"CYBLE_EVT_LE_PING_AUTH_TIMEOUT\000"
 3011      455F4556 
 3011      545F4C45 
 3011      5F50494E 
 3011      475F4155 
 3012              	.LASF149:
 3013 055f 55415254 		.ascii	"UART_UartPutString\000"
 3013      5F556172 
 3013      74507574 
 3013      53747269 
 3013      6E6700
 3014              	.LASF5:
 3015 0572 6C6F6E67 		.ascii	"long unsigned int\000"
 3015      20756E73 
 3015      69676E65 
 3015      6420696E 
 3015      7400
 3016              	.LASF45:
 3017 0584 4359424C 		.ascii	"CYBLE_EVT_GAP_CONN_ESTB\000"
 3017      455F4556 
 3017      545F4741 
 3017      505F434F 
 3017      4E4E5F45 
 3018              	.LASF61:
 3019 059c 4359424C 		.ascii	"CYBLE_EVT_GATTS_WRITE_REQ\000"
 3019      455F4556 
 3019      545F4741 
 3019      5454535F 
 3019      57524954 
 3020              	.LASF53:
 3021 05b6 4359424C 		.ascii	"CYBLE_EVT_GATTC_XCHNG_MTU_RSP\000"
 3021      455F4556 
 3021      545F4741 
 3021      5454435F 
 3021      5843484E 
 3022              	.LASF70:
 3023 05d4 4359424C 		.ascii	"CYBLE_EVT_GATTS_DATA_SIGNED_CMD_REQ\000"
 3023      455F4556 
 3023      545F4741 
 3023      5454535F 
 3023      44415441 
 3024              	.LASF120:
 3025 05f8 62616C6C 		.ascii	"ballCounter\000"
 3025      436F756E 
 3025      74657200 
 3026              	.LASF92:
 3027 0604 4359424C 		.ascii	"CYBLE_AIOS_AGGREGATE\000"
 3027      455F4149 
 3027      4F535F41 
 3027      47475245 
 3027      47415445 
 3028              	.LASF125:
 3029 0619 646F5365 		.ascii	"doServe\000"
ARM GAS  C:\Users\ARTEM\AppData\Local\Temp\ccLQpEOO.s 			page 62


 3029      72766500 
 3030              	.LASF44:
 3031 0621 4359424C 		.ascii	"CYBLE_EVT_GAP_SMP_NEGOTIATED_AUTH_INFO\000"
 3031      455F4556 
 3031      545F4741 
 3031      505F534D 
 3031      505F4E45 
 3032              	.LASF3:
 3033 0648 73686F72 		.ascii	"short unsigned int\000"
 3033      7420756E 
 3033      7369676E 
 3033      65642069 
 3033      6E7400
 3034              	.LASF18:
 3035 065b 4359424C 		.ascii	"CYBLE_EVT_HOST_INVALID\000"
 3035      455F4556 
 3035      545F484F 
 3035      53545F49 
 3035      4E56414C 
 3036              	.LASF56:
 3037 0672 4359424C 		.ascii	"CYBLE_EVT_GATTC_FIND_INFO_RSP\000"
 3037      455F4556 
 3037      545F4741 
 3037      5454435F 
 3037      46494E44 
 3038              	.LASF24:
 3039 0690 4359424C 		.ascii	"CYBLE_EVT_MEMORY_REQUEST\000"
 3039      455F4556 
 3039      545F4D45 
 3039      4D4F5259 
 3039      5F524551 
 3040              	.LASF98:
 3041 06a9 4359424C 		.ascii	"CYBLE_AIOS_VALUE_TRIGGER_SETTINGS\000"
 3041      455F4149 
 3041      4F535F56 
 3041      414C5545 
 3041      5F545249 
 3042              	.LASF93:
 3043 06cb 4359424C 		.ascii	"CYBLE_AIOS_CHAR_COUNT\000"
 3043      455F4149 
 3043      4F535F43 
 3043      4841525F 
 3043      434F554E 
 3044              	.LASF27:
 3045 06e1 4359424C 		.ascii	"CYBLE_EVT_GAP_PASSKEY_ENTRY_REQUEST\000"
 3045      455F4556 
 3045      545F4741 
 3045      505F5041 
 3045      53534B45 
 3046              	.LASF32:
 3047 0705 4359424C 		.ascii	"CYBLE_EVT_GAP_DEVICE_CONNECTED\000"
 3047      455F4556 
 3047      545F4741 
 3047      505F4445 
 3047      56494345 
 3048              	.LASF117:
 3049 0724 68617264 		.ascii	"hardMode\000"
ARM GAS  C:\Users\ARTEM\AppData\Local\Temp\ccLQpEOO.s 			page 63


 3049      4D6F6465 
 3049      00
 3050              	.LASF138:
 3051 072d 50696E5F 		.ascii	"Pin_Output_LEFT_GROUND_Write\000"
 3051      4F757470 
 3051      75745F4C 
 3051      4546545F 
 3051      47524F55 
 3052              	.LASF145:
 3053 074a 50574D5F 		.ascii	"PWM_Start\000"
 3053      53746172 
 3053      7400
 3054              	.LASF47:
 3055 0754 4359424C 		.ascii	"CYBLE_EVT_GAP_AUTH_REQ_REPLY_ERR\000"
 3055      455F4556 
 3055      545F4741 
 3055      505F4155 
 3055      54485F52 
 3056              	.LASF2:
 3057 0775 73686F72 		.ascii	"short int\000"
 3057      7420696E 
 3057      7400
 3058              	.LASF28:
 3059 077f 4359424C 		.ascii	"CYBLE_EVT_GAP_PASSKEY_DISPLAY_REQUEST\000"
 3059      455F4556 
 3059      545F4741 
 3059      505F5041 
 3059      53534B45 
 3060              	.LASF101:
 3061 07a5 4359424C 		.ascii	"CYBLE_AIOS_NUM_OF_DIGITAL_DESCR\000"
 3061      455F4149 
 3061      4F535F4E 
 3061      554D5F4F 
 3061      465F4449 
 3062              	.LASF50:
 3063 07c5 4359424C 		.ascii	"CYBLE_EVT_GATT_CONNECT_IND\000"
 3063      455F4556 
 3063      545F4741 
 3063      54545F43 
 3063      4F4E4E45 
 3064              	.LASF146:
 3065 07e0 50574D5F 		.ascii	"PWM_WriteCompare\000"
 3065      57726974 
 3065      65436F6D 
 3065      70617265 
 3065      00
 3066              	.LASF133:
 3067 07f1 494E315F 		.ascii	"IN1_P_01_Write\000"
 3067      505F3031 
 3067      5F577269 
 3067      746500
 3068              	.LASF76:
 3069 0800 4359424C 		.ascii	"CYBLE_EVT_L2CAP_COMMAND_REJ\000"
 3069      455F4556 
 3069      545F4C32 
 3069      4341505F 
 3069      434F4D4D 
ARM GAS  C:\Users\ARTEM\AppData\Local\Temp\ccLQpEOO.s 			page 64


 3070              	.LASF25:
 3071 081c 4359424C 		.ascii	"CYBLE_EVT_GAPC_SCAN_PROGRESS_RESULT\000"
 3071      455F4556 
 3071      545F4741 
 3071      50435F53 
 3071      43414E5F 
 3072              	.LASF129:
 3073 0840 73746F70 		.ascii	"stopCoords\000"
 3073      436F6F72 
 3073      647300
 3074              	.LASF147:
 3075 084b 53746F70 		.ascii	"StopBallServe\000"
 3075      42616C6C 
 3075      53657276 
 3075      6500
 3076              	.LASF77:
 3077 0859 4359424C 		.ascii	"CYBLE_EVT_L2CAP_CBFC_CONN_IND\000"
 3077      455F4556 
 3077      545F4C32 
 3077      4341505F 
 3077      43424643 
 3078              	.LASF55:
 3079 0877 4359424C 		.ascii	"CYBLE_EVT_GATTC_READ_BY_TYPE_RSP\000"
 3079      455F4556 
 3079      545F4741 
 3079      5454435F 
 3079      52454144 
 3080              	.LASF17:
 3081 0898 73697A65 		.ascii	"sizetype\000"
 3081      74797065 
 3081      00
 3082              	.LASF139:
 3083 08a1 50696E5F 		.ascii	"Pin_Output_RIGHT_Write\000"
 3083      4F757470 
 3083      75745F52 
 3083      49474854 
 3083      5F577269 
 3084              	.LASF16:
 3085 08b8 6C6F6E67 		.ascii	"long double\000"
 3085      20646F75 
 3085      626C6500 
 3086              	.LASF30:
 3087 08c4 4359424C 		.ascii	"CYBLE_EVT_GAP_AUTH_FAILED\000"
 3087      455F4556 
 3087      545F4741 
 3087      505F4155 
 3087      54485F46 
 3088              	.LASF62:
 3089 08de 4359424C 		.ascii	"CYBLE_EVT_GATTC_WRITE_RSP\000"
 3089      455F4556 
 3089      545F4741 
 3089      5454435F 
 3089      57524954 
 3090              	.LASF43:
 3091 08f8 4359424C 		.ascii	"CYBLE_EVT_GAPC_DIRECT_ADV_REPORT\000"
 3091      455F4556 
 3091      545F4741 
ARM GAS  C:\Users\ARTEM\AppData\Local\Temp\ccLQpEOO.s 			page 65


 3091      50435F44 
 3091      49524543 
 3092              	.LASF41:
 3093 0919 4359424C 		.ascii	"CYBLE_EVT_GAP_DATA_LENGTH_CHANGE\000"
 3093      455F4556 
 3093      545F4741 
 3093      505F4441 
 3093      54415F4C 
 3094              	.LASF154:
 3095 093a 50696E5F 		.ascii	"Pin_Output_Serve_Write\000"
 3095      4F757470 
 3095      75745F53 
 3095      65727665 
 3095      5F577269 
 3096              	.LASF29:
 3097 0951 4359424C 		.ascii	"CYBLE_EVT_GAP_AUTH_COMPLETE\000"
 3097      455F4556 
 3097      545F4741 
 3097      505F4155 
 3097      54485F43 
 3098              	.LASF99:
 3099 096d 4359424C 		.ascii	"CYBLE_AIOS_TIME_TRIGGER_SETTINGS\000"
 3099      455F4149 
 3099      4F535F54 
 3099      494D455F 
 3099      54524947 
 3100              	.LASF67:
 3101 098e 4359424C 		.ascii	"CYBLE_EVT_GATTC_HANDLE_VALUE_NTF\000"
 3101      455F4556 
 3101      545F4741 
 3101      5454435F 
 3101      48414E44 
 3102              	.LASF135:
 3103 09af 6F6E6543 		.ascii	"oneColor\000"
 3103      6F6C6F72 
 3103      00
 3104              	.LASF78:
 3105 09b8 4359424C 		.ascii	"CYBLE_EVT_L2CAP_CBFC_CONN_CNF\000"
 3105      455F4556 
 3105      545F4C32 
 3105      4341505F 
 3105      43424643 
 3106              	.LASF144:
 3107 09d6 50696E5F 		.ascii	"Pin_Output_DOWN_GROUND_Write\000"
 3107      4F757470 
 3107      75745F44 
 3107      4F574E5F 
 3107      47524F55 
 3108              	.LASF132:
 3109 09f3 454E415F 		.ascii	"ENA_P_16_Write\000"
 3109      505F3136 
 3109      5F577269 
 3109      746500
 3110              	.LASF54:
 3111 0a02 4359424C 		.ascii	"CYBLE_EVT_GATTC_READ_BY_GROUP_TYPE_RSP\000"
 3111      455F4556 
 3111      545F4741 
ARM GAS  C:\Users\ARTEM\AppData\Local\Temp\ccLQpEOO.s 			page 66


 3111      5454435F 
 3111      52454144 
 3112              	.LASF126:
 3113 0a29 69735365 		.ascii	"isServing\000"
 3113      7276696E 
 3113      6700
 3114              	.LASF13:
 3115 0a33 666C6F61 		.ascii	"float\000"
 3115      7400
 3116              	.LASF152:
 3117 0a39 4144435F 		.ascii	"ADC_CountsTo_mVolts\000"
 3117      436F756E 
 3117      7473546F 
 3117      5F6D566F 
 3117      6C747300 
 3118              	.LASF131:
 3119 0a4d 50574D5F 		.ascii	"PWM_Down_WriteCompare\000"
 3119      446F776E 
 3119      5F577269 
 3119      7465436F 
 3119      6D706172 
 3120              	.LASF104:
 3121 0a63 7475726E 		.ascii	"turnUp\000"
 3121      557000
 3122              	.LASF140:
 3123 0a6a 50696E5F 		.ascii	"Pin_Output_RIGHT_GROUND_Write\000"
 3123      4F757470 
 3123      75745F52 
 3123      49474854 
 3123      5F47524F 
 3124              	.LASF110:
 3125 0a88 5F426F6F 		.ascii	"_Bool\000"
 3125      6C00
 3126              	.LASF1:
 3127 0a8e 756E7369 		.ascii	"unsigned char\000"
 3127      676E6564 
 3127      20636861 
 3127      7200
 3128              	.LASF115:
 3129 0a9c 65617379 		.ascii	"easyMode\000"
 3129      4D6F6465 
 3129      00
 3130              	.LASF112:
 3131 0aa5 64657369 		.ascii	"desired_voltage\000"
 3131      7265645F 
 3131      766F6C74 
 3131      61676500 
 3132              	.LASF119:
 3133 0ab5 75617274 		.ascii	"uart_rpm_buff\000"
 3133      5F72706D 
 3133      5F627566 
 3133      6600
 3134              	.LASF106:
 3135 0ac3 73657453 		.ascii	"setSpin\000"
 3135      70696E00 
 3136              	.LASF127:
 3137 0acb 636F756E 		.ascii	"counter\000"
ARM GAS  C:\Users\ARTEM\AppData\Local\Temp\ccLQpEOO.s 			page 67


 3137      74657200 
 3138              	.LASF68:
 3139 0ad3 4359424C 		.ascii	"CYBLE_EVT_GATTC_HANDLE_VALUE_IND\000"
 3139      455F4556 
 3139      545F4741 
 3139      5454435F 
 3139      48414E44 
 3140              	.LASF38:
 3141 0af4 4359424C 		.ascii	"CYBLE_EVT_GAP_NUMERIC_COMPARISON_REQUEST\000"
 3141      455F4556 
 3141      545F4741 
 3141      505F4E55 
 3141      4D455249 
 3142              	.LASF141:
 3143 0b1d 50696E5F 		.ascii	"Pin_Output_UP_Write\000"
 3143      4F757470 
 3143      75745F55 
 3143      505F5772 
 3143      69746500 
 3144              	.LASF87:
 3145 0b31 4359424C 		.ascii	"CYBLE_EVT_HCI_PKT\000"
 3145      455F4556 
 3145      545F4843 
 3145      495F504B 
 3145      5400
 3146              	.LASF91:
 3147 0b43 4359424C 		.ascii	"CYBLE_AIOS_ANALOG\000"
 3147      455F4149 
 3147      4F535F41 
 3147      4E414C4F 
 3147      4700
 3148              	.LASF64:
 3149 0b55 4359424C 		.ascii	"CYBLE_EVT_GATTS_PREP_WRITE_REQ\000"
 3149      455F4556 
 3149      545F4741 
 3149      5454535F 
 3149      50524550 
 3150              	.LASF69:
 3151 0b74 4359424C 		.ascii	"CYBLE_EVT_GATTS_HANDLE_VALUE_CNF\000"
 3151      455F4556 
 3151      545F4741 
 3151      5454535F 
 3151      48414E44 
 3152              	.LASF49:
 3153 0b95 4359424C 		.ascii	"CYBLE_EVT_GATTC_ERROR_RSP\000"
 3153      455F4556 
 3153      545F4741 
 3153      5454435F 
 3153      4552524F 
 3154              	.LASF103:
 3155 0baf 7475726E 		.ascii	"turnDown\000"
 3155      446F776E 
 3155      00
 3156              	.LASF121:
 3157 0bb8 6F6C6444 		.ascii	"oldDifficulty\000"
 3157      69666669 
 3157      63756C74 
ARM GAS  C:\Users\ARTEM\AppData\Local\Temp\ccLQpEOO.s 			page 68


 3157      7900
 3158              	.LASF123:
 3159 0bc6 6D6F746F 		.ascii	"motor_speeds\000"
 3159      725F7370 
 3159      65656473 
 3159      00
 3160              	.LASF109:
 3161 0bd3 656E6162 		.ascii	"enabled\000"
 3161      6C656400 
 3162              	.LASF105:
 3163 0bdb 73746F70 		.ascii	"stopMoving\000"
 3163      4D6F7669 
 3163      6E6700
 3164              	.LASF15:
 3165 0be6 63686172 		.ascii	"char\000"
 3165      00
 3166              	.LASF130:
 3167 0beb 636F6C6F 		.ascii	"color\000"
 3167      7200
 3168              	.LASF60:
 3169 0bf1 4359424C 		.ascii	"CYBLE_EVT_GATTC_READ_MULTI_RSP\000"
 3169      455F4556 
 3169      545F4741 
 3169      5454435F 
 3169      52454144 
 3170              	.LASF33:
 3171 0c10 4359424C 		.ascii	"CYBLE_EVT_GAP_DEVICE_DISCONNECTED\000"
 3171      455F4556 
 3171      545F4741 
 3171      505F4445 
 3171      56494345 
 3172              	.LASF72:
 3173 0c32 4359424C 		.ascii	"CYBLE_EVT_GATTS_READ_CHAR_VAL_ACCESS_REQ\000"
 3173      455F4556 
 3173      545F4741 
 3173      5454535F 
 3173      52454144 
 3174              	.LASF128:
 3175 0c5b 53747269 		.ascii	"StripLights_CLUT\000"
 3175      704C6967 
 3175      6874735F 
 3175      434C5554 
 3175      00
 3176              	.LASF39:
 3177 0c6c 4359424C 		.ascii	"CYBLE_EVT_GAP_KEYPRESS_NOTIFICATION\000"
 3177      455F4556 
 3177      545F4741 
 3177      505F4B45 
 3177      59505245 
 3178              	.LASF82:
 3179 0c90 4359424C 		.ascii	"CYBLE_EVT_L2CAP_CBFC_RX_CREDIT_IND\000"
 3179      455F4556 
 3179      545F4C32 
 3179      4341505F 
 3179      43424643 
 3180              	.LASF83:
 3181 0cb3 4359424C 		.ascii	"CYBLE_EVT_L2CAP_CBFC_TX_CREDIT_IND\000"
ARM GAS  C:\Users\ARTEM\AppData\Local\Temp\ccLQpEOO.s 			page 69


 3181      455F4556 
 3181      545F4C32 
 3181      4341505F 
 3181      43424643 
 3182              	.LASF111:
 3183 0cd6 73657444 		.ascii	"setDesiredVoltage\000"
 3183      65736972 
 3183      6564566F 
 3183      6C746167 
 3183      6500
 3184              	.LASF108:
 3185 0ce8 6D6F746F 		.ascii	"motors\000"
 3185      727300
 3186              	.LASF21:
 3187 0cef 4359424C 		.ascii	"CYBLE_EVT_HARDWARE_ERROR\000"
 3187      455F4556 
 3187      545F4841 
 3187      52445741 
 3187      52455F45 
 3188              	.LASF124:
 3189 0d08 6D6F746F 		.ascii	"motorsEnabled\000"
 3189      7273456E 
 3189      61626C65 
 3189      6400
 3190              	.LASF137:
 3191 0d16 50696E5F 		.ascii	"Pin_Output_LEFT_Write\000"
 3191      4F757470 
 3191      75745F4C 
 3191      4546545F 
 3191      57726974 
 3192              	.LASF156:
 3193 0d2c 43794465 		.ascii	"CyDelay\000"
 3193      6C617900 
 3194              	.LASF94:
 3195 0d34 4359424C 		.ascii	"CYBLE_AIOS_CCCD\000"
 3195      455F4149 
 3195      4F535F43 
 3195      43434400 
 3196              	.LASF52:
 3197 0d44 4359424C 		.ascii	"CYBLE_EVT_GATTS_XCNHG_MTU_REQ\000"
 3197      455F4556 
 3197      545F4741 
 3197      5454535F 
 3197      58434E48 
 3198              	.LASF158:
 3199 0d62 6D6F746F 		.ascii	"motorController.c\000"
 3199      72436F6E 
 3199      74726F6C 
 3199      6C65722E 
 3199      6300
 3200              	.LASF161:
 3201 0d74 73657444 		.ascii	"setDifficulty\000"
 3201      69666669 
 3201      63756C74 
 3201      7900
 3202              	.LASF12:
 3203 0d82 696E7431 		.ascii	"int16\000"
ARM GAS  C:\Users\ARTEM\AppData\Local\Temp\ccLQpEOO.s 			page 70


 3203      3600
 3204              	.LASF57:
 3205 0d88 4359424C 		.ascii	"CYBLE_EVT_GATTC_FIND_BY_TYPE_VALUE_RSP\000"
 3205      455F4556 
 3205      545F4741 
 3205      5454435F 
 3205      46494E44 
 3206              	.LASF155:
 3207 0daf 50696E5F 		.ascii	"Pin_Motor_Write\000"
 3207      4D6F746F 
 3207      725F5772 
 3207      69746500 
 3208              	.LASF37:
 3209 0dbf 4359424C 		.ascii	"CYBLE_EVT_GAP_KEYINFO_EXCHNGE_CMPLT\000"
 3209      455F4556 
 3209      545F4741 
 3209      505F4B45 
 3209      59494E46 
 3210              	.LASF79:
 3211 0de3 4359424C 		.ascii	"CYBLE_EVT_L2CAP_CBFC_DISCONN_IND\000"
 3211      455F4556 
 3211      545F4C32 
 3211      4341505F 
 3211      43424643 
 3212              	.LASF107:
 3213 0e04 5365744D 		.ascii	"SetMotorsEnabled\000"
 3213      6F746F72 
 3213      73456E61 
 3213      626C6564 
 3213      00
 3214              	.LASF48:
 3215 0e15 4359424C 		.ascii	"CYBLE_EVT_GAP_SMP_LOC_P256_KEYS_GEN_AND_SET_COMPLET"
 3215      455F4556 
 3215      545F4741 
 3215      505F534D 
 3215      505F4C4F 
 3216 0e48 4500     		.ascii	"E\000"
 3217              	.LASF75:
 3218 0e4a 4359424C 		.ascii	"CYBLE_EVT_L2CAP_CONN_PARAM_UPDATE_RSP\000"
 3218      455F4556 
 3218      545F4C32 
 3218      4341505F 
 3218      434F4E4E 
 3219              	.LASF143:
 3220 0e70 50696E5F 		.ascii	"Pin_Output_DOWN_Write\000"
 3220      4F757470 
 3220      75745F44 
 3220      4F574E5F 
 3220      57726974 
 3221              	.LASF42:
 3222 0e86 4359424C 		.ascii	"CYBLE_EVT_GAP_ENHANCE_CONN_COMPLETE\000"
 3222      455F4556 
 3222      545F4741 
 3222      505F454E 
 3222      48414E43 
 3223              	.LASF100:
 3224 0eaa 4359424C 		.ascii	"CYBLE_AIOS_VRD\000"
ARM GAS  C:\Users\ARTEM\AppData\Local\Temp\ccLQpEOO.s 			page 71


 3224      455F4149 
 3224      4F535F56 
 3224      524400
 3225              	.LASF51:
 3226 0eb9 4359424C 		.ascii	"CYBLE_EVT_GATT_DISCONNECT_IND\000"
 3226      455F4556 
 3226      545F4741 
 3226      54545F44 
 3226      4953434F 
 3227              	.LASF151:
 3228 0ed7 4144435F 		.ascii	"ADC_GetResult16\000"
 3228      47657452 
 3228      6573756C 
 3228      74313600 
 3229              	.LASF88:
 3230 0ee7 4359424C 		.ascii	"CYBLE_EVT_FLASH_CORRUPT\000"
 3230      455F4556 
 3230      545F464C 
 3230      4153485F 
 3230      434F5252 
 3231              		.ident	"GCC: (GNU Tools for ARM Embedded Processors) 5.4.1 20160609 (release) [ARM/embedded-5-bran
