ARM GAS  C:\Users\ARTEM\AppData\Local\Temp\ccSYEePJ.s 			page 1


   1              		.syntax unified
   2              		.cpu cortex-m0
   3              		.fpu softvfp
   4              		.eabi_attribute 20, 1
   5              		.eabi_attribute 21, 1
   6              		.eabi_attribute 23, 3
   7              		.eabi_attribute 24, 1
   8              		.eabi_attribute 25, 1
   9              		.eabi_attribute 26, 1
  10              		.eabi_attribute 30, 1
  11              		.eabi_attribute 34, 0
  12              		.eabi_attribute 18, 4
  13              		.thumb
  14              		.syntax unified
  15              		.file	"StripLights.c"
  16              		.text
  17              	.Ltext0:
  18              		.cfi_sections	.debug_frame
  19              		.section	.text.StripLights_FISR,"ax",%progbits
  20              		.align	2
  21              		.global	StripLights_FISR
  22              		.code	16
  23              		.thumb_func
  24              		.type	StripLights_FISR, %function
  25              	StripLights_FISR:
  26              	.LFB40:
  27              		.file 1 "Generated_Source\\PSoC4\\StripLights.c"
   1:Generated_Source\PSoC4/StripLights.c **** /* =========================================================
   2:Generated_Source\PSoC4/StripLights.c ****  *
   3:Generated_Source\PSoC4/StripLights.c ****  * Strip Light Controller
   4:Generated_Source\PSoC4/StripLights.c ****  * By Mark Hastings
   5:Generated_Source\PSoC4/StripLights.c ****  *
   6:Generated_Source\PSoC4/StripLights.c ****  * 05/27/2013  v1.0  Mark Hastings   Initial working version
   7:Generated_Source\PSoC4/StripLights.c ****  * 09/04/2013  v1.3  Mark Hastings   Add more features and color lookup.
   8:Generated_Source\PSoC4/StripLights.c ****  * 12/02/2013  v1.6  Mark Hastings   Added a couple more functions.
   9:Generated_Source\PSoC4/StripLights.c ****  *
  10:Generated_Source\PSoC4/StripLights.c ****  * This file contains the functions required to control each
  11:Generated_Source\PSoC4/StripLights.c ****  * lighting control channel.
  12:Generated_Source\PSoC4/StripLights.c ****  *
  13:Generated_Source\PSoC4/StripLights.c ****  * =========================================================
  14:Generated_Source\PSoC4/StripLights.c **** */
  15:Generated_Source\PSoC4/StripLights.c **** 
  16:Generated_Source\PSoC4/StripLights.c **** #include <project.h>
  17:Generated_Source\PSoC4/StripLights.c **** #include "cytypes.h"
  18:Generated_Source\PSoC4/StripLights.c **** #include "stdlib.h"
  19:Generated_Source\PSoC4/StripLights.c **** #include "cyfitter.h"
  20:Generated_Source\PSoC4/StripLights.c **** #include "StripLights.h"
  21:Generated_Source\PSoC4/StripLights.c **** #include "StripLights_fonts.h"
  22:Generated_Source\PSoC4/StripLights.c **** 
  23:Generated_Source\PSoC4/StripLights.c **** uint8  StripLights_initvar = 0;
  24:Generated_Source\PSoC4/StripLights.c **** 
  25:Generated_Source\PSoC4/StripLights.c **** #if(StripLights_MEMORY_TYPE == StripLights_MEMORY_RGB)
  26:Generated_Source\PSoC4/StripLights.c **** uint32  StripLights_ledArray[StripLights_ARRAY_ROWS][StripLights_ARRAY_COLS];
  27:Generated_Source\PSoC4/StripLights.c **** #else
  28:Generated_Source\PSoC4/StripLights.c **** uint8   StripLights_ledArray[StripLights_ARRAY_ROWS][StripLights_ARRAY_COLS];
  29:Generated_Source\PSoC4/StripLights.c **** #endif
  30:Generated_Source\PSoC4/StripLights.c **** 
ARM GAS  C:\Users\ARTEM\AppData\Local\Temp\ccSYEePJ.s 			page 2


  31:Generated_Source\PSoC4/StripLights.c **** uint32  StripLights_ledIndex = 0;  
  32:Generated_Source\PSoC4/StripLights.c **** uint32  StripLights_row = 0;
  33:Generated_Source\PSoC4/StripLights.c **** uint32  StripLights_refreshComplete;
  34:Generated_Source\PSoC4/StripLights.c **** 
  35:Generated_Source\PSoC4/StripLights.c **** uint32  StripLights_DimMask;
  36:Generated_Source\PSoC4/StripLights.c **** uint32  StripLights_DimShift;
  37:Generated_Source\PSoC4/StripLights.c **** 
  38:Generated_Source\PSoC4/StripLights.c **** 
  39:Generated_Source\PSoC4/StripLights.c **** #if(StripLights_CHIP == StripLights_CHIP_WS2812)
  40:Generated_Source\PSoC4/StripLights.c **** const uint32 StripLights_CLUT[ ] = {
  41:Generated_Source\PSoC4/StripLights.c **** //xxBBRRGG (WS2812)
  42:Generated_Source\PSoC4/StripLights.c **** //     (24)   [ Index = 0 ]
  43:Generated_Source\PSoC4/StripLights.c **** 0x0000FFFF,  // 0 Yellow
  44:Generated_Source\PSoC4/StripLights.c **** 0x0000CCFF,
  45:Generated_Source\PSoC4/StripLights.c **** 0x000099FF,
  46:Generated_Source\PSoC4/StripLights.c **** 0x000033FF,
  47:Generated_Source\PSoC4/StripLights.c **** 0x000000FF,  // 5  Green
  48:Generated_Source\PSoC4/StripLights.c **** 0x006600B3,
  49:Generated_Source\PSoC4/StripLights.c **** 0x00990099, 
  50:Generated_Source\PSoC4/StripLights.c **** 0x00B30066, 
  51:Generated_Source\PSoC4/StripLights.c **** 0x00CC0033,  // 9 Blue
  52:Generated_Source\PSoC4/StripLights.c **** 0x00B31919, 
  53:Generated_Source\PSoC4/StripLights.c **** 0x00993300, 
  54:Generated_Source\PSoC4/StripLights.c **** 0x00994000, 
  55:Generated_Source\PSoC4/StripLights.c **** 0x00996600, 
  56:Generated_Source\PSoC4/StripLights.c **** 0x00999900, 
  57:Generated_Source\PSoC4/StripLights.c **** 0x0099CC00, 
  58:Generated_Source\PSoC4/StripLights.c **** 0x0066E600, 
  59:Generated_Source\PSoC4/StripLights.c **** 0x0000FF00, 
  60:Generated_Source\PSoC4/StripLights.c **** 0x0000FF33, 
  61:Generated_Source\PSoC4/StripLights.c **** 0x0000FF66, 
  62:Generated_Source\PSoC4/StripLights.c **** 0x0000FF80, 
  63:Generated_Source\PSoC4/StripLights.c **** 0x0000FF99,  // 20 Orange
  64:Generated_Source\PSoC4/StripLights.c **** 0x0000FFB2, 
  65:Generated_Source\PSoC4/StripLights.c **** 0x0000FFCC, 
  66:Generated_Source\PSoC4/StripLights.c **** 0x0000FFE5,
  67:Generated_Source\PSoC4/StripLights.c **** // #24
  68:Generated_Source\PSoC4/StripLights.c **** 
  69:Generated_Source\PSoC4/StripLights.c **** //xxBBRRGG  (64)  [ Index = 24 ]
  70:Generated_Source\PSoC4/StripLights.c **** 0x00000000, 0x00550000, 0x00AA0000, 0x00FF0000,  // 0, Black,  LtBlue, MBlue, Blue
  71:Generated_Source\PSoC4/StripLights.c **** 0x00000055, 0x00550055, 0x00AA0055, 0x00FF0055,  // 4, LtGreen
  72:Generated_Source\PSoC4/StripLights.c **** 0x000000AA, 0x005500AA, 0x00AA00AA, 0x00FF00AA,  // 8, MGreen
  73:Generated_Source\PSoC4/StripLights.c **** 0x000000FF, 0x005500FF, 0x00AA00FF, 0x00FF00FF,  // 12 Green
  74:Generated_Source\PSoC4/StripLights.c **** 
  75:Generated_Source\PSoC4/StripLights.c **** 0x00005500, 0x00555500, 0x00AA5500, 0x00FF5500,  // 16, LtRed
  76:Generated_Source\PSoC4/StripLights.c **** 0x00005555, 0x00555555, 0x00AA5555, 0x00FF5555,  // 20, LtYellow
  77:Generated_Source\PSoC4/StripLights.c **** 0x000055AA, 0x005555AA, 0x00AA55AA, 0x00FF55AA,  // 24, 
  78:Generated_Source\PSoC4/StripLights.c **** 0x000055FF, 0x005555FF, 0x00AA55FF, 0x00FF55FF,  // 28,
  79:Generated_Source\PSoC4/StripLights.c **** 
  80:Generated_Source\PSoC4/StripLights.c **** 0x0000AA00, 0x0055AA00, 0x00AAAA00, 0x00FFAA00,  // 32, MRed
  81:Generated_Source\PSoC4/StripLights.c **** 0x0000AA55, 0x0055AA55, 0x00AAAA55, 0x00FFAA55,  // 36, 
  82:Generated_Source\PSoC4/StripLights.c **** 0x0000AAAA, 0x0055AAAA, 0x00AAAAAA, 0x00FFAAAA,  // 55, 
  83:Generated_Source\PSoC4/StripLights.c **** 0x0000AAFF, 0x0055AAFF, 0x00AAAAFF, 0x00FFAAFF,  // 44, 
  84:Generated_Source\PSoC4/StripLights.c **** 
  85:Generated_Source\PSoC4/StripLights.c **** 0x0000FF00, 0x0055FF00, 0x00AAFF00, 0x00FFFF00,  // 48, Red, ??, ??, Magenta
  86:Generated_Source\PSoC4/StripLights.c **** 0x0000FF55, 0x0055FF55, 0x00AAFF55, 0x00FFFF55,  // 52,
  87:Generated_Source\PSoC4/StripLights.c **** 0x0000FFAA, 0x0055FFAA, 0x00AAFFAA, 0x00FFFFAA,  // 56,
ARM GAS  C:\Users\ARTEM\AppData\Local\Temp\ccSYEePJ.s 			page 3


  88:Generated_Source\PSoC4/StripLights.c **** 0x0000FFFF, 0x0055FFFF, 0x00AAFFFF, 0x00FFFFFF,  // 60, Yellow,??, ??, White
  89:Generated_Source\PSoC4/StripLights.c **** 
  90:Generated_Source\PSoC4/StripLights.c **** // Misc ( 16 )  [ Index = 88 ]
  91:Generated_Source\PSoC4/StripLights.c **** 0x000080FF,  // SPRING_GREEN
  92:Generated_Source\PSoC4/StripLights.c **** 0x008000FF,  // TURQUOSE
  93:Generated_Source\PSoC4/StripLights.c **** 0x00FF00FF,  // CYAN
  94:Generated_Source\PSoC4/StripLights.c **** 0x00FF0080,  // OCEAN
  95:Generated_Source\PSoC4/StripLights.c **** 0x00FF8000,  // VIOLET
  96:Generated_Source\PSoC4/StripLights.c **** 0x0080FF00,  // RASPBERRY
  97:Generated_Source\PSoC4/StripLights.c **** 0x000000FF,  // GREEN
  98:Generated_Source\PSoC4/StripLights.c **** 0x00202020,  // DIM WHITE
  99:Generated_Source\PSoC4/StripLights.c **** 0x00200000,  // DIM BLUE
 100:Generated_Source\PSoC4/StripLights.c **** 0x10000000,  // INVISIBLE
 101:Generated_Source\PSoC4/StripLights.c **** 0x00000000,  // Spare
 102:Generated_Source\PSoC4/StripLights.c **** 0x00000000,  // Spare
 103:Generated_Source\PSoC4/StripLights.c **** 0x00000000,  // Spare
 104:Generated_Source\PSoC4/StripLights.c **** 0x00000000,  // Spare
 105:Generated_Source\PSoC4/StripLights.c **** 0x00000000,  // Spare
 106:Generated_Source\PSoC4/StripLights.c **** 0x00000000,  // Spare
 107:Generated_Source\PSoC4/StripLights.c **** 
 108:Generated_Source\PSoC4/StripLights.c **** // Temperture Color Blue to Red (16) [ Index = 104 ]
 109:Generated_Source\PSoC4/StripLights.c **** 0x00FF0000, 0x00F01000, 0x00E02000, 0x00D03000,
 110:Generated_Source\PSoC4/StripLights.c **** 0x00C04000, 0x00B05000, 0x00A06000, 0x00907000,
 111:Generated_Source\PSoC4/StripLights.c **** 0x00808000, 0x00709000, 0x0060A000, 0x0050B000,
 112:Generated_Source\PSoC4/StripLights.c **** 0x0040C000, 0x0030D000, 0x0020E000, 0x0000FF00
 113:Generated_Source\PSoC4/StripLights.c **** };
 114:Generated_Source\PSoC4/StripLights.c **** #else  //xxBBGGRR (WS2811)
 115:Generated_Source\PSoC4/StripLights.c **** const uint32 StripLights_CLUT[ ] = {
 116:Generated_Source\PSoC4/StripLights.c **** //     (24)   [ Index = 0 ]
 117:Generated_Source\PSoC4/StripLights.c **** 0x0000FFFF,  // 0 Yellow
 118:Generated_Source\PSoC4/StripLights.c **** 0x0000FFCC,
 119:Generated_Source\PSoC4/StripLights.c **** 0x0000FF99,
 120:Generated_Source\PSoC4/StripLights.c **** 0x0000FF33,
 121:Generated_Source\PSoC4/StripLights.c **** 0x0000FF00,  // 5  Green
 122:Generated_Source\PSoC4/StripLights.c **** 0x0066B300,
 123:Generated_Source\PSoC4/StripLights.c **** 0x00999900, 
 124:Generated_Source\PSoC4/StripLights.c **** 0x00B36600, 
 125:Generated_Source\PSoC4/StripLights.c **** 0x00CC3300,  // 9 Blue
 126:Generated_Source\PSoC4/StripLights.c **** 0x00B31919, 
 127:Generated_Source\PSoC4/StripLights.c **** 0x00990033, 
 128:Generated_Source\PSoC4/StripLights.c **** 0x00990040, 
 129:Generated_Source\PSoC4/StripLights.c **** 0x00990066, 
 130:Generated_Source\PSoC4/StripLights.c **** 0x00990099, 
 131:Generated_Source\PSoC4/StripLights.c **** 0x009900CC, 
 132:Generated_Source\PSoC4/StripLights.c **** 0x006600E6, 
 133:Generated_Source\PSoC4/StripLights.c **** 0x000000FF, 
 134:Generated_Source\PSoC4/StripLights.c **** 0x000033FF, 
 135:Generated_Source\PSoC4/StripLights.c **** 0x000066FF, 
 136:Generated_Source\PSoC4/StripLights.c **** 0x000080FF, 
 137:Generated_Source\PSoC4/StripLights.c **** 0x000099FF,  // 20 Orange
 138:Generated_Source\PSoC4/StripLights.c **** 0x0000B2FF, 
 139:Generated_Source\PSoC4/StripLights.c **** 0x0000CCFF, 
 140:Generated_Source\PSoC4/StripLights.c **** 0x0000E5FF,
 141:Generated_Source\PSoC4/StripLights.c **** // #24
 142:Generated_Source\PSoC4/StripLights.c **** 
 143:Generated_Source\PSoC4/StripLights.c **** //xxBBRRGG  (64)  [ Index = 24 ]
 144:Generated_Source\PSoC4/StripLights.c **** 0x00000000, 0x00550000, 0x00AA0000, 0x00FF0000,  // 0, Black,  LtBlue, MBlue, Blue
ARM GAS  C:\Users\ARTEM\AppData\Local\Temp\ccSYEePJ.s 			page 4


 145:Generated_Source\PSoC4/StripLights.c **** 0x00005500, 0x00555500, 0x00AA5500, 0x00FF5500,  // 4, LtGreen
 146:Generated_Source\PSoC4/StripLights.c **** 0x0000AA00, 0x0055AA00, 0x00AAAA00, 0x00FFAA00,  // 8, MGreen
 147:Generated_Source\PSoC4/StripLights.c **** 0x0000FF00, 0x0055FF00, 0x00AAFF00, 0x00FFFF00,  // 12 Green
 148:Generated_Source\PSoC4/StripLights.c **** 
 149:Generated_Source\PSoC4/StripLights.c **** 0x00000055, 0x00550055, 0x00AA0055, 0x00FF0055,  // 16, LtRed
 150:Generated_Source\PSoC4/StripLights.c **** 0x00005555, 0x00555555, 0x00AA5555, 0x00FF5555,  // 20, LtYellow
 151:Generated_Source\PSoC4/StripLights.c **** 0x0000AA55, 0x0055AA55, 0x00AAAA55, 0x00FFAA55,  // 24, 
 152:Generated_Source\PSoC4/StripLights.c **** 0x0000FF55, 0x0055FF55, 0x00AAFF55, 0x00FFFF55,  // 28,
 153:Generated_Source\PSoC4/StripLights.c **** 
 154:Generated_Source\PSoC4/StripLights.c **** 0x000000AA, 0x005500AA, 0x00AA00AA, 0x00FF00AA,  // 32, MRed
 155:Generated_Source\PSoC4/StripLights.c **** 0x000055AA, 0x005555AA, 0x00AA55AA, 0x00FF55AA,  // 36, 
 156:Generated_Source\PSoC4/StripLights.c **** 0x0000AAAA, 0x0055AAAA, 0x00AAAAAA, 0x00FFAAAA,  // 55, 
 157:Generated_Source\PSoC4/StripLights.c **** 0x0000FFAA, 0x0055FFAA, 0x00AAFFAA, 0x00FFFFAA,  // 44, 
 158:Generated_Source\PSoC4/StripLights.c **** 
 159:Generated_Source\PSoC4/StripLights.c **** 0x000000FF, 0x005500FF, 0x00AA00FF, 0x00F00FFF,  // 48, Red, ??, ??, Magenta
 160:Generated_Source\PSoC4/StripLights.c **** 0x000055FF, 0x005555FF, 0x00AA55FF, 0x00FF55FF,  // 52,
 161:Generated_Source\PSoC4/StripLights.c **** 0x0000AAFF, 0x0055AAFF, 0x00AAAAFF, 0x00FFAAFF,  // 56,
 162:Generated_Source\PSoC4/StripLights.c **** 0x0000FFFF, 0x0055FFFF, 0x00AAFFFF, 0x00FFFFFF,  // 60, Yellow,??, ??, White
 163:Generated_Source\PSoC4/StripLights.c **** 
 164:Generated_Source\PSoC4/StripLights.c **** // Misc ( 16 )  [ Index = 88 ]
 165:Generated_Source\PSoC4/StripLights.c **** 0x0000FF80,  // SPRING_GREEN
 166:Generated_Source\PSoC4/StripLights.c **** 0x0080FF00,  // TURQUOSE
 167:Generated_Source\PSoC4/StripLights.c **** 0x00FFFF00,  // CYAN
 168:Generated_Source\PSoC4/StripLights.c **** 0x00FF8000,  // OCEAN
 169:Generated_Source\PSoC4/StripLights.c **** 0x00FF0080,  // VIOLET
 170:Generated_Source\PSoC4/StripLights.c **** 0x008000FF,  // RASPBERRY
 171:Generated_Source\PSoC4/StripLights.c **** 0x0000FF00,  // GREEN
 172:Generated_Source\PSoC4/StripLights.c **** 0x00202020,  // DIM WHITE
 173:Generated_Source\PSoC4/StripLights.c **** 0x00200000,  // DIM BLUE
 174:Generated_Source\PSoC4/StripLights.c **** 0x10000000,  // INVISIBLE
 175:Generated_Source\PSoC4/StripLights.c **** 0x00000000,  // Spare
 176:Generated_Source\PSoC4/StripLights.c **** 0x00000000,  // Spare
 177:Generated_Source\PSoC4/StripLights.c **** 0x00000000,  // Spare
 178:Generated_Source\PSoC4/StripLights.c **** 0x00000000,  // Spare
 179:Generated_Source\PSoC4/StripLights.c **** 0x00000000,  // Spare
 180:Generated_Source\PSoC4/StripLights.c **** 0x00000000,  // Spare
 181:Generated_Source\PSoC4/StripLights.c **** 
 182:Generated_Source\PSoC4/StripLights.c **** // Temperture Color Blue to Red (16) [ Index = 104 ]
 183:Generated_Source\PSoC4/StripLights.c **** 0x00FF0000, 0x00F00010, 0x00E00020, 0x00D00030,
 184:Generated_Source\PSoC4/StripLights.c **** 0x00C00040, 0x00B00050, 0x00A00060, 0x00900070,
 185:Generated_Source\PSoC4/StripLights.c **** 0x00800080, 0x00700090, 0x006000A0, 0x005000B0,
 186:Generated_Source\PSoC4/StripLights.c **** 0x004000C0, 0x003000D0, 0x002000E0, 0x000000FF
 187:Generated_Source\PSoC4/StripLights.c **** };
 188:Generated_Source\PSoC4/StripLights.c **** #endif
 189:Generated_Source\PSoC4/StripLights.c **** 
 190:Generated_Source\PSoC4/StripLights.c **** 
 191:Generated_Source\PSoC4/StripLights.c **** 
 192:Generated_Source\PSoC4/StripLights.c **** /*******************************************************************************
 193:Generated_Source\PSoC4/StripLights.c **** * Function Name: StripLights_Start
 194:Generated_Source\PSoC4/StripLights.c **** ********************************************************************************
 195:Generated_Source\PSoC4/StripLights.c **** * Summary:
 196:Generated_Source\PSoC4/StripLights.c **** *  Initialize the hardware. 
 197:Generated_Source\PSoC4/StripLights.c **** *
 198:Generated_Source\PSoC4/StripLights.c **** * Parameters:  
 199:Generated_Source\PSoC4/StripLights.c **** *  void  
 200:Generated_Source\PSoC4/StripLights.c **** *
 201:Generated_Source\PSoC4/StripLights.c **** * Return: 
ARM GAS  C:\Users\ARTEM\AppData\Local\Temp\ccSYEePJ.s 			page 5


 202:Generated_Source\PSoC4/StripLights.c **** *  void
 203:Generated_Source\PSoC4/StripLights.c **** *
 204:Generated_Source\PSoC4/StripLights.c **** *******************************************************************************/
 205:Generated_Source\PSoC4/StripLights.c **** void StripLights_Start()
 206:Generated_Source\PSoC4/StripLights.c **** {
 207:Generated_Source\PSoC4/StripLights.c ****     extern uint8 StripLights_initvar;
 208:Generated_Source\PSoC4/StripLights.c ****     extern uint32 StripLights_refreshComplete;
 209:Generated_Source\PSoC4/StripLights.c **** 
 210:Generated_Source\PSoC4/StripLights.c ****     StripLights_ACTL0_REG = StripLights_DISABLE_FIFO;
 211:Generated_Source\PSoC4/StripLights.c ****     
 212:Generated_Source\PSoC4/StripLights.c ****     StripLights_Period   = StripLights_PERIOD-1;
 213:Generated_Source\PSoC4/StripLights.c ****     StripLights_Compare0 = StripLights_DATA_ZERO;
 214:Generated_Source\PSoC4/StripLights.c ****     StripLights_Compare1 = StripLights_DATA_ONE;
 215:Generated_Source\PSoC4/StripLights.c ****     
 216:Generated_Source\PSoC4/StripLights.c ****     StripLights_CONTROL = StripLights_ENABLE;
 217:Generated_Source\PSoC4/StripLights.c ****     StripLights_MemClear(StripLights_OFF);
 218:Generated_Source\PSoC4/StripLights.c ****     StripLights_CONTROL = StripLights_DISABLE;
 219:Generated_Source\PSoC4/StripLights.c ****     
 220:Generated_Source\PSoC4/StripLights.c ****     StripLights_SetFont( StripLights_FONT_5X7);
 221:Generated_Source\PSoC4/StripLights.c ****     
 222:Generated_Source\PSoC4/StripLights.c ****     /* Set no dimming, full brightness */
 223:Generated_Source\PSoC4/StripLights.c ****     StripLights_Dim(0); 
 224:Generated_Source\PSoC4/StripLights.c **** 
 225:Generated_Source\PSoC4/StripLights.c ****     
 226:Generated_Source\PSoC4/StripLights.c ****     if(StripLights_initvar == 0)
 227:Generated_Source\PSoC4/StripLights.c ****     {
 228:Generated_Source\PSoC4/StripLights.c **** 
 229:Generated_Source\PSoC4/StripLights.c ****         StripLights_initvar = 1;
 230:Generated_Source\PSoC4/StripLights.c ****  
 231:Generated_Source\PSoC4/StripLights.c ****          /* Start and set interrupt vector */
 232:Generated_Source\PSoC4/StripLights.c **** 
 233:Generated_Source\PSoC4/StripLights.c **** #if(StripLights_TRANSFER == StripLights_TRANSFER_ISR)
 234:Generated_Source\PSoC4/StripLights.c ****        {
 235:Generated_Source\PSoC4/StripLights.c ****            StripLights_cisr_StartEx(StripLights_CISR);
 236:Generated_Source\PSoC4/StripLights.c **** 		   StripLights_fisr_StartEx(StripLights_FISR);
 237:Generated_Source\PSoC4/StripLights.c ****        }
 238:Generated_Source\PSoC4/StripLights.c **** #endif       
 239:Generated_Source\PSoC4/StripLights.c ****        if(StripLights_TRANSFER == StripLights_TRANSFER_FIRMWARE)
 240:Generated_Source\PSoC4/StripLights.c ****        {
 241:Generated_Source\PSoC4/StripLights.c ****            StripLights_CONTROL = StripLights_ENABLE;    
 242:Generated_Source\PSoC4/StripLights.c ****        }
 243:Generated_Source\PSoC4/StripLights.c ****     }
 244:Generated_Source\PSoC4/StripLights.c ****     StripLights_refreshComplete = 1;
 245:Generated_Source\PSoC4/StripLights.c **** }
 246:Generated_Source\PSoC4/StripLights.c **** 
 247:Generated_Source\PSoC4/StripLights.c **** 
 248:Generated_Source\PSoC4/StripLights.c **** /*******************************************************************************
 249:Generated_Source\PSoC4/StripLights.c **** * Function Name: StripLights_Trigger
 250:Generated_Source\PSoC4/StripLights.c **** ********************************************************************************
 251:Generated_Source\PSoC4/StripLights.c **** * Summary:
 252:Generated_Source\PSoC4/StripLights.c **** *   Update the LEDs with graphics memory.
 253:Generated_Source\PSoC4/StripLights.c **** *
 254:Generated_Source\PSoC4/StripLights.c **** * Parameters:  
 255:Generated_Source\PSoC4/StripLights.c **** *  void  
 256:Generated_Source\PSoC4/StripLights.c **** *
 257:Generated_Source\PSoC4/StripLights.c **** * Return: 
 258:Generated_Source\PSoC4/StripLights.c **** *  void
ARM GAS  C:\Users\ARTEM\AppData\Local\Temp\ccSYEePJ.s 			page 6


 259:Generated_Source\PSoC4/StripLights.c **** *
 260:Generated_Source\PSoC4/StripLights.c **** *******************************************************************************/
 261:Generated_Source\PSoC4/StripLights.c **** void StripLights_Trigger(uint32 rst)
 262:Generated_Source\PSoC4/StripLights.c **** {
 263:Generated_Source\PSoC4/StripLights.c ****     uint32 color;
 264:Generated_Source\PSoC4/StripLights.c ****     
 265:Generated_Source\PSoC4/StripLights.c ****     if(rst) 
 266:Generated_Source\PSoC4/StripLights.c ****     {
 267:Generated_Source\PSoC4/StripLights.c ****         StripLights_row = 0;  /* Reset the row */
 268:Generated_Source\PSoC4/StripLights.c ****         StripLights_Channel = 0;
 269:Generated_Source\PSoC4/StripLights.c ****     }
 270:Generated_Source\PSoC4/StripLights.c ****     
 271:Generated_Source\PSoC4/StripLights.c ****     #if(StripLights_MEMORY_TYPE == StripLights_MEMORY_RGB)
 272:Generated_Source\PSoC4/StripLights.c ****        color = StripLights_ledArray[StripLights_row][0];
 273:Generated_Source\PSoC4/StripLights.c ****     #else  /* Else use lookup table */
 274:Generated_Source\PSoC4/StripLights.c ****        color = StripLights_CLUT[ (StripLights_ledArray[StripLights_row][0]) ];
 275:Generated_Source\PSoC4/StripLights.c ****     #endif
 276:Generated_Source\PSoC4/StripLights.c ****     
 277:Generated_Source\PSoC4/StripLights.c ****      color = (color >> StripLights_DimShift) & StripLights_DimMask;
 278:Generated_Source\PSoC4/StripLights.c ****      
 279:Generated_Source\PSoC4/StripLights.c ****     StripLights_DATA = (uint8)(color & 0x000000FF);  // Write Red
 280:Generated_Source\PSoC4/StripLights.c ****     color = color >> 8;
 281:Generated_Source\PSoC4/StripLights.c ****     StripLights_DATA = (uint8)(color & 0x000000FF);  // Write green
 282:Generated_Source\PSoC4/StripLights.c ****     color = color >> 8;
 283:Generated_Source\PSoC4/StripLights.c ****     StripLights_DATA = (uint8)(color & 0x000000FF);  // Write green
 284:Generated_Source\PSoC4/StripLights.c ****     
 285:Generated_Source\PSoC4/StripLights.c ****     StripLights_ledIndex = 1;
 286:Generated_Source\PSoC4/StripLights.c ****  //   StripLights_CONTROL = StripLights_ENABLE | StripLights_FIFO_IRQ_EN; 
 287:Generated_Source\PSoC4/StripLights.c **** 	
 288:Generated_Source\PSoC4/StripLights.c **** 	StripLights_CONTROL = StripLights_ENABLE | StripLights_XFRCMPT_IRQ_EN | StripLights_FIFO_IRQ_EN; 
 289:Generated_Source\PSoC4/StripLights.c ****     StripLights_refreshComplete = 0;
 290:Generated_Source\PSoC4/StripLights.c **** }
 291:Generated_Source\PSoC4/StripLights.c **** 
 292:Generated_Source\PSoC4/StripLights.c **** /*******************************************************************************
 293:Generated_Source\PSoC4/StripLights.c **** * Function Name: StripLights_Ready
 294:Generated_Source\PSoC4/StripLights.c **** ********************************************************************************
 295:Generated_Source\PSoC4/StripLights.c **** * Summary:
 296:Generated_Source\PSoC4/StripLights.c **** *  Checks to see if transfer is complete.
 297:Generated_Source\PSoC4/StripLights.c **** *
 298:Generated_Source\PSoC4/StripLights.c **** * Parameters:  
 299:Generated_Source\PSoC4/StripLights.c **** *  none  
 300:Generated_Source\PSoC4/StripLights.c **** *
 301:Generated_Source\PSoC4/StripLights.c **** * Return: 
 302:Generated_Source\PSoC4/StripLights.c **** *  Zero if not complete, non-zero if transfer complete.
 303:Generated_Source\PSoC4/StripLights.c **** *
 304:Generated_Source\PSoC4/StripLights.c **** *******************************************************************************/
 305:Generated_Source\PSoC4/StripLights.c **** uint32 StripLights_Ready(void)
 306:Generated_Source\PSoC4/StripLights.c **** {
 307:Generated_Source\PSoC4/StripLights.c ****     if(StripLights_refreshComplete )
 308:Generated_Source\PSoC4/StripLights.c ****     {
 309:Generated_Source\PSoC4/StripLights.c ****         StripLights_CONTROL = StripLights_DISABLE;
 310:Generated_Source\PSoC4/StripLights.c ****         return((uint32)1);
 311:Generated_Source\PSoC4/StripLights.c ****     }
 312:Generated_Source\PSoC4/StripLights.c ****     else
 313:Generated_Source\PSoC4/StripLights.c ****     {
 314:Generated_Source\PSoC4/StripLights.c ****          return((uint32)0);
 315:Generated_Source\PSoC4/StripLights.c ****     }
ARM GAS  C:\Users\ARTEM\AppData\Local\Temp\ccSYEePJ.s 			page 7


 316:Generated_Source\PSoC4/StripLights.c **** }
 317:Generated_Source\PSoC4/StripLights.c **** 
 318:Generated_Source\PSoC4/StripLights.c **** 
 319:Generated_Source\PSoC4/StripLights.c **** /*******************************************************************************
 320:Generated_Source\PSoC4/StripLights.c **** * Function Name: StripLights_Stop
 321:Generated_Source\PSoC4/StripLights.c **** ********************************************************************************
 322:Generated_Source\PSoC4/StripLights.c **** * Summary:
 323:Generated_Source\PSoC4/StripLights.c **** *  Stop all transfers.
 324:Generated_Source\PSoC4/StripLights.c **** *
 325:Generated_Source\PSoC4/StripLights.c **** * Parameters:  
 326:Generated_Source\PSoC4/StripLights.c **** *  None 
 327:Generated_Source\PSoC4/StripLights.c **** *
 328:Generated_Source\PSoC4/StripLights.c **** * Return: 
 329:Generated_Source\PSoC4/StripLights.c **** *  void
 330:Generated_Source\PSoC4/StripLights.c **** *
 331:Generated_Source\PSoC4/StripLights.c **** *******************************************************************************/
 332:Generated_Source\PSoC4/StripLights.c **** void StripLights_Stop()
 333:Generated_Source\PSoC4/StripLights.c **** {
 334:Generated_Source\PSoC4/StripLights.c **** 
 335:Generated_Source\PSoC4/StripLights.c ****     StripLights_CONTROL = StripLights_DISABLE;
 336:Generated_Source\PSoC4/StripLights.c **** }
 337:Generated_Source\PSoC4/StripLights.c **** 
 338:Generated_Source\PSoC4/StripLights.c **** 
 339:Generated_Source\PSoC4/StripLights.c **** /*******************************************************************************
 340:Generated_Source\PSoC4/StripLights.c **** * Function Name: StripLights_ColorInc
 341:Generated_Source\PSoC4/StripLights.c **** ********************************************************************************
 342:Generated_Source\PSoC4/StripLights.c **** * Summary:
 343:Generated_Source\PSoC4/StripLights.c **** *  Increment color throught the color lookup table.
 344:Generated_Source\PSoC4/StripLights.c **** *
 345:Generated_Source\PSoC4/StripLights.c **** * Parameters:  
 346:Generated_Source\PSoC4/StripLights.c **** *  uint32 incValue: Increment through color table by incValue. 
 347:Generated_Source\PSoC4/StripLights.c **** *
 348:Generated_Source\PSoC4/StripLights.c **** * Return: Color at next location.
 349:Generated_Source\PSoC4/StripLights.c **** *  
 350:Generated_Source\PSoC4/StripLights.c **** *
 351:Generated_Source\PSoC4/StripLights.c **** *******************************************************************************/
 352:Generated_Source\PSoC4/StripLights.c **** uint32 StripLights_ColorInc(uint32 incValue)
 353:Generated_Source\PSoC4/StripLights.c **** {
 354:Generated_Source\PSoC4/StripLights.c ****     uint32 color;
 355:Generated_Source\PSoC4/StripLights.c ****     extern const uint32 StripLights_CLUT[];
 356:Generated_Source\PSoC4/StripLights.c ****     static uint32 colorIndex = 0;
 357:Generated_Source\PSoC4/StripLights.c ****     
 358:Generated_Source\PSoC4/StripLights.c ****     colorIndex += incValue;
 359:Generated_Source\PSoC4/StripLights.c ****     colorIndex = colorIndex % StripLights_COLOR_WHEEL_SIZE;
 360:Generated_Source\PSoC4/StripLights.c **** 
 361:Generated_Source\PSoC4/StripLights.c ****     #if(StripLights_MEMORY_TYPE == StripLights_MEMORY_RGB)
 362:Generated_Source\PSoC4/StripLights.c ****        color = StripLights_CLUT[ colorIndex ];
 363:Generated_Source\PSoC4/StripLights.c ****     #else
 364:Generated_Source\PSoC4/StripLights.c ****         color = colorIndex;
 365:Generated_Source\PSoC4/StripLights.c ****     #endif
 366:Generated_Source\PSoC4/StripLights.c **** 
 367:Generated_Source\PSoC4/StripLights.c **** 
 368:Generated_Source\PSoC4/StripLights.c ****     return(color);
 369:Generated_Source\PSoC4/StripLights.c **** }
 370:Generated_Source\PSoC4/StripLights.c **** /*****************************************************************************
 371:Generated_Source\PSoC4/StripLights.c **** * Function Name: StripLights_FISR
 372:Generated_Source\PSoC4/StripLights.c **** ******************************************************************************
ARM GAS  C:\Users\ARTEM\AppData\Local\Temp\ccSYEePJ.s 			page 8


 373:Generated_Source\PSoC4/StripLights.c **** *
 374:Generated_Source\PSoC4/StripLights.c **** * Summary:
 375:Generated_Source\PSoC4/StripLights.c **** *  Interrupt service handler for data transfer for each LED 
 376:Generated_Source\PSoC4/StripLights.c **** *
 377:Generated_Source\PSoC4/StripLights.c **** * Parameters:  
 378:Generated_Source\PSoC4/StripLights.c **** *  void
 379:Generated_Source\PSoC4/StripLights.c **** *
 380:Generated_Source\PSoC4/StripLights.c **** * Return: 
 381:Generated_Source\PSoC4/StripLights.c **** *  void 
 382:Generated_Source\PSoC4/StripLights.c **** *
 383:Generated_Source\PSoC4/StripLights.c **** * Reentrant: 
 384:Generated_Source\PSoC4/StripLights.c **** *  No
 385:Generated_Source\PSoC4/StripLights.c **** *
 386:Generated_Source\PSoC4/StripLights.c **** *****************************************************************************/
 387:Generated_Source\PSoC4/StripLights.c **** CY_ISR( StripLights_FISR)
 388:Generated_Source\PSoC4/StripLights.c **** {
  28              		.loc 1 388 0
  29              		.cfi_startproc
  30              		@ args = 0, pretend = 0, frame = 0
  31              		@ frame_needed = 0, uses_anonymous_args = 0
  32              		@ link register save eliminated.
 389:Generated_Source\PSoC4/StripLights.c ****     extern uint32  StripLights_DimMask;
 390:Generated_Source\PSoC4/StripLights.c ****     extern uint32  StripLights_DimShift;
 391:Generated_Source\PSoC4/StripLights.c ****     uint32 static color;
 392:Generated_Source\PSoC4/StripLights.c **** 
 393:Generated_Source\PSoC4/StripLights.c ****     if(StripLights_ledIndex < StripLights_ARRAY_COLS)
  33              		.loc 1 393 0
  34 0000 114B     		ldr	r3, .L4
  35 0002 1B68     		ldr	r3, [r3]
  36 0004 172B     		cmp	r3, #23
  37 0006 1BD8     		bhi	.L2
 394:Generated_Source\PSoC4/StripLights.c ****     {
 395:Generated_Source\PSoC4/StripLights.c ****         #if(StripLights_MEMORY_TYPE == StripLights_MEMORY_RGB)
 396:Generated_Source\PSoC4/StripLights.c ****             color = StripLights_ledArray[StripLights_row][StripLights_ledIndex++];
  38              		.loc 1 396 0
  39 0008 0F49     		ldr	r1, .L4
  40 000a 4A68     		ldr	r2, [r1, #4]
  41 000c 581C     		adds	r0, r3, #1
  42 000e 0860     		str	r0, [r1]
  43 0010 5000     		lsls	r0, r2, #1
  44 0012 8218     		adds	r2, r0, r2
  45 0014 D200     		lsls	r2, r2, #3
  46 0016 D318     		adds	r3, r2, r3
  47 0018 9B00     		lsls	r3, r3, #2
  48 001a 0C4A     		ldr	r2, .L4+4
  49 001c 9B58     		ldr	r3, [r3, r2]
 397:Generated_Source\PSoC4/StripLights.c ****         #else  /* Else use lookup table */
 398:Generated_Source\PSoC4/StripLights.c ****             color = StripLights_CLUT[ (StripLights_ledArray[StripLights_row][StripLights_ledIndex++
 399:Generated_Source\PSoC4/StripLights.c ****         #endif
 400:Generated_Source\PSoC4/StripLights.c **** 
 401:Generated_Source\PSoC4/StripLights.c ****         color = (color >> StripLights_DimShift) & StripLights_DimMask;  
  50              		.loc 1 401 0
  51 001e 0C4A     		ldr	r2, .L4+8
  52 0020 1268     		ldr	r2, [r2]
  53 0022 D340     		lsrs	r3, r3, r2
  54 0024 0B4A     		ldr	r2, .L4+12
  55 0026 1268     		ldr	r2, [r2]
ARM GAS  C:\Users\ARTEM\AppData\Local\Temp\ccSYEePJ.s 			page 9


  56 0028 1340     		ands	r3, r2
 402:Generated_Source\PSoC4/StripLights.c **** 
 403:Generated_Source\PSoC4/StripLights.c ****         StripLights_DATA = (uint8)(color & 0x000000FF);  // Write Green
  57              		.loc 1 403 0
  58 002a D8B2     		uxtb	r0, r3
  59 002c 0A4A     		ldr	r2, .L4+16
  60 002e 1070     		strb	r0, [r2]
 404:Generated_Source\PSoC4/StripLights.c ****         color = color >> 8;
  61              		.loc 1 404 0
  62 0030 180A     		lsrs	r0, r3, #8
 405:Generated_Source\PSoC4/StripLights.c ****         StripLights_DATA = (uint8)(color & 0x000000FF);  // Write Red
  63              		.loc 1 405 0
  64 0032 C0B2     		uxtb	r0, r0
  65 0034 1070     		strb	r0, [r2]
 406:Generated_Source\PSoC4/StripLights.c ****         color = color >> 8;
  66              		.loc 1 406 0
  67 0036 1B0C     		lsrs	r3, r3, #16
  68 0038 8B60     		str	r3, [r1, #8]
 407:Generated_Source\PSoC4/StripLights.c ****         StripLights_DATA = (uint8)(color & 0x000000FF);  // Write Blue
  69              		.loc 1 407 0
  70 003a DBB2     		uxtb	r3, r3
  71 003c 1370     		strb	r3, [r2]
  72 003e 02E0     		b	.L1
  73              	.L2:
 408:Generated_Source\PSoC4/StripLights.c ****     }
 409:Generated_Source\PSoC4/StripLights.c ****     else 
 410:Generated_Source\PSoC4/StripLights.c ****     {
 411:Generated_Source\PSoC4/StripLights.c ****          StripLights_CONTROL = StripLights_ENABLE | StripLights_XFRCMPT_IRQ_EN; 
  74              		.loc 1 411 0
  75 0040 1122     		movs	r2, #17
  76 0042 064B     		ldr	r3, .L4+20
  77 0044 1A70     		strb	r2, [r3]
  78              	.L1:
 412:Generated_Source\PSoC4/StripLights.c ****     }
 413:Generated_Source\PSoC4/StripLights.c **** 
 414:Generated_Source\PSoC4/StripLights.c **** }
  79              		.loc 1 414 0
  80              		@ sp needed
  81 0046 7047     		bx	lr
  82              	.L5:
  83              		.align	2
  84              	.L4:
  85 0048 00000000 		.word	.LANCHOR0
  86 004c 00000000 		.word	StripLights_ledArray
  87 0050 00000000 		.word	StripLights_DimShift
  88 0054 00000000 		.word	StripLights_DimMask
  89 0058 42000F40 		.word	1074724930
  90 005c 72000F40 		.word	1074724978
  91              		.cfi_endproc
  92              	.LFE40:
  93              		.size	StripLights_FISR, .-StripLights_FISR
  94              		.section	.text.StripLights_CISR,"ax",%progbits
  95              		.align	2
  96              		.global	StripLights_CISR
  97              		.code	16
  98              		.thumb_func
  99              		.type	StripLights_CISR, %function
ARM GAS  C:\Users\ARTEM\AppData\Local\Temp\ccSYEePJ.s 			page 10


 100              	StripLights_CISR:
 101              	.LFB41:
 415:Generated_Source\PSoC4/StripLights.c **** 
 416:Generated_Source\PSoC4/StripLights.c **** /*****************************************************************************
 417:Generated_Source\PSoC4/StripLights.c **** * Function Name: StripLights_CISR
 418:Generated_Source\PSoC4/StripLights.c **** ******************************************************************************
 419:Generated_Source\PSoC4/StripLights.c **** *
 420:Generated_Source\PSoC4/StripLights.c **** * Summary:
 421:Generated_Source\PSoC4/StripLights.c **** *  Interrupt service handler after each row is complete.
 422:Generated_Source\PSoC4/StripLights.c **** *
 423:Generated_Source\PSoC4/StripLights.c **** * Parameters:  
 424:Generated_Source\PSoC4/StripLights.c **** *  void
 425:Generated_Source\PSoC4/StripLights.c **** *
 426:Generated_Source\PSoC4/StripLights.c **** * Return: 
 427:Generated_Source\PSoC4/StripLights.c **** *  void 
 428:Generated_Source\PSoC4/StripLights.c **** *
 429:Generated_Source\PSoC4/StripLights.c **** * Reentrant: 
 430:Generated_Source\PSoC4/StripLights.c **** *  No
 431:Generated_Source\PSoC4/StripLights.c **** *
 432:Generated_Source\PSoC4/StripLights.c **** *****************************************************************************/
 433:Generated_Source\PSoC4/StripLights.c **** CY_ISR( StripLights_CISR)
 434:Generated_Source\PSoC4/StripLights.c **** {
 102              		.loc 1 434 0
 103              		.cfi_startproc
 104              		@ args = 0, pretend = 0, frame = 0
 105              		@ frame_needed = 0, uses_anonymous_args = 0
 106              		@ link register save eliminated.
 435:Generated_Source\PSoC4/StripLights.c ****     extern uint32  StripLights_DimMask;
 436:Generated_Source\PSoC4/StripLights.c ****     extern uint32  StripLights_DimShift;
 437:Generated_Source\PSoC4/StripLights.c ****     uint32 static color;
 438:Generated_Source\PSoC4/StripLights.c ****     extern uint32 StripLights_refreshComplete;
 439:Generated_Source\PSoC4/StripLights.c **** 
 440:Generated_Source\PSoC4/StripLights.c **** 	StripLights_CONTROL = StripLights_ENABLE |StripLights_NEXT_ROW;
 107              		.loc 1 440 0
 108 0000 2122     		movs	r2, #33
 109 0002 164B     		ldr	r3, .L9
 110 0004 1A70     		strb	r2, [r3]
 441:Generated_Source\PSoC4/StripLights.c ****     StripLights_row++;
 111              		.loc 1 441 0
 112 0006 164A     		ldr	r2, .L9+4
 113 0008 5368     		ldr	r3, [r2, #4]
 114 000a 0133     		adds	r3, r3, #1
 115 000c 5360     		str	r3, [r2, #4]
 442:Generated_Source\PSoC4/StripLights.c ****     if( StripLights_row < StripLights_ARRAY_ROWS)  /* More Rows to do  */
 116              		.loc 1 442 0
 117 000e 002B     		cmp	r3, #0
 118 0010 1FD1     		bne	.L7
 443:Generated_Source\PSoC4/StripLights.c ****     {
 444:Generated_Source\PSoC4/StripLights.c ****         StripLights_Channel = StripLights_row;  
 119              		.loc 1 444 0
 120 0012 DBB2     		uxtb	r3, r3
 121 0014 134A     		ldr	r2, .L9+8
 122 0016 1370     		strb	r3, [r2]
 445:Generated_Source\PSoC4/StripLights.c **** 
 446:Generated_Source\PSoC4/StripLights.c **** 		#if(StripLights_MEMORY_TYPE == StripLights_MEMORY_RGB)
 447:Generated_Source\PSoC4/StripLights.c ****              color = StripLights_ledArray[StripLights_row][0];
 123              		.loc 1 447 0
ARM GAS  C:\Users\ARTEM\AppData\Local\Temp\ccSYEePJ.s 			page 11


 124 0018 114A     		ldr	r2, .L9+4
 125 001a 5368     		ldr	r3, [r2, #4]
 126 001c 5900     		lsls	r1, r3, #1
 127 001e CB18     		adds	r3, r1, r3
 128 0020 5B01     		lsls	r3, r3, #5
 129 0022 1149     		ldr	r1, .L9+12
 130 0024 5B58     		ldr	r3, [r3, r1]
 448:Generated_Source\PSoC4/StripLights.c ****         #else  /* Else use lookup table */
 449:Generated_Source\PSoC4/StripLights.c ****              color = StripLights_CLUT[ (StripLights_ledArray[StripLights_row][0]) ];
 450:Generated_Source\PSoC4/StripLights.c ****         #endif
 451:Generated_Source\PSoC4/StripLights.c **** 
 452:Generated_Source\PSoC4/StripLights.c ****         color = (color >> StripLights_DimShift) & StripLights_DimMask;
 131              		.loc 1 452 0
 132 0026 1149     		ldr	r1, .L9+16
 133 0028 0968     		ldr	r1, [r1]
 134 002a CB40     		lsrs	r3, r3, r1
 135 002c 1049     		ldr	r1, .L9+20
 136 002e 0968     		ldr	r1, [r1]
 137 0030 0B40     		ands	r3, r1
 453:Generated_Source\PSoC4/StripLights.c ****  
 454:Generated_Source\PSoC4/StripLights.c ****         StripLights_DATA = (uint8)(color & 0x000000FF);  /* Write Red   */
 138              		.loc 1 454 0
 139 0032 D8B2     		uxtb	r0, r3
 140 0034 0F49     		ldr	r1, .L9+24
 141 0036 0870     		strb	r0, [r1]
 455:Generated_Source\PSoC4/StripLights.c ****         color = color >> 8;
 142              		.loc 1 455 0
 143 0038 180A     		lsrs	r0, r3, #8
 456:Generated_Source\PSoC4/StripLights.c ****         StripLights_DATA = (uint8)(color & 0x000000FF);  /* Write green */
 144              		.loc 1 456 0
 145 003a C0B2     		uxtb	r0, r0
 146 003c 0870     		strb	r0, [r1]
 457:Generated_Source\PSoC4/StripLights.c ****         color = color >> 8;
 147              		.loc 1 457 0
 148 003e 1B0C     		lsrs	r3, r3, #16
 149 0040 D360     		str	r3, [r2, #12]
 458:Generated_Source\PSoC4/StripLights.c ****         StripLights_DATA = (uint8)(color & 0x000000FF);  /* Write green */
 150              		.loc 1 458 0
 151 0042 DBB2     		uxtb	r3, r3
 152 0044 0B70     		strb	r3, [r1]
 459:Generated_Source\PSoC4/StripLights.c **** 
 460:Generated_Source\PSoC4/StripLights.c ****         StripLights_ledIndex = 1;
 153              		.loc 1 460 0
 154 0046 0123     		movs	r3, #1
 155 0048 1360     		str	r3, [r2]
 461:Generated_Source\PSoC4/StripLights.c **** 		StripLights_CONTROL = StripLights_ENABLE | StripLights_FIFO_IRQ_EN; 
 156              		.loc 1 461 0
 157 004a 0922     		movs	r2, #9
 158 004c 034B     		ldr	r3, .L9
 159 004e 1A70     		strb	r2, [r3]
 160 0050 02E0     		b	.L6
 161              	.L7:
 462:Generated_Source\PSoC4/StripLights.c **** 		
 463:Generated_Source\PSoC4/StripLights.c ****     }
 464:Generated_Source\PSoC4/StripLights.c ****     else
 465:Generated_Source\PSoC4/StripLights.c ****     {
 466:Generated_Source\PSoC4/StripLights.c ****         StripLights_refreshComplete = 1u;
ARM GAS  C:\Users\ARTEM\AppData\Local\Temp\ccSYEePJ.s 			page 12


 162              		.loc 1 466 0
 163 0052 0122     		movs	r2, #1
 164 0054 084B     		ldr	r3, .L9+28
 165 0056 1A60     		str	r2, [r3]
 166              	.L6:
 467:Generated_Source\PSoC4/StripLights.c ****     }
 468:Generated_Source\PSoC4/StripLights.c ****   
 469:Generated_Source\PSoC4/StripLights.c **** }
 167              		.loc 1 469 0
 168              		@ sp needed
 169 0058 7047     		bx	lr
 170              	.L10:
 171 005a C046     		.align	2
 172              	.L9:
 173 005c 72000F40 		.word	1074724978
 174 0060 00000000 		.word	.LANCHOR0
 175 0064 71000F40 		.word	1074724977
 176 0068 00000000 		.word	StripLights_ledArray
 177 006c 00000000 		.word	StripLights_DimShift
 178 0070 00000000 		.word	StripLights_DimMask
 179 0074 42000F40 		.word	1074724930
 180 0078 00000000 		.word	StripLights_refreshComplete
 181              		.cfi_endproc
 182              	.LFE41:
 183              		.size	StripLights_CISR, .-StripLights_CISR
 184              		.section	.text.StripLights_Trigger,"ax",%progbits
 185              		.align	2
 186              		.global	StripLights_Trigger
 187              		.code	16
 188              		.thumb_func
 189              		.type	StripLights_Trigger, %function
 190              	StripLights_Trigger:
 191              	.LFB36:
 262:Generated_Source\PSoC4/StripLights.c ****     uint32 color;
 192              		.loc 1 262 0
 193              		.cfi_startproc
 194              		@ args = 0, pretend = 0, frame = 0
 195              		@ frame_needed = 0, uses_anonymous_args = 0
 196              		@ link register save eliminated.
 197              	.LVL0:
 265:Generated_Source\PSoC4/StripLights.c ****     {
 198              		.loc 1 265 0
 199 0000 0028     		cmp	r0, #0
 200 0002 04D0     		beq	.L12
 267:Generated_Source\PSoC4/StripLights.c ****         StripLights_Channel = 0;
 201              		.loc 1 267 0
 202 0004 0023     		movs	r3, #0
 203 0006 114A     		ldr	r2, .L13
 204 0008 5360     		str	r3, [r2, #4]
 268:Generated_Source\PSoC4/StripLights.c ****     }
 205              		.loc 1 268 0
 206 000a 114A     		ldr	r2, .L13+4
 207 000c 1370     		strb	r3, [r2]
 208              	.L12:
 272:Generated_Source\PSoC4/StripLights.c ****     #else  /* Else use lookup table */
 209              		.loc 1 272 0
 210 000e 0F48     		ldr	r0, .L13
ARM GAS  C:\Users\ARTEM\AppData\Local\Temp\ccSYEePJ.s 			page 13


 211              	.LVL1:
 212 0010 4368     		ldr	r3, [r0, #4]
 213 0012 5A00     		lsls	r2, r3, #1
 214 0014 D318     		adds	r3, r2, r3
 215 0016 5A01     		lsls	r2, r3, #5
 216 0018 0E4B     		ldr	r3, .L13+8
 217 001a D358     		ldr	r3, [r2, r3]
 218              	.LVL2:
 277:Generated_Source\PSoC4/StripLights.c ****      
 219              		.loc 1 277 0
 220 001c 0E4A     		ldr	r2, .L13+12
 221 001e 1268     		ldr	r2, [r2]
 222 0020 D340     		lsrs	r3, r3, r2
 223              	.LVL3:
 224 0022 0E4A     		ldr	r2, .L13+16
 225 0024 1268     		ldr	r2, [r2]
 226 0026 1340     		ands	r3, r2
 227              	.LVL4:
 279:Generated_Source\PSoC4/StripLights.c ****     color = color >> 8;
 228              		.loc 1 279 0
 229 0028 D9B2     		uxtb	r1, r3
 230 002a 0D4A     		ldr	r2, .L13+20
 231 002c 1170     		strb	r1, [r2]
 280:Generated_Source\PSoC4/StripLights.c ****     StripLights_DATA = (uint8)(color & 0x000000FF);  // Write green
 232              		.loc 1 280 0
 233 002e 190A     		lsrs	r1, r3, #8
 234              	.LVL5:
 281:Generated_Source\PSoC4/StripLights.c ****     color = color >> 8;
 235              		.loc 1 281 0
 236 0030 C9B2     		uxtb	r1, r1
 237              	.LVL6:
 238 0032 1170     		strb	r1, [r2]
 282:Generated_Source\PSoC4/StripLights.c ****     StripLights_DATA = (uint8)(color & 0x000000FF);  // Write green
 239              		.loc 1 282 0
 240 0034 1B0C     		lsrs	r3, r3, #16
 241              	.LVL7:
 283:Generated_Source\PSoC4/StripLights.c ****     
 242              		.loc 1 283 0
 243 0036 DBB2     		uxtb	r3, r3
 244              	.LVL8:
 245 0038 1370     		strb	r3, [r2]
 285:Generated_Source\PSoC4/StripLights.c ****  //   StripLights_CONTROL = StripLights_ENABLE | StripLights_FIFO_IRQ_EN; 
 246              		.loc 1 285 0
 247 003a 0123     		movs	r3, #1
 248 003c 0360     		str	r3, [r0]
 288:Generated_Source\PSoC4/StripLights.c ****     StripLights_refreshComplete = 0;
 249              		.loc 1 288 0
 250 003e 1922     		movs	r2, #25
 251 0040 084B     		ldr	r3, .L13+24
 252 0042 1A70     		strb	r2, [r3]
 289:Generated_Source\PSoC4/StripLights.c **** }
 253              		.loc 1 289 0
 254 0044 0022     		movs	r2, #0
 255 0046 084B     		ldr	r3, .L13+28
 256 0048 1A60     		str	r2, [r3]
 290:Generated_Source\PSoC4/StripLights.c **** 
 257              		.loc 1 290 0
ARM GAS  C:\Users\ARTEM\AppData\Local\Temp\ccSYEePJ.s 			page 14


 258              		@ sp needed
 259 004a 7047     		bx	lr
 260              	.L14:
 261              		.align	2
 262              	.L13:
 263 004c 00000000 		.word	.LANCHOR0
 264 0050 71000F40 		.word	1074724977
 265 0054 00000000 		.word	StripLights_ledArray
 266 0058 00000000 		.word	StripLights_DimShift
 267 005c 00000000 		.word	StripLights_DimMask
 268 0060 42000F40 		.word	1074724930
 269 0064 72000F40 		.word	1074724978
 270 0068 00000000 		.word	StripLights_refreshComplete
 271              		.cfi_endproc
 272              	.LFE36:
 273              		.size	StripLights_Trigger, .-StripLights_Trigger
 274              		.section	.text.StripLights_Ready,"ax",%progbits
 275              		.align	2
 276              		.global	StripLights_Ready
 277              		.code	16
 278              		.thumb_func
 279              		.type	StripLights_Ready, %function
 280              	StripLights_Ready:
 281              	.LFB37:
 306:Generated_Source\PSoC4/StripLights.c ****     if(StripLights_refreshComplete )
 282              		.loc 1 306 0
 283              		.cfi_startproc
 284              		@ args = 0, pretend = 0, frame = 0
 285              		@ frame_needed = 0, uses_anonymous_args = 0
 286              		@ link register save eliminated.
 307:Generated_Source\PSoC4/StripLights.c ****     {
 287              		.loc 1 307 0
 288 0000 044B     		ldr	r3, .L17
 289 0002 1868     		ldr	r0, [r3]
 290 0004 0028     		cmp	r0, #0
 291 0006 03D0     		beq	.L16
 309:Generated_Source\PSoC4/StripLights.c ****         return((uint32)1);
 292              		.loc 1 309 0
 293 0008 0022     		movs	r2, #0
 294 000a 034B     		ldr	r3, .L17+4
 295 000c 1A70     		strb	r2, [r3]
 310:Generated_Source\PSoC4/StripLights.c ****     }
 296              		.loc 1 310 0
 297 000e 0120     		movs	r0, #1
 298              	.L16:
 316:Generated_Source\PSoC4/StripLights.c **** 
 299              		.loc 1 316 0
 300              		@ sp needed
 301 0010 7047     		bx	lr
 302              	.L18:
 303 0012 C046     		.align	2
 304              	.L17:
 305 0014 00000000 		.word	StripLights_refreshComplete
 306 0018 72000F40 		.word	1074724978
 307              		.cfi_endproc
 308              	.LFE37:
 309              		.size	StripLights_Ready, .-StripLights_Ready
ARM GAS  C:\Users\ARTEM\AppData\Local\Temp\ccSYEePJ.s 			page 15


 310              		.section	.text.StripLights_Stop,"ax",%progbits
 311              		.align	2
 312              		.global	StripLights_Stop
 313              		.code	16
 314              		.thumb_func
 315              		.type	StripLights_Stop, %function
 316              	StripLights_Stop:
 317              	.LFB38:
 333:Generated_Source\PSoC4/StripLights.c **** 
 318              		.loc 1 333 0
 319              		.cfi_startproc
 320              		@ args = 0, pretend = 0, frame = 0
 321              		@ frame_needed = 0, uses_anonymous_args = 0
 322              		@ link register save eliminated.
 335:Generated_Source\PSoC4/StripLights.c **** }
 323              		.loc 1 335 0
 324 0000 0022     		movs	r2, #0
 325 0002 014B     		ldr	r3, .L20
 326 0004 1A70     		strb	r2, [r3]
 336:Generated_Source\PSoC4/StripLights.c **** 
 327              		.loc 1 336 0
 328              		@ sp needed
 329 0006 7047     		bx	lr
 330              	.L21:
 331              		.align	2
 332              	.L20:
 333 0008 72000F40 		.word	1074724978
 334              		.cfi_endproc
 335              	.LFE38:
 336              		.size	StripLights_Stop, .-StripLights_Stop
 337              		.global	__aeabi_uidivmod
 338              		.section	.text.StripLights_ColorInc,"ax",%progbits
 339              		.align	2
 340              		.global	StripLights_ColorInc
 341              		.code	16
 342              		.thumb_func
 343              		.type	StripLights_ColorInc, %function
 344              	StripLights_ColorInc:
 345              	.LFB39:
 353:Generated_Source\PSoC4/StripLights.c ****     uint32 color;
 346              		.loc 1 353 0
 347              		.cfi_startproc
 348              		@ args = 0, pretend = 0, frame = 0
 349              		@ frame_needed = 0, uses_anonymous_args = 0
 350              	.LVL9:
 351 0000 10B5     		push	{r4, lr}
 352              		.cfi_def_cfa_offset 8
 353              		.cfi_offset 4, -8
 354              		.cfi_offset 14, -4
 358:Generated_Source\PSoC4/StripLights.c ****     colorIndex = colorIndex % StripLights_COLOR_WHEEL_SIZE;
 355              		.loc 1 358 0
 356 0002 064C     		ldr	r4, .L23
 357 0004 2369     		ldr	r3, [r4, #16]
 358 0006 9C46     		mov	ip, r3
 359 0008 6044     		add	r0, r0, ip
 360              	.LVL10:
 359:Generated_Source\PSoC4/StripLights.c **** 
ARM GAS  C:\Users\ARTEM\AppData\Local\Temp\ccSYEePJ.s 			page 16


 361              		.loc 1 359 0
 362 000a 1821     		movs	r1, #24
 363 000c FFF7FEFF 		bl	__aeabi_uidivmod
 364              	.LVL11:
 365 0010 2161     		str	r1, [r4, #16]
 362:Generated_Source\PSoC4/StripLights.c ****     #else
 366              		.loc 1 362 0
 367 0012 8900     		lsls	r1, r1, #2
 368 0014 024B     		ldr	r3, .L23+4
 369 0016 C858     		ldr	r0, [r1, r3]
 370              	.LVL12:
 369:Generated_Source\PSoC4/StripLights.c **** /*****************************************************************************
 371              		.loc 1 369 0
 372              		@ sp needed
 373 0018 10BD     		pop	{r4, pc}
 374              	.L24:
 375 001a C046     		.align	2
 376              	.L23:
 377 001c 00000000 		.word	.LANCHOR0
 378 0020 00000000 		.word	.LANCHOR1
 379              		.cfi_endproc
 380              	.LFE39:
 381              		.size	StripLights_ColorInc, .-StripLights_ColorInc
 382              		.section	.text.StripLights_MemClear,"ax",%progbits
 383              		.align	2
 384              		.global	StripLights_MemClear
 385              		.code	16
 386              		.thumb_func
 387              		.type	StripLights_MemClear, %function
 388              	StripLights_MemClear:
 389              	.LFB43:
 470:Generated_Source\PSoC4/StripLights.c **** 
 471:Generated_Source\PSoC4/StripLights.c **** 
 472:Generated_Source\PSoC4/StripLights.c **** /*******************************************************************************
 473:Generated_Source\PSoC4/StripLights.c **** * Function Name: StripLights_DisplayClear
 474:Generated_Source\PSoC4/StripLights.c **** ********************************************************************************
 475:Generated_Source\PSoC4/StripLights.c **** * Summary:
 476:Generated_Source\PSoC4/StripLights.c **** *   Clear memory with a given value and update the display.
 477:Generated_Source\PSoC4/StripLights.c **** *
 478:Generated_Source\PSoC4/StripLights.c **** * Parameters:  
 479:Generated_Source\PSoC4/StripLights.c **** *  uint32 color: Color to clear display. 
 480:Generated_Source\PSoC4/StripLights.c **** *
 481:Generated_Source\PSoC4/StripLights.c **** * Return: 
 482:Generated_Source\PSoC4/StripLights.c **** *  void
 483:Generated_Source\PSoC4/StripLights.c **** *
 484:Generated_Source\PSoC4/StripLights.c **** *******************************************************************************/
 485:Generated_Source\PSoC4/StripLights.c **** void StripLights_DisplayClear(uint32 color)
 486:Generated_Source\PSoC4/StripLights.c **** {   
 487:Generated_Source\PSoC4/StripLights.c ****     StripLights_MemClear(color);
 488:Generated_Source\PSoC4/StripLights.c ****     StripLights_Trigger(1);
 489:Generated_Source\PSoC4/StripLights.c **** }
 490:Generated_Source\PSoC4/StripLights.c **** 
 491:Generated_Source\PSoC4/StripLights.c **** /*******************************************************************************
 492:Generated_Source\PSoC4/StripLights.c **** * Function Name: StripLights_MemClear
 493:Generated_Source\PSoC4/StripLights.c **** ********************************************************************************
 494:Generated_Source\PSoC4/StripLights.c **** * Summary:
 495:Generated_Source\PSoC4/StripLights.c **** *   Clear LED memory with given color, but do not update display.
ARM GAS  C:\Users\ARTEM\AppData\Local\Temp\ccSYEePJ.s 			page 17


 496:Generated_Source\PSoC4/StripLights.c **** *
 497:Generated_Source\PSoC4/StripLights.c **** * Parameters:  
 498:Generated_Source\PSoC4/StripLights.c **** *  uint32 color: Color to clear display.  
 499:Generated_Source\PSoC4/StripLights.c **** *
 500:Generated_Source\PSoC4/StripLights.c **** * Return: 
 501:Generated_Source\PSoC4/StripLights.c **** *  void
 502:Generated_Source\PSoC4/StripLights.c **** *
 503:Generated_Source\PSoC4/StripLights.c **** *******************************************************************************/
 504:Generated_Source\PSoC4/StripLights.c **** void StripLights_MemClear(uint32 color)
 505:Generated_Source\PSoC4/StripLights.c **** {
 390              		.loc 1 505 0
 391              		.cfi_startproc
 392              		@ args = 0, pretend = 0, frame = 0
 393              		@ frame_needed = 0, uses_anonymous_args = 0
 394              	.LVL13:
 395 0000 10B5     		push	{r4, lr}
 396              		.cfi_def_cfa_offset 8
 397              		.cfi_offset 4, -8
 398              		.cfi_offset 14, -4
 399              	.LVL14:
 506:Generated_Source\PSoC4/StripLights.c ****     uint32  row, col;
 507:Generated_Source\PSoC4/StripLights.c ****     
 508:Generated_Source\PSoC4/StripLights.c ****     for(row=0; row < StripLights_ARRAY_ROWS; row++)
 400              		.loc 1 508 0
 401 0002 0024     		movs	r4, #0
 402 0004 0CE0     		b	.L26
 403              	.LVL15:
 404              	.L27:
 509:Generated_Source\PSoC4/StripLights.c ****     {
 510:Generated_Source\PSoC4/StripLights.c ****         for(col=0; col < StripLights_ARRAY_COLS; col++)
 511:Generated_Source\PSoC4/StripLights.c ****         {
 512:Generated_Source\PSoC4/StripLights.c ****             StripLights_ledArray[row][col] = color;
 405              		.loc 1 512 0 discriminator 3
 406 0006 6200     		lsls	r2, r4, #1
 407 0008 1219     		adds	r2, r2, r4
 408 000a D300     		lsls	r3, r2, #3
 409 000c 5B18     		adds	r3, r3, r1
 410 000e 9B00     		lsls	r3, r3, #2
 411 0010 054A     		ldr	r2, .L30
 412 0012 9850     		str	r0, [r3, r2]
 510:Generated_Source\PSoC4/StripLights.c ****         {
 413              		.loc 1 510 0 discriminator 3
 414 0014 0131     		adds	r1, r1, #1
 415              	.LVL16:
 416 0016 00E0     		b	.L28
 417              	.LVL17:
 418              	.L29:
 419 0018 0021     		movs	r1, #0
 420              	.L28:
 421              	.LVL18:
 510:Generated_Source\PSoC4/StripLights.c ****         {
 422              		.loc 1 510 0 is_stmt 0 discriminator 1
 423 001a 1729     		cmp	r1, #23
 424 001c F3D9     		bls	.L27
 508:Generated_Source\PSoC4/StripLights.c ****     {
 425              		.loc 1 508 0 is_stmt 1 discriminator 2
 426 001e 0134     		adds	r4, r4, #1
ARM GAS  C:\Users\ARTEM\AppData\Local\Temp\ccSYEePJ.s 			page 18


 427              	.LVL19:
 428              	.L26:
 508:Generated_Source\PSoC4/StripLights.c ****     {
 429              		.loc 1 508 0 is_stmt 0 discriminator 1
 430 0020 002C     		cmp	r4, #0
 431 0022 F9D0     		beq	.L29
 513:Generated_Source\PSoC4/StripLights.c ****             #if(StripLights_MEMORY_TYPE == StripLights_MEMORY_RGB)
 514:Generated_Source\PSoC4/StripLights.c ****                 StripLights_ledArray[row][col] = color;
 515:Generated_Source\PSoC4/StripLights.c ****             #else  /* Else use lookup table */
 516:Generated_Source\PSoC4/StripLights.c ****                  StripLights_ledArray[row][col] = (uint8)color;
 517:Generated_Source\PSoC4/StripLights.c ****             #endif
 518:Generated_Source\PSoC4/StripLights.c ****         }
 519:Generated_Source\PSoC4/StripLights.c ****     }
 520:Generated_Source\PSoC4/StripLights.c **** }
 432              		.loc 1 520 0 is_stmt 1
 433              		@ sp needed
 434              	.LVL20:
 435 0024 10BD     		pop	{r4, pc}
 436              	.L31:
 437 0026 C046     		.align	2
 438              	.L30:
 439 0028 00000000 		.word	StripLights_ledArray
 440              		.cfi_endproc
 441              	.LFE43:
 442              		.size	StripLights_MemClear, .-StripLights_MemClear
 443              		.section	.text.StripLights_DisplayClear,"ax",%progbits
 444              		.align	2
 445              		.global	StripLights_DisplayClear
 446              		.code	16
 447              		.thumb_func
 448              		.type	StripLights_DisplayClear, %function
 449              	StripLights_DisplayClear:
 450              	.LFB42:
 486:Generated_Source\PSoC4/StripLights.c ****     StripLights_MemClear(color);
 451              		.loc 1 486 0
 452              		.cfi_startproc
 453              		@ args = 0, pretend = 0, frame = 0
 454              		@ frame_needed = 0, uses_anonymous_args = 0
 455              	.LVL21:
 456 0000 10B5     		push	{r4, lr}
 457              		.cfi_def_cfa_offset 8
 458              		.cfi_offset 4, -8
 459              		.cfi_offset 14, -4
 487:Generated_Source\PSoC4/StripLights.c ****     StripLights_Trigger(1);
 460              		.loc 1 487 0
 461 0002 FFF7FEFF 		bl	StripLights_MemClear
 462              	.LVL22:
 488:Generated_Source\PSoC4/StripLights.c **** }
 463              		.loc 1 488 0
 464 0006 0120     		movs	r0, #1
 465 0008 FFF7FEFF 		bl	StripLights_Trigger
 466              	.LVL23:
 489:Generated_Source\PSoC4/StripLights.c **** 
 467              		.loc 1 489 0
 468              		@ sp needed
 469 000c 10BD     		pop	{r4, pc}
 470              		.cfi_endproc
ARM GAS  C:\Users\ARTEM\AppData\Local\Temp\ccSYEePJ.s 			page 19


 471              	.LFE42:
 472              		.size	StripLights_DisplayClear, .-StripLights_DisplayClear
 473 000e C046     		.section	.text.StripLights_WriteColor,"ax",%progbits
 474              		.align	2
 475              		.global	StripLights_WriteColor
 476              		.code	16
 477              		.thumb_func
 478              		.type	StripLights_WriteColor, %function
 479              	StripLights_WriteColor:
 480              	.LFB44:
 521:Generated_Source\PSoC4/StripLights.c **** 
 522:Generated_Source\PSoC4/StripLights.c **** 
 523:Generated_Source\PSoC4/StripLights.c **** 
 524:Generated_Source\PSoC4/StripLights.c **** /*******************************************************************************
 525:Generated_Source\PSoC4/StripLights.c **** * Function Name: StripLights_WriteColor
 526:Generated_Source\PSoC4/StripLights.c **** ********************************************************************************
 527:Generated_Source\PSoC4/StripLights.c **** * Summary:
 528:Generated_Source\PSoC4/StripLights.c **** *   Write given color directly to output register.
 529:Generated_Source\PSoC4/StripLights.c **** *
 530:Generated_Source\PSoC4/StripLights.c **** * Parameters:  
 531:Generated_Source\PSoC4/StripLights.c **** *  uint32 color: Color to write to display. 
 532:Generated_Source\PSoC4/StripLights.c **** *
 533:Generated_Source\PSoC4/StripLights.c **** * Return: 
 534:Generated_Source\PSoC4/StripLights.c **** *  void
 535:Generated_Source\PSoC4/StripLights.c **** *
 536:Generated_Source\PSoC4/StripLights.c **** *******************************************************************************/
 537:Generated_Source\PSoC4/StripLights.c **** void StripLights_WriteColor(uint32 color)
 538:Generated_Source\PSoC4/StripLights.c **** {
 481              		.loc 1 538 0
 482              		.cfi_startproc
 483              		@ args = 0, pretend = 0, frame = 0
 484              		@ frame_needed = 0, uses_anonymous_args = 0
 485              		@ link register save eliminated.
 486              	.LVL24:
 487              	.L34:
 539:Generated_Source\PSoC4/StripLights.c ****     while( (StripLights_STATUS & StripLights_FIFO_EMPTY) == 0); 
 488              		.loc 1 539 0 discriminator 1
 489 0000 064B     		ldr	r3, .L35
 490 0002 1B78     		ldrb	r3, [r3]
 491 0004 DB07     		lsls	r3, r3, #31
 492 0006 FBD5     		bpl	.L34
 540:Generated_Source\PSoC4/StripLights.c **** 
 541:Generated_Source\PSoC4/StripLights.c ****     StripLights_DATA = (uint8)(color & 0x000000FF);  // Write Green
 493              		.loc 1 541 0
 494 0008 C2B2     		uxtb	r2, r0
 495 000a 054B     		ldr	r3, .L35+4
 496 000c 1A70     		strb	r2, [r3]
 542:Generated_Source\PSoC4/StripLights.c ****     color = color >> 8;
 497              		.loc 1 542 0
 498 000e 020A     		lsrs	r2, r0, #8
 499              	.LVL25:
 543:Generated_Source\PSoC4/StripLights.c ****     StripLights_DATA = (uint8)(color & 0x000000FF);  // Write Red
 500              		.loc 1 543 0
 501 0010 D2B2     		uxtb	r2, r2
 502              	.LVL26:
 503 0012 1A70     		strb	r2, [r3]
 544:Generated_Source\PSoC4/StripLights.c ****     color = color >> 8;
ARM GAS  C:\Users\ARTEM\AppData\Local\Temp\ccSYEePJ.s 			page 20


 504              		.loc 1 544 0
 505 0014 000C     		lsrs	r0, r0, #16
 506              	.LVL27:
 545:Generated_Source\PSoC4/StripLights.c ****     StripLights_DATA = (uint8)(color & 0x000000FF);  // Write Blue
 507              		.loc 1 545 0
 508 0016 C0B2     		uxtb	r0, r0
 509              	.LVL28:
 510 0018 1870     		strb	r0, [r3]
 546:Generated_Source\PSoC4/StripLights.c **** }
 511              		.loc 1 546 0
 512              		@ sp needed
 513 001a 7047     		bx	lr
 514              	.L36:
 515              		.align	2
 516              	.L35:
 517 001c 62000F40 		.word	1074724962
 518 0020 42000F40 		.word	1074724930
 519              		.cfi_endproc
 520              	.LFE44:
 521              		.size	StripLights_WriteColor, .-StripLights_WriteColor
 522              		.section	.text.StripLights_Pixel,"ax",%progbits
 523              		.align	2
 524              		.global	StripLights_Pixel
 525              		.code	16
 526              		.thumb_func
 527              		.type	StripLights_Pixel, %function
 528              	StripLights_Pixel:
 529              	.LFB45:
 547:Generated_Source\PSoC4/StripLights.c **** 
 548:Generated_Source\PSoC4/StripLights.c **** 
 549:Generated_Source\PSoC4/StripLights.c **** /*******************************************************************************
 550:Generated_Source\PSoC4/StripLights.c **** * Function Name: StripLights_Pixel
 551:Generated_Source\PSoC4/StripLights.c **** ********************************************************************************
 552:Generated_Source\PSoC4/StripLights.c **** *
 553:Generated_Source\PSoC4/StripLights.c **** * Summary:
 554:Generated_Source\PSoC4/StripLights.c **** *  Draw Pixel  
 555:Generated_Source\PSoC4/StripLights.c **** *
 556:Generated_Source\PSoC4/StripLights.c **** * Parameters:  
 557:Generated_Source\PSoC4/StripLights.c **** *  x,y:    Location to draw the pixel
 558:Generated_Source\PSoC4/StripLights.c **** *  color:  Color of the pixel
 559:Generated_Source\PSoC4/StripLights.c **** *
 560:Generated_Source\PSoC4/StripLights.c **** * Return: 
 561:Generated_Source\PSoC4/StripLights.c **** *  None 
 562:Generated_Source\PSoC4/StripLights.c **** *******************************************************************************/
 563:Generated_Source\PSoC4/StripLights.c **** void StripLights_Pixel(int32 x, int32 y, uint32 color)
 564:Generated_Source\PSoC4/StripLights.c **** {
 530              		.loc 1 564 0
 531              		.cfi_startproc
 532              		@ args = 0, pretend = 0, frame = 0
 533              		@ frame_needed = 0, uses_anonymous_args = 0
 534              		@ link register save eliminated.
 535              	.LVL29:
 565:Generated_Source\PSoC4/StripLights.c **** 
 566:Generated_Source\PSoC4/StripLights.c **** 	if((x >= StripLights_MIN_X) && (y >= StripLights_MIN_Y) && (x <= StripLights_MAX_X) && (y <= Strip
 536              		.loc 1 566 0
 537 0000 0028     		cmp	r0, #0
 538 0002 0CDB     		blt	.L37
ARM GAS  C:\Users\ARTEM\AppData\Local\Temp\ccSYEePJ.s 			page 21


 539              		.loc 1 566 0 is_stmt 0 discriminator 1
 540 0004 0029     		cmp	r1, #0
 541 0006 0ADB     		blt	.L37
 542              		.loc 1 566 0 discriminator 2
 543 0008 1728     		cmp	r0, #23
 544 000a 08DC     		bgt	.L37
 545              		.loc 1 566 0 discriminator 3
 546 000c 0029     		cmp	r1, #0
 547 000e 06DC     		bgt	.L37
 567:Generated_Source\PSoC4/StripLights.c ****     {
 568:Generated_Source\PSoC4/StripLights.c **** 
 569:Generated_Source\PSoC4/StripLights.c ****     #if(StripLights_MEMORY_TYPE == StripLights_MEMORY_RGB)
 570:Generated_Source\PSoC4/StripLights.c ****        StripLights_ledArray[y][x] = color;
 548              		.loc 1 570 0 is_stmt 1
 549 0010 4B00     		lsls	r3, r1, #1
 550 0012 5918     		adds	r1, r3, r1
 551              	.LVL30:
 552 0014 CB00     		lsls	r3, r1, #3
 553 0016 1818     		adds	r0, r3, r0
 554              	.LVL31:
 555 0018 8000     		lsls	r0, r0, #2
 556 001a 014B     		ldr	r3, .L39
 557 001c C250     		str	r2, [r0, r3]
 558              	.L37:
 571:Generated_Source\PSoC4/StripLights.c ****     #else  /* Else use lookup table */
 572:Generated_Source\PSoC4/StripLights.c ****        StripLights_ledArray[y][x] = (uint8)color;
 573:Generated_Source\PSoC4/StripLights.c ****     #endif
 574:Generated_Source\PSoC4/StripLights.c ****     }
 575:Generated_Source\PSoC4/StripLights.c ****   
 576:Generated_Source\PSoC4/StripLights.c **** }
 559              		.loc 1 576 0
 560              		@ sp needed
 561 001e 7047     		bx	lr
 562              	.L40:
 563              		.align	2
 564              	.L39:
 565 0020 00000000 		.word	StripLights_ledArray
 566              		.cfi_endproc
 567              	.LFE45:
 568              		.size	StripLights_Pixel, .-StripLights_Pixel
 569              		.section	.text.StripLights_GetPixel,"ax",%progbits
 570              		.align	2
 571              		.global	StripLights_GetPixel
 572              		.code	16
 573              		.thumb_func
 574              		.type	StripLights_GetPixel, %function
 575              	StripLights_GetPixel:
 576              	.LFB46:
 577:Generated_Source\PSoC4/StripLights.c **** 
 578:Generated_Source\PSoC4/StripLights.c **** /*******************************************************************************
 579:Generated_Source\PSoC4/StripLights.c **** * Function Name: StripLights_GetPixel
 580:Generated_Source\PSoC4/StripLights.c **** ********************************************************************************
 581:Generated_Source\PSoC4/StripLights.c **** *
 582:Generated_Source\PSoC4/StripLights.c **** * Summary:
 583:Generated_Source\PSoC4/StripLights.c **** *  Get Pixel Color  
 584:Generated_Source\PSoC4/StripLights.c **** *
 585:Generated_Source\PSoC4/StripLights.c **** * Parameters:  
ARM GAS  C:\Users\ARTEM\AppData\Local\Temp\ccSYEePJ.s 			page 22


 586:Generated_Source\PSoC4/StripLights.c **** *  x,y:    Location to get pixel color
 587:Generated_Source\PSoC4/StripLights.c **** *
 588:Generated_Source\PSoC4/StripLights.c **** * Return: 
 589:Generated_Source\PSoC4/StripLights.c **** *  None 
 590:Generated_Source\PSoC4/StripLights.c **** *******************************************************************************/
 591:Generated_Source\PSoC4/StripLights.c **** uint32 StripLights_GetPixel(int32 x, int32 y)
 592:Generated_Source\PSoC4/StripLights.c **** {
 577              		.loc 1 592 0
 578              		.cfi_startproc
 579              		@ args = 0, pretend = 0, frame = 0
 580              		@ frame_needed = 0, uses_anonymous_args = 0
 581              		@ link register save eliminated.
 582              	.LVL32:
 593:Generated_Source\PSoC4/StripLights.c ****     uint32 color;
 594:Generated_Source\PSoC4/StripLights.c ****     if((x>=0) && (y>=0) && (x < StripLights_ARRAY_COLS) && (y < StripLights_ARRAY_ROWS))
 583              		.loc 1 594 0
 584 0000 0028     		cmp	r0, #0
 585 0002 0CDB     		blt	.L42
 586              		.loc 1 594 0 is_stmt 0 discriminator 1
 587 0004 0029     		cmp	r1, #0
 588 0006 0ADB     		blt	.L42
 589              		.loc 1 594 0 discriminator 2
 590 0008 1728     		cmp	r0, #23
 591 000a 08DC     		bgt	.L42
 592              		.loc 1 594 0 discriminator 3
 593 000c 0029     		cmp	r1, #0
 594 000e 06DC     		bgt	.L42
 595:Generated_Source\PSoC4/StripLights.c ****     {
 596:Generated_Source\PSoC4/StripLights.c ****     #if(StripLights_MEMORY_TYPE == StripLights_MEMORY_RGB)
 597:Generated_Source\PSoC4/StripLights.c ****        color = StripLights_ledArray[y][x];
 595              		.loc 1 597 0 is_stmt 1
 596 0010 4B00     		lsls	r3, r1, #1
 597 0012 5918     		adds	r1, r3, r1
 598              	.LVL33:
 599 0014 CB00     		lsls	r3, r1, #3
 600 0016 1818     		adds	r0, r3, r0
 601              	.LVL34:
 602 0018 8000     		lsls	r0, r0, #2
 603 001a 024B     		ldr	r3, .L43
 604 001c C358     		ldr	r3, [r0, r3]
 605              	.LVL35:
 606              	.L42:
 598:Generated_Source\PSoC4/StripLights.c ****     #else  /* Else use lookup table */
 599:Generated_Source\PSoC4/StripLights.c ****        color = (uint32)StripLights_ledArray[y][x];
 600:Generated_Source\PSoC4/StripLights.c ****     #endif
 601:Generated_Source\PSoC4/StripLights.c ****     }
 602:Generated_Source\PSoC4/StripLights.c ****     return(color);
 603:Generated_Source\PSoC4/StripLights.c **** }
 607              		.loc 1 603 0
 608 001e 1800     		movs	r0, r3
 609              		@ sp needed
 610 0020 7047     		bx	lr
 611              	.L44:
 612 0022 C046     		.align	2
 613              	.L43:
 614 0024 00000000 		.word	StripLights_ledArray
 615              		.cfi_endproc
ARM GAS  C:\Users\ARTEM\AppData\Local\Temp\ccSYEePJ.s 			page 23


 616              	.LFE46:
 617              		.size	StripLights_GetPixel, .-StripLights_GetPixel
 618              		.section	.text.StripLights_DrawCircle,"ax",%progbits
 619              		.align	2
 620              		.global	StripLights_DrawCircle
 621              		.code	16
 622              		.thumb_func
 623              		.type	StripLights_DrawCircle, %function
 624              	StripLights_DrawCircle:
 625              	.LFB47:
 604:Generated_Source\PSoC4/StripLights.c **** 
 605:Generated_Source\PSoC4/StripLights.c **** /*******************************************************************************
 606:Generated_Source\PSoC4/StripLights.c **** * Function Name: StripLights_DrawCircle
 607:Generated_Source\PSoC4/StripLights.c **** ********************************************************************************
 608:Generated_Source\PSoC4/StripLights.c **** *
 609:Generated_Source\PSoC4/StripLights.c **** * Summary:
 610:Generated_Source\PSoC4/StripLights.c **** *  Draw a circle on the display given a start point and radius.  
 611:Generated_Source\PSoC4/StripLights.c **** *
 612:Generated_Source\PSoC4/StripLights.c **** *  This code uses Bresenham's Circle Algorithm. 
 613:Generated_Source\PSoC4/StripLights.c **** *
 614:Generated_Source\PSoC4/StripLights.c **** * Parameters:  
 615:Generated_Source\PSoC4/StripLights.c **** *  x0, y0: Center of circle
 616:Generated_Source\PSoC4/StripLights.c **** *  radius: Radius of circle
 617:Generated_Source\PSoC4/StripLights.c **** *  color:  Color of circle
 618:Generated_Source\PSoC4/StripLights.c **** *
 619:Generated_Source\PSoC4/StripLights.c **** * Return: 
 620:Generated_Source\PSoC4/StripLights.c **** *  None 
 621:Generated_Source\PSoC4/StripLights.c **** *  
 622:Generated_Source\PSoC4/StripLights.c **** *******************************************************************************/
 623:Generated_Source\PSoC4/StripLights.c **** void StripLights_DrawCircle (int32 x0, int32 y0, int32 radius, uint32 color)
 624:Generated_Source\PSoC4/StripLights.c **** {
 626              		.loc 1 624 0
 627              		.cfi_startproc
 628              		@ args = 0, pretend = 0, frame = 16
 629              		@ frame_needed = 0, uses_anonymous_args = 0
 630              	.LVL36:
 631 0000 F0B5     		push	{r4, r5, r6, r7, lr}
 632              		.cfi_def_cfa_offset 20
 633              		.cfi_offset 4, -20
 634              		.cfi_offset 5, -16
 635              		.cfi_offset 6, -12
 636              		.cfi_offset 7, -8
 637              		.cfi_offset 14, -4
 638 0002 5F46     		mov	r7, fp
 639 0004 5646     		mov	r6, r10
 640 0006 4D46     		mov	r5, r9
 641 0008 4446     		mov	r4, r8
 642 000a F0B4     		push	{r4, r5, r6, r7}
 643              		.cfi_def_cfa_offset 36
 644              		.cfi_offset 8, -36
 645              		.cfi_offset 9, -32
 646              		.cfi_offset 10, -28
 647              		.cfi_offset 11, -24
 648 000c 85B0     		sub	sp, sp, #20
 649              		.cfi_def_cfa_offset 56
 650 000e 8346     		mov	fp, r0
 651 0010 8846     		mov	r8, r1
ARM GAS  C:\Users\ARTEM\AppData\Local\Temp\ccSYEePJ.s 			page 24


 652 0012 1400     		movs	r4, r2
 653 0014 1D00     		movs	r5, r3
 654 0016 0193     		str	r3, [sp, #4]
 625:Generated_Source\PSoC4/StripLights.c **** 	int32 f = 1 - radius;
 655              		.loc 1 625 0
 656 0018 0123     		movs	r3, #1
 657              	.LVL37:
 658 001a 9B1A     		subs	r3, r3, r2
 659 001c 9946     		mov	r9, r3
 660              	.LVL38:
 626:Generated_Source\PSoC4/StripLights.c **** 	int32 ddF_x = 0;
 627:Generated_Source\PSoC4/StripLights.c **** 	int32 ddF_y = -2 * radius;
 661              		.loc 1 627 0
 662 001e D307     		lsls	r3, r2, #31
 663              	.LVL39:
 664 0020 9B1A     		subs	r3, r3, r2
 665 0022 5A00     		lsls	r2, r3, #1
 666              	.LVL40:
 667 0024 9246     		mov	r10, r2
 668              	.LVL41:
 628:Generated_Source\PSoC4/StripLights.c **** 	int32 x = 0;
 629:Generated_Source\PSoC4/StripLights.c **** 	int32 y = radius;
 630:Generated_Source\PSoC4/StripLights.c **** 
 631:Generated_Source\PSoC4/StripLights.c **** 	StripLights_Pixel(x0, y0 + radius, color);
 669              		.loc 1 631 0
 670 0026 6118     		adds	r1, r4, r1
 671              	.LVL42:
 672 0028 2A00     		movs	r2, r5
 673              	.LVL43:
 674 002a FFF7FEFF 		bl	StripLights_Pixel
 675              	.LVL44:
 632:Generated_Source\PSoC4/StripLights.c **** 	StripLights_Pixel(x0, y0 - radius, color);
 676              		.loc 1 632 0
 677 002e 4346     		mov	r3, r8
 678 0030 191B     		subs	r1, r3, r4
 679 0032 2A00     		movs	r2, r5
 680 0034 5846     		mov	r0, fp
 681 0036 FFF7FEFF 		bl	StripLights_Pixel
 682              	.LVL45:
 633:Generated_Source\PSoC4/StripLights.c **** 	StripLights_Pixel( x0 + radius, y0, color);
 683              		.loc 1 633 0
 684 003a 5B46     		mov	r3, fp
 685 003c E018     		adds	r0, r4, r3
 686 003e 2A00     		movs	r2, r5
 687 0040 4146     		mov	r1, r8
 688 0042 FFF7FEFF 		bl	StripLights_Pixel
 689              	.LVL46:
 634:Generated_Source\PSoC4/StripLights.c **** 	StripLights_Pixel( x0 - radius, y0, color);
 690              		.loc 1 634 0
 691 0046 5B46     		mov	r3, fp
 692 0048 181B     		subs	r0, r3, r4
 693 004a 2A00     		movs	r2, r5
 694 004c 4146     		mov	r1, r8
 695 004e FFF7FEFF 		bl	StripLights_Pixel
 696              	.LVL47:
 628:Generated_Source\PSoC4/StripLights.c **** 	int32 y = radius;
 697              		.loc 1 628 0
ARM GAS  C:\Users\ARTEM\AppData\Local\Temp\ccSYEePJ.s 			page 25


 698 0052 0026     		movs	r6, #0
 626:Generated_Source\PSoC4/StripLights.c **** 	int32 ddF_y = -2 * radius;
 699              		.loc 1 626 0
 700 0054 0023     		movs	r3, #0
 635:Generated_Source\PSoC4/StripLights.c **** 
 636:Generated_Source\PSoC4/StripLights.c **** 	while(x < y)
 701              		.loc 1 636 0
 702 0056 48E0     		b	.L46
 703              	.LVL48:
 704              	.L48:
 637:Generated_Source\PSoC4/StripLights.c **** 	{
 638:Generated_Source\PSoC4/StripLights.c **** 		if(f >= 0)
 705              		.loc 1 638 0
 706 0058 4A46     		mov	r2, r9
 707 005a 002A     		cmp	r2, #0
 708 005c 04DB     		blt	.L47
 709              	.LVL49:
 639:Generated_Source\PSoC4/StripLights.c **** 		{
 640:Generated_Source\PSoC4/StripLights.c **** 			y--;
 710              		.loc 1 640 0
 711 005e 013C     		subs	r4, r4, #1
 712              	.LVL50:
 641:Generated_Source\PSoC4/StripLights.c **** 			ddF_y += 2;
 713              		.loc 1 641 0
 714 0060 0222     		movs	r2, #2
 715              	.LVL51:
 716 0062 9446     		mov	ip, r2
 717 0064 E244     		add	r10, r10, ip
 718              	.LVL52:
 642:Generated_Source\PSoC4/StripLights.c **** 			f += ddF_y;
 719              		.loc 1 642 0
 720 0066 D144     		add	r9, r9, r10
 721              	.LVL53:
 722              	.L47:
 643:Generated_Source\PSoC4/StripLights.c **** 		}
 644:Generated_Source\PSoC4/StripLights.c **** 		x++;
 723              		.loc 1 644 0
 724 0068 0136     		adds	r6, r6, #1
 725              	.LVL54:
 645:Generated_Source\PSoC4/StripLights.c **** 		ddF_x += 2;
 726              		.loc 1 645 0
 727 006a 9A1C     		adds	r2, r3, #2
 728 006c 0292     		str	r2, [sp, #8]
 729              	.LVL55:
 646:Generated_Source\PSoC4/StripLights.c **** 		f += ddF_x + 1;
 730              		.loc 1 646 0
 731 006e 0333     		adds	r3, r3, #3
 732 0070 9944     		add	r9, r9, r3
 733              	.LVL56:
 647:Generated_Source\PSoC4/StripLights.c **** 
 648:Generated_Source\PSoC4/StripLights.c **** 		StripLights_Pixel(x0 + x, y0 + y, color);
 734              		.loc 1 648 0
 735 0072 5946     		mov	r1, fp
 736 0074 8F19     		adds	r7, r1, r6
 737 0076 4146     		mov	r1, r8
 738 0078 6318     		adds	r3, r4, r1
 739 007a 019A     		ldr	r2, [sp, #4]
ARM GAS  C:\Users\ARTEM\AppData\Local\Temp\ccSYEePJ.s 			page 26


 740              	.LVL57:
 741 007c 0393     		str	r3, [sp, #12]
 742 007e 1900     		movs	r1, r3
 743 0080 3800     		movs	r0, r7
 744 0082 FFF7FEFF 		bl	StripLights_Pixel
 745              	.LVL58:
 649:Generated_Source\PSoC4/StripLights.c **** 		StripLights_Pixel(x0 - x, y0 + y, color);
 746              		.loc 1 649 0
 747 0086 5846     		mov	r0, fp
 748 0088 851B     		subs	r5, r0, r6
 749 008a 019A     		ldr	r2, [sp, #4]
 750 008c 0399     		ldr	r1, [sp, #12]
 751 008e 2800     		movs	r0, r5
 752 0090 FFF7FEFF 		bl	StripLights_Pixel
 753              	.LVL59:
 650:Generated_Source\PSoC4/StripLights.c **** 		StripLights_Pixel( x0 + x, y0 - y, color);
 754              		.loc 1 650 0
 755 0094 4146     		mov	r1, r8
 756 0096 0B1B     		subs	r3, r1, r4
 757 0098 019A     		ldr	r2, [sp, #4]
 758 009a 0393     		str	r3, [sp, #12]
 759 009c 1900     		movs	r1, r3
 760 009e 3800     		movs	r0, r7
 761 00a0 FFF7FEFF 		bl	StripLights_Pixel
 762              	.LVL60:
 651:Generated_Source\PSoC4/StripLights.c **** 		StripLights_Pixel( x0 - x, y0 - y, color);
 763              		.loc 1 651 0
 764 00a4 019A     		ldr	r2, [sp, #4]
 765 00a6 0399     		ldr	r1, [sp, #12]
 766 00a8 2800     		movs	r0, r5
 767 00aa FFF7FEFF 		bl	StripLights_Pixel
 768              	.LVL61:
 652:Generated_Source\PSoC4/StripLights.c **** 		StripLights_Pixel( x0 + y, y0 + x, color);
 769              		.loc 1 652 0
 770 00ae 5946     		mov	r1, fp
 771 00b0 6718     		adds	r7, r4, r1
 772 00b2 4146     		mov	r1, r8
 773 00b4 8D19     		adds	r5, r1, r6
 774 00b6 019A     		ldr	r2, [sp, #4]
 775 00b8 2900     		movs	r1, r5
 776 00ba 3800     		movs	r0, r7
 777 00bc FFF7FEFF 		bl	StripLights_Pixel
 778              	.LVL62:
 653:Generated_Source\PSoC4/StripLights.c **** 		StripLights_Pixel( x0 - y, y0 + x, color);
 779              		.loc 1 653 0
 780 00c0 5946     		mov	r1, fp
 781 00c2 0B1B     		subs	r3, r1, r4
 782 00c4 019A     		ldr	r2, [sp, #4]
 783 00c6 2900     		movs	r1, r5
 784 00c8 0393     		str	r3, [sp, #12]
 785 00ca 1800     		movs	r0, r3
 786 00cc FFF7FEFF 		bl	StripLights_Pixel
 787              	.LVL63:
 654:Generated_Source\PSoC4/StripLights.c **** 		StripLights_Pixel( x0 + y, y0 - x, color);
 788              		.loc 1 654 0
 789 00d0 4146     		mov	r1, r8
 790 00d2 8D1B     		subs	r5, r1, r6
ARM GAS  C:\Users\ARTEM\AppData\Local\Temp\ccSYEePJ.s 			page 27


 791 00d4 019A     		ldr	r2, [sp, #4]
 792 00d6 2900     		movs	r1, r5
 793 00d8 3800     		movs	r0, r7
 794 00da FFF7FEFF 		bl	StripLights_Pixel
 795              	.LVL64:
 655:Generated_Source\PSoC4/StripLights.c **** 		StripLights_Pixel( x0 - y, y0 - x, color);
 796              		.loc 1 655 0
 797 00de 019A     		ldr	r2, [sp, #4]
 798 00e0 2900     		movs	r1, r5
 799 00e2 0398     		ldr	r0, [sp, #12]
 800 00e4 FFF7FEFF 		bl	StripLights_Pixel
 801              	.LVL65:
 645:Generated_Source\PSoC4/StripLights.c **** 		f += ddF_x + 1;
 802              		.loc 1 645 0
 803 00e8 029B     		ldr	r3, [sp, #8]
 804              	.LVL66:
 805              	.L46:
 636:Generated_Source\PSoC4/StripLights.c **** 	{
 806              		.loc 1 636 0
 807 00ea A642     		cmp	r6, r4
 808 00ec B4DB     		blt	.L48
 656:Generated_Source\PSoC4/StripLights.c **** 	}
 657:Generated_Source\PSoC4/StripLights.c **** }
 809              		.loc 1 657 0
 810 00ee 05B0     		add	sp, sp, #20
 811              		@ sp needed
 812              	.LVL67:
 813              	.LVL68:
 814              	.LVL69:
 815              	.LVL70:
 816              	.LVL71:
 817              	.LVL72:
 818 00f0 3CBC     		pop	{r2, r3, r4, r5}
 819 00f2 9046     		mov	r8, r2
 820 00f4 9946     		mov	r9, r3
 821 00f6 A246     		mov	r10, r4
 822 00f8 AB46     		mov	fp, r5
 823 00fa F0BD     		pop	{r4, r5, r6, r7, pc}
 824              		.cfi_endproc
 825              	.LFE47:
 826              		.size	StripLights_DrawCircle, .-StripLights_DrawCircle
 827              		.section	.text.StripLights_DrawLine,"ax",%progbits
 828              		.align	2
 829              		.global	StripLights_DrawLine
 830              		.code	16
 831              		.thumb_func
 832              		.type	StripLights_DrawLine, %function
 833              	StripLights_DrawLine:
 834              	.LFB48:
 658:Generated_Source\PSoC4/StripLights.c **** 
 659:Generated_Source\PSoC4/StripLights.c **** 
 660:Generated_Source\PSoC4/StripLights.c **** /*******************************************************************************
 661:Generated_Source\PSoC4/StripLights.c **** * Function Name: StripLights_DrawLine
 662:Generated_Source\PSoC4/StripLights.c **** ********************************************************************************
 663:Generated_Source\PSoC4/StripLights.c **** *
 664:Generated_Source\PSoC4/StripLights.c **** * Summary:
 665:Generated_Source\PSoC4/StripLights.c **** *  Draw a line on the display.  
ARM GAS  C:\Users\ARTEM\AppData\Local\Temp\ccSYEePJ.s 			page 28


 666:Generated_Source\PSoC4/StripLights.c **** *
 667:Generated_Source\PSoC4/StripLights.c **** * Parameters:  
 668:Generated_Source\PSoC4/StripLights.c **** *  x0, y0:  The beginning endpoint
 669:Generated_Source\PSoC4/StripLights.c **** *  x1, y1:  The end endpoint.
 670:Generated_Source\PSoC4/StripLights.c **** *  color:   Color of the line.
 671:Generated_Source\PSoC4/StripLights.c **** *
 672:Generated_Source\PSoC4/StripLights.c **** * Return: 
 673:Generated_Source\PSoC4/StripLights.c **** *  None 
 674:Generated_Source\PSoC4/StripLights.c **** *  
 675:Generated_Source\PSoC4/StripLights.c **** *******************************************************************************/
 676:Generated_Source\PSoC4/StripLights.c **** void StripLights_DrawLine(int32 x0, int32 y0, int32 x1, int32 y1, uint32 color)
 677:Generated_Source\PSoC4/StripLights.c **** {
 835              		.loc 1 677 0
 836              		.cfi_startproc
 837              		@ args = 4, pretend = 0, frame = 8
 838              		@ frame_needed = 0, uses_anonymous_args = 0
 839              	.LVL73:
 840 0000 F0B5     		push	{r4, r5, r6, r7, lr}
 841              		.cfi_def_cfa_offset 20
 842              		.cfi_offset 4, -20
 843              		.cfi_offset 5, -16
 844              		.cfi_offset 6, -12
 845              		.cfi_offset 7, -8
 846              		.cfi_offset 14, -4
 847 0002 5F46     		mov	r7, fp
 848 0004 5646     		mov	r6, r10
 849 0006 4D46     		mov	r5, r9
 850 0008 4446     		mov	r4, r8
 851 000a F0B4     		push	{r4, r5, r6, r7}
 852              		.cfi_def_cfa_offset 36
 853              		.cfi_offset 8, -36
 854              		.cfi_offset 9, -32
 855              		.cfi_offset 10, -28
 856              		.cfi_offset 11, -24
 857 000c 83B0     		sub	sp, sp, #12
 858              		.cfi_def_cfa_offset 48
 859 000e 0400     		movs	r4, r0
 860 0010 0D00     		movs	r5, r1
 861 0012 0192     		str	r2, [sp, #4]
 862 0014 9B46     		mov	fp, r3
 678:Generated_Source\PSoC4/StripLights.c **** 	int32 dy = y1 - y0; /* Difference between y0 and y1 */
 863              		.loc 1 678 0
 864 0016 5B1A     		subs	r3, r3, r1
 865              	.LVL74:
 679:Generated_Source\PSoC4/StripLights.c **** 	int32 dx = x1 - x0; /* Difference between x0 and x1 */
 866              		.loc 1 679 0
 867 0018 171A     		subs	r7, r2, r0
 868              	.LVL75:
 680:Generated_Source\PSoC4/StripLights.c **** 	int32 stepx, stepy;
 681:Generated_Source\PSoC4/StripLights.c **** 
 682:Generated_Source\PSoC4/StripLights.c **** 	if (dy < 0)
 869              		.loc 1 682 0
 870 001a 002B     		cmp	r3, #0
 871 001c 04DA     		bge	.L60
 683:Generated_Source\PSoC4/StripLights.c **** 	{
 684:Generated_Source\PSoC4/StripLights.c **** 		dy = -dy;
 872              		.loc 1 684 0
ARM GAS  C:\Users\ARTEM\AppData\Local\Temp\ccSYEePJ.s 			page 29


 873 001e 5B42     		rsbs	r3, r3, #0
 874              	.LVL76:
 685:Generated_Source\PSoC4/StripLights.c **** 		stepy = -1;
 875              		.loc 1 685 0
 876 0020 0122     		movs	r2, #1
 877              	.LVL77:
 878 0022 5242     		rsbs	r2, r2, #0
 879 0024 9246     		mov	r10, r2
 880 0026 01E0     		b	.L50
 881              	.LVL78:
 882              	.L60:
 686:Generated_Source\PSoC4/StripLights.c **** 	}
 687:Generated_Source\PSoC4/StripLights.c **** 	else
 688:Generated_Source\PSoC4/StripLights.c **** 	{
 689:Generated_Source\PSoC4/StripLights.c **** 		stepy = 1;
 883              		.loc 1 689 0
 884 0028 0122     		movs	r2, #1
 885              	.LVL79:
 886 002a 9246     		mov	r10, r2
 887              	.L50:
 888              	.LVL80:
 690:Generated_Source\PSoC4/StripLights.c **** 	}
 691:Generated_Source\PSoC4/StripLights.c **** 
 692:Generated_Source\PSoC4/StripLights.c **** 	if (dx < 0)
 889              		.loc 1 692 0
 890 002c 002F     		cmp	r7, #0
 891 002e 04DA     		bge	.L61
 693:Generated_Source\PSoC4/StripLights.c **** 	{
 694:Generated_Source\PSoC4/StripLights.c **** 		dx = -dx;
 892              		.loc 1 694 0
 893 0030 7F42     		rsbs	r7, r7, #0
 894              	.LVL81:
 695:Generated_Source\PSoC4/StripLights.c **** 		stepx = -1;
 895              		.loc 1 695 0
 896 0032 0122     		movs	r2, #1
 897 0034 5242     		rsbs	r2, r2, #0
 898 0036 9146     		mov	r9, r2
 899 0038 01E0     		b	.L51
 900              	.LVL82:
 901              	.L61:
 696:Generated_Source\PSoC4/StripLights.c **** 	}
 697:Generated_Source\PSoC4/StripLights.c **** 	else
 698:Generated_Source\PSoC4/StripLights.c **** 	{
 699:Generated_Source\PSoC4/StripLights.c **** 		stepx = 1;
 902              		.loc 1 699 0
 903 003a 0122     		movs	r2, #1
 904 003c 9146     		mov	r9, r2
 905              	.L51:
 906              	.LVL83:
 700:Generated_Source\PSoC4/StripLights.c **** 	}
 701:Generated_Source\PSoC4/StripLights.c **** 
 702:Generated_Source\PSoC4/StripLights.c **** 	dy <<= 1; /* dy is now 2*dy  */
 907              		.loc 1 702 0
 908 003e 5B00     		lsls	r3, r3, #1
 909              	.LVL84:
 910 0040 9846     		mov	r8, r3
 911              	.LVL85:
ARM GAS  C:\Users\ARTEM\AppData\Local\Temp\ccSYEePJ.s 			page 30


 703:Generated_Source\PSoC4/StripLights.c **** 	dx <<= 1; /* dx is now 2*dx  */
 912              		.loc 1 703 0
 913 0042 7F00     		lsls	r7, r7, #1
 914              	.LVL86:
 704:Generated_Source\PSoC4/StripLights.c **** 	StripLights_Pixel(x0, y0, color);
 915              		.loc 1 704 0
 916 0044 0C9A     		ldr	r2, [sp, #48]
 917 0046 2900     		movs	r1, r5
 918              	.LVL87:
 919 0048 2000     		movs	r0, r4
 920              	.LVL88:
 921 004a FFF7FEFF 		bl	StripLights_Pixel
 922              	.LVL89:
 705:Generated_Source\PSoC4/StripLights.c **** 
 706:Generated_Source\PSoC4/StripLights.c **** 	if (dx > dy) 
 923              		.loc 1 706 0
 924 004e B845     		cmp	r8, r7
 925 0050 12DA     		bge	.L52
 926              	.LBB2:
 707:Generated_Source\PSoC4/StripLights.c **** 	{
 708:Generated_Source\PSoC4/StripLights.c **** 		int fraction = dy - (dx >> 1);
 927              		.loc 1 708 0
 928 0052 7B10     		asrs	r3, r7, #1
 929 0054 4246     		mov	r2, r8
 930 0056 D61A     		subs	r6, r2, r3
 931              	.LVL90:
 709:Generated_Source\PSoC4/StripLights.c **** 		while (x0 != x1)
 932              		.loc 1 709 0
 933 0058 0AE0     		b	.L53
 934              	.L55:
 710:Generated_Source\PSoC4/StripLights.c **** 		{
 711:Generated_Source\PSoC4/StripLights.c **** 			if (fraction >= 0)
 935              		.loc 1 711 0
 936 005a 002E     		cmp	r6, #0
 937 005c 01DB     		blt	.L54
 712:Generated_Source\PSoC4/StripLights.c **** 			{
 713:Generated_Source\PSoC4/StripLights.c **** 				y0 += stepy;
 938              		.loc 1 713 0
 939 005e 5544     		add	r5, r5, r10
 940              	.LVL91:
 714:Generated_Source\PSoC4/StripLights.c **** 				fraction -= dx;
 941              		.loc 1 714 0
 942 0060 F61B     		subs	r6, r6, r7
 943              	.LVL92:
 944              	.L54:
 715:Generated_Source\PSoC4/StripLights.c **** 			}
 716:Generated_Source\PSoC4/StripLights.c **** 			x0 += stepx;
 945              		.loc 1 716 0
 946 0062 4C44     		add	r4, r4, r9
 947              	.LVL93:
 717:Generated_Source\PSoC4/StripLights.c **** 			fraction += dy;
 948              		.loc 1 717 0
 949 0064 4644     		add	r6, r6, r8
 950              	.LVL94:
 718:Generated_Source\PSoC4/StripLights.c **** 			StripLights_Pixel(x0, y0, color);
 951              		.loc 1 718 0
 952 0066 0C9A     		ldr	r2, [sp, #48]
ARM GAS  C:\Users\ARTEM\AppData\Local\Temp\ccSYEePJ.s 			page 31


 953 0068 2900     		movs	r1, r5
 954 006a 2000     		movs	r0, r4
 955 006c FFF7FEFF 		bl	StripLights_Pixel
 956              	.LVL95:
 957              	.L53:
 709:Generated_Source\PSoC4/StripLights.c **** 		{
 958              		.loc 1 709 0
 959 0070 019B     		ldr	r3, [sp, #4]
 960 0072 9C42     		cmp	r4, r3
 961 0074 F1D1     		bne	.L55
 962 0076 11E0     		b	.L49
 963              	.LVL96:
 964              	.L52:
 965              	.LBE2:
 966              	.LBB3:
 719:Generated_Source\PSoC4/StripLights.c **** 		}
 720:Generated_Source\PSoC4/StripLights.c **** 	}
 721:Generated_Source\PSoC4/StripLights.c **** 	else
 722:Generated_Source\PSoC4/StripLights.c **** 	{
 723:Generated_Source\PSoC4/StripLights.c **** 		int fraction = dx - (dy >> 1);
 967              		.loc 1 723 0
 968 0078 4346     		mov	r3, r8
 969 007a 5E10     		asrs	r6, r3, #1
 970 007c BE1B     		subs	r6, r7, r6
 971              	.LVL97:
 724:Generated_Source\PSoC4/StripLights.c **** 		while (y0 != y1)
 972              		.loc 1 724 0
 973 007e 0BE0     		b	.L57
 974              	.L59:
 725:Generated_Source\PSoC4/StripLights.c **** 		{
 726:Generated_Source\PSoC4/StripLights.c **** 			if (fraction >= 0)
 975              		.loc 1 726 0
 976 0080 002E     		cmp	r6, #0
 977 0082 02DB     		blt	.L58
 727:Generated_Source\PSoC4/StripLights.c **** 			{
 728:Generated_Source\PSoC4/StripLights.c **** 				x0 += stepx;
 978              		.loc 1 728 0
 979 0084 4C44     		add	r4, r4, r9
 980              	.LVL98:
 729:Generated_Source\PSoC4/StripLights.c **** 				fraction -= dy;
 981              		.loc 1 729 0
 982 0086 4346     		mov	r3, r8
 983 0088 F61A     		subs	r6, r6, r3
 984              	.LVL99:
 985              	.L58:
 730:Generated_Source\PSoC4/StripLights.c **** 			}
 731:Generated_Source\PSoC4/StripLights.c **** 			y0 += stepy;
 986              		.loc 1 731 0
 987 008a 5544     		add	r5, r5, r10
 988              	.LVL100:
 732:Generated_Source\PSoC4/StripLights.c **** 			fraction += dx;
 989              		.loc 1 732 0
 990 008c F619     		adds	r6, r6, r7
 991              	.LVL101:
 733:Generated_Source\PSoC4/StripLights.c **** 			StripLights_Pixel( x0, y0, color);
 992              		.loc 1 733 0
 993 008e 0C9A     		ldr	r2, [sp, #48]
ARM GAS  C:\Users\ARTEM\AppData\Local\Temp\ccSYEePJ.s 			page 32


 994 0090 2900     		movs	r1, r5
 995 0092 2000     		movs	r0, r4
 996 0094 FFF7FEFF 		bl	StripLights_Pixel
 997              	.LVL102:
 998              	.L57:
 724:Generated_Source\PSoC4/StripLights.c **** 		{
 999              		.loc 1 724 0
 1000 0098 5D45     		cmp	r5, fp
 1001 009a F1D1     		bne	.L59
 1002              	.LVL103:
 1003              	.L49:
 1004              	.LBE3:
 734:Generated_Source\PSoC4/StripLights.c **** 		}
 735:Generated_Source\PSoC4/StripLights.c **** 	}
 736:Generated_Source\PSoC4/StripLights.c **** }
 1005              		.loc 1 736 0
 1006 009c 03B0     		add	sp, sp, #12
 1007              		@ sp needed
 1008              	.LVL104:
 1009              	.LVL105:
 1010              	.LVL106:
 1011              	.LVL107:
 1012              	.LVL108:
 1013              	.LVL109:
 1014              	.LVL110:
 1015 009e 3CBC     		pop	{r2, r3, r4, r5}
 1016 00a0 9046     		mov	r8, r2
 1017 00a2 9946     		mov	r9, r3
 1018 00a4 A246     		mov	r10, r4
 1019 00a6 AB46     		mov	fp, r5
 1020 00a8 F0BD     		pop	{r4, r5, r6, r7, pc}
 1021              		.cfi_endproc
 1022              	.LFE48:
 1023              		.size	StripLights_DrawLine, .-StripLights_DrawLine
 1024 00aa C046     		.section	.text.StripLights_DrawRect,"ax",%progbits
 1025              		.align	2
 1026              		.global	StripLights_DrawRect
 1027              		.code	16
 1028              		.thumb_func
 1029              		.type	StripLights_DrawRect, %function
 1030              	StripLights_DrawRect:
 1031              	.LFB49:
 737:Generated_Source\PSoC4/StripLights.c **** 
 738:Generated_Source\PSoC4/StripLights.c **** /*******************************************************************************
 739:Generated_Source\PSoC4/StripLights.c **** * Function Name: StripLights_DrawRect
 740:Generated_Source\PSoC4/StripLights.c **** ********************************************************************************
 741:Generated_Source\PSoC4/StripLights.c **** *
 742:Generated_Source\PSoC4/StripLights.c **** * Summary:
 743:Generated_Source\PSoC4/StripLights.c **** *  Draw a rectangle, filled or not.  
 744:Generated_Source\PSoC4/StripLights.c **** *
 745:Generated_Source\PSoC4/StripLights.c **** * Parameters:  
 746:Generated_Source\PSoC4/StripLights.c **** *  x0, y0:  The upper lefthand corner.
 747:Generated_Source\PSoC4/StripLights.c **** *  x1, y1:  The lower right corner.
 748:Generated_Source\PSoC4/StripLights.c **** *  fill:    Non-Zero if retangle is to be filled.
 749:Generated_Source\PSoC4/StripLights.c **** *  color:   Color for rectangle, border and fill.
 750:Generated_Source\PSoC4/StripLights.c **** *
 751:Generated_Source\PSoC4/StripLights.c **** * Return: 
ARM GAS  C:\Users\ARTEM\AppData\Local\Temp\ccSYEePJ.s 			page 33


 752:Generated_Source\PSoC4/StripLights.c **** *  None 
 753:Generated_Source\PSoC4/StripLights.c **** *  
 754:Generated_Source\PSoC4/StripLights.c **** *******************************************************************************/
 755:Generated_Source\PSoC4/StripLights.c **** void StripLights_DrawRect(int32 x0, int32 y0, int32 x1, int32 y1, int32 fill, uint32 color)
 756:Generated_Source\PSoC4/StripLights.c **** {	
 1032              		.loc 1 756 0
 1033              		.cfi_startproc
 1034              		@ args = 8, pretend = 0, frame = 8
 1035              		@ frame_needed = 0, uses_anonymous_args = 0
 1036              	.LVL111:
 1037 0000 F0B5     		push	{r4, r5, r6, r7, lr}
 1038              		.cfi_def_cfa_offset 20
 1039              		.cfi_offset 4, -20
 1040              		.cfi_offset 5, -16
 1041              		.cfi_offset 6, -12
 1042              		.cfi_offset 7, -8
 1043              		.cfi_offset 14, -4
 1044 0002 85B0     		sub	sp, sp, #20
 1045              		.cfi_def_cfa_offset 40
 1046 0004 0400     		movs	r4, r0
 1047 0006 0391     		str	r1, [sp, #12]
 1048 0008 1600     		movs	r6, r2
 1049 000a 0293     		str	r3, [sp, #8]
 1050 000c 0B9F     		ldr	r7, [sp, #44]
 757:Generated_Source\PSoC4/StripLights.c ****      int xDiff;
 758:Generated_Source\PSoC4/StripLights.c **** 	/* Check if the rectangle is to be filled    */
 759:Generated_Source\PSoC4/StripLights.c **** 	if (fill != 0)
 1051              		.loc 1 759 0
 1052 000e 0A9B     		ldr	r3, [sp, #40]
 1053              	.LVL112:
 1054 0010 002B     		cmp	r3, #0
 1055 0012 15D0     		beq	.L63
 760:Generated_Source\PSoC4/StripLights.c **** 	{	
 761:Generated_Source\PSoC4/StripLights.c ****         /* Find the difference between the x vars */
 762:Generated_Source\PSoC4/StripLights.c **** 		if(x0 > x1)
 1056              		.loc 1 762 0
 1057 0014 9042     		cmp	r0, r2
 1058 0016 01DD     		ble	.L64
 763:Generated_Source\PSoC4/StripLights.c **** 		{
 764:Generated_Source\PSoC4/StripLights.c **** 			xDiff = x0 - x1; 
 1059              		.loc 1 764 0
 1060 0018 851A     		subs	r5, r0, r2
 1061              	.LVL113:
 1062 001a 0EE0     		b	.L65
 1063              	.LVL114:
 1064              	.L64:
 765:Generated_Source\PSoC4/StripLights.c **** 		}
 766:Generated_Source\PSoC4/StripLights.c **** 		else
 767:Generated_Source\PSoC4/StripLights.c **** 		{
 768:Generated_Source\PSoC4/StripLights.c **** 			xDiff = x1 - x0;
 1065              		.loc 1 768 0
 1066 001c 151A     		subs	r5, r2, r0
 1067              	.LVL115:
 1068 001e 0CE0     		b	.L65
 1069              	.LVL116:
 1070              	.L69:
 769:Generated_Source\PSoC4/StripLights.c **** 		}
ARM GAS  C:\Users\ARTEM\AppData\Local\Temp\ccSYEePJ.s 			page 34


 770:Generated_Source\PSoC4/StripLights.c **** 	
 771:Generated_Source\PSoC4/StripLights.c **** 	    /* Fill it with lines  */
 772:Generated_Source\PSoC4/StripLights.c **** 		while(xDiff >= 0)
 773:Generated_Source\PSoC4/StripLights.c **** 		{
 774:Generated_Source\PSoC4/StripLights.c **** 			StripLights_DrawLine(x0, y0, x0, y1, color);
 1071              		.loc 1 774 0
 1072 0020 0097     		str	r7, [sp]
 1073 0022 029B     		ldr	r3, [sp, #8]
 1074 0024 2200     		movs	r2, r4
 1075 0026 0399     		ldr	r1, [sp, #12]
 1076 0028 2000     		movs	r0, r4
 1077 002a FFF7FEFF 		bl	StripLights_DrawLine
 1078              	.LVL117:
 775:Generated_Source\PSoC4/StripLights.c **** 		
 776:Generated_Source\PSoC4/StripLights.c **** 			if(x0 > x1)
 1079              		.loc 1 776 0
 1080 002e B442     		cmp	r4, r6
 1081 0030 01DD     		ble	.L67
 777:Generated_Source\PSoC4/StripLights.c **** 				x0--;
 1082              		.loc 1 777 0
 1083 0032 013C     		subs	r4, r4, #1
 1084              	.LVL118:
 1085 0034 00E0     		b	.L68
 1086              	.L67:
 778:Generated_Source\PSoC4/StripLights.c **** 			else
 779:Generated_Source\PSoC4/StripLights.c **** 				x0++;
 1087              		.loc 1 779 0
 1088 0036 0134     		adds	r4, r4, #1
 1089              	.LVL119:
 1090              	.L68:
 780:Generated_Source\PSoC4/StripLights.c **** 		
 781:Generated_Source\PSoC4/StripLights.c **** 			xDiff--;
 1091              		.loc 1 781 0
 1092 0038 013D     		subs	r5, r5, #1
 1093              	.LVL120:
 1094              	.L65:
 772:Generated_Source\PSoC4/StripLights.c **** 		{
 1095              		.loc 1 772 0
 1096 003a 002D     		cmp	r5, #0
 1097 003c F0DA     		bge	.L69
 1098 003e 1AE0     		b	.L62
 1099              	.LVL121:
 1100              	.L63:
 782:Generated_Source\PSoC4/StripLights.c **** 		}
 783:Generated_Source\PSoC4/StripLights.c **** 
 784:Generated_Source\PSoC4/StripLights.c **** 	}
 785:Generated_Source\PSoC4/StripLights.c **** 	else 
 786:Generated_Source\PSoC4/StripLights.c **** 	{
 787:Generated_Source\PSoC4/StripLights.c **** 		/* Draw the four sides of the rectangle */
 788:Generated_Source\PSoC4/StripLights.c **** 		StripLights_DrawLine(x0, y0, x1, y0, color);
 1101              		.loc 1 788 0
 1102 0040 0097     		str	r7, [sp]
 1103 0042 039D     		ldr	r5, [sp, #12]
 1104 0044 2B00     		movs	r3, r5
 1105 0046 2900     		movs	r1, r5
 1106              	.LVL122:
 1107 0048 FFF7FEFF 		bl	StripLights_DrawLine
ARM GAS  C:\Users\ARTEM\AppData\Local\Temp\ccSYEePJ.s 			page 35


 1108              	.LVL123:
 789:Generated_Source\PSoC4/StripLights.c **** 		StripLights_DrawLine(x0, y1, x1, y1, color);
 1109              		.loc 1 789 0
 1110 004c 0097     		str	r7, [sp]
 1111 004e 0299     		ldr	r1, [sp, #8]
 1112 0050 0B00     		movs	r3, r1
 1113 0052 3200     		movs	r2, r6
 1114 0054 2000     		movs	r0, r4
 1115 0056 FFF7FEFF 		bl	StripLights_DrawLine
 1116              	.LVL124:
 790:Generated_Source\PSoC4/StripLights.c **** 		StripLights_DrawLine(x0, y0, x0, y1, color);
 1117              		.loc 1 790 0
 1118 005a 0097     		str	r7, [sp]
 1119 005c 029B     		ldr	r3, [sp, #8]
 1120 005e 2200     		movs	r2, r4
 1121 0060 2900     		movs	r1, r5
 1122 0062 2000     		movs	r0, r4
 1123 0064 FFF7FEFF 		bl	StripLights_DrawLine
 1124              	.LVL125:
 791:Generated_Source\PSoC4/StripLights.c **** 		StripLights_DrawLine(x1, y0, x1, y1, color);
 1125              		.loc 1 791 0
 1126 0068 0097     		str	r7, [sp]
 1127 006a 029B     		ldr	r3, [sp, #8]
 1128 006c 3200     		movs	r2, r6
 1129 006e 2900     		movs	r1, r5
 1130 0070 3000     		movs	r0, r6
 1131 0072 FFF7FEFF 		bl	StripLights_DrawLine
 1132              	.LVL126:
 1133              	.L62:
 792:Generated_Source\PSoC4/StripLights.c **** 	}
 793:Generated_Source\PSoC4/StripLights.c **** }
 1134              		.loc 1 793 0
 1135 0076 05B0     		add	sp, sp, #20
 1136              		@ sp needed
 1137              	.LVL127:
 1138              	.LVL128:
 1139 0078 F0BD     		pop	{r4, r5, r6, r7, pc}
 1140              		.cfi_endproc
 1141              	.LFE49:
 1142              		.size	StripLights_DrawRect, .-StripLights_DrawRect
 1143 007a C046     		.section	.text.StripLights_Dim,"ax",%progbits
 1144              		.align	2
 1145              		.global	StripLights_Dim
 1146              		.code	16
 1147              		.thumb_func
 1148              		.type	StripLights_Dim, %function
 1149              	StripLights_Dim:
 1150              	.LFB50:
 794:Generated_Source\PSoC4/StripLights.c **** 
 795:Generated_Source\PSoC4/StripLights.c **** /*******************************************************************************
 796:Generated_Source\PSoC4/StripLights.c **** * Function Name: StripLights_Dim
 797:Generated_Source\PSoC4/StripLights.c **** ********************************************************************************
 798:Generated_Source\PSoC4/StripLights.c **** *
 799:Generated_Source\PSoC4/StripLights.c **** * Summary:
 800:Generated_Source\PSoC4/StripLights.c **** *  Dim all output by a specific level (0,1,2,3,4)  
 801:Generated_Source\PSoC4/StripLights.c **** *
 802:Generated_Source\PSoC4/StripLights.c **** * Parameters:  
ARM GAS  C:\Users\ARTEM\AppData\Local\Temp\ccSYEePJ.s 			page 36


 803:Generated_Source\PSoC4/StripLights.c **** *  dimLevel:  Dim level 1 to 4, 0 => No dimming.
 804:Generated_Source\PSoC4/StripLights.c **** *
 805:Generated_Source\PSoC4/StripLights.c **** * Return: 
 806:Generated_Source\PSoC4/StripLights.c **** *  None 
 807:Generated_Source\PSoC4/StripLights.c **** *  
 808:Generated_Source\PSoC4/StripLights.c **** *******************************************************************************/
 809:Generated_Source\PSoC4/StripLights.c **** void StripLights_Dim(uint32 dimLevel) 
 810:Generated_Source\PSoC4/StripLights.c **** {
 1151              		.loc 1 810 0
 1152              		.cfi_startproc
 1153              		@ args = 0, pretend = 0, frame = 0
 1154              		@ frame_needed = 0, uses_anonymous_args = 0
 1155              		@ link register save eliminated.
 1156              	.LVL129:
 811:Generated_Source\PSoC4/StripLights.c **** extern uint32  StripLights_DimMask;
 812:Generated_Source\PSoC4/StripLights.c **** extern uint32  StripLights_DimShift;
 813:Generated_Source\PSoC4/StripLights.c **** 
 814:Generated_Source\PSoC4/StripLights.c ****     switch(dimLevel)
 1157              		.loc 1 814 0
 1158 0000 0228     		cmp	r0, #2
 1159 0002 0FD0     		beq	.L73
 1160 0004 02D8     		bhi	.L74
 1161 0006 0128     		cmp	r0, #1
 1162 0008 05D0     		beq	.L75
 1163 000a 20E0     		b	.L72
 1164              	.L74:
 1165 000c 0328     		cmp	r0, #3
 1166 000e 10D0     		beq	.L76
 1167 0010 0428     		cmp	r0, #4
 1168 0012 15D0     		beq	.L77
 1169 0014 1BE0     		b	.L72
 1170              	.L75:
 815:Generated_Source\PSoC4/StripLights.c ****     {
 816:Generated_Source\PSoC4/StripLights.c ****        case 1:  // 1/2 bright
 817:Generated_Source\PSoC4/StripLights.c ****            StripLights_DimMask = 0x007F7F7F;
 1171              		.loc 1 817 0
 1172 0016 114A     		ldr	r2, .L79
 1173 0018 114B     		ldr	r3, .L79+4
 1174 001a 1A60     		str	r2, [r3]
 818:Generated_Source\PSoC4/StripLights.c ****            StripLights_DimShift = 1;
 1175              		.loc 1 818 0
 1176 001c 0122     		movs	r2, #1
 1177 001e 114B     		ldr	r3, .L79+8
 1178 0020 1A60     		str	r2, [r3]
 819:Generated_Source\PSoC4/StripLights.c ****            break;
 1179              		.loc 1 819 0
 1180 0022 1AE0     		b	.L71
 1181              	.L73:
 820:Generated_Source\PSoC4/StripLights.c ****            
 821:Generated_Source\PSoC4/StripLights.c ****        case 2:
 822:Generated_Source\PSoC4/StripLights.c ****            StripLights_DimMask = 0x003F3F3F;
 1182              		.loc 1 822 0
 1183 0024 104A     		ldr	r2, .L79+12
 1184 0026 0E4B     		ldr	r3, .L79+4
 1185 0028 1A60     		str	r2, [r3]
 823:Generated_Source\PSoC4/StripLights.c ****            StripLights_DimShift = 2;
 1186              		.loc 1 823 0
ARM GAS  C:\Users\ARTEM\AppData\Local\Temp\ccSYEePJ.s 			page 37


 1187 002a 0222     		movs	r2, #2
 1188 002c 0D4B     		ldr	r3, .L79+8
 1189 002e 1A60     		str	r2, [r3]
 824:Generated_Source\PSoC4/StripLights.c ****            break;
 1190              		.loc 1 824 0
 1191 0030 13E0     		b	.L71
 1192              	.L76:
 825:Generated_Source\PSoC4/StripLights.c ****            
 826:Generated_Source\PSoC4/StripLights.c ****        case 3:
 827:Generated_Source\PSoC4/StripLights.c ****            StripLights_DimMask = 0x001F1F1F;
 1193              		.loc 1 827 0
 1194 0032 0E4A     		ldr	r2, .L79+16
 1195 0034 0A4B     		ldr	r3, .L79+4
 1196 0036 1A60     		str	r2, [r3]
 828:Generated_Source\PSoC4/StripLights.c ****            StripLights_DimShift = 3;
 1197              		.loc 1 828 0
 1198 0038 0322     		movs	r2, #3
 1199 003a 0A4B     		ldr	r3, .L79+8
 1200 003c 1A60     		str	r2, [r3]
 829:Generated_Source\PSoC4/StripLights.c ****            break;
 1201              		.loc 1 829 0
 1202 003e 0CE0     		b	.L71
 1203              	.L77:
 830:Generated_Source\PSoC4/StripLights.c ****            
 831:Generated_Source\PSoC4/StripLights.c ****        case 4:
 832:Generated_Source\PSoC4/StripLights.c ****            StripLights_DimMask = 0x000F0F0F;
 1204              		.loc 1 832 0
 1205 0040 0B4A     		ldr	r2, .L79+20
 1206 0042 074B     		ldr	r3, .L79+4
 1207 0044 1A60     		str	r2, [r3]
 833:Generated_Source\PSoC4/StripLights.c ****            StripLights_DimShift = 4;
 1208              		.loc 1 833 0
 1209 0046 0422     		movs	r2, #4
 1210 0048 064B     		ldr	r3, .L79+8
 1211 004a 1A60     		str	r2, [r3]
 834:Generated_Source\PSoC4/StripLights.c ****            break;
 1212              		.loc 1 834 0
 1213 004c 05E0     		b	.L71
 1214              	.L72:
 835:Generated_Source\PSoC4/StripLights.c ****            
 836:Generated_Source\PSoC4/StripLights.c ****        default:
 837:Generated_Source\PSoC4/StripLights.c ****            StripLights_DimMask = 0x00FFFFFF;
 1215              		.loc 1 837 0
 1216 004e 094A     		ldr	r2, .L79+24
 1217 0050 034B     		ldr	r3, .L79+4
 1218 0052 1A60     		str	r2, [r3]
 838:Generated_Source\PSoC4/StripLights.c ****            StripLights_DimShift = 0;
 1219              		.loc 1 838 0
 1220 0054 0022     		movs	r2, #0
 1221 0056 034B     		ldr	r3, .L79+8
 1222 0058 1A60     		str	r2, [r3]
 1223              	.L71:
 839:Generated_Source\PSoC4/StripLights.c ****            break;
 840:Generated_Source\PSoC4/StripLights.c ****         
 841:Generated_Source\PSoC4/StripLights.c ****     }
 842:Generated_Source\PSoC4/StripLights.c **** }
 1224              		.loc 1 842 0
ARM GAS  C:\Users\ARTEM\AppData\Local\Temp\ccSYEePJ.s 			page 38


 1225              		@ sp needed
 1226 005a 7047     		bx	lr
 1227              	.L80:
 1228              		.align	2
 1229              	.L79:
 1230 005c 7F7F7F00 		.word	8355711
 1231 0060 00000000 		.word	StripLights_DimMask
 1232 0064 00000000 		.word	StripLights_DimShift
 1233 0068 3F3F3F00 		.word	4144959
 1234 006c 1F1F1F00 		.word	2039583
 1235 0070 0F0F0F00 		.word	986895
 1236 0074 FFFFFF00 		.word	16777215
 1237              		.cfi_endproc
 1238              	.LFE50:
 1239              		.size	StripLights_Dim, .-StripLights_Dim
 1240              		.section	.text.StripLights_Start,"ax",%progbits
 1241              		.align	2
 1242              		.global	StripLights_Start
 1243              		.code	16
 1244              		.thumb_func
 1245              		.type	StripLights_Start, %function
 1246              	StripLights_Start:
 1247              	.LFB35:
 206:Generated_Source\PSoC4/StripLights.c ****     extern uint8 StripLights_initvar;
 1248              		.loc 1 206 0
 1249              		.cfi_startproc
 1250              		@ args = 0, pretend = 0, frame = 0
 1251              		@ frame_needed = 0, uses_anonymous_args = 0
 1252 0000 10B5     		push	{r4, lr}
 1253              		.cfi_def_cfa_offset 8
 1254              		.cfi_offset 4, -8
 1255              		.cfi_offset 14, -4
 210:Generated_Source\PSoC4/StripLights.c ****     
 1256              		.loc 1 210 0
 1257 0002 0322     		movs	r2, #3
 1258 0004 144B     		ldr	r3, .L83
 1259 0006 1A70     		strb	r2, [r3]
 212:Generated_Source\PSoC4/StripLights.c ****     StripLights_Compare0 = StripLights_DATA_ZERO;
 1260              		.loc 1 212 0
 1261 0008 3832     		adds	r2, r2, #56
 1262 000a 144B     		ldr	r3, .L83+4
 1263 000c 1A70     		strb	r2, [r3]
 213:Generated_Source\PSoC4/StripLights.c ****     StripLights_Compare1 = StripLights_DATA_ONE;
 1264              		.loc 1 213 0
 1265 000e 0B3A     		subs	r2, r2, #11
 1266 0010 134B     		ldr	r3, .L83+8
 1267 0012 1A70     		strb	r2, [r3]
 214:Generated_Source\PSoC4/StripLights.c ****     
 1268              		.loc 1 214 0
 1269 0014 143A     		subs	r2, r2, #20
 1270 0016 134B     		ldr	r3, .L83+12
 1271 0018 1A70     		strb	r2, [r3]
 216:Generated_Source\PSoC4/StripLights.c ****     StripLights_MemClear(StripLights_OFF);
 1272              		.loc 1 216 0
 1273 001a 134C     		ldr	r4, .L83+16
 1274 001c 0123     		movs	r3, #1
 1275 001e 2370     		strb	r3, [r4]
ARM GAS  C:\Users\ARTEM\AppData\Local\Temp\ccSYEePJ.s 			page 39


 217:Generated_Source\PSoC4/StripLights.c ****     StripLights_CONTROL = StripLights_DISABLE;
 1276              		.loc 1 217 0
 1277 0020 0020     		movs	r0, #0
 1278 0022 FFF7FEFF 		bl	StripLights_MemClear
 1279              	.LVL130:
 218:Generated_Source\PSoC4/StripLights.c ****     
 1280              		.loc 1 218 0
 1281 0026 0023     		movs	r3, #0
 1282 0028 2370     		strb	r3, [r4]
 220:Generated_Source\PSoC4/StripLights.c ****     
 1283              		.loc 1 220 0
 1284 002a 0020     		movs	r0, #0
 1285 002c FFF7FEFF 		bl	StripLights_SetFont
 1286              	.LVL131:
 223:Generated_Source\PSoC4/StripLights.c **** 
 1287              		.loc 1 223 0
 1288 0030 0020     		movs	r0, #0
 1289 0032 FFF7FEFF 		bl	StripLights_Dim
 1290              	.LVL132:
 226:Generated_Source\PSoC4/StripLights.c ****     {
 1291              		.loc 1 226 0
 1292 0036 0D4B     		ldr	r3, .L83+20
 1293 0038 1B7D     		ldrb	r3, [r3, #20]
 1294 003a 002B     		cmp	r3, #0
 1295 003c 08D1     		bne	.L82
 229:Generated_Source\PSoC4/StripLights.c ****  
 1296              		.loc 1 229 0
 1297 003e 0122     		movs	r2, #1
 1298 0040 0A4B     		ldr	r3, .L83+20
 1299 0042 1A75     		strb	r2, [r3, #20]
 235:Generated_Source\PSoC4/StripLights.c **** 		   StripLights_fisr_StartEx(StripLights_FISR);
 1300              		.loc 1 235 0
 1301 0044 0A48     		ldr	r0, .L83+24
 1302 0046 FFF7FEFF 		bl	StripLights_cisr_StartEx
 1303              	.LVL133:
 236:Generated_Source\PSoC4/StripLights.c ****        }
 1304              		.loc 1 236 0
 1305 004a 0A48     		ldr	r0, .L83+28
 1306 004c FFF7FEFF 		bl	StripLights_fisr_StartEx
 1307              	.LVL134:
 1308              	.L82:
 244:Generated_Source\PSoC4/StripLights.c **** }
 1309              		.loc 1 244 0
 1310 0050 0122     		movs	r2, #1
 1311 0052 094B     		ldr	r3, .L83+32
 1312 0054 1A60     		str	r2, [r3]
 245:Generated_Source\PSoC4/StripLights.c **** 
 1313              		.loc 1 245 0
 1314              		@ sp needed
 1315 0056 10BD     		pop	{r4, pc}
 1316              	.L84:
 1317              		.align	2
 1318              	.L83:
 1319 0058 91000F40 		.word	1074725009
 1320 005c 41000F40 		.word	1074724929
 1321 0060 21000F40 		.word	1074724897
 1322 0064 31000F40 		.word	1074724913
ARM GAS  C:\Users\ARTEM\AppData\Local\Temp\ccSYEePJ.s 			page 40


 1323 0068 72000F40 		.word	1074724978
 1324 006c 00000000 		.word	.LANCHOR0
 1325 0070 00000000 		.word	StripLights_CISR
 1326 0074 00000000 		.word	StripLights_FISR
 1327 0078 00000000 		.word	StripLights_refreshComplete
 1328              		.cfi_endproc
 1329              	.LFE35:
 1330              		.size	StripLights_Start, .-StripLights_Start
 1331              		.section	.text.StripLights_bplot,"ax",%progbits
 1332              		.align	2
 1333              		.global	StripLights_bplot
 1334              		.code	16
 1335              		.thumb_func
 1336              		.type	StripLights_bplot, %function
 1337              	StripLights_bplot:
 1338              	.LFB51:
 843:Generated_Source\PSoC4/StripLights.c **** 
 844:Generated_Source\PSoC4/StripLights.c **** void StripLights_bplot( int32 x, int32 y, uint8 * bitMap, int32 update)
 845:Generated_Source\PSoC4/StripLights.c **** {
 1339              		.loc 1 845 0
 1340              		.cfi_startproc
 1341              		@ args = 0, pretend = 0, frame = 8
 1342              		@ frame_needed = 0, uses_anonymous_args = 0
 1343              	.LVL135:
 1344 0000 F0B5     		push	{r4, r5, r6, r7, lr}
 1345              		.cfi_def_cfa_offset 20
 1346              		.cfi_offset 4, -20
 1347              		.cfi_offset 5, -16
 1348              		.cfi_offset 6, -12
 1349              		.cfi_offset 7, -8
 1350              		.cfi_offset 14, -4
 1351 0002 5F46     		mov	r7, fp
 1352 0004 4646     		mov	r6, r8
 1353 0006 C0B4     		push	{r6, r7}
 1354              		.cfi_def_cfa_offset 28
 1355              		.cfi_offset 8, -28
 1356              		.cfi_offset 11, -24
 1357 0008 83B0     		sub	sp, sp, #12
 1358              		.cfi_def_cfa_offset 40
 1359 000a 0190     		str	r0, [sp, #4]
 1360 000c 0091     		str	r1, [sp]
 1361 000e 1700     		movs	r7, r2
 1362 0010 9B46     		mov	fp, r3
 1363              	.LVL136:
 846:Generated_Source\PSoC4/StripLights.c ****     int32 dx, dy;
 847:Generated_Source\PSoC4/StripLights.c ****     int32 aindex = 0;
 848:Generated_Source\PSoC4/StripLights.c ****     int32 maxX, maxY;
 849:Generated_Source\PSoC4/StripLights.c **** 
 850:Generated_Source\PSoC4/StripLights.c ****     maxX = x + (int32)bitMap[aindex++];
 1364              		.loc 1 850 0
 1365 0012 1378     		ldrb	r3, [r2]
 1366              	.LVL137:
 1367 0014 1E18     		adds	r6, r3, r0
 1368              	.LVL138:
 851:Generated_Source\PSoC4/StripLights.c ****     maxY = y  + (int32)bitMap[aindex++];
 1369              		.loc 1 851 0
 1370 0016 7B78     		ldrb	r3, [r7, #1]
ARM GAS  C:\Users\ARTEM\AppData\Local\Temp\ccSYEePJ.s 			page 41


 1371 0018 8846     		mov	r8, r1
 1372 001a 9844     		add	r8, r8, r3
 1373              	.LVL139:
 1374 001c 0223     		movs	r3, #2
 852:Generated_Source\PSoC4/StripLights.c **** 
 853:Generated_Source\PSoC4/StripLights.c **** 	for(dy = y; dy < maxY; dy++)
 1375              		.loc 1 853 0
 1376 001e 0EE0     		b	.L86
 1377              	.LVL140:
 1378              	.L87:
 854:Generated_Source\PSoC4/StripLights.c ****     {
 855:Generated_Source\PSoC4/StripLights.c **** 		for(dx = x; dx < maxX; dx++)
 856:Generated_Source\PSoC4/StripLights.c ****         {
 857:Generated_Source\PSoC4/StripLights.c ****             StripLights_Pixel(dx, dy, bitMap[aindex++]);
 1379              		.loc 1 857 0 discriminator 3
 1380 0020 5D1C     		adds	r5, r3, #1
 1381              	.LVL141:
 1382 0022 FA5C     		ldrb	r2, [r7, r3]
 1383 0024 0099     		ldr	r1, [sp]
 1384 0026 2000     		movs	r0, r4
 1385 0028 FFF7FEFF 		bl	StripLights_Pixel
 1386              	.LVL142:
 855:Generated_Source\PSoC4/StripLights.c ****         {
 1387              		.loc 1 855 0 discriminator 3
 1388 002c 0134     		adds	r4, r4, #1
 1389              	.LVL143:
 1390              		.loc 1 857 0 discriminator 3
 1391 002e 2B00     		movs	r3, r5
 1392 0030 00E0     		b	.L88
 1393              	.LVL144:
 1394              	.L90:
 1395 0032 019C     		ldr	r4, [sp, #4]
 1396              	.LVL145:
 1397              	.L88:
 855:Generated_Source\PSoC4/StripLights.c ****         {
 1398              		.loc 1 855 0 discriminator 1
 1399 0034 B442     		cmp	r4, r6
 1400 0036 F3DB     		blt	.L87
 853:Generated_Source\PSoC4/StripLights.c ****     {
 1401              		.loc 1 853 0 discriminator 2
 1402 0038 009A     		ldr	r2, [sp]
 1403 003a 0132     		adds	r2, r2, #1
 1404 003c 0092     		str	r2, [sp]
 1405              	.LVL146:
 1406              	.L86:
 853:Generated_Source\PSoC4/StripLights.c ****     {
 1407              		.loc 1 853 0 is_stmt 0 discriminator 1
 1408 003e 009A     		ldr	r2, [sp]
 1409 0040 4245     		cmp	r2, r8
 1410 0042 F6DB     		blt	.L90
 858:Generated_Source\PSoC4/StripLights.c ****         }
 859:Generated_Source\PSoC4/StripLights.c ****     }
 860:Generated_Source\PSoC4/StripLights.c **** 	if(update) StripLights_Trigger(1);
 1411              		.loc 1 860 0 is_stmt 1
 1412 0044 5B46     		mov	r3, fp
 1413              	.LVL147:
 1414 0046 002B     		cmp	r3, #0
ARM GAS  C:\Users\ARTEM\AppData\Local\Temp\ccSYEePJ.s 			page 42


 1415 0048 02D0     		beq	.L85
 1416              	.LVL148:
 1417              		.loc 1 860 0 is_stmt 0 discriminator 1
 1418 004a 0120     		movs	r0, #1
 1419 004c FFF7FEFF 		bl	StripLights_Trigger
 1420              	.LVL149:
 1421              	.L85:
 861:Generated_Source\PSoC4/StripLights.c **** }
 1422              		.loc 1 861 0 is_stmt 1
 1423 0050 03B0     		add	sp, sp, #12
 1424              	.LVL150:
 1425              		@ sp needed
 1426              	.LVL151:
 1427              	.LVL152:
 1428              	.LVL153:
 1429              	.LVL154:
 1430 0052 0CBC     		pop	{r2, r3}
 1431 0054 9046     		mov	r8, r2
 1432 0056 9B46     		mov	fp, r3
 1433 0058 F0BD     		pop	{r4, r5, r6, r7, pc}
 1434              		.cfi_endproc
 1435              	.LFE51:
 1436              		.size	StripLights_bplot, .-StripLights_bplot
 1437              		.global	StripLights_CLUT
 1438              		.comm	StripLights_DimShift,4,4
 1439              		.comm	StripLights_DimMask,4,4
 1440              		.comm	StripLights_refreshComplete,4,4
 1441              		.global	StripLights_row
 1442              		.global	StripLights_ledIndex
 1443              		.comm	StripLights_ledArray,96,4
 1444              		.global	StripLights_initvar
 1445 005a C046     		.section	.rodata
 1446              		.align	2
 1447              		.set	.LANCHOR1,. + 0
 1448              		.type	StripLights_CLUT, %object
 1449              		.size	StripLights_CLUT, 480
 1450              	StripLights_CLUT:
 1451 0000 FFFF0000 		.word	65535
 1452 0004 FFCC0000 		.word	52479
 1453 0008 FF990000 		.word	39423
 1454 000c FF330000 		.word	13311
 1455 0010 FF000000 		.word	255
 1456 0014 B3006600 		.word	6684851
 1457 0018 99009900 		.word	10027161
 1458 001c 6600B300 		.word	11731046
 1459 0020 3300CC00 		.word	13369395
 1460 0024 1919B300 		.word	11737369
 1461 0028 00339900 		.word	10040064
 1462 002c 00409900 		.word	10043392
 1463 0030 00669900 		.word	10053120
 1464 0034 00999900 		.word	10066176
 1465 0038 00CC9900 		.word	10079232
 1466 003c 00E66600 		.word	6743552
 1467 0040 00FF0000 		.word	65280
 1468 0044 33FF0000 		.word	65331
 1469 0048 66FF0000 		.word	65382
 1470 004c 80FF0000 		.word	65408
ARM GAS  C:\Users\ARTEM\AppData\Local\Temp\ccSYEePJ.s 			page 43


 1471 0050 99FF0000 		.word	65433
 1472 0054 B2FF0000 		.word	65458
 1473 0058 CCFF0000 		.word	65484
 1474 005c E5FF0000 		.word	65509
 1475 0060 00000000 		.word	0
 1476 0064 00005500 		.word	5570560
 1477 0068 0000AA00 		.word	11141120
 1478 006c 0000FF00 		.word	16711680
 1479 0070 55000000 		.word	85
 1480 0074 55005500 		.word	5570645
 1481 0078 5500AA00 		.word	11141205
 1482 007c 5500FF00 		.word	16711765
 1483 0080 AA000000 		.word	170
 1484 0084 AA005500 		.word	5570730
 1485 0088 AA00AA00 		.word	11141290
 1486 008c AA00FF00 		.word	16711850
 1487 0090 FF000000 		.word	255
 1488 0094 FF005500 		.word	5570815
 1489 0098 FF00AA00 		.word	11141375
 1490 009c FF00FF00 		.word	16711935
 1491 00a0 00550000 		.word	21760
 1492 00a4 00555500 		.word	5592320
 1493 00a8 0055AA00 		.word	11162880
 1494 00ac 0055FF00 		.word	16733440
 1495 00b0 55550000 		.word	21845
 1496 00b4 55555500 		.word	5592405
 1497 00b8 5555AA00 		.word	11162965
 1498 00bc 5555FF00 		.word	16733525
 1499 00c0 AA550000 		.word	21930
 1500 00c4 AA555500 		.word	5592490
 1501 00c8 AA55AA00 		.word	11163050
 1502 00cc AA55FF00 		.word	16733610
 1503 00d0 FF550000 		.word	22015
 1504 00d4 FF555500 		.word	5592575
 1505 00d8 FF55AA00 		.word	11163135
 1506 00dc FF55FF00 		.word	16733695
 1507 00e0 00AA0000 		.word	43520
 1508 00e4 00AA5500 		.word	5614080
 1509 00e8 00AAAA00 		.word	11184640
 1510 00ec 00AAFF00 		.word	16755200
 1511 00f0 55AA0000 		.word	43605
 1512 00f4 55AA5500 		.word	5614165
 1513 00f8 55AAAA00 		.word	11184725
 1514 00fc 55AAFF00 		.word	16755285
 1515 0100 AAAA0000 		.word	43690
 1516 0104 AAAA5500 		.word	5614250
 1517 0108 AAAAAA00 		.word	11184810
 1518 010c AAAAFF00 		.word	16755370
 1519 0110 FFAA0000 		.word	43775
 1520 0114 FFAA5500 		.word	5614335
 1521 0118 FFAAAA00 		.word	11184895
 1522 011c FFAAFF00 		.word	16755455
 1523 0120 00FF0000 		.word	65280
 1524 0124 00FF5500 		.word	5635840
 1525 0128 00FFAA00 		.word	11206400
 1526 012c 00FFFF00 		.word	16776960
 1527 0130 55FF0000 		.word	65365
ARM GAS  C:\Users\ARTEM\AppData\Local\Temp\ccSYEePJ.s 			page 44


 1528 0134 55FF5500 		.word	5635925
 1529 0138 55FFAA00 		.word	11206485
 1530 013c 55FFFF00 		.word	16777045
 1531 0140 AAFF0000 		.word	65450
 1532 0144 AAFF5500 		.word	5636010
 1533 0148 AAFFAA00 		.word	11206570
 1534 014c AAFFFF00 		.word	16777130
 1535 0150 FFFF0000 		.word	65535
 1536 0154 FFFF5500 		.word	5636095
 1537 0158 FFFFAA00 		.word	11206655
 1538 015c FFFFFF00 		.word	16777215
 1539 0160 FF800000 		.word	33023
 1540 0164 FF008000 		.word	8388863
 1541 0168 FF00FF00 		.word	16711935
 1542 016c 8000FF00 		.word	16711808
 1543 0170 0080FF00 		.word	16744448
 1544 0174 00FF8000 		.word	8453888
 1545 0178 FF000000 		.word	255
 1546 017c 20202000 		.word	2105376
 1547 0180 00002000 		.word	2097152
 1548 0184 00000010 		.word	268435456
 1549 0188 00000000 		.word	0
 1550 018c 00000000 		.word	0
 1551 0190 00000000 		.word	0
 1552 0194 00000000 		.word	0
 1553 0198 00000000 		.word	0
 1554 019c 00000000 		.word	0
 1555 01a0 0000FF00 		.word	16711680
 1556 01a4 0010F000 		.word	15732736
 1557 01a8 0020E000 		.word	14688256
 1558 01ac 0030D000 		.word	13643776
 1559 01b0 0040C000 		.word	12599296
 1560 01b4 0050B000 		.word	11554816
 1561 01b8 0060A000 		.word	10510336
 1562 01bc 00709000 		.word	9465856
 1563 01c0 00808000 		.word	8421376
 1564 01c4 00907000 		.word	7376896
 1565 01c8 00A06000 		.word	6332416
 1566 01cc 00B05000 		.word	5287936
 1567 01d0 00C04000 		.word	4243456
 1568 01d4 00D03000 		.word	3198976
 1569 01d8 00E02000 		.word	2154496
 1570 01dc 00FF0000 		.word	65280
 1571              		.bss
 1572              		.align	2
 1573              		.set	.LANCHOR0,. + 0
 1574              		.type	StripLights_ledIndex, %object
 1575              		.size	StripLights_ledIndex, 4
 1576              	StripLights_ledIndex:
 1577 0000 00000000 		.space	4
 1578              		.type	StripLights_row, %object
 1579              		.size	StripLights_row, 4
 1580              	StripLights_row:
 1581 0004 00000000 		.space	4
 1582              		.type	color.8707, %object
 1583              		.size	color.8707, 4
 1584              	color.8707:
ARM GAS  C:\Users\ARTEM\AppData\Local\Temp\ccSYEePJ.s 			page 45


 1585 0008 00000000 		.space	4
 1586              		.type	color.8715, %object
 1587              		.size	color.8715, 4
 1588              	color.8715:
 1589 000c 00000000 		.space	4
 1590              		.type	colorIndex.8700, %object
 1591              		.size	colorIndex.8700, 4
 1592              	colorIndex.8700:
 1593 0010 00000000 		.space	4
 1594              		.type	StripLights_initvar, %object
 1595              		.size	StripLights_initvar, 1
 1596              	StripLights_initvar:
 1597 0014 00       		.space	1
 1598              		.text
 1599              	.Letext0:
 1600              		.file 2 "Generated_Source\\PSoC4/cytypes.h"
 1601              		.file 3 "Generated_Source\\PSoC4/Bluetooth_Stack.h"
 1602              		.file 4 "Generated_Source\\PSoC4/Bluetooth_aios.h"
 1603              		.file 5 "Generated_Source\\PSoC4\\StripLights_fonts.h"
 1604              		.file 6 "Generated_Source\\PSoC4/StripLights_cisr.h"
 1605              		.file 7 "Generated_Source\\PSoC4/StripLights_fisr.h"
 1606              		.section	.debug_info,"",%progbits
 1607              	.Ldebug_info0:
 1608 0000 A50C0000 		.4byte	0xca5
 1609 0004 0400     		.2byte	0x4
 1610 0006 00000000 		.4byte	.Ldebug_abbrev0
 1611 000a 04       		.byte	0x4
 1612 000b 01       		.uleb128 0x1
 1613 000c 9C010000 		.4byte	.LASF146
 1614 0010 0C       		.byte	0xc
 1615 0011 430A0000 		.4byte	.LASF147
 1616 0015 4F000000 		.4byte	.LASF148
 1617 0019 00000000 		.4byte	.Ldebug_ranges0+0
 1618 001d 00000000 		.4byte	0
 1619 0021 00000000 		.4byte	.Ldebug_line0
 1620 0025 02       		.uleb128 0x2
 1621 0026 01       		.byte	0x1
 1622 0027 06       		.byte	0x6
 1623 0028 13030000 		.4byte	.LASF0
 1624 002c 02       		.uleb128 0x2
 1625 002d 01       		.byte	0x1
 1626 002e 08       		.byte	0x8
 1627 002f BA0A0000 		.4byte	.LASF1
 1628 0033 02       		.uleb128 0x2
 1629 0034 02       		.byte	0x2
 1630 0035 05       		.byte	0x5
 1631 0036 EC0A0000 		.4byte	.LASF2
 1632 003a 02       		.uleb128 0x2
 1633 003b 02       		.byte	0x2
 1634 003c 07       		.byte	0x7
 1635 003d 6B060000 		.4byte	.LASF3
 1636 0041 02       		.uleb128 0x2
 1637 0042 04       		.byte	0x4
 1638 0043 05       		.byte	0x5
 1639 0044 93010000 		.4byte	.LASF4
 1640 0048 02       		.uleb128 0x2
 1641 0049 04       		.byte	0x4
ARM GAS  C:\Users\ARTEM\AppData\Local\Temp\ccSYEePJ.s 			page 46


 1642 004a 07       		.byte	0x7
 1643 004b B5050000 		.4byte	.LASF5
 1644 004f 02       		.uleb128 0x2
 1645 0050 08       		.byte	0x8
 1646 0051 05       		.byte	0x5
 1647 0052 05030000 		.4byte	.LASF6
 1648 0056 02       		.uleb128 0x2
 1649 0057 08       		.byte	0x8
 1650 0058 07       		.byte	0x7
 1651 0059 3C020000 		.4byte	.LASF7
 1652 005d 03       		.uleb128 0x3
 1653 005e 04       		.byte	0x4
 1654 005f 05       		.byte	0x5
 1655 0060 696E7400 		.ascii	"int\000"
 1656 0064 02       		.uleb128 0x2
 1657 0065 04       		.byte	0x4
 1658 0066 07       		.byte	0x7
 1659 0067 6F050000 		.4byte	.LASF8
 1660 006b 04       		.uleb128 0x4
 1661 006c E7030000 		.4byte	.LASF9
 1662 0070 02       		.byte	0x2
 1663 0071 FB01     		.2byte	0x1fb
 1664 0073 2C000000 		.4byte	0x2c
 1665 0077 04       		.uleb128 0x4
 1666 0078 6A040000 		.4byte	.LASF10
 1667 007c 02       		.byte	0x2
 1668 007d FD01     		.2byte	0x1fd
 1669 007f 48000000 		.4byte	0x48
 1670 0083 04       		.uleb128 0x4
 1671 0084 37040000 		.4byte	.LASF11
 1672 0088 02       		.byte	0x2
 1673 0089 0002     		.2byte	0x200
 1674 008b 41000000 		.4byte	0x41
 1675 008f 02       		.uleb128 0x2
 1676 0090 04       		.byte	0x4
 1677 0091 04       		.byte	0x4
 1678 0092 0A0C0000 		.4byte	.LASF12
 1679 0096 02       		.uleb128 0x2
 1680 0097 08       		.byte	0x8
 1681 0098 04       		.byte	0x4
 1682 0099 30040000 		.4byte	.LASF13
 1683 009d 02       		.uleb128 0x2
 1684 009e 01       		.byte	0x1
 1685 009f 08       		.byte	0x8
 1686 00a0 2E0C0000 		.4byte	.LASF14
 1687 00a4 04       		.uleb128 0x4
 1688 00a5 B50A0000 		.4byte	.LASF15
 1689 00a9 02       		.byte	0x2
 1690 00aa A502     		.2byte	0x2a5
 1691 00ac B0000000 		.4byte	0xb0
 1692 00b0 05       		.uleb128 0x5
 1693 00b1 6B000000 		.4byte	0x6b
 1694 00b5 02       		.uleb128 0x2
 1695 00b6 08       		.byte	0x8
 1696 00b7 04       		.byte	0x4
 1697 00b8 FC080000 		.4byte	.LASF16
 1698 00bc 02       		.uleb128 0x2
ARM GAS  C:\Users\ARTEM\AppData\Local\Temp\ccSYEePJ.s 			page 47


 1699 00bd 04       		.byte	0x4
 1700 00be 07       		.byte	0x7
 1701 00bf D2080000 		.4byte	.LASF17
 1702 00c3 06       		.uleb128 0x6
 1703 00c4 01       		.byte	0x1
 1704 00c5 2C000000 		.4byte	0x2c
 1705 00c9 03       		.byte	0x3
 1706 00ca 3501     		.2byte	0x135
 1707 00cc 81020000 		.4byte	0x281
 1708 00d0 07       		.uleb128 0x7
 1709 00d1 7E060000 		.4byte	.LASF18
 1710 00d5 00       		.byte	0
 1711 00d6 07       		.uleb128 0x7
 1712 00d7 1F030000 		.4byte	.LASF19
 1713 00db 01       		.byte	0x1
 1714 00dc 07       		.uleb128 0x7
 1715 00dd 81010000 		.4byte	.LASF20
 1716 00e1 02       		.byte	0x2
 1717 00e2 07       		.uleb128 0x7
 1718 00e3 FD0C0000 		.4byte	.LASF21
 1719 00e7 03       		.byte	0x3
 1720 00e8 07       		.uleb128 0x7
 1721 00e9 53020000 		.4byte	.LASF22
 1722 00ed 04       		.byte	0x4
 1723 00ee 07       		.uleb128 0x7
 1724 00ef 23000000 		.4byte	.LASF23
 1725 00f3 05       		.byte	0x5
 1726 00f4 07       		.uleb128 0x7
 1727 00f5 B3060000 		.4byte	.LASF24
 1728 00f9 06       		.byte	0x6
 1729 00fa 07       		.uleb128 0x7
 1730 00fb 3A080000 		.4byte	.LASF25
 1731 00ff 20       		.byte	0x20
 1732 0100 07       		.uleb128 0x7
 1733 0101 51030000 		.4byte	.LASF26
 1734 0105 21       		.byte	0x21
 1735 0106 07       		.uleb128 0x7
 1736 0107 23070000 		.4byte	.LASF27
 1737 010b 22       		.byte	0x22
 1738 010c 07       		.uleb128 0x7
 1739 010d B6070000 		.4byte	.LASF28
 1740 0111 23       		.byte	0x23
 1741 0112 07       		.uleb128 0x7
 1742 0113 93090000 		.4byte	.LASF29
 1743 0117 24       		.byte	0x24
 1744 0118 07       		.uleb128 0x7
 1745 0119 08090000 		.4byte	.LASF30
 1746 011d 25       		.byte	0x25
 1747 011e 07       		.uleb128 0x7
 1748 011f B4030000 		.4byte	.LASF31
 1749 0123 26       		.byte	0x26
 1750 0124 07       		.uleb128 0x7
 1751 0125 47070000 		.4byte	.LASF32
 1752 0129 27       		.byte	0x27
 1753 012a 07       		.uleb128 0x7
 1754 012b 330C0000 		.4byte	.LASF33
 1755 012f 28       		.byte	0x28
ARM GAS  C:\Users\ARTEM\AppData\Local\Temp\ccSYEePJ.s 			page 48


 1756 0130 07       		.uleb128 0x7
 1757 0131 BF020000 		.4byte	.LASF34
 1758 0135 29       		.byte	0x29
 1759 0136 07       		.uleb128 0x7
 1760 0137 DF050000 		.4byte	.LASF35
 1761 013b 2A       		.byte	0x2a
 1762 013c 07       		.uleb128 0x7
 1763 013d 32030000 		.4byte	.LASF36
 1764 0141 2B       		.byte	0x2b
 1765 0142 07       		.uleb128 0x7
 1766 0143 B60D0000 		.4byte	.LASF37
 1767 0147 2C       		.byte	0x2c
 1768 0148 07       		.uleb128 0x7
 1769 0149 DC020000 		.4byte	.LASF38
 1770 014d 2D       		.byte	0x2d
 1771 014e 07       		.uleb128 0x7
 1772 014f C80A0000 		.4byte	.LASF39
 1773 0153 2E       		.byte	0x2e
 1774 0154 07       		.uleb128 0x7
 1775 0155 F4000000 		.4byte	.LASF40
 1776 0159 2F       		.byte	0x2f
 1777 015a 07       		.uleb128 0x7
 1778 015b 72090000 		.4byte	.LASF41
 1779 015f 30       		.byte	0x30
 1780 0160 07       		.uleb128 0x7
 1781 0161 3A0E0000 		.4byte	.LASF42
 1782 0165 31       		.byte	0x31
 1783 0166 07       		.uleb128 0x7
 1784 0167 51090000 		.4byte	.LASF43
 1785 016b 32       		.byte	0x32
 1786 016c 07       		.uleb128 0x7
 1787 016d E30B0000 		.4byte	.LASF44
 1788 0171 33       		.byte	0x33
 1789 0172 07       		.uleb128 0x7
 1790 0173 C7050000 		.4byte	.LASF45
 1791 0177 34       		.byte	0x34
 1792 0178 07       		.uleb128 0x7
 1793 0179 06050000 		.4byte	.LASF46
 1794 017d 35       		.byte	0x35
 1795 017e 07       		.uleb128 0x7
 1796 017f 80070000 		.4byte	.LASF47
 1797 0183 36       		.byte	0x36
 1798 0184 07       		.uleb128 0x7
 1799 0185 5E080000 		.4byte	.LASF48
 1800 0189 37       		.byte	0x37
 1801 018a 07       		.uleb128 0x7
 1802 018b C90B0000 		.4byte	.LASF49
 1803 018f 40       		.byte	0x40
 1804 0190 07       		.uleb128 0x7
 1805 0191 FC070000 		.4byte	.LASF50
 1806 0195 41       		.byte	0x41
 1807 0196 07       		.uleb128 0x7
 1808 0197 6A0E0000 		.4byte	.LASF51
 1809 019b 42       		.byte	0x42
 1810 019c 07       		.uleb128 0x7
 1811 019d 2D0D0000 		.4byte	.LASF52
 1812 01a1 43       		.byte	0x43
ARM GAS  C:\Users\ARTEM\AppData\Local\Temp\ccSYEePJ.s 			page 49


 1813 01a2 07       		.uleb128 0x7
 1814 01a3 08060000 		.4byte	.LASF53
 1815 01a7 44       		.byte	0x44
 1816 01a8 07       		.uleb128 0x7
 1817 01a9 7C0A0000 		.4byte	.LASF54
 1818 01ad 45       		.byte	0x45
 1819 01ae 07       		.uleb128 0x7
 1820 01af B1080000 		.4byte	.LASF55
 1821 01b3 46       		.byte	0x46
 1822 01b4 07       		.uleb128 0x7
 1823 01b5 95060000 		.4byte	.LASF56
 1824 01b9 47       		.byte	0x47
 1825 01ba 07       		.uleb128 0x7
 1826 01bb 8F0D0000 		.4byte	.LASF57
 1827 01bf 48       		.byte	0x48
 1828 01c0 07       		.uleb128 0x7
 1829 01c1 68030000 		.4byte	.LASF58
 1830 01c5 49       		.byte	0x49
 1831 01c6 07       		.uleb128 0x7
 1832 01c7 670D0000 		.4byte	.LASF59
 1833 01cb 4A       		.byte	0x4a
 1834 01cc 07       		.uleb128 0x7
 1835 01cd 1D010000 		.4byte	.LASF60
 1836 01d1 4B       		.byte	0x4b
 1837 01d2 07       		.uleb128 0x7
 1838 01d3 66070000 		.4byte	.LASF61
 1839 01d7 4C       		.byte	0x4c
 1840 01d8 07       		.uleb128 0x7
 1841 01d9 37090000 		.4byte	.LASF62
 1842 01dd 4D       		.byte	0x4d
 1843 01de 07       		.uleb128 0x7
 1844 01df 81030000 		.4byte	.LASF63
 1845 01e3 4E       		.byte	0x4e
 1846 01e4 07       		.uleb128 0x7
 1847 01e5 170B0000 		.4byte	.LASF64
 1848 01e9 4F       		.byte	0x4f
 1849 01ea 07       		.uleb128 0x7
 1850 01eb 3C010000 		.4byte	.LASF65
 1851 01ef 50       		.byte	0x50
 1852 01f0 07       		.uleb128 0x7
 1853 01f1 11040000 		.4byte	.LASF66
 1854 01f5 51       		.byte	0x51
 1855 01f6 07       		.uleb128 0x7
 1856 01f7 D9090000 		.4byte	.LASF67
 1857 01fb 52       		.byte	0x52
 1858 01fc 07       		.uleb128 0x7
 1859 01fd F60A0000 		.4byte	.LASF68
 1860 0201 53       		.byte	0x53
 1861 0202 07       		.uleb128 0x7
 1862 0203 A80B0000 		.4byte	.LASF69
 1863 0207 54       		.byte	0x54
 1864 0208 07       		.uleb128 0x7
 1865 0209 26060000 		.4byte	.LASF70
 1866 020d 55       		.byte	0x55
 1867 020e 07       		.uleb128 0x7
 1868 020f 46050000 		.4byte	.LASF71
 1869 0213 56       		.byte	0x56
ARM GAS  C:\Users\ARTEM\AppData\Local\Temp\ccSYEePJ.s 			page 50


 1870 0214 07       		.uleb128 0x7
 1871 0215 810C0000 		.4byte	.LASF72
 1872 0219 57       		.byte	0x57
 1873 021a 07       		.uleb128 0x7
 1874 021b 23050000 		.4byte	.LASF73
 1875 021f 58       		.byte	0x58
 1876 0220 07       		.uleb128 0x7
 1877 0221 90040000 		.4byte	.LASF74
 1878 0225 70       		.byte	0x70
 1879 0226 07       		.uleb128 0x7
 1880 0227 140E0000 		.4byte	.LASF75
 1881 022b 71       		.byte	0x71
 1882 022c 07       		.uleb128 0x7
 1883 022d 17080000 		.4byte	.LASF76
 1884 0231 72       		.byte	0x72
 1885 0232 07       		.uleb128 0x7
 1886 0233 93080000 		.4byte	.LASF77
 1887 0237 73       		.byte	0x73
 1888 0238 07       		.uleb128 0x7
 1889 0239 250A0000 		.4byte	.LASF78
 1890 023d 74       		.byte	0x74
 1891 023e 07       		.uleb128 0x7
 1892 023f DA0D0000 		.4byte	.LASF79
 1893 0243 75       		.byte	0x75
 1894 0244 07       		.uleb128 0x7
 1895 0245 D3000000 		.4byte	.LASF80
 1896 0249 76       		.byte	0x76
 1897 024a 07       		.uleb128 0x7
 1898 024b 04070000 		.4byte	.LASF81
 1899 024f 77       		.byte	0x77
 1900 0250 07       		.uleb128 0x7
 1901 0251 00000000 		.4byte	.LASF82
 1902 0255 78       		.byte	0x78
 1903 0256 07       		.uleb128 0x7
 1904 0257 D10C0000 		.4byte	.LASF83
 1905 025b 79       		.byte	0x79
 1906 025c 07       		.uleb128 0x7
 1907 025d B6040000 		.4byte	.LASF84
 1908 0261 7A       		.byte	0x7a
 1909 0262 07       		.uleb128 0x7
 1910 0263 68020000 		.4byte	.LASF85
 1911 0267 FA       		.byte	0xfa
 1912 0268 07       		.uleb128 0x7
 1913 0269 82050000 		.4byte	.LASF86
 1914 026d FB       		.byte	0xfb
 1915 026e 07       		.uleb128 0x7
 1916 026f 530B0000 		.4byte	.LASF87
 1917 0273 FC       		.byte	0xfc
 1918 0274 07       		.uleb128 0x7
 1919 0275 100C0000 		.4byte	.LASF88
 1920 0279 FD       		.byte	0xfd
 1921 027a 07       		.uleb128 0x7
 1922 027b 82040000 		.4byte	.LASF89
 1923 027f FF       		.byte	0xff
 1924 0280 00       		.byte	0
 1925 0281 08       		.uleb128 0x8
 1926 0282 04       		.byte	0x4
ARM GAS  C:\Users\ARTEM\AppData\Local\Temp\ccSYEePJ.s 			page 51


 1927 0283 6B000000 		.4byte	0x6b
 1928 0287 09       		.uleb128 0x9
 1929 0288 01       		.byte	0x1
 1930 0289 2C000000 		.4byte	0x2c
 1931 028d 04       		.byte	0x4
 1932 028e 2B       		.byte	0x2b
 1933 028f AC020000 		.4byte	0x2ac
 1934 0293 07       		.uleb128 0x7
 1935 0294 C0000000 		.4byte	.LASF90
 1936 0298 00       		.byte	0
 1937 0299 07       		.uleb128 0x7
 1938 029a 650B0000 		.4byte	.LASF91
 1939 029e 01       		.byte	0x1
 1940 029f 07       		.uleb128 0x7
 1941 02a0 4A060000 		.4byte	.LASF92
 1942 02a4 02       		.byte	0x2
 1943 02a5 07       		.uleb128 0x7
 1944 02a6 EE060000 		.4byte	.LASF93
 1945 02aa 03       		.byte	0x3
 1946 02ab 00       		.byte	0
 1947 02ac 09       		.uleb128 0x9
 1948 02ad 01       		.byte	0x1
 1949 02ae 2C000000 		.4byte	0x2c
 1950 02b2 04       		.byte	0x4
 1951 02b3 34       		.byte	0x34
 1952 02b4 EF020000 		.4byte	0x2ef
 1953 02b8 07       		.uleb128 0x7
 1954 02b9 160D0000 		.4byte	.LASF94
 1955 02bd 00       		.byte	0
 1956 02be 07       		.uleb128 0x7
 1957 02bf ED030000 		.4byte	.LASF95
 1958 02c3 01       		.byte	0x1
 1959 02c4 07       		.uleb128 0x7
 1960 02c5 99000000 		.4byte	.LASF96
 1961 02c9 02       		.byte	0x2
 1962 02ca 07       		.uleb128 0x7
 1963 02cb 86020000 		.4byte	.LASF97
 1964 02cf 03       		.byte	0x3
 1965 02d0 07       		.uleb128 0x7
 1966 02d1 CC060000 		.4byte	.LASF98
 1967 02d5 04       		.byte	0x4
 1968 02d6 07       		.uleb128 0x7
 1969 02d7 B8090000 		.4byte	.LASF99
 1970 02db 05       		.byte	0x5
 1971 02dc 07       		.uleb128 0x7
 1972 02dd 360B0000 		.4byte	.LASF100
 1973 02e1 06       		.byte	0x6
 1974 02e2 07       		.uleb128 0x7
 1975 02e3 DC070000 		.4byte	.LASF101
 1976 02e7 06       		.byte	0x6
 1977 02e8 07       		.uleb128 0x7
 1978 02e9 DA040000 		.4byte	.LASF102
 1979 02ed 07       		.byte	0x7
 1980 02ee 00       		.byte	0
 1981 02ef 0A       		.uleb128 0xa
 1982 02f0 970B0000 		.4byte	.LASF105
 1983 02f4 01       		.byte	0x1
ARM GAS  C:\Users\ARTEM\AppData\Local\Temp\ccSYEePJ.s 			page 52


 1984 02f5 8301     		.2byte	0x183
 1985 02f7 00000000 		.4byte	.LFB40
 1986 02fb 60000000 		.4byte	.LFE40-.LFB40
 1987 02ff 01       		.uleb128 0x1
 1988 0300 9C       		.byte	0x9c
 1989 0301 30030000 		.4byte	0x330
 1990 0305 0B       		.uleb128 0xb
 1991 0306 A1050000 		.4byte	.LASF103
 1992 030a 01       		.byte	0x1
 1993 030b 8501     		.2byte	0x185
 1994 030d 77000000 		.4byte	0x77
 1995 0311 0B       		.uleb128 0xb
 1996 0312 A1070000 		.4byte	.LASF104
 1997 0316 01       		.byte	0x1
 1998 0317 8601     		.2byte	0x186
 1999 0319 77000000 		.4byte	0x77
 2000 031d 0C       		.uleb128 0xc
 2001 031e 280C0000 		.4byte	.LASF107
 2002 0322 01       		.byte	0x1
 2003 0323 8701     		.2byte	0x187
 2004 0325 77000000 		.4byte	0x77
 2005 0329 05       		.uleb128 0x5
 2006 032a 03       		.byte	0x3
 2007 032b 08000000 		.4byte	color.8707
 2008 032f 00       		.byte	0
 2009 0330 0A       		.uleb128 0xa
 2010 0331 5B010000 		.4byte	.LASF106
 2011 0335 01       		.byte	0x1
 2012 0336 B101     		.2byte	0x1b1
 2013 0338 00000000 		.4byte	.LFB41
 2014 033c 7C000000 		.4byte	.LFE41-.LFB41
 2015 0340 01       		.uleb128 0x1
 2016 0341 9C       		.byte	0x9c
 2017 0342 7D030000 		.4byte	0x37d
 2018 0346 0B       		.uleb128 0xb
 2019 0347 A1050000 		.4byte	.LASF103
 2020 034b 01       		.byte	0x1
 2021 034c B301     		.2byte	0x1b3
 2022 034e 77000000 		.4byte	0x77
 2023 0352 0B       		.uleb128 0xb
 2024 0353 A1070000 		.4byte	.LASF104
 2025 0357 01       		.byte	0x1
 2026 0358 B401     		.2byte	0x1b4
 2027 035a 77000000 		.4byte	0x77
 2028 035e 0C       		.uleb128 0xc
 2029 035f 280C0000 		.4byte	.LASF107
 2030 0363 01       		.byte	0x1
 2031 0364 B501     		.2byte	0x1b5
 2032 0366 77000000 		.4byte	0x77
 2033 036a 05       		.uleb128 0x5
 2034 036b 03       		.byte	0x3
 2035 036c 0C000000 		.4byte	color.8715
 2036 0370 0B       		.uleb128 0xb
 2037 0371 4B0D0000 		.4byte	.LASF108
 2038 0375 01       		.byte	0x1
 2039 0376 B601     		.2byte	0x1b6
 2040 0378 77000000 		.4byte	0x77
ARM GAS  C:\Users\ARTEM\AppData\Local\Temp\ccSYEePJ.s 			page 53


 2041 037c 00       		.byte	0
 2042 037d 0A       		.uleb128 0xa
 2043 037e 680A0000 		.4byte	.LASF109
 2044 0382 01       		.byte	0x1
 2045 0383 0501     		.2byte	0x105
 2046 0385 00000000 		.4byte	.LFB36
 2047 0389 6C000000 		.4byte	.LFE36-.LFB36
 2048 038d 01       		.uleb128 0x1
 2049 038e 9C       		.byte	0x9c
 2050 038f B4030000 		.4byte	0x3b4
 2051 0393 0D       		.uleb128 0xd
 2052 0394 72737400 		.ascii	"rst\000"
 2053 0398 01       		.byte	0x1
 2054 0399 0501     		.2byte	0x105
 2055 039b 77000000 		.4byte	0x77
 2056 039f 00000000 		.4byte	.LLST0
 2057 03a3 0E       		.uleb128 0xe
 2058 03a4 280C0000 		.4byte	.LASF107
 2059 03a8 01       		.byte	0x1
 2060 03a9 0701     		.2byte	0x107
 2061 03ab 77000000 		.4byte	0x77
 2062 03af 21000000 		.4byte	.LLST1
 2063 03b3 00       		.byte	0
 2064 03b4 0F       		.uleb128 0xf
 2065 03b5 BF0C0000 		.4byte	.LASF149
 2066 03b9 01       		.byte	0x1
 2067 03ba 3101     		.2byte	0x131
 2068 03bc 77000000 		.4byte	0x77
 2069 03c0 00000000 		.4byte	.LFB37
 2070 03c4 1C000000 		.4byte	.LFE37-.LFB37
 2071 03c8 01       		.uleb128 0x1
 2072 03c9 9C       		.byte	0x9c
 2073 03ca 10       		.uleb128 0x10
 2074 03cb 71040000 		.4byte	.LASF150
 2075 03cf 01       		.byte	0x1
 2076 03d0 4C01     		.2byte	0x14c
 2077 03d2 00000000 		.4byte	.LFB38
 2078 03d6 0C000000 		.4byte	.LFE38-.LFB38
 2079 03da 01       		.uleb128 0x1
 2080 03db 9C       		.byte	0x9c
 2081 03dc 11       		.uleb128 0x11
 2082 03dd 22090000 		.4byte	.LASF117
 2083 03e1 01       		.byte	0x1
 2084 03e2 6001     		.2byte	0x160
 2085 03e4 77000000 		.4byte	0x77
 2086 03e8 00000000 		.4byte	.LFB39
 2087 03ec 24000000 		.4byte	.LFE39-.LFB39
 2088 03f0 01       		.uleb128 0x1
 2089 03f1 9C       		.byte	0x9c
 2090 03f2 33040000 		.4byte	0x433
 2091 03f6 12       		.uleb128 0x12
 2092 03f7 AF090000 		.4byte	.LASF110
 2093 03fb 01       		.byte	0x1
 2094 03fc 6001     		.2byte	0x160
 2095 03fe 77000000 		.4byte	0x77
 2096 0402 85000000 		.4byte	.LLST2
 2097 0406 0C       		.uleb128 0xc
ARM GAS  C:\Users\ARTEM\AppData\Local\Temp\ccSYEePJ.s 			page 54


 2098 0407 280C0000 		.4byte	.LASF107
 2099 040b 01       		.byte	0x1
 2100 040c 6201     		.2byte	0x162
 2101 040e 77000000 		.4byte	0x77
 2102 0412 01       		.uleb128 0x1
 2103 0413 50       		.byte	0x50
 2104 0414 0B       		.uleb128 0xb
 2105 0415 DB080000 		.4byte	.LASF111
 2106 0419 01       		.byte	0x1
 2107 041a 6301     		.2byte	0x163
 2108 041c 48040000 		.4byte	0x448
 2109 0420 0C       		.uleb128 0xc
 2110 0421 DC030000 		.4byte	.LASF112
 2111 0425 01       		.byte	0x1
 2112 0426 6401     		.2byte	0x164
 2113 0428 77000000 		.4byte	0x77
 2114 042c 05       		.uleb128 0x5
 2115 042d 03       		.byte	0x3
 2116 042e 10000000 		.4byte	colorIndex.8700
 2117 0432 00       		.byte	0
 2118 0433 13       		.uleb128 0x13
 2119 0434 43040000 		.4byte	0x443
 2120 0438 43040000 		.4byte	0x443
 2121 043c 14       		.uleb128 0x14
 2122 043d BC000000 		.4byte	0xbc
 2123 0441 77       		.byte	0x77
 2124 0442 00       		.byte	0
 2125 0443 15       		.uleb128 0x15
 2126 0444 77000000 		.4byte	0x77
 2127 0448 15       		.uleb128 0x15
 2128 0449 33040000 		.4byte	0x433
 2129 044d 0A       		.uleb128 0xa
 2130 044e 9F030000 		.4byte	.LASF113
 2131 0452 01       		.byte	0x1
 2132 0453 F801     		.2byte	0x1f8
 2133 0455 00000000 		.4byte	.LFB43
 2134 0459 2C000000 		.4byte	.LFE43-.LFB43
 2135 045d 01       		.uleb128 0x1
 2136 045e 9C       		.byte	0x9c
 2137 045f 92040000 		.4byte	0x492
 2138 0463 16       		.uleb128 0x16
 2139 0464 280C0000 		.4byte	.LASF107
 2140 0468 01       		.byte	0x1
 2141 0469 F801     		.2byte	0x1f8
 2142 046b 77000000 		.4byte	0x77
 2143 046f 01       		.uleb128 0x1
 2144 0470 50       		.byte	0x50
 2145 0471 17       		.uleb128 0x17
 2146 0472 726F7700 		.ascii	"row\000"
 2147 0476 01       		.byte	0x1
 2148 0477 FA01     		.2byte	0x1fa
 2149 0479 77000000 		.4byte	0x77
 2150 047d A6000000 		.4byte	.LLST3
 2151 0481 17       		.uleb128 0x17
 2152 0482 636F6C00 		.ascii	"col\000"
 2153 0486 01       		.byte	0x1
 2154 0487 FA01     		.2byte	0x1fa
ARM GAS  C:\Users\ARTEM\AppData\Local\Temp\ccSYEePJ.s 			page 55


 2155 0489 77000000 		.4byte	0x77
 2156 048d C5000000 		.4byte	.LLST4
 2157 0491 00       		.byte	0
 2158 0492 0A       		.uleb128 0xa
 2159 0493 7E0B0000 		.4byte	.LASF114
 2160 0497 01       		.byte	0x1
 2161 0498 E501     		.2byte	0x1e5
 2162 049a 00000000 		.4byte	.LFB42
 2163 049e 0E000000 		.4byte	.LFE42-.LFB42
 2164 04a2 01       		.uleb128 0x1
 2165 04a3 9C       		.byte	0x9c
 2166 04a4 DD040000 		.4byte	0x4dd
 2167 04a8 12       		.uleb128 0x12
 2168 04a9 280C0000 		.4byte	.LASF107
 2169 04ad 01       		.byte	0x1
 2170 04ae E501     		.2byte	0x1e5
 2171 04b0 77000000 		.4byte	0x77
 2172 04b4 E3000000 		.4byte	.LLST5
 2173 04b8 18       		.uleb128 0x18
 2174 04b9 06000000 		.4byte	.LVL22
 2175 04bd 4D040000 		.4byte	0x44d
 2176 04c1 CD040000 		.4byte	0x4cd
 2177 04c5 19       		.uleb128 0x19
 2178 04c6 01       		.uleb128 0x1
 2179 04c7 50       		.byte	0x50
 2180 04c8 03       		.uleb128 0x3
 2181 04c9 F3       		.byte	0xf3
 2182 04ca 01       		.uleb128 0x1
 2183 04cb 50       		.byte	0x50
 2184 04cc 00       		.byte	0
 2185 04cd 1A       		.uleb128 0x1a
 2186 04ce 0C000000 		.4byte	.LVL23
 2187 04d2 7D030000 		.4byte	0x37d
 2188 04d6 19       		.uleb128 0x19
 2189 04d7 01       		.uleb128 0x1
 2190 04d8 50       		.byte	0x50
 2191 04d9 01       		.uleb128 0x1
 2192 04da 31       		.byte	0x31
 2193 04db 00       		.byte	0
 2194 04dc 00       		.byte	0
 2195 04dd 0A       		.uleb128 0xa
 2196 04de 6A0C0000 		.4byte	.LASF115
 2197 04e2 01       		.byte	0x1
 2198 04e3 1902     		.2byte	0x219
 2199 04e5 00000000 		.4byte	.LFB44
 2200 04e9 24000000 		.4byte	.LFE44-.LFB44
 2201 04ed 01       		.uleb128 0x1
 2202 04ee 9C       		.byte	0x9c
 2203 04ef 04050000 		.4byte	0x504
 2204 04f3 12       		.uleb128 0x12
 2205 04f4 280C0000 		.4byte	.LASF107
 2206 04f8 01       		.byte	0x1
 2207 04f9 1902     		.2byte	0x219
 2208 04fb 77000000 		.4byte	0x77
 2209 04ff 04010000 		.4byte	.LLST6
 2210 0503 00       		.byte	0
 2211 0504 0A       		.uleb128 0xa
ARM GAS  C:\Users\ARTEM\AppData\Local\Temp\ccSYEePJ.s 			page 56


 2212 0505 87000000 		.4byte	.LASF116
 2213 0509 01       		.byte	0x1
 2214 050a 3302     		.2byte	0x233
 2215 050c 00000000 		.4byte	.LFB45
 2216 0510 24000000 		.4byte	.LFE45-.LFB45
 2217 0514 01       		.uleb128 0x1
 2218 0515 9C       		.byte	0x9c
 2219 0516 45050000 		.4byte	0x545
 2220 051a 0D       		.uleb128 0xd
 2221 051b 7800     		.ascii	"x\000"
 2222 051d 01       		.byte	0x1
 2223 051e 3302     		.2byte	0x233
 2224 0520 83000000 		.4byte	0x83
 2225 0524 4C010000 		.4byte	.LLST7
 2226 0528 0D       		.uleb128 0xd
 2227 0529 7900     		.ascii	"y\000"
 2228 052b 01       		.byte	0x1
 2229 052c 3302     		.2byte	0x233
 2230 052e 83000000 		.4byte	0x83
 2231 0532 6D010000 		.4byte	.LLST8
 2232 0536 16       		.uleb128 0x16
 2233 0537 280C0000 		.4byte	.LASF107
 2234 053b 01       		.byte	0x1
 2235 053c 3302     		.2byte	0x233
 2236 053e 77000000 		.4byte	0x77
 2237 0542 01       		.uleb128 0x1
 2238 0543 52       		.byte	0x52
 2239 0544 00       		.byte	0
 2240 0545 1B       		.uleb128 0x1b
 2241 0546 6C010000 		.4byte	.LASF118
 2242 054a 01       		.byte	0x1
 2243 054b 4F02     		.2byte	0x24f
 2244 054d 77000000 		.4byte	0x77
 2245 0551 00000000 		.4byte	.LFB46
 2246 0555 28000000 		.4byte	.LFE46-.LFB46
 2247 0559 01       		.uleb128 0x1
 2248 055a 9C       		.byte	0x9c
 2249 055b 8A050000 		.4byte	0x58a
 2250 055f 0D       		.uleb128 0xd
 2251 0560 7800     		.ascii	"x\000"
 2252 0562 01       		.byte	0x1
 2253 0563 4F02     		.2byte	0x24f
 2254 0565 83000000 		.4byte	0x83
 2255 0569 8E010000 		.4byte	.LLST9
 2256 056d 0D       		.uleb128 0xd
 2257 056e 7900     		.ascii	"y\000"
 2258 0570 01       		.byte	0x1
 2259 0571 4F02     		.2byte	0x24f
 2260 0573 83000000 		.4byte	0x83
 2261 0577 AF010000 		.4byte	.LLST10
 2262 057b 0C       		.uleb128 0xc
 2263 057c 280C0000 		.4byte	.LASF107
 2264 0580 01       		.byte	0x1
 2265 0581 5102     		.2byte	0x251
 2266 0583 77000000 		.4byte	0x77
 2267 0587 01       		.uleb128 0x1
 2268 0588 53       		.byte	0x53
ARM GAS  C:\Users\ARTEM\AppData\Local\Temp\ccSYEePJ.s 			page 57


 2269 0589 00       		.byte	0
 2270 058a 0A       		.uleb128 0xa
 2271 058b FA090000 		.4byte	.LASF119
 2272 058f 01       		.byte	0x1
 2273 0590 6F02     		.2byte	0x26f
 2274 0592 00000000 		.4byte	.LFB47
 2275 0596 FC000000 		.4byte	.LFE47-.LFB47
 2276 059a 01       		.uleb128 0x1
 2277 059b 9C       		.byte	0x9c
 2278 059c BF070000 		.4byte	0x7bf
 2279 05a0 0D       		.uleb128 0xd
 2280 05a1 783000   		.ascii	"x0\000"
 2281 05a4 01       		.byte	0x1
 2282 05a5 6F02     		.2byte	0x26f
 2283 05a7 83000000 		.4byte	0x83
 2284 05ab D0010000 		.4byte	.LLST11
 2285 05af 0D       		.uleb128 0xd
 2286 05b0 793000   		.ascii	"y0\000"
 2287 05b3 01       		.byte	0x1
 2288 05b4 6F02     		.2byte	0x26f
 2289 05b6 83000000 		.4byte	0x83
 2290 05ba FC010000 		.4byte	.LLST12
 2291 05be 12       		.uleb128 0x12
 2292 05bf 33080000 		.4byte	.LASF120
 2293 05c3 01       		.byte	0x1
 2294 05c4 6F02     		.2byte	0x26f
 2295 05c6 83000000 		.4byte	0x83
 2296 05ca 28020000 		.4byte	.LLST13
 2297 05ce 12       		.uleb128 0x12
 2298 05cf 280C0000 		.4byte	.LASF107
 2299 05d3 01       		.byte	0x1
 2300 05d4 6F02     		.2byte	0x26f
 2301 05d6 77000000 		.4byte	0x77
 2302 05da 54020000 		.4byte	.LLST14
 2303 05de 17       		.uleb128 0x17
 2304 05df 6600     		.ascii	"f\000"
 2305 05e1 01       		.byte	0x1
 2306 05e2 7102     		.2byte	0x271
 2307 05e4 83000000 		.4byte	0x83
 2308 05e8 7E020000 		.4byte	.LLST15
 2309 05ec 0E       		.uleb128 0xe
 2310 05ed 5F060000 		.4byte	.LASF121
 2311 05f1 01       		.byte	0x1
 2312 05f2 7202     		.2byte	0x272
 2313 05f4 83000000 		.4byte	0x83
 2314 05f8 B2020000 		.4byte	.LLST16
 2315 05fc 0E       		.uleb128 0xe
 2316 05fd 65060000 		.4byte	.LASF122
 2317 0601 01       		.byte	0x1
 2318 0602 7302     		.2byte	0x273
 2319 0604 83000000 		.4byte	0x83
 2320 0608 F3020000 		.4byte	.LLST17
 2321 060c 17       		.uleb128 0x17
 2322 060d 7800     		.ascii	"x\000"
 2323 060f 01       		.byte	0x1
 2324 0610 7402     		.2byte	0x274
 2325 0612 83000000 		.4byte	0x83
ARM GAS  C:\Users\ARTEM\AppData\Local\Temp\ccSYEePJ.s 			page 58


 2326 0616 11030000 		.4byte	.LLST18
 2327 061a 17       		.uleb128 0x17
 2328 061b 7900     		.ascii	"y\000"
 2329 061d 01       		.byte	0x1
 2330 061e 7502     		.2byte	0x275
 2331 0620 83000000 		.4byte	0x83
 2332 0624 30030000 		.4byte	.LLST19
 2333 0628 18       		.uleb128 0x18
 2334 0629 2E000000 		.4byte	.LVL44
 2335 062d 04050000 		.4byte	0x504
 2336 0631 4B060000 		.4byte	0x64b
 2337 0635 19       		.uleb128 0x19
 2338 0636 01       		.uleb128 0x1
 2339 0637 50       		.byte	0x50
 2340 0638 02       		.uleb128 0x2
 2341 0639 7B       		.byte	0x7b
 2342 063a 00       		.sleb128 0
 2343 063b 19       		.uleb128 0x19
 2344 063c 01       		.uleb128 0x1
 2345 063d 51       		.byte	0x51
 2346 063e 05       		.uleb128 0x5
 2347 063f 74       		.byte	0x74
 2348 0640 00       		.sleb128 0
 2349 0641 78       		.byte	0x78
 2350 0642 00       		.sleb128 0
 2351 0643 22       		.byte	0x22
 2352 0644 19       		.uleb128 0x19
 2353 0645 01       		.uleb128 0x1
 2354 0646 52       		.byte	0x52
 2355 0647 02       		.uleb128 0x2
 2356 0648 75       		.byte	0x75
 2357 0649 00       		.sleb128 0
 2358 064a 00       		.byte	0
 2359 064b 18       		.uleb128 0x18
 2360 064c 3A000000 		.4byte	.LVL45
 2361 0650 04050000 		.4byte	0x504
 2362 0654 6E060000 		.4byte	0x66e
 2363 0658 19       		.uleb128 0x19
 2364 0659 01       		.uleb128 0x1
 2365 065a 50       		.byte	0x50
 2366 065b 02       		.uleb128 0x2
 2367 065c 7B       		.byte	0x7b
 2368 065d 00       		.sleb128 0
 2369 065e 19       		.uleb128 0x19
 2370 065f 01       		.uleb128 0x1
 2371 0660 51       		.byte	0x51
 2372 0661 05       		.uleb128 0x5
 2373 0662 78       		.byte	0x78
 2374 0663 00       		.sleb128 0
 2375 0664 74       		.byte	0x74
 2376 0665 00       		.sleb128 0
 2377 0666 1C       		.byte	0x1c
 2378 0667 19       		.uleb128 0x19
 2379 0668 01       		.uleb128 0x1
 2380 0669 52       		.byte	0x52
 2381 066a 02       		.uleb128 0x2
 2382 066b 75       		.byte	0x75
ARM GAS  C:\Users\ARTEM\AppData\Local\Temp\ccSYEePJ.s 			page 59


 2383 066c 00       		.sleb128 0
 2384 066d 00       		.byte	0
 2385 066e 18       		.uleb128 0x18
 2386 066f 46000000 		.4byte	.LVL46
 2387 0673 04050000 		.4byte	0x504
 2388 0677 91060000 		.4byte	0x691
 2389 067b 19       		.uleb128 0x19
 2390 067c 01       		.uleb128 0x1
 2391 067d 50       		.byte	0x50
 2392 067e 05       		.uleb128 0x5
 2393 067f 74       		.byte	0x74
 2394 0680 00       		.sleb128 0
 2395 0681 7B       		.byte	0x7b
 2396 0682 00       		.sleb128 0
 2397 0683 22       		.byte	0x22
 2398 0684 19       		.uleb128 0x19
 2399 0685 01       		.uleb128 0x1
 2400 0686 51       		.byte	0x51
 2401 0687 02       		.uleb128 0x2
 2402 0688 78       		.byte	0x78
 2403 0689 00       		.sleb128 0
 2404 068a 19       		.uleb128 0x19
 2405 068b 01       		.uleb128 0x1
 2406 068c 52       		.byte	0x52
 2407 068d 02       		.uleb128 0x2
 2408 068e 75       		.byte	0x75
 2409 068f 00       		.sleb128 0
 2410 0690 00       		.byte	0
 2411 0691 18       		.uleb128 0x18
 2412 0692 52000000 		.4byte	.LVL47
 2413 0696 04050000 		.4byte	0x504
 2414 069a B4060000 		.4byte	0x6b4
 2415 069e 19       		.uleb128 0x19
 2416 069f 01       		.uleb128 0x1
 2417 06a0 50       		.byte	0x50
 2418 06a1 05       		.uleb128 0x5
 2419 06a2 7B       		.byte	0x7b
 2420 06a3 00       		.sleb128 0
 2421 06a4 74       		.byte	0x74
 2422 06a5 00       		.sleb128 0
 2423 06a6 1C       		.byte	0x1c
 2424 06a7 19       		.uleb128 0x19
 2425 06a8 01       		.uleb128 0x1
 2426 06a9 51       		.byte	0x51
 2427 06aa 02       		.uleb128 0x2
 2428 06ab 78       		.byte	0x78
 2429 06ac 00       		.sleb128 0
 2430 06ad 19       		.uleb128 0x19
 2431 06ae 01       		.uleb128 0x1
 2432 06af 52       		.byte	0x52
 2433 06b0 02       		.uleb128 0x2
 2434 06b1 75       		.byte	0x75
 2435 06b2 00       		.sleb128 0
 2436 06b3 00       		.byte	0
 2437 06b4 18       		.uleb128 0x18
 2438 06b5 86000000 		.4byte	.LVL58
 2439 06b9 04050000 		.4byte	0x504
ARM GAS  C:\Users\ARTEM\AppData\Local\Temp\ccSYEePJ.s 			page 60


 2440 06bd D6060000 		.4byte	0x6d6
 2441 06c1 19       		.uleb128 0x19
 2442 06c2 01       		.uleb128 0x1
 2443 06c3 50       		.byte	0x50
 2444 06c4 02       		.uleb128 0x2
 2445 06c5 77       		.byte	0x77
 2446 06c6 00       		.sleb128 0
 2447 06c7 19       		.uleb128 0x19
 2448 06c8 01       		.uleb128 0x1
 2449 06c9 51       		.byte	0x51
 2450 06ca 03       		.uleb128 0x3
 2451 06cb 91       		.byte	0x91
 2452 06cc 54       		.sleb128 -44
 2453 06cd 06       		.byte	0x6
 2454 06ce 19       		.uleb128 0x19
 2455 06cf 01       		.uleb128 0x1
 2456 06d0 52       		.byte	0x52
 2457 06d1 03       		.uleb128 0x3
 2458 06d2 91       		.byte	0x91
 2459 06d3 4C       		.sleb128 -52
 2460 06d4 06       		.byte	0x6
 2461 06d5 00       		.byte	0
 2462 06d6 18       		.uleb128 0x18
 2463 06d7 94000000 		.4byte	.LVL59
 2464 06db 04050000 		.4byte	0x504
 2465 06df F8060000 		.4byte	0x6f8
 2466 06e3 19       		.uleb128 0x19
 2467 06e4 01       		.uleb128 0x1
 2468 06e5 50       		.byte	0x50
 2469 06e6 02       		.uleb128 0x2
 2470 06e7 75       		.byte	0x75
 2471 06e8 00       		.sleb128 0
 2472 06e9 19       		.uleb128 0x19
 2473 06ea 01       		.uleb128 0x1
 2474 06eb 51       		.byte	0x51
 2475 06ec 03       		.uleb128 0x3
 2476 06ed 91       		.byte	0x91
 2477 06ee 54       		.sleb128 -44
 2478 06ef 06       		.byte	0x6
 2479 06f0 19       		.uleb128 0x19
 2480 06f1 01       		.uleb128 0x1
 2481 06f2 52       		.byte	0x52
 2482 06f3 03       		.uleb128 0x3
 2483 06f4 91       		.byte	0x91
 2484 06f5 4C       		.sleb128 -52
 2485 06f6 06       		.byte	0x6
 2486 06f7 00       		.byte	0
 2487 06f8 18       		.uleb128 0x18
 2488 06f9 A4000000 		.4byte	.LVL60
 2489 06fd 04050000 		.4byte	0x504
 2490 0701 1A070000 		.4byte	0x71a
 2491 0705 19       		.uleb128 0x19
 2492 0706 01       		.uleb128 0x1
 2493 0707 50       		.byte	0x50
 2494 0708 02       		.uleb128 0x2
 2495 0709 77       		.byte	0x77
 2496 070a 00       		.sleb128 0
ARM GAS  C:\Users\ARTEM\AppData\Local\Temp\ccSYEePJ.s 			page 61


 2497 070b 19       		.uleb128 0x19
 2498 070c 01       		.uleb128 0x1
 2499 070d 51       		.byte	0x51
 2500 070e 03       		.uleb128 0x3
 2501 070f 91       		.byte	0x91
 2502 0710 54       		.sleb128 -44
 2503 0711 06       		.byte	0x6
 2504 0712 19       		.uleb128 0x19
 2505 0713 01       		.uleb128 0x1
 2506 0714 52       		.byte	0x52
 2507 0715 03       		.uleb128 0x3
 2508 0716 91       		.byte	0x91
 2509 0717 4C       		.sleb128 -52
 2510 0718 06       		.byte	0x6
 2511 0719 00       		.byte	0
 2512 071a 18       		.uleb128 0x18
 2513 071b AE000000 		.4byte	.LVL61
 2514 071f 04050000 		.4byte	0x504
 2515 0723 3C070000 		.4byte	0x73c
 2516 0727 19       		.uleb128 0x19
 2517 0728 01       		.uleb128 0x1
 2518 0729 50       		.byte	0x50
 2519 072a 02       		.uleb128 0x2
 2520 072b 75       		.byte	0x75
 2521 072c 00       		.sleb128 0
 2522 072d 19       		.uleb128 0x19
 2523 072e 01       		.uleb128 0x1
 2524 072f 51       		.byte	0x51
 2525 0730 03       		.uleb128 0x3
 2526 0731 91       		.byte	0x91
 2527 0732 54       		.sleb128 -44
 2528 0733 06       		.byte	0x6
 2529 0734 19       		.uleb128 0x19
 2530 0735 01       		.uleb128 0x1
 2531 0736 52       		.byte	0x52
 2532 0737 03       		.uleb128 0x3
 2533 0738 91       		.byte	0x91
 2534 0739 4C       		.sleb128 -52
 2535 073a 06       		.byte	0x6
 2536 073b 00       		.byte	0
 2537 073c 18       		.uleb128 0x18
 2538 073d C0000000 		.4byte	.LVL62
 2539 0741 04050000 		.4byte	0x504
 2540 0745 5D070000 		.4byte	0x75d
 2541 0749 19       		.uleb128 0x19
 2542 074a 01       		.uleb128 0x1
 2543 074b 50       		.byte	0x50
 2544 074c 02       		.uleb128 0x2
 2545 074d 77       		.byte	0x77
 2546 074e 00       		.sleb128 0
 2547 074f 19       		.uleb128 0x19
 2548 0750 01       		.uleb128 0x1
 2549 0751 51       		.byte	0x51
 2550 0752 02       		.uleb128 0x2
 2551 0753 75       		.byte	0x75
 2552 0754 00       		.sleb128 0
 2553 0755 19       		.uleb128 0x19
ARM GAS  C:\Users\ARTEM\AppData\Local\Temp\ccSYEePJ.s 			page 62


 2554 0756 01       		.uleb128 0x1
 2555 0757 52       		.byte	0x52
 2556 0758 03       		.uleb128 0x3
 2557 0759 91       		.byte	0x91
 2558 075a 4C       		.sleb128 -52
 2559 075b 06       		.byte	0x6
 2560 075c 00       		.byte	0
 2561 075d 18       		.uleb128 0x18
 2562 075e D0000000 		.4byte	.LVL63
 2563 0762 04050000 		.4byte	0x504
 2564 0766 7F070000 		.4byte	0x77f
 2565 076a 19       		.uleb128 0x19
 2566 076b 01       		.uleb128 0x1
 2567 076c 50       		.byte	0x50
 2568 076d 03       		.uleb128 0x3
 2569 076e 91       		.byte	0x91
 2570 076f 54       		.sleb128 -44
 2571 0770 06       		.byte	0x6
 2572 0771 19       		.uleb128 0x19
 2573 0772 01       		.uleb128 0x1
 2574 0773 51       		.byte	0x51
 2575 0774 02       		.uleb128 0x2
 2576 0775 75       		.byte	0x75
 2577 0776 00       		.sleb128 0
 2578 0777 19       		.uleb128 0x19
 2579 0778 01       		.uleb128 0x1
 2580 0779 52       		.byte	0x52
 2581 077a 03       		.uleb128 0x3
 2582 077b 91       		.byte	0x91
 2583 077c 4C       		.sleb128 -52
 2584 077d 06       		.byte	0x6
 2585 077e 00       		.byte	0
 2586 077f 18       		.uleb128 0x18
 2587 0780 DE000000 		.4byte	.LVL64
 2588 0784 04050000 		.4byte	0x504
 2589 0788 A0070000 		.4byte	0x7a0
 2590 078c 19       		.uleb128 0x19
 2591 078d 01       		.uleb128 0x1
 2592 078e 50       		.byte	0x50
 2593 078f 02       		.uleb128 0x2
 2594 0790 77       		.byte	0x77
 2595 0791 00       		.sleb128 0
 2596 0792 19       		.uleb128 0x19
 2597 0793 01       		.uleb128 0x1
 2598 0794 51       		.byte	0x51
 2599 0795 02       		.uleb128 0x2
 2600 0796 75       		.byte	0x75
 2601 0797 00       		.sleb128 0
 2602 0798 19       		.uleb128 0x19
 2603 0799 01       		.uleb128 0x1
 2604 079a 52       		.byte	0x52
 2605 079b 03       		.uleb128 0x3
 2606 079c 91       		.byte	0x91
 2607 079d 4C       		.sleb128 -52
 2608 079e 06       		.byte	0x6
 2609 079f 00       		.byte	0
 2610 07a0 1A       		.uleb128 0x1a
ARM GAS  C:\Users\ARTEM\AppData\Local\Temp\ccSYEePJ.s 			page 63


 2611 07a1 E8000000 		.4byte	.LVL65
 2612 07a5 04050000 		.4byte	0x504
 2613 07a9 19       		.uleb128 0x19
 2614 07aa 01       		.uleb128 0x1
 2615 07ab 50       		.byte	0x50
 2616 07ac 03       		.uleb128 0x3
 2617 07ad 91       		.byte	0x91
 2618 07ae 54       		.sleb128 -44
 2619 07af 06       		.byte	0x6
 2620 07b0 19       		.uleb128 0x19
 2621 07b1 01       		.uleb128 0x1
 2622 07b2 51       		.byte	0x51
 2623 07b3 02       		.uleb128 0x2
 2624 07b4 75       		.byte	0x75
 2625 07b5 00       		.sleb128 0
 2626 07b6 19       		.uleb128 0x19
 2627 07b7 01       		.uleb128 0x1
 2628 07b8 52       		.byte	0x52
 2629 07b9 03       		.uleb128 0x3
 2630 07ba 91       		.byte	0x91
 2631 07bb 4C       		.sleb128 -52
 2632 07bc 06       		.byte	0x6
 2633 07bd 00       		.byte	0
 2634 07be 00       		.byte	0
 2635 07bf 0A       		.uleb128 0xa
 2636 07c0 AA020000 		.4byte	.LASF123
 2637 07c4 01       		.byte	0x1
 2638 07c5 A402     		.2byte	0x2a4
 2639 07c7 00000000 		.4byte	.LFB48
 2640 07cb AA000000 		.4byte	.LFE48-.LFB48
 2641 07cf 01       		.uleb128 0x1
 2642 07d0 9C       		.byte	0x9c
 2643 07d1 F2080000 		.4byte	0x8f2
 2644 07d5 0D       		.uleb128 0xd
 2645 07d6 783000   		.ascii	"x0\000"
 2646 07d9 01       		.byte	0x1
 2647 07da A402     		.2byte	0x2a4
 2648 07dc 83000000 		.4byte	0x83
 2649 07e0 43030000 		.4byte	.LLST20
 2650 07e4 0D       		.uleb128 0xd
 2651 07e5 793000   		.ascii	"y0\000"
 2652 07e8 01       		.byte	0x1
 2653 07e9 A402     		.2byte	0x2a4
 2654 07eb 83000000 		.4byte	0x83
 2655 07ef 61030000 		.4byte	.LLST21
 2656 07f3 0D       		.uleb128 0xd
 2657 07f4 783100   		.ascii	"x1\000"
 2658 07f7 01       		.byte	0x1
 2659 07f8 A402     		.2byte	0x2a4
 2660 07fa 83000000 		.4byte	0x83
 2661 07fe 7F030000 		.4byte	.LLST22
 2662 0802 0D       		.uleb128 0xd
 2663 0803 793100   		.ascii	"y1\000"
 2664 0806 01       		.byte	0x1
 2665 0807 A402     		.2byte	0x2a4
 2666 0809 83000000 		.4byte	0x83
 2667 080d B5030000 		.4byte	.LLST23
ARM GAS  C:\Users\ARTEM\AppData\Local\Temp\ccSYEePJ.s 			page 64


 2668 0811 16       		.uleb128 0x16
 2669 0812 280C0000 		.4byte	.LASF107
 2670 0816 01       		.byte	0x1
 2671 0817 A402     		.2byte	0x2a4
 2672 0819 77000000 		.4byte	0x77
 2673 081d 02       		.uleb128 0x2
 2674 081e 91       		.byte	0x91
 2675 081f 00       		.sleb128 0
 2676 0820 17       		.uleb128 0x17
 2677 0821 647900   		.ascii	"dy\000"
 2678 0824 01       		.byte	0x1
 2679 0825 A602     		.2byte	0x2a6
 2680 0827 83000000 		.4byte	0x83
 2681 082b E1030000 		.4byte	.LLST24
 2682 082f 17       		.uleb128 0x17
 2683 0830 647800   		.ascii	"dx\000"
 2684 0833 01       		.byte	0x1
 2685 0834 A702     		.2byte	0x2a7
 2686 0836 83000000 		.4byte	0x83
 2687 083a 0A040000 		.4byte	.LLST25
 2688 083e 0E       		.uleb128 0xe
 2689 083f 5E0E0000 		.4byte	.LASF124
 2690 0843 01       		.byte	0x1
 2691 0844 A802     		.2byte	0x2a8
 2692 0846 83000000 		.4byte	0x83
 2693 084a 1D040000 		.4byte	.LLST26
 2694 084e 0E       		.uleb128 0xe
 2695 084f 640E0000 		.4byte	.LASF125
 2696 0853 01       		.byte	0x1
 2697 0854 A802     		.2byte	0x2a8
 2698 0856 83000000 		.4byte	0x83
 2699 085a 3D040000 		.4byte	.LLST27
 2700 085e 1C       		.uleb128 0x1c
 2701 085f 52000000 		.4byte	.LBB2
 2702 0863 26000000 		.4byte	.LBE2-.LBB2
 2703 0867 99080000 		.4byte	0x899
 2704 086b 0E       		.uleb128 0xe
 2705 086c F40C0000 		.4byte	.LASF126
 2706 0870 01       		.byte	0x1
 2707 0871 C402     		.2byte	0x2c4
 2708 0873 5D000000 		.4byte	0x5d
 2709 0877 5D040000 		.4byte	.LLST28
 2710 087b 1A       		.uleb128 0x1a
 2711 087c 70000000 		.4byte	.LVL95
 2712 0880 04050000 		.4byte	0x504
 2713 0884 19       		.uleb128 0x19
 2714 0885 01       		.uleb128 0x1
 2715 0886 50       		.byte	0x50
 2716 0887 02       		.uleb128 0x2
 2717 0888 74       		.byte	0x74
 2718 0889 00       		.sleb128 0
 2719 088a 19       		.uleb128 0x19
 2720 088b 01       		.uleb128 0x1
 2721 088c 51       		.byte	0x51
 2722 088d 02       		.uleb128 0x2
 2723 088e 75       		.byte	0x75
 2724 088f 00       		.sleb128 0
ARM GAS  C:\Users\ARTEM\AppData\Local\Temp\ccSYEePJ.s 			page 65


 2725 0890 19       		.uleb128 0x19
 2726 0891 01       		.uleb128 0x1
 2727 0892 52       		.byte	0x52
 2728 0893 03       		.uleb128 0x3
 2729 0894 91       		.byte	0x91
 2730 0895 00       		.sleb128 0
 2731 0896 06       		.byte	0x6
 2732 0897 00       		.byte	0
 2733 0898 00       		.byte	0
 2734 0899 1C       		.uleb128 0x1c
 2735 089a 78000000 		.4byte	.LBB3
 2736 089e 24000000 		.4byte	.LBE3-.LBB3
 2737 08a2 D4080000 		.4byte	0x8d4
 2738 08a6 0E       		.uleb128 0xe
 2739 08a7 F40C0000 		.4byte	.LASF126
 2740 08ab 01       		.byte	0x1
 2741 08ac D302     		.2byte	0x2d3
 2742 08ae 5D000000 		.4byte	0x5d
 2743 08b2 70040000 		.4byte	.LLST29
 2744 08b6 1A       		.uleb128 0x1a
 2745 08b7 98000000 		.4byte	.LVL102
 2746 08bb 04050000 		.4byte	0x504
 2747 08bf 19       		.uleb128 0x19
 2748 08c0 01       		.uleb128 0x1
 2749 08c1 50       		.byte	0x50
 2750 08c2 02       		.uleb128 0x2
 2751 08c3 74       		.byte	0x74
 2752 08c4 00       		.sleb128 0
 2753 08c5 19       		.uleb128 0x19
 2754 08c6 01       		.uleb128 0x1
 2755 08c7 51       		.byte	0x51
 2756 08c8 02       		.uleb128 0x2
 2757 08c9 75       		.byte	0x75
 2758 08ca 00       		.sleb128 0
 2759 08cb 19       		.uleb128 0x19
 2760 08cc 01       		.uleb128 0x1
 2761 08cd 52       		.byte	0x52
 2762 08ce 03       		.uleb128 0x3
 2763 08cf 91       		.byte	0x91
 2764 08d0 00       		.sleb128 0
 2765 08d1 06       		.byte	0x6
 2766 08d2 00       		.byte	0
 2767 08d3 00       		.byte	0
 2768 08d4 1A       		.uleb128 0x1a
 2769 08d5 4E000000 		.4byte	.LVL89
 2770 08d9 04050000 		.4byte	0x504
 2771 08dd 19       		.uleb128 0x19
 2772 08de 01       		.uleb128 0x1
 2773 08df 50       		.byte	0x50
 2774 08e0 02       		.uleb128 0x2
 2775 08e1 74       		.byte	0x74
 2776 08e2 00       		.sleb128 0
 2777 08e3 19       		.uleb128 0x19
 2778 08e4 01       		.uleb128 0x1
 2779 08e5 51       		.byte	0x51
 2780 08e6 02       		.uleb128 0x2
 2781 08e7 75       		.byte	0x75
ARM GAS  C:\Users\ARTEM\AppData\Local\Temp\ccSYEePJ.s 			page 66


 2782 08e8 00       		.sleb128 0
 2783 08e9 19       		.uleb128 0x19
 2784 08ea 01       		.uleb128 0x1
 2785 08eb 52       		.byte	0x52
 2786 08ec 03       		.uleb128 0x3
 2787 08ed 91       		.byte	0x91
 2788 08ee 00       		.sleb128 0
 2789 08ef 06       		.byte	0x6
 2790 08f0 00       		.byte	0
 2791 08f1 00       		.byte	0
 2792 08f2 0A       		.uleb128 0xa
 2793 08f3 550C0000 		.4byte	.LASF127
 2794 08f7 01       		.byte	0x1
 2795 08f8 F302     		.2byte	0x2f3
 2796 08fa 00000000 		.4byte	.LFB49
 2797 08fe 7A000000 		.4byte	.LFE49-.LFB49
 2798 0902 01       		.uleb128 0x1
 2799 0903 9C       		.byte	0x9c
 2800 0904 4A0A0000 		.4byte	0xa4a
 2801 0908 0D       		.uleb128 0xd
 2802 0909 783000   		.ascii	"x0\000"
 2803 090c 01       		.byte	0x1
 2804 090d F302     		.2byte	0x2f3
 2805 090f 83000000 		.4byte	0x83
 2806 0913 83040000 		.4byte	.LLST30
 2807 0917 0D       		.uleb128 0xd
 2808 0918 793000   		.ascii	"y0\000"
 2809 091b 01       		.byte	0x1
 2810 091c F302     		.2byte	0x2f3
 2811 091e 83000000 		.4byte	0x83
 2812 0922 B7040000 		.4byte	.LLST31
 2813 0926 0D       		.uleb128 0xd
 2814 0927 783100   		.ascii	"x1\000"
 2815 092a 01       		.byte	0x1
 2816 092b F302     		.2byte	0x2f3
 2817 092d 83000000 		.4byte	0x83
 2818 0931 ED040000 		.4byte	.LLST32
 2819 0935 0D       		.uleb128 0xd
 2820 0936 793100   		.ascii	"y1\000"
 2821 0939 01       		.byte	0x1
 2822 093a F302     		.2byte	0x2f3
 2823 093c 83000000 		.4byte	0x83
 2824 0940 2F050000 		.4byte	.LLST33
 2825 0944 16       		.uleb128 0x16
 2826 0945 4E0B0000 		.4byte	.LASF128
 2827 0949 01       		.byte	0x1
 2828 094a F302     		.2byte	0x2f3
 2829 094c 83000000 		.4byte	0x83
 2830 0950 02       		.uleb128 0x2
 2831 0951 91       		.byte	0x91
 2832 0952 00       		.sleb128 0
 2833 0953 16       		.uleb128 0x16
 2834 0954 280C0000 		.4byte	.LASF107
 2835 0958 01       		.byte	0x1
 2836 0959 F302     		.2byte	0x2f3
 2837 095b 77000000 		.4byte	0x77
 2838 095f 02       		.uleb128 0x2
ARM GAS  C:\Users\ARTEM\AppData\Local\Temp\ccSYEePJ.s 			page 67


 2839 0960 91       		.byte	0x91
 2840 0961 04       		.sleb128 4
 2841 0962 0E       		.uleb128 0xe
 2842 0963 7C050000 		.4byte	.LASF129
 2843 0967 01       		.byte	0x1
 2844 0968 F502     		.2byte	0x2f5
 2845 096a 5D000000 		.4byte	0x5d
 2846 096e 4E050000 		.4byte	.LLST34
 2847 0972 18       		.uleb128 0x18
 2848 0973 2E000000 		.4byte	.LVL117
 2849 0977 BF070000 		.4byte	0x7bf
 2850 097b A1090000 		.4byte	0x9a1
 2851 097f 19       		.uleb128 0x19
 2852 0980 01       		.uleb128 0x1
 2853 0981 50       		.byte	0x50
 2854 0982 02       		.uleb128 0x2
 2855 0983 74       		.byte	0x74
 2856 0984 00       		.sleb128 0
 2857 0985 19       		.uleb128 0x19
 2858 0986 01       		.uleb128 0x1
 2859 0987 51       		.byte	0x51
 2860 0988 03       		.uleb128 0x3
 2861 0989 91       		.byte	0x91
 2862 098a 64       		.sleb128 -28
 2863 098b 06       		.byte	0x6
 2864 098c 19       		.uleb128 0x19
 2865 098d 01       		.uleb128 0x1
 2866 098e 52       		.byte	0x52
 2867 098f 02       		.uleb128 0x2
 2868 0990 74       		.byte	0x74
 2869 0991 00       		.sleb128 0
 2870 0992 19       		.uleb128 0x19
 2871 0993 01       		.uleb128 0x1
 2872 0994 53       		.byte	0x53
 2873 0995 03       		.uleb128 0x3
 2874 0996 91       		.byte	0x91
 2875 0997 60       		.sleb128 -32
 2876 0998 06       		.byte	0x6
 2877 0999 19       		.uleb128 0x19
 2878 099a 02       		.uleb128 0x2
 2879 099b 7D       		.byte	0x7d
 2880 099c 00       		.sleb128 0
 2881 099d 02       		.uleb128 0x2
 2882 099e 77       		.byte	0x77
 2883 099f 00       		.sleb128 0
 2884 09a0 00       		.byte	0
 2885 09a1 18       		.uleb128 0x18
 2886 09a2 4C000000 		.4byte	.LVL123
 2887 09a6 BF070000 		.4byte	0x7bf
 2888 09aa C2090000 		.4byte	0x9c2
 2889 09ae 19       		.uleb128 0x19
 2890 09af 01       		.uleb128 0x1
 2891 09b0 51       		.byte	0x51
 2892 09b1 02       		.uleb128 0x2
 2893 09b2 75       		.byte	0x75
 2894 09b3 00       		.sleb128 0
 2895 09b4 19       		.uleb128 0x19
ARM GAS  C:\Users\ARTEM\AppData\Local\Temp\ccSYEePJ.s 			page 68


 2896 09b5 01       		.uleb128 0x1
 2897 09b6 53       		.byte	0x53
 2898 09b7 02       		.uleb128 0x2
 2899 09b8 75       		.byte	0x75
 2900 09b9 00       		.sleb128 0
 2901 09ba 19       		.uleb128 0x19
 2902 09bb 02       		.uleb128 0x2
 2903 09bc 7D       		.byte	0x7d
 2904 09bd 00       		.sleb128 0
 2905 09be 02       		.uleb128 0x2
 2906 09bf 77       		.byte	0x77
 2907 09c0 00       		.sleb128 0
 2908 09c1 00       		.byte	0
 2909 09c2 18       		.uleb128 0x18
 2910 09c3 5A000000 		.4byte	.LVL124
 2911 09c7 BF070000 		.4byte	0x7bf
 2912 09cb F1090000 		.4byte	0x9f1
 2913 09cf 19       		.uleb128 0x19
 2914 09d0 01       		.uleb128 0x1
 2915 09d1 50       		.byte	0x50
 2916 09d2 02       		.uleb128 0x2
 2917 09d3 74       		.byte	0x74
 2918 09d4 00       		.sleb128 0
 2919 09d5 19       		.uleb128 0x19
 2920 09d6 01       		.uleb128 0x1
 2921 09d7 51       		.byte	0x51
 2922 09d8 03       		.uleb128 0x3
 2923 09d9 91       		.byte	0x91
 2924 09da 60       		.sleb128 -32
 2925 09db 06       		.byte	0x6
 2926 09dc 19       		.uleb128 0x19
 2927 09dd 01       		.uleb128 0x1
 2928 09de 52       		.byte	0x52
 2929 09df 02       		.uleb128 0x2
 2930 09e0 76       		.byte	0x76
 2931 09e1 00       		.sleb128 0
 2932 09e2 19       		.uleb128 0x19
 2933 09e3 01       		.uleb128 0x1
 2934 09e4 53       		.byte	0x53
 2935 09e5 03       		.uleb128 0x3
 2936 09e6 91       		.byte	0x91
 2937 09e7 60       		.sleb128 -32
 2938 09e8 06       		.byte	0x6
 2939 09e9 19       		.uleb128 0x19
 2940 09ea 02       		.uleb128 0x2
 2941 09eb 7D       		.byte	0x7d
 2942 09ec 00       		.sleb128 0
 2943 09ed 02       		.uleb128 0x2
 2944 09ee 77       		.byte	0x77
 2945 09ef 00       		.sleb128 0
 2946 09f0 00       		.byte	0
 2947 09f1 18       		.uleb128 0x18
 2948 09f2 68000000 		.4byte	.LVL125
 2949 09f6 BF070000 		.4byte	0x7bf
 2950 09fa 1F0A0000 		.4byte	0xa1f
 2951 09fe 19       		.uleb128 0x19
 2952 09ff 01       		.uleb128 0x1
ARM GAS  C:\Users\ARTEM\AppData\Local\Temp\ccSYEePJ.s 			page 69


 2953 0a00 50       		.byte	0x50
 2954 0a01 02       		.uleb128 0x2
 2955 0a02 74       		.byte	0x74
 2956 0a03 00       		.sleb128 0
 2957 0a04 19       		.uleb128 0x19
 2958 0a05 01       		.uleb128 0x1
 2959 0a06 51       		.byte	0x51
 2960 0a07 02       		.uleb128 0x2
 2961 0a08 75       		.byte	0x75
 2962 0a09 00       		.sleb128 0
 2963 0a0a 19       		.uleb128 0x19
 2964 0a0b 01       		.uleb128 0x1
 2965 0a0c 52       		.byte	0x52
 2966 0a0d 02       		.uleb128 0x2
 2967 0a0e 74       		.byte	0x74
 2968 0a0f 00       		.sleb128 0
 2969 0a10 19       		.uleb128 0x19
 2970 0a11 01       		.uleb128 0x1
 2971 0a12 53       		.byte	0x53
 2972 0a13 03       		.uleb128 0x3
 2973 0a14 91       		.byte	0x91
 2974 0a15 60       		.sleb128 -32
 2975 0a16 06       		.byte	0x6
 2976 0a17 19       		.uleb128 0x19
 2977 0a18 02       		.uleb128 0x2
 2978 0a19 7D       		.byte	0x7d
 2979 0a1a 00       		.sleb128 0
 2980 0a1b 02       		.uleb128 0x2
 2981 0a1c 77       		.byte	0x77
 2982 0a1d 00       		.sleb128 0
 2983 0a1e 00       		.byte	0
 2984 0a1f 1A       		.uleb128 0x1a
 2985 0a20 76000000 		.4byte	.LVL126
 2986 0a24 BF070000 		.4byte	0x7bf
 2987 0a28 19       		.uleb128 0x19
 2988 0a29 01       		.uleb128 0x1
 2989 0a2a 50       		.byte	0x50
 2990 0a2b 02       		.uleb128 0x2
 2991 0a2c 76       		.byte	0x76
 2992 0a2d 00       		.sleb128 0
 2993 0a2e 19       		.uleb128 0x19
 2994 0a2f 01       		.uleb128 0x1
 2995 0a30 51       		.byte	0x51
 2996 0a31 02       		.uleb128 0x2
 2997 0a32 75       		.byte	0x75
 2998 0a33 00       		.sleb128 0
 2999 0a34 19       		.uleb128 0x19
 3000 0a35 01       		.uleb128 0x1
 3001 0a36 52       		.byte	0x52
 3002 0a37 02       		.uleb128 0x2
 3003 0a38 76       		.byte	0x76
 3004 0a39 00       		.sleb128 0
 3005 0a3a 19       		.uleb128 0x19
 3006 0a3b 01       		.uleb128 0x1
 3007 0a3c 53       		.byte	0x53
 3008 0a3d 03       		.uleb128 0x3
 3009 0a3e 91       		.byte	0x91
ARM GAS  C:\Users\ARTEM\AppData\Local\Temp\ccSYEePJ.s 			page 70


 3010 0a3f 60       		.sleb128 -32
 3011 0a40 06       		.byte	0x6
 3012 0a41 19       		.uleb128 0x19
 3013 0a42 02       		.uleb128 0x2
 3014 0a43 7D       		.byte	0x7d
 3015 0a44 00       		.sleb128 0
 3016 0a45 02       		.uleb128 0x2
 3017 0a46 77       		.byte	0x77
 3018 0a47 00       		.sleb128 0
 3019 0a48 00       		.byte	0
 3020 0a49 00       		.byte	0
 3021 0a4a 0A       		.uleb128 0xa
 3022 0a4b EC080000 		.4byte	.LASF130
 3023 0a4f 01       		.byte	0x1
 3024 0a50 2903     		.2byte	0x329
 3025 0a52 00000000 		.4byte	.LFB50
 3026 0a56 78000000 		.4byte	.LFE50-.LFB50
 3027 0a5a 01       		.uleb128 0x1
 3028 0a5b 9C       		.byte	0x9c
 3029 0a5c 870A0000 		.4byte	0xa87
 3030 0a60 16       		.uleb128 0x16
 3031 0a61 450B0000 		.4byte	.LASF131
 3032 0a65 01       		.byte	0x1
 3033 0a66 2903     		.2byte	0x329
 3034 0a68 77000000 		.4byte	0x77
 3035 0a6c 01       		.uleb128 0x1
 3036 0a6d 50       		.byte	0x50
 3037 0a6e 0B       		.uleb128 0xb
 3038 0a6f A1050000 		.4byte	.LASF103
 3039 0a73 01       		.byte	0x1
 3040 0a74 2B03     		.2byte	0x32b
 3041 0a76 77000000 		.4byte	0x77
 3042 0a7a 0B       		.uleb128 0xb
 3043 0a7b A1070000 		.4byte	.LASF104
 3044 0a7f 01       		.byte	0x1
 3045 0a80 2C03     		.2byte	0x32c
 3046 0a82 77000000 		.4byte	0x77
 3047 0a86 00       		.byte	0
 3048 0a87 1D       		.uleb128 0x1d
 3049 0a88 A30A0000 		.4byte	.LASF132
 3050 0a8c 01       		.byte	0x1
 3051 0a8d CD       		.byte	0xcd
 3052 0a8e 00000000 		.4byte	.LFB35
 3053 0a92 7C000000 		.4byte	.LFE35-.LFB35
 3054 0a96 01       		.uleb128 0x1
 3055 0a97 9C       		.byte	0x9c
 3056 0a98 160B0000 		.4byte	0xb16
 3057 0a9c 1E       		.uleb128 0x1e
 3058 0a9d 56040000 		.4byte	.LASF133
 3059 0aa1 01       		.byte	0x1
 3060 0aa2 CF       		.byte	0xcf
 3061 0aa3 6B000000 		.4byte	0x6b
 3062 0aa7 1E       		.uleb128 0x1e
 3063 0aa8 4B0D0000 		.4byte	.LASF108
 3064 0aac 01       		.byte	0x1
 3065 0aad D0       		.byte	0xd0
 3066 0aae 77000000 		.4byte	0x77
ARM GAS  C:\Users\ARTEM\AppData\Local\Temp\ccSYEePJ.s 			page 71


 3067 0ab2 18       		.uleb128 0x18
 3068 0ab3 26000000 		.4byte	.LVL130
 3069 0ab7 4D040000 		.4byte	0x44d
 3070 0abb C50A0000 		.4byte	0xac5
 3071 0abf 19       		.uleb128 0x19
 3072 0ac0 01       		.uleb128 0x1
 3073 0ac1 50       		.byte	0x50
 3074 0ac2 01       		.uleb128 0x1
 3075 0ac3 30       		.byte	0x30
 3076 0ac4 00       		.byte	0
 3077 0ac5 18       		.uleb128 0x18
 3078 0ac6 30000000 		.4byte	.LVL131
 3079 0aca 870C0000 		.4byte	0xc87
 3080 0ace D80A0000 		.4byte	0xad8
 3081 0ad2 19       		.uleb128 0x19
 3082 0ad3 01       		.uleb128 0x1
 3083 0ad4 50       		.byte	0x50
 3084 0ad5 01       		.uleb128 0x1
 3085 0ad6 30       		.byte	0x30
 3086 0ad7 00       		.byte	0
 3087 0ad8 18       		.uleb128 0x18
 3088 0ad9 36000000 		.4byte	.LVL132
 3089 0add 4A0A0000 		.4byte	0xa4a
 3090 0ae1 EB0A0000 		.4byte	0xaeb
 3091 0ae5 19       		.uleb128 0x19
 3092 0ae6 01       		.uleb128 0x1
 3093 0ae7 50       		.byte	0x50
 3094 0ae8 01       		.uleb128 0x1
 3095 0ae9 30       		.byte	0x30
 3096 0aea 00       		.byte	0
 3097 0aeb 18       		.uleb128 0x18
 3098 0aec 4A000000 		.4byte	.LVL133
 3099 0af0 920C0000 		.4byte	0xc92
 3100 0af4 020B0000 		.4byte	0xb02
 3101 0af8 19       		.uleb128 0x19
 3102 0af9 01       		.uleb128 0x1
 3103 0afa 50       		.byte	0x50
 3104 0afb 05       		.uleb128 0x5
 3105 0afc 03       		.byte	0x3
 3106 0afd 00000000 		.4byte	StripLights_CISR
 3107 0b01 00       		.byte	0
 3108 0b02 1A       		.uleb128 0x1a
 3109 0b03 50000000 		.4byte	.LVL134
 3110 0b07 9D0C0000 		.4byte	0xc9d
 3111 0b0b 19       		.uleb128 0x19
 3112 0b0c 01       		.uleb128 0x1
 3113 0b0d 50       		.byte	0x50
 3114 0b0e 05       		.uleb128 0x5
 3115 0b0f 03       		.byte	0x3
 3116 0b10 00000000 		.4byte	StripLights_FISR
 3117 0b14 00       		.byte	0
 3118 0b15 00       		.byte	0
 3119 0b16 0A       		.uleb128 0xa
 3120 0b17 2A020000 		.4byte	.LASF134
 3121 0b1b 01       		.byte	0x1
 3122 0b1c 4C03     		.2byte	0x34c
 3123 0b1e 00000000 		.4byte	.LFB51
ARM GAS  C:\Users\ARTEM\AppData\Local\Temp\ccSYEePJ.s 			page 72


 3124 0b22 5A000000 		.4byte	.LFE51-.LFB51
 3125 0b26 01       		.uleb128 0x1
 3126 0b27 9C       		.byte	0x9c
 3127 0b28 E10B0000 		.4byte	0xbe1
 3128 0b2c 0D       		.uleb128 0xd
 3129 0b2d 7800     		.ascii	"x\000"
 3130 0b2f 01       		.byte	0x1
 3131 0b30 4C03     		.2byte	0x34c
 3132 0b32 83000000 		.4byte	0x83
 3133 0b36 6C050000 		.4byte	.LLST35
 3134 0b3a 0D       		.uleb128 0xd
 3135 0b3b 7900     		.ascii	"y\000"
 3136 0b3d 01       		.byte	0x1
 3137 0b3e 4C03     		.2byte	0x34c
 3138 0b40 83000000 		.4byte	0x83
 3139 0b44 8B050000 		.4byte	.LLST36
 3140 0b48 12       		.uleb128 0x12
 3141 0b49 770B0000 		.4byte	.LASF135
 3142 0b4d 01       		.byte	0x1
 3143 0b4e 4C03     		.2byte	0x34c
 3144 0b50 81020000 		.4byte	0x281
 3145 0b54 AC050000 		.4byte	.LLST37
 3146 0b58 12       		.uleb128 0x12
 3147 0b59 260D0000 		.4byte	.LASF136
 3148 0b5d 01       		.byte	0x1
 3149 0b5e 4C03     		.2byte	0x34c
 3150 0b60 83000000 		.4byte	0x83
 3151 0b64 D8050000 		.4byte	.LLST38
 3152 0b68 17       		.uleb128 0x17
 3153 0b69 647800   		.ascii	"dx\000"
 3154 0b6c 01       		.byte	0x1
 3155 0b6d 4E03     		.2byte	0x34e
 3156 0b6f 83000000 		.4byte	0x83
 3157 0b73 1A060000 		.4byte	.LLST39
 3158 0b77 17       		.uleb128 0x17
 3159 0b78 647900   		.ascii	"dy\000"
 3160 0b7b 01       		.byte	0x1
 3161 0b7c 4E03     		.2byte	0x34e
 3162 0b7e 83000000 		.4byte	0x83
 3163 0b82 38060000 		.4byte	.LLST40
 3164 0b86 0E       		.uleb128 0xe
 3165 0b87 68050000 		.4byte	.LASF137
 3166 0b8b 01       		.byte	0x1
 3167 0b8c 4F03     		.2byte	0x34f
 3168 0b8e 83000000 		.4byte	0x83
 3169 0b92 7A060000 		.4byte	.LLST41
 3170 0b96 0E       		.uleb128 0xe
 3171 0b97 850D0000 		.4byte	.LASF138
 3172 0b9b 01       		.byte	0x1
 3173 0b9c 5003     		.2byte	0x350
 3174 0b9e 83000000 		.4byte	0x83
 3175 0ba2 BB060000 		.4byte	.LLST42
 3176 0ba6 0E       		.uleb128 0xe
 3177 0ba7 8A0D0000 		.4byte	.LASF139
 3178 0bab 01       		.byte	0x1
 3179 0bac 5003     		.2byte	0x350
 3180 0bae 83000000 		.4byte	0x83
ARM GAS  C:\Users\ARTEM\AppData\Local\Temp\ccSYEePJ.s 			page 73


 3181 0bb2 CE060000 		.4byte	.LLST43
 3182 0bb6 18       		.uleb128 0x18
 3183 0bb7 2C000000 		.4byte	.LVL142
 3184 0bbb 04050000 		.4byte	0x504
 3185 0bbf D10B0000 		.4byte	0xbd1
 3186 0bc3 19       		.uleb128 0x19
 3187 0bc4 01       		.uleb128 0x1
 3188 0bc5 50       		.byte	0x50
 3189 0bc6 02       		.uleb128 0x2
 3190 0bc7 74       		.byte	0x74
 3191 0bc8 00       		.sleb128 0
 3192 0bc9 19       		.uleb128 0x19
 3193 0bca 01       		.uleb128 0x1
 3194 0bcb 51       		.byte	0x51
 3195 0bcc 03       		.uleb128 0x3
 3196 0bcd 7D       		.byte	0x7d
 3197 0bce 00       		.sleb128 0
 3198 0bcf 06       		.byte	0x6
 3199 0bd0 00       		.byte	0
 3200 0bd1 1A       		.uleb128 0x1a
 3201 0bd2 50000000 		.4byte	.LVL149
 3202 0bd6 7D030000 		.4byte	0x37d
 3203 0bda 19       		.uleb128 0x19
 3204 0bdb 01       		.uleb128 0x1
 3205 0bdc 50       		.byte	0x50
 3206 0bdd 01       		.uleb128 0x1
 3207 0bde 31       		.byte	0x31
 3208 0bdf 00       		.byte	0
 3209 0be0 00       		.byte	0
 3210 0be1 1F       		.uleb128 0x1f
 3211 0be2 56040000 		.4byte	.LASF133
 3212 0be6 01       		.byte	0x1
 3213 0be7 17       		.byte	0x17
 3214 0be8 6B000000 		.4byte	0x6b
 3215 0bec 05       		.uleb128 0x5
 3216 0bed 03       		.byte	0x3
 3217 0bee 00000000 		.4byte	StripLights_initvar
 3218 0bf2 13       		.uleb128 0x13
 3219 0bf3 77000000 		.4byte	0x77
 3220 0bf7 080C0000 		.4byte	0xc08
 3221 0bfb 14       		.uleb128 0x14
 3222 0bfc BC000000 		.4byte	0xbc
 3223 0c00 00       		.byte	0
 3224 0c01 14       		.uleb128 0x14
 3225 0c02 BC000000 		.4byte	0xbc
 3226 0c06 17       		.byte	0x17
 3227 0c07 00       		.byte	0
 3228 0c08 1F       		.uleb128 0x1f
 3229 0c09 AA0C0000 		.4byte	.LASF140
 3230 0c0d 01       		.byte	0x1
 3231 0c0e 1A       		.byte	0x1a
 3232 0c0f F20B0000 		.4byte	0xbf2
 3233 0c13 05       		.uleb128 0x5
 3234 0c14 03       		.byte	0x3
 3235 0c15 00000000 		.4byte	StripLights_ledArray
 3236 0c19 1F       		.uleb128 0x1f
 3237 0c1a F1040000 		.4byte	.LASF141
ARM GAS  C:\Users\ARTEM\AppData\Local\Temp\ccSYEePJ.s 			page 74


 3238 0c1e 01       		.byte	0x1
 3239 0c1f 1F       		.byte	0x1f
 3240 0c20 77000000 		.4byte	0x77
 3241 0c24 05       		.uleb128 0x5
 3242 0c25 03       		.byte	0x3
 3243 0c26 00000000 		.4byte	StripLights_ledIndex
 3244 0c2a 1F       		.uleb128 0x1f
 3245 0c2b 3F000000 		.4byte	.LASF142
 3246 0c2f 01       		.byte	0x1
 3247 0c30 20       		.byte	0x20
 3248 0c31 77000000 		.4byte	0x77
 3249 0c35 05       		.uleb128 0x5
 3250 0c36 03       		.byte	0x3
 3251 0c37 00000000 		.4byte	StripLights_row
 3252 0c3b 20       		.uleb128 0x20
 3253 0c3c 4B0D0000 		.4byte	.LASF108
 3254 0c40 01       		.byte	0x1
 3255 0c41 B601     		.2byte	0x1b6
 3256 0c43 77000000 		.4byte	0x77
 3257 0c47 05       		.uleb128 0x5
 3258 0c48 03       		.byte	0x3
 3259 0c49 00000000 		.4byte	StripLights_refreshComplete
 3260 0c4d 20       		.uleb128 0x20
 3261 0c4e A1050000 		.4byte	.LASF103
 3262 0c52 01       		.byte	0x1
 3263 0c53 2B03     		.2byte	0x32b
 3264 0c55 77000000 		.4byte	0x77
 3265 0c59 05       		.uleb128 0x5
 3266 0c5a 03       		.byte	0x3
 3267 0c5b 00000000 		.4byte	StripLights_DimMask
 3268 0c5f 20       		.uleb128 0x20
 3269 0c60 A1070000 		.4byte	.LASF104
 3270 0c64 01       		.byte	0x1
 3271 0c65 2C03     		.2byte	0x32c
 3272 0c67 77000000 		.4byte	0x77
 3273 0c6b 05       		.uleb128 0x5
 3274 0c6c 03       		.byte	0x3
 3275 0c6d 00000000 		.4byte	StripLights_DimShift
 3276 0c71 1F       		.uleb128 0x1f
 3277 0c72 DB080000 		.4byte	.LASF111
 3278 0c76 01       		.byte	0x1
 3279 0c77 28       		.byte	0x28
 3280 0c78 820C0000 		.4byte	0xc82
 3281 0c7c 05       		.uleb128 0x5
 3282 0c7d 03       		.byte	0x3
 3283 0c7e 00000000 		.4byte	StripLights_CLUT
 3284 0c82 15       		.uleb128 0x15
 3285 0c83 33040000 		.4byte	0x433
 3286 0c87 21       		.uleb128 0x21
 3287 0c88 110A0000 		.4byte	.LASF143
 3288 0c8c 110A0000 		.4byte	.LASF143
 3289 0c90 05       		.byte	0x5
 3290 0c91 1B       		.byte	0x1b
 3291 0c92 21       		.uleb128 0x21
 3292 0c93 3D040000 		.4byte	.LASF144
 3293 0c97 3D040000 		.4byte	.LASF144
 3294 0c9b 06       		.byte	0x6
ARM GAS  C:\Users\ARTEM\AppData\Local\Temp\ccSYEePJ.s 			page 75


 3295 0c9c 18       		.byte	0x18
 3296 0c9d 21       		.uleb128 0x21
 3297 0c9e FB0D0000 		.4byte	.LASF145
 3298 0ca2 FB0D0000 		.4byte	.LASF145
 3299 0ca6 07       		.byte	0x7
 3300 0ca7 18       		.byte	0x18
 3301 0ca8 00       		.byte	0
 3302              		.section	.debug_abbrev,"",%progbits
 3303              	.Ldebug_abbrev0:
 3304 0000 01       		.uleb128 0x1
 3305 0001 11       		.uleb128 0x11
 3306 0002 01       		.byte	0x1
 3307 0003 25       		.uleb128 0x25
 3308 0004 0E       		.uleb128 0xe
 3309 0005 13       		.uleb128 0x13
 3310 0006 0B       		.uleb128 0xb
 3311 0007 03       		.uleb128 0x3
 3312 0008 0E       		.uleb128 0xe
 3313 0009 1B       		.uleb128 0x1b
 3314 000a 0E       		.uleb128 0xe
 3315 000b 55       		.uleb128 0x55
 3316 000c 17       		.uleb128 0x17
 3317 000d 11       		.uleb128 0x11
 3318 000e 01       		.uleb128 0x1
 3319 000f 10       		.uleb128 0x10
 3320 0010 17       		.uleb128 0x17
 3321 0011 00       		.byte	0
 3322 0012 00       		.byte	0
 3323 0013 02       		.uleb128 0x2
 3324 0014 24       		.uleb128 0x24
 3325 0015 00       		.byte	0
 3326 0016 0B       		.uleb128 0xb
 3327 0017 0B       		.uleb128 0xb
 3328 0018 3E       		.uleb128 0x3e
 3329 0019 0B       		.uleb128 0xb
 3330 001a 03       		.uleb128 0x3
 3331 001b 0E       		.uleb128 0xe
 3332 001c 00       		.byte	0
 3333 001d 00       		.byte	0
 3334 001e 03       		.uleb128 0x3
 3335 001f 24       		.uleb128 0x24
 3336 0020 00       		.byte	0
 3337 0021 0B       		.uleb128 0xb
 3338 0022 0B       		.uleb128 0xb
 3339 0023 3E       		.uleb128 0x3e
 3340 0024 0B       		.uleb128 0xb
 3341 0025 03       		.uleb128 0x3
 3342 0026 08       		.uleb128 0x8
 3343 0027 00       		.byte	0
 3344 0028 00       		.byte	0
 3345 0029 04       		.uleb128 0x4
 3346 002a 16       		.uleb128 0x16
 3347 002b 00       		.byte	0
 3348 002c 03       		.uleb128 0x3
 3349 002d 0E       		.uleb128 0xe
 3350 002e 3A       		.uleb128 0x3a
 3351 002f 0B       		.uleb128 0xb
ARM GAS  C:\Users\ARTEM\AppData\Local\Temp\ccSYEePJ.s 			page 76


 3352 0030 3B       		.uleb128 0x3b
 3353 0031 05       		.uleb128 0x5
 3354 0032 49       		.uleb128 0x49
 3355 0033 13       		.uleb128 0x13
 3356 0034 00       		.byte	0
 3357 0035 00       		.byte	0
 3358 0036 05       		.uleb128 0x5
 3359 0037 35       		.uleb128 0x35
 3360 0038 00       		.byte	0
 3361 0039 49       		.uleb128 0x49
 3362 003a 13       		.uleb128 0x13
 3363 003b 00       		.byte	0
 3364 003c 00       		.byte	0
 3365 003d 06       		.uleb128 0x6
 3366 003e 04       		.uleb128 0x4
 3367 003f 01       		.byte	0x1
 3368 0040 0B       		.uleb128 0xb
 3369 0041 0B       		.uleb128 0xb
 3370 0042 49       		.uleb128 0x49
 3371 0043 13       		.uleb128 0x13
 3372 0044 3A       		.uleb128 0x3a
 3373 0045 0B       		.uleb128 0xb
 3374 0046 3B       		.uleb128 0x3b
 3375 0047 05       		.uleb128 0x5
 3376 0048 01       		.uleb128 0x1
 3377 0049 13       		.uleb128 0x13
 3378 004a 00       		.byte	0
 3379 004b 00       		.byte	0
 3380 004c 07       		.uleb128 0x7
 3381 004d 28       		.uleb128 0x28
 3382 004e 00       		.byte	0
 3383 004f 03       		.uleb128 0x3
 3384 0050 0E       		.uleb128 0xe
 3385 0051 1C       		.uleb128 0x1c
 3386 0052 0B       		.uleb128 0xb
 3387 0053 00       		.byte	0
 3388 0054 00       		.byte	0
 3389 0055 08       		.uleb128 0x8
 3390 0056 0F       		.uleb128 0xf
 3391 0057 00       		.byte	0
 3392 0058 0B       		.uleb128 0xb
 3393 0059 0B       		.uleb128 0xb
 3394 005a 49       		.uleb128 0x49
 3395 005b 13       		.uleb128 0x13
 3396 005c 00       		.byte	0
 3397 005d 00       		.byte	0
 3398 005e 09       		.uleb128 0x9
 3399 005f 04       		.uleb128 0x4
 3400 0060 01       		.byte	0x1
 3401 0061 0B       		.uleb128 0xb
 3402 0062 0B       		.uleb128 0xb
 3403 0063 49       		.uleb128 0x49
 3404 0064 13       		.uleb128 0x13
 3405 0065 3A       		.uleb128 0x3a
 3406 0066 0B       		.uleb128 0xb
 3407 0067 3B       		.uleb128 0x3b
 3408 0068 0B       		.uleb128 0xb
ARM GAS  C:\Users\ARTEM\AppData\Local\Temp\ccSYEePJ.s 			page 77


 3409 0069 01       		.uleb128 0x1
 3410 006a 13       		.uleb128 0x13
 3411 006b 00       		.byte	0
 3412 006c 00       		.byte	0
 3413 006d 0A       		.uleb128 0xa
 3414 006e 2E       		.uleb128 0x2e
 3415 006f 01       		.byte	0x1
 3416 0070 3F       		.uleb128 0x3f
 3417 0071 19       		.uleb128 0x19
 3418 0072 03       		.uleb128 0x3
 3419 0073 0E       		.uleb128 0xe
 3420 0074 3A       		.uleb128 0x3a
 3421 0075 0B       		.uleb128 0xb
 3422 0076 3B       		.uleb128 0x3b
 3423 0077 05       		.uleb128 0x5
 3424 0078 27       		.uleb128 0x27
 3425 0079 19       		.uleb128 0x19
 3426 007a 11       		.uleb128 0x11
 3427 007b 01       		.uleb128 0x1
 3428 007c 12       		.uleb128 0x12
 3429 007d 06       		.uleb128 0x6
 3430 007e 40       		.uleb128 0x40
 3431 007f 18       		.uleb128 0x18
 3432 0080 9742     		.uleb128 0x2117
 3433 0082 19       		.uleb128 0x19
 3434 0083 01       		.uleb128 0x1
 3435 0084 13       		.uleb128 0x13
 3436 0085 00       		.byte	0
 3437 0086 00       		.byte	0
 3438 0087 0B       		.uleb128 0xb
 3439 0088 34       		.uleb128 0x34
 3440 0089 00       		.byte	0
 3441 008a 03       		.uleb128 0x3
 3442 008b 0E       		.uleb128 0xe
 3443 008c 3A       		.uleb128 0x3a
 3444 008d 0B       		.uleb128 0xb
 3445 008e 3B       		.uleb128 0x3b
 3446 008f 05       		.uleb128 0x5
 3447 0090 49       		.uleb128 0x49
 3448 0091 13       		.uleb128 0x13
 3449 0092 3F       		.uleb128 0x3f
 3450 0093 19       		.uleb128 0x19
 3451 0094 3C       		.uleb128 0x3c
 3452 0095 19       		.uleb128 0x19
 3453 0096 00       		.byte	0
 3454 0097 00       		.byte	0
 3455 0098 0C       		.uleb128 0xc
 3456 0099 34       		.uleb128 0x34
 3457 009a 00       		.byte	0
 3458 009b 03       		.uleb128 0x3
 3459 009c 0E       		.uleb128 0xe
 3460 009d 3A       		.uleb128 0x3a
 3461 009e 0B       		.uleb128 0xb
 3462 009f 3B       		.uleb128 0x3b
 3463 00a0 05       		.uleb128 0x5
 3464 00a1 49       		.uleb128 0x49
 3465 00a2 13       		.uleb128 0x13
ARM GAS  C:\Users\ARTEM\AppData\Local\Temp\ccSYEePJ.s 			page 78


 3466 00a3 02       		.uleb128 0x2
 3467 00a4 18       		.uleb128 0x18
 3468 00a5 00       		.byte	0
 3469 00a6 00       		.byte	0
 3470 00a7 0D       		.uleb128 0xd
 3471 00a8 05       		.uleb128 0x5
 3472 00a9 00       		.byte	0
 3473 00aa 03       		.uleb128 0x3
 3474 00ab 08       		.uleb128 0x8
 3475 00ac 3A       		.uleb128 0x3a
 3476 00ad 0B       		.uleb128 0xb
 3477 00ae 3B       		.uleb128 0x3b
 3478 00af 05       		.uleb128 0x5
 3479 00b0 49       		.uleb128 0x49
 3480 00b1 13       		.uleb128 0x13
 3481 00b2 02       		.uleb128 0x2
 3482 00b3 17       		.uleb128 0x17
 3483 00b4 00       		.byte	0
 3484 00b5 00       		.byte	0
 3485 00b6 0E       		.uleb128 0xe
 3486 00b7 34       		.uleb128 0x34
 3487 00b8 00       		.byte	0
 3488 00b9 03       		.uleb128 0x3
 3489 00ba 0E       		.uleb128 0xe
 3490 00bb 3A       		.uleb128 0x3a
 3491 00bc 0B       		.uleb128 0xb
 3492 00bd 3B       		.uleb128 0x3b
 3493 00be 05       		.uleb128 0x5
 3494 00bf 49       		.uleb128 0x49
 3495 00c0 13       		.uleb128 0x13
 3496 00c1 02       		.uleb128 0x2
 3497 00c2 17       		.uleb128 0x17
 3498 00c3 00       		.byte	0
 3499 00c4 00       		.byte	0
 3500 00c5 0F       		.uleb128 0xf
 3501 00c6 2E       		.uleb128 0x2e
 3502 00c7 00       		.byte	0
 3503 00c8 3F       		.uleb128 0x3f
 3504 00c9 19       		.uleb128 0x19
 3505 00ca 03       		.uleb128 0x3
 3506 00cb 0E       		.uleb128 0xe
 3507 00cc 3A       		.uleb128 0x3a
 3508 00cd 0B       		.uleb128 0xb
 3509 00ce 3B       		.uleb128 0x3b
 3510 00cf 05       		.uleb128 0x5
 3511 00d0 27       		.uleb128 0x27
 3512 00d1 19       		.uleb128 0x19
 3513 00d2 49       		.uleb128 0x49
 3514 00d3 13       		.uleb128 0x13
 3515 00d4 11       		.uleb128 0x11
 3516 00d5 01       		.uleb128 0x1
 3517 00d6 12       		.uleb128 0x12
 3518 00d7 06       		.uleb128 0x6
 3519 00d8 40       		.uleb128 0x40
 3520 00d9 18       		.uleb128 0x18
 3521 00da 9742     		.uleb128 0x2117
 3522 00dc 19       		.uleb128 0x19
ARM GAS  C:\Users\ARTEM\AppData\Local\Temp\ccSYEePJ.s 			page 79


 3523 00dd 00       		.byte	0
 3524 00de 00       		.byte	0
 3525 00df 10       		.uleb128 0x10
 3526 00e0 2E       		.uleb128 0x2e
 3527 00e1 00       		.byte	0
 3528 00e2 3F       		.uleb128 0x3f
 3529 00e3 19       		.uleb128 0x19
 3530 00e4 03       		.uleb128 0x3
 3531 00e5 0E       		.uleb128 0xe
 3532 00e6 3A       		.uleb128 0x3a
 3533 00e7 0B       		.uleb128 0xb
 3534 00e8 3B       		.uleb128 0x3b
 3535 00e9 05       		.uleb128 0x5
 3536 00ea 27       		.uleb128 0x27
 3537 00eb 19       		.uleb128 0x19
 3538 00ec 11       		.uleb128 0x11
 3539 00ed 01       		.uleb128 0x1
 3540 00ee 12       		.uleb128 0x12
 3541 00ef 06       		.uleb128 0x6
 3542 00f0 40       		.uleb128 0x40
 3543 00f1 18       		.uleb128 0x18
 3544 00f2 9742     		.uleb128 0x2117
 3545 00f4 19       		.uleb128 0x19
 3546 00f5 00       		.byte	0
 3547 00f6 00       		.byte	0
 3548 00f7 11       		.uleb128 0x11
 3549 00f8 2E       		.uleb128 0x2e
 3550 00f9 01       		.byte	0x1
 3551 00fa 3F       		.uleb128 0x3f
 3552 00fb 19       		.uleb128 0x19
 3553 00fc 03       		.uleb128 0x3
 3554 00fd 0E       		.uleb128 0xe
 3555 00fe 3A       		.uleb128 0x3a
 3556 00ff 0B       		.uleb128 0xb
 3557 0100 3B       		.uleb128 0x3b
 3558 0101 05       		.uleb128 0x5
 3559 0102 27       		.uleb128 0x27
 3560 0103 19       		.uleb128 0x19
 3561 0104 49       		.uleb128 0x49
 3562 0105 13       		.uleb128 0x13
 3563 0106 11       		.uleb128 0x11
 3564 0107 01       		.uleb128 0x1
 3565 0108 12       		.uleb128 0x12
 3566 0109 06       		.uleb128 0x6
 3567 010a 40       		.uleb128 0x40
 3568 010b 18       		.uleb128 0x18
 3569 010c 9642     		.uleb128 0x2116
 3570 010e 19       		.uleb128 0x19
 3571 010f 01       		.uleb128 0x1
 3572 0110 13       		.uleb128 0x13
 3573 0111 00       		.byte	0
 3574 0112 00       		.byte	0
 3575 0113 12       		.uleb128 0x12
 3576 0114 05       		.uleb128 0x5
 3577 0115 00       		.byte	0
 3578 0116 03       		.uleb128 0x3
 3579 0117 0E       		.uleb128 0xe
ARM GAS  C:\Users\ARTEM\AppData\Local\Temp\ccSYEePJ.s 			page 80


 3580 0118 3A       		.uleb128 0x3a
 3581 0119 0B       		.uleb128 0xb
 3582 011a 3B       		.uleb128 0x3b
 3583 011b 05       		.uleb128 0x5
 3584 011c 49       		.uleb128 0x49
 3585 011d 13       		.uleb128 0x13
 3586 011e 02       		.uleb128 0x2
 3587 011f 17       		.uleb128 0x17
 3588 0120 00       		.byte	0
 3589 0121 00       		.byte	0
 3590 0122 13       		.uleb128 0x13
 3591 0123 01       		.uleb128 0x1
 3592 0124 01       		.byte	0x1
 3593 0125 49       		.uleb128 0x49
 3594 0126 13       		.uleb128 0x13
 3595 0127 01       		.uleb128 0x1
 3596 0128 13       		.uleb128 0x13
 3597 0129 00       		.byte	0
 3598 012a 00       		.byte	0
 3599 012b 14       		.uleb128 0x14
 3600 012c 21       		.uleb128 0x21
 3601 012d 00       		.byte	0
 3602 012e 49       		.uleb128 0x49
 3603 012f 13       		.uleb128 0x13
 3604 0130 2F       		.uleb128 0x2f
 3605 0131 0B       		.uleb128 0xb
 3606 0132 00       		.byte	0
 3607 0133 00       		.byte	0
 3608 0134 15       		.uleb128 0x15
 3609 0135 26       		.uleb128 0x26
 3610 0136 00       		.byte	0
 3611 0137 49       		.uleb128 0x49
 3612 0138 13       		.uleb128 0x13
 3613 0139 00       		.byte	0
 3614 013a 00       		.byte	0
 3615 013b 16       		.uleb128 0x16
 3616 013c 05       		.uleb128 0x5
 3617 013d 00       		.byte	0
 3618 013e 03       		.uleb128 0x3
 3619 013f 0E       		.uleb128 0xe
 3620 0140 3A       		.uleb128 0x3a
 3621 0141 0B       		.uleb128 0xb
 3622 0142 3B       		.uleb128 0x3b
 3623 0143 05       		.uleb128 0x5
 3624 0144 49       		.uleb128 0x49
 3625 0145 13       		.uleb128 0x13
 3626 0146 02       		.uleb128 0x2
 3627 0147 18       		.uleb128 0x18
 3628 0148 00       		.byte	0
 3629 0149 00       		.byte	0
 3630 014a 17       		.uleb128 0x17
 3631 014b 34       		.uleb128 0x34
 3632 014c 00       		.byte	0
 3633 014d 03       		.uleb128 0x3
 3634 014e 08       		.uleb128 0x8
 3635 014f 3A       		.uleb128 0x3a
 3636 0150 0B       		.uleb128 0xb
ARM GAS  C:\Users\ARTEM\AppData\Local\Temp\ccSYEePJ.s 			page 81


 3637 0151 3B       		.uleb128 0x3b
 3638 0152 05       		.uleb128 0x5
 3639 0153 49       		.uleb128 0x49
 3640 0154 13       		.uleb128 0x13
 3641 0155 02       		.uleb128 0x2
 3642 0156 17       		.uleb128 0x17
 3643 0157 00       		.byte	0
 3644 0158 00       		.byte	0
 3645 0159 18       		.uleb128 0x18
 3646 015a 898201   		.uleb128 0x4109
 3647 015d 01       		.byte	0x1
 3648 015e 11       		.uleb128 0x11
 3649 015f 01       		.uleb128 0x1
 3650 0160 31       		.uleb128 0x31
 3651 0161 13       		.uleb128 0x13
 3652 0162 01       		.uleb128 0x1
 3653 0163 13       		.uleb128 0x13
 3654 0164 00       		.byte	0
 3655 0165 00       		.byte	0
 3656 0166 19       		.uleb128 0x19
 3657 0167 8A8201   		.uleb128 0x410a
 3658 016a 00       		.byte	0
 3659 016b 02       		.uleb128 0x2
 3660 016c 18       		.uleb128 0x18
 3661 016d 9142     		.uleb128 0x2111
 3662 016f 18       		.uleb128 0x18
 3663 0170 00       		.byte	0
 3664 0171 00       		.byte	0
 3665 0172 1A       		.uleb128 0x1a
 3666 0173 898201   		.uleb128 0x4109
 3667 0176 01       		.byte	0x1
 3668 0177 11       		.uleb128 0x11
 3669 0178 01       		.uleb128 0x1
 3670 0179 31       		.uleb128 0x31
 3671 017a 13       		.uleb128 0x13
 3672 017b 00       		.byte	0
 3673 017c 00       		.byte	0
 3674 017d 1B       		.uleb128 0x1b
 3675 017e 2E       		.uleb128 0x2e
 3676 017f 01       		.byte	0x1
 3677 0180 3F       		.uleb128 0x3f
 3678 0181 19       		.uleb128 0x19
 3679 0182 03       		.uleb128 0x3
 3680 0183 0E       		.uleb128 0xe
 3681 0184 3A       		.uleb128 0x3a
 3682 0185 0B       		.uleb128 0xb
 3683 0186 3B       		.uleb128 0x3b
 3684 0187 05       		.uleb128 0x5
 3685 0188 27       		.uleb128 0x27
 3686 0189 19       		.uleb128 0x19
 3687 018a 49       		.uleb128 0x49
 3688 018b 13       		.uleb128 0x13
 3689 018c 11       		.uleb128 0x11
 3690 018d 01       		.uleb128 0x1
 3691 018e 12       		.uleb128 0x12
 3692 018f 06       		.uleb128 0x6
 3693 0190 40       		.uleb128 0x40
ARM GAS  C:\Users\ARTEM\AppData\Local\Temp\ccSYEePJ.s 			page 82


 3694 0191 18       		.uleb128 0x18
 3695 0192 9742     		.uleb128 0x2117
 3696 0194 19       		.uleb128 0x19
 3697 0195 01       		.uleb128 0x1
 3698 0196 13       		.uleb128 0x13
 3699 0197 00       		.byte	0
 3700 0198 00       		.byte	0
 3701 0199 1C       		.uleb128 0x1c
 3702 019a 0B       		.uleb128 0xb
 3703 019b 01       		.byte	0x1
 3704 019c 11       		.uleb128 0x11
 3705 019d 01       		.uleb128 0x1
 3706 019e 12       		.uleb128 0x12
 3707 019f 06       		.uleb128 0x6
 3708 01a0 01       		.uleb128 0x1
 3709 01a1 13       		.uleb128 0x13
 3710 01a2 00       		.byte	0
 3711 01a3 00       		.byte	0
 3712 01a4 1D       		.uleb128 0x1d
 3713 01a5 2E       		.uleb128 0x2e
 3714 01a6 01       		.byte	0x1
 3715 01a7 3F       		.uleb128 0x3f
 3716 01a8 19       		.uleb128 0x19
 3717 01a9 03       		.uleb128 0x3
 3718 01aa 0E       		.uleb128 0xe
 3719 01ab 3A       		.uleb128 0x3a
 3720 01ac 0B       		.uleb128 0xb
 3721 01ad 3B       		.uleb128 0x3b
 3722 01ae 0B       		.uleb128 0xb
 3723 01af 27       		.uleb128 0x27
 3724 01b0 19       		.uleb128 0x19
 3725 01b1 11       		.uleb128 0x11
 3726 01b2 01       		.uleb128 0x1
 3727 01b3 12       		.uleb128 0x12
 3728 01b4 06       		.uleb128 0x6
 3729 01b5 40       		.uleb128 0x40
 3730 01b6 18       		.uleb128 0x18
 3731 01b7 9742     		.uleb128 0x2117
 3732 01b9 19       		.uleb128 0x19
 3733 01ba 01       		.uleb128 0x1
 3734 01bb 13       		.uleb128 0x13
 3735 01bc 00       		.byte	0
 3736 01bd 00       		.byte	0
 3737 01be 1E       		.uleb128 0x1e
 3738 01bf 34       		.uleb128 0x34
 3739 01c0 00       		.byte	0
 3740 01c1 03       		.uleb128 0x3
 3741 01c2 0E       		.uleb128 0xe
 3742 01c3 3A       		.uleb128 0x3a
 3743 01c4 0B       		.uleb128 0xb
 3744 01c5 3B       		.uleb128 0x3b
 3745 01c6 0B       		.uleb128 0xb
 3746 01c7 49       		.uleb128 0x49
 3747 01c8 13       		.uleb128 0x13
 3748 01c9 3F       		.uleb128 0x3f
 3749 01ca 19       		.uleb128 0x19
 3750 01cb 3C       		.uleb128 0x3c
ARM GAS  C:\Users\ARTEM\AppData\Local\Temp\ccSYEePJ.s 			page 83


 3751 01cc 19       		.uleb128 0x19
 3752 01cd 00       		.byte	0
 3753 01ce 00       		.byte	0
 3754 01cf 1F       		.uleb128 0x1f
 3755 01d0 34       		.uleb128 0x34
 3756 01d1 00       		.byte	0
 3757 01d2 03       		.uleb128 0x3
 3758 01d3 0E       		.uleb128 0xe
 3759 01d4 3A       		.uleb128 0x3a
 3760 01d5 0B       		.uleb128 0xb
 3761 01d6 3B       		.uleb128 0x3b
 3762 01d7 0B       		.uleb128 0xb
 3763 01d8 49       		.uleb128 0x49
 3764 01d9 13       		.uleb128 0x13
 3765 01da 3F       		.uleb128 0x3f
 3766 01db 19       		.uleb128 0x19
 3767 01dc 02       		.uleb128 0x2
 3768 01dd 18       		.uleb128 0x18
 3769 01de 00       		.byte	0
 3770 01df 00       		.byte	0
 3771 01e0 20       		.uleb128 0x20
 3772 01e1 34       		.uleb128 0x34
 3773 01e2 00       		.byte	0
 3774 01e3 03       		.uleb128 0x3
 3775 01e4 0E       		.uleb128 0xe
 3776 01e5 3A       		.uleb128 0x3a
 3777 01e6 0B       		.uleb128 0xb
 3778 01e7 3B       		.uleb128 0x3b
 3779 01e8 05       		.uleb128 0x5
 3780 01e9 49       		.uleb128 0x49
 3781 01ea 13       		.uleb128 0x13
 3782 01eb 3F       		.uleb128 0x3f
 3783 01ec 19       		.uleb128 0x19
 3784 01ed 02       		.uleb128 0x2
 3785 01ee 18       		.uleb128 0x18
 3786 01ef 00       		.byte	0
 3787 01f0 00       		.byte	0
 3788 01f1 21       		.uleb128 0x21
 3789 01f2 2E       		.uleb128 0x2e
 3790 01f3 00       		.byte	0
 3791 01f4 3F       		.uleb128 0x3f
 3792 01f5 19       		.uleb128 0x19
 3793 01f6 3C       		.uleb128 0x3c
 3794 01f7 19       		.uleb128 0x19
 3795 01f8 6E       		.uleb128 0x6e
 3796 01f9 0E       		.uleb128 0xe
 3797 01fa 03       		.uleb128 0x3
 3798 01fb 0E       		.uleb128 0xe
 3799 01fc 3A       		.uleb128 0x3a
 3800 01fd 0B       		.uleb128 0xb
 3801 01fe 3B       		.uleb128 0x3b
 3802 01ff 0B       		.uleb128 0xb
 3803 0200 00       		.byte	0
 3804 0201 00       		.byte	0
 3805 0202 00       		.byte	0
 3806              		.section	.debug_loc,"",%progbits
 3807              	.Ldebug_loc0:
ARM GAS  C:\Users\ARTEM\AppData\Local\Temp\ccSYEePJ.s 			page 84


 3808              	.LLST0:
 3809 0000 00000000 		.4byte	.LVL0
 3810 0004 10000000 		.4byte	.LVL1
 3811 0008 0100     		.2byte	0x1
 3812 000a 50       		.byte	0x50
 3813 000b 10000000 		.4byte	.LVL1
 3814 000f 6C000000 		.4byte	.LFE36
 3815 0013 0400     		.2byte	0x4
 3816 0015 F3       		.byte	0xf3
 3817 0016 01       		.uleb128 0x1
 3818 0017 50       		.byte	0x50
 3819 0018 9F       		.byte	0x9f
 3820 0019 00000000 		.4byte	0
 3821 001d 00000000 		.4byte	0
 3822              	.LLST1:
 3823 0021 1C000000 		.4byte	.LVL2
 3824 0025 22000000 		.4byte	.LVL3
 3825 0029 0100     		.2byte	0x1
 3826 002b 53       		.byte	0x53
 3827 002c 22000000 		.4byte	.LVL3
 3828 0030 28000000 		.4byte	.LVL4
 3829 0034 1700     		.2byte	0x17
 3830 0036 03       		.byte	0x3
 3831 0037 00000000 		.4byte	StripLights_row
 3832 003b 06       		.byte	0x6
 3833 003c 31       		.byte	0x31
 3834 003d 24       		.byte	0x24
 3835 003e 03       		.byte	0x3
 3836 003f 00000000 		.4byte	StripLights_row
 3837 0043 06       		.byte	0x6
 3838 0044 22       		.byte	0x22
 3839 0045 35       		.byte	0x35
 3840 0046 24       		.byte	0x24
 3841 0047 03       		.byte	0x3
 3842 0048 00000000 		.4byte	StripLights_ledArray
 3843 004c 22       		.byte	0x22
 3844 004d 28000000 		.4byte	.LVL4
 3845 0051 30000000 		.4byte	.LVL5
 3846 0055 0100     		.2byte	0x1
 3847 0057 53       		.byte	0x53
 3848 0058 30000000 		.4byte	.LVL5
 3849 005c 32000000 		.4byte	.LVL6
 3850 0060 0100     		.2byte	0x1
 3851 0062 51       		.byte	0x51
 3852 0063 32000000 		.4byte	.LVL6
 3853 0067 36000000 		.4byte	.LVL7
 3854 006b 0500     		.2byte	0x5
 3855 006d 73       		.byte	0x73
 3856 006e 00       		.sleb128 0
 3857 006f 38       		.byte	0x38
 3858 0070 25       		.byte	0x25
 3859 0071 9F       		.byte	0x9f
 3860 0072 36000000 		.4byte	.LVL7
 3861 0076 38000000 		.4byte	.LVL8
 3862 007a 0100     		.2byte	0x1
 3863 007c 53       		.byte	0x53
 3864 007d 00000000 		.4byte	0
ARM GAS  C:\Users\ARTEM\AppData\Local\Temp\ccSYEePJ.s 			page 85


 3865 0081 00000000 		.4byte	0
 3866              	.LLST2:
 3867 0085 00000000 		.4byte	.LVL9
 3868 0089 0A000000 		.4byte	.LVL10
 3869 008d 0100     		.2byte	0x1
 3870 008f 50       		.byte	0x50
 3871 0090 0A000000 		.4byte	.LVL10
 3872 0094 24000000 		.4byte	.LFE39
 3873 0098 0400     		.2byte	0x4
 3874 009a F3       		.byte	0xf3
 3875 009b 01       		.uleb128 0x1
 3876 009c 50       		.byte	0x50
 3877 009d 9F       		.byte	0x9f
 3878 009e 00000000 		.4byte	0
 3879 00a2 00000000 		.4byte	0
 3880              	.LLST3:
 3881 00a6 02000000 		.4byte	.LVL14
 3882 00aa 06000000 		.4byte	.LVL15
 3883 00ae 0200     		.2byte	0x2
 3884 00b0 30       		.byte	0x30
 3885 00b1 9F       		.byte	0x9f
 3886 00b2 06000000 		.4byte	.LVL15
 3887 00b6 24000000 		.4byte	.LVL20
 3888 00ba 0100     		.2byte	0x1
 3889 00bc 54       		.byte	0x54
 3890 00bd 00000000 		.4byte	0
 3891 00c1 00000000 		.4byte	0
 3892              	.LLST4:
 3893 00c5 06000000 		.4byte	.LVL15
 3894 00c9 18000000 		.4byte	.LVL17
 3895 00cd 0100     		.2byte	0x1
 3896 00cf 51       		.byte	0x51
 3897 00d0 1A000000 		.4byte	.LVL18
 3898 00d4 20000000 		.4byte	.LVL19
 3899 00d8 0100     		.2byte	0x1
 3900 00da 51       		.byte	0x51
 3901 00db 00000000 		.4byte	0
 3902 00df 00000000 		.4byte	0
 3903              	.LLST5:
 3904 00e3 00000000 		.4byte	.LVL21
 3905 00e7 05000000 		.4byte	.LVL22-1
 3906 00eb 0100     		.2byte	0x1
 3907 00ed 50       		.byte	0x50
 3908 00ee 05000000 		.4byte	.LVL22-1
 3909 00f2 0E000000 		.4byte	.LFE42
 3910 00f6 0400     		.2byte	0x4
 3911 00f8 F3       		.byte	0xf3
 3912 00f9 01       		.uleb128 0x1
 3913 00fa 50       		.byte	0x50
 3914 00fb 9F       		.byte	0x9f
 3915 00fc 00000000 		.4byte	0
 3916 0100 00000000 		.4byte	0
 3917              	.LLST6:
 3918 0104 00000000 		.4byte	.LVL24
 3919 0108 10000000 		.4byte	.LVL25
 3920 010c 0100     		.2byte	0x1
 3921 010e 50       		.byte	0x50
ARM GAS  C:\Users\ARTEM\AppData\Local\Temp\ccSYEePJ.s 			page 86


 3922 010f 10000000 		.4byte	.LVL25
 3923 0113 12000000 		.4byte	.LVL26
 3924 0117 0100     		.2byte	0x1
 3925 0119 52       		.byte	0x52
 3926 011a 12000000 		.4byte	.LVL26
 3927 011e 16000000 		.4byte	.LVL27
 3928 0122 0500     		.2byte	0x5
 3929 0124 70       		.byte	0x70
 3930 0125 00       		.sleb128 0
 3931 0126 38       		.byte	0x38
 3932 0127 25       		.byte	0x25
 3933 0128 9F       		.byte	0x9f
 3934 0129 16000000 		.4byte	.LVL27
 3935 012d 18000000 		.4byte	.LVL28
 3936 0131 0100     		.2byte	0x1
 3937 0133 50       		.byte	0x50
 3938 0134 18000000 		.4byte	.LVL28
 3939 0138 24000000 		.4byte	.LFE44
 3940 013c 0600     		.2byte	0x6
 3941 013e F3       		.byte	0xf3
 3942 013f 01       		.uleb128 0x1
 3943 0140 50       		.byte	0x50
 3944 0141 40       		.byte	0x40
 3945 0142 25       		.byte	0x25
 3946 0143 9F       		.byte	0x9f
 3947 0144 00000000 		.4byte	0
 3948 0148 00000000 		.4byte	0
 3949              	.LLST7:
 3950 014c 00000000 		.4byte	.LVL29
 3951 0150 18000000 		.4byte	.LVL31
 3952 0154 0100     		.2byte	0x1
 3953 0156 50       		.byte	0x50
 3954 0157 18000000 		.4byte	.LVL31
 3955 015b 24000000 		.4byte	.LFE45
 3956 015f 0400     		.2byte	0x4
 3957 0161 F3       		.byte	0xf3
 3958 0162 01       		.uleb128 0x1
 3959 0163 50       		.byte	0x50
 3960 0164 9F       		.byte	0x9f
 3961 0165 00000000 		.4byte	0
 3962 0169 00000000 		.4byte	0
 3963              	.LLST8:
 3964 016d 00000000 		.4byte	.LVL29
 3965 0171 14000000 		.4byte	.LVL30
 3966 0175 0100     		.2byte	0x1
 3967 0177 51       		.byte	0x51
 3968 0178 14000000 		.4byte	.LVL30
 3969 017c 24000000 		.4byte	.LFE45
 3970 0180 0400     		.2byte	0x4
 3971 0182 F3       		.byte	0xf3
 3972 0183 01       		.uleb128 0x1
 3973 0184 51       		.byte	0x51
 3974 0185 9F       		.byte	0x9f
 3975 0186 00000000 		.4byte	0
 3976 018a 00000000 		.4byte	0
 3977              	.LLST9:
 3978 018e 00000000 		.4byte	.LVL32
ARM GAS  C:\Users\ARTEM\AppData\Local\Temp\ccSYEePJ.s 			page 87


 3979 0192 18000000 		.4byte	.LVL34
 3980 0196 0100     		.2byte	0x1
 3981 0198 50       		.byte	0x50
 3982 0199 18000000 		.4byte	.LVL34
 3983 019d 28000000 		.4byte	.LFE46
 3984 01a1 0400     		.2byte	0x4
 3985 01a3 F3       		.byte	0xf3
 3986 01a4 01       		.uleb128 0x1
 3987 01a5 50       		.byte	0x50
 3988 01a6 9F       		.byte	0x9f
 3989 01a7 00000000 		.4byte	0
 3990 01ab 00000000 		.4byte	0
 3991              	.LLST10:
 3992 01af 00000000 		.4byte	.LVL32
 3993 01b3 14000000 		.4byte	.LVL33
 3994 01b7 0100     		.2byte	0x1
 3995 01b9 51       		.byte	0x51
 3996 01ba 14000000 		.4byte	.LVL33
 3997 01be 28000000 		.4byte	.LFE46
 3998 01c2 0400     		.2byte	0x4
 3999 01c4 F3       		.byte	0xf3
 4000 01c5 01       		.uleb128 0x1
 4001 01c6 51       		.byte	0x51
 4002 01c7 9F       		.byte	0x9f
 4003 01c8 00000000 		.4byte	0
 4004 01cc 00000000 		.4byte	0
 4005              	.LLST11:
 4006 01d0 00000000 		.4byte	.LVL36
 4007 01d4 2D000000 		.4byte	.LVL44-1
 4008 01d8 0100     		.2byte	0x1
 4009 01da 50       		.byte	0x50
 4010 01db 2D000000 		.4byte	.LVL44-1
 4011 01df F0000000 		.4byte	.LVL72
 4012 01e3 0100     		.2byte	0x1
 4013 01e5 5B       		.byte	0x5b
 4014 01e6 F0000000 		.4byte	.LVL72
 4015 01ea FC000000 		.4byte	.LFE47
 4016 01ee 0400     		.2byte	0x4
 4017 01f0 F3       		.byte	0xf3
 4018 01f1 01       		.uleb128 0x1
 4019 01f2 50       		.byte	0x50
 4020 01f3 9F       		.byte	0x9f
 4021 01f4 00000000 		.4byte	0
 4022 01f8 00000000 		.4byte	0
 4023              	.LLST12:
 4024 01fc 00000000 		.4byte	.LVL36
 4025 0200 28000000 		.4byte	.LVL42
 4026 0204 0100     		.2byte	0x1
 4027 0206 51       		.byte	0x51
 4028 0207 28000000 		.4byte	.LVL42
 4029 020b F0000000 		.4byte	.LVL69
 4030 020f 0100     		.2byte	0x1
 4031 0211 58       		.byte	0x58
 4032 0212 F0000000 		.4byte	.LVL69
 4033 0216 FC000000 		.4byte	.LFE47
 4034 021a 0400     		.2byte	0x4
 4035 021c F3       		.byte	0xf3
ARM GAS  C:\Users\ARTEM\AppData\Local\Temp\ccSYEePJ.s 			page 88


 4036 021d 01       		.uleb128 0x1
 4037 021e 51       		.byte	0x51
 4038 021f 9F       		.byte	0x9f
 4039 0220 00000000 		.4byte	0
 4040 0224 00000000 		.4byte	0
 4041              	.LLST13:
 4042 0228 00000000 		.4byte	.LVL36
 4043 022c 24000000 		.4byte	.LVL40
 4044 0230 0100     		.2byte	0x1
 4045 0232 52       		.byte	0x52
 4046 0233 24000000 		.4byte	.LVL40
 4047 0237 58000000 		.4byte	.LVL48
 4048 023b 0100     		.2byte	0x1
 4049 023d 54       		.byte	0x54
 4050 023e 58000000 		.4byte	.LVL48
 4051 0242 FC000000 		.4byte	.LFE47
 4052 0246 0400     		.2byte	0x4
 4053 0248 F3       		.byte	0xf3
 4054 0249 01       		.uleb128 0x1
 4055 024a 52       		.byte	0x52
 4056 024b 9F       		.byte	0x9f
 4057 024c 00000000 		.4byte	0
 4058 0250 00000000 		.4byte	0
 4059              	.LLST14:
 4060 0254 00000000 		.4byte	.LVL36
 4061 0258 1A000000 		.4byte	.LVL37
 4062 025c 0100     		.2byte	0x1
 4063 025e 53       		.byte	0x53
 4064 025f 1A000000 		.4byte	.LVL37
 4065 0263 58000000 		.4byte	.LVL48
 4066 0267 0100     		.2byte	0x1
 4067 0269 55       		.byte	0x55
 4068 026a 58000000 		.4byte	.LVL48
 4069 026e FC000000 		.4byte	.LFE47
 4070 0272 0200     		.2byte	0x2
 4071 0274 91       		.byte	0x91
 4072 0275 4C       		.sleb128 -52
 4073 0276 00000000 		.4byte	0
 4074 027a 00000000 		.4byte	0
 4075              	.LLST15:
 4076 027e 1E000000 		.4byte	.LVL38
 4077 0282 20000000 		.4byte	.LVL39
 4078 0286 0100     		.2byte	0x1
 4079 0288 53       		.byte	0x53
 4080 0289 20000000 		.4byte	.LVL39
 4081 028d 5E000000 		.4byte	.LVL49
 4082 0291 0100     		.2byte	0x1
 4083 0293 59       		.byte	0x59
 4084 0294 5E000000 		.4byte	.LVL49
 4085 0298 62000000 		.4byte	.LVL51
 4086 029c 0100     		.2byte	0x1
 4087 029e 52       		.byte	0x52
 4088 029f 62000000 		.4byte	.LVL51
 4089 02a3 F0000000 		.4byte	.LVL70
 4090 02a7 0100     		.2byte	0x1
 4091 02a9 59       		.byte	0x59
 4092 02aa 00000000 		.4byte	0
ARM GAS  C:\Users\ARTEM\AppData\Local\Temp\ccSYEePJ.s 			page 89


 4093 02ae 00000000 		.4byte	0
 4094              	.LLST16:
 4095 02b2 1E000000 		.4byte	.LVL38
 4096 02b6 58000000 		.4byte	.LVL48
 4097 02ba 0200     		.2byte	0x2
 4098 02bc 30       		.byte	0x30
 4099 02bd 9F       		.byte	0x9f
 4100 02be 58000000 		.4byte	.LVL48
 4101 02c2 6E000000 		.4byte	.LVL55
 4102 02c6 0100     		.2byte	0x1
 4103 02c8 53       		.byte	0x53
 4104 02c9 6E000000 		.4byte	.LVL55
 4105 02cd 7C000000 		.4byte	.LVL57
 4106 02d1 0100     		.2byte	0x1
 4107 02d3 52       		.byte	0x52
 4108 02d4 7C000000 		.4byte	.LVL57
 4109 02d8 EA000000 		.4byte	.LVL66
 4110 02dc 0200     		.2byte	0x2
 4111 02de 91       		.byte	0x91
 4112 02df 50       		.sleb128 -48
 4113 02e0 EA000000 		.4byte	.LVL66
 4114 02e4 FC000000 		.4byte	.LFE47
 4115 02e8 0100     		.2byte	0x1
 4116 02ea 53       		.byte	0x53
 4117 02eb 00000000 		.4byte	0
 4118 02ef 00000000 		.4byte	0
 4119              	.LLST17:
 4120 02f3 26000000 		.4byte	.LVL41
 4121 02f7 2A000000 		.4byte	.LVL43
 4122 02fb 0100     		.2byte	0x1
 4123 02fd 52       		.byte	0x52
 4124 02fe 2A000000 		.4byte	.LVL43
 4125 0302 F0000000 		.4byte	.LVL71
 4126 0306 0100     		.2byte	0x1
 4127 0308 5A       		.byte	0x5a
 4128 0309 00000000 		.4byte	0
 4129 030d 00000000 		.4byte	0
 4130              	.LLST18:
 4131 0311 26000000 		.4byte	.LVL41
 4132 0315 58000000 		.4byte	.LVL48
 4133 0319 0200     		.2byte	0x2
 4134 031b 30       		.byte	0x30
 4135 031c 9F       		.byte	0x9f
 4136 031d 58000000 		.4byte	.LVL48
 4137 0321 F0000000 		.4byte	.LVL68
 4138 0325 0100     		.2byte	0x1
 4139 0327 56       		.byte	0x56
 4140 0328 00000000 		.4byte	0
 4141 032c 00000000 		.4byte	0
 4142              	.LLST19:
 4143 0330 26000000 		.4byte	.LVL41
 4144 0334 F0000000 		.4byte	.LVL67
 4145 0338 0100     		.2byte	0x1
 4146 033a 54       		.byte	0x54
 4147 033b 00000000 		.4byte	0
 4148 033f 00000000 		.4byte	0
 4149              	.LLST20:
ARM GAS  C:\Users\ARTEM\AppData\Local\Temp\ccSYEePJ.s 			page 90


 4150 0343 00000000 		.4byte	.LVL73
 4151 0347 4A000000 		.4byte	.LVL88
 4152 034b 0100     		.2byte	0x1
 4153 034d 50       		.byte	0x50
 4154 034e 4A000000 		.4byte	.LVL88
 4155 0352 9E000000 		.4byte	.LVL104
 4156 0356 0100     		.2byte	0x1
 4157 0358 54       		.byte	0x54
 4158 0359 00000000 		.4byte	0
 4159 035d 00000000 		.4byte	0
 4160              	.LLST21:
 4161 0361 00000000 		.4byte	.LVL73
 4162 0365 48000000 		.4byte	.LVL87
 4163 0369 0100     		.2byte	0x1
 4164 036b 51       		.byte	0x51
 4165 036c 48000000 		.4byte	.LVL87
 4166 0370 9E000000 		.4byte	.LVL105
 4167 0374 0100     		.2byte	0x1
 4168 0376 55       		.byte	0x55
 4169 0377 00000000 		.4byte	0
 4170 037b 00000000 		.4byte	0
 4171              	.LLST22:
 4172 037f 00000000 		.4byte	.LVL73
 4173 0383 22000000 		.4byte	.LVL77
 4174 0387 0100     		.2byte	0x1
 4175 0389 52       		.byte	0x52
 4176 038a 22000000 		.4byte	.LVL77
 4177 038e 28000000 		.4byte	.LVL78
 4178 0392 0200     		.2byte	0x2
 4179 0394 91       		.byte	0x91
 4180 0395 54       		.sleb128 -44
 4181 0396 28000000 		.4byte	.LVL78
 4182 039a 2A000000 		.4byte	.LVL79
 4183 039e 0100     		.2byte	0x1
 4184 03a0 52       		.byte	0x52
 4185 03a1 2A000000 		.4byte	.LVL79
 4186 03a5 AA000000 		.4byte	.LFE48
 4187 03a9 0200     		.2byte	0x2
 4188 03ab 91       		.byte	0x91
 4189 03ac 54       		.sleb128 -44
 4190 03ad 00000000 		.4byte	0
 4191 03b1 00000000 		.4byte	0
 4192              	.LLST23:
 4193 03b5 00000000 		.4byte	.LVL73
 4194 03b9 18000000 		.4byte	.LVL74
 4195 03bd 0100     		.2byte	0x1
 4196 03bf 53       		.byte	0x53
 4197 03c0 18000000 		.4byte	.LVL74
 4198 03c4 9E000000 		.4byte	.LVL110
 4199 03c8 0100     		.2byte	0x1
 4200 03ca 5B       		.byte	0x5b
 4201 03cb 9E000000 		.4byte	.LVL110
 4202 03cf AA000000 		.4byte	.LFE48
 4203 03d3 0400     		.2byte	0x4
 4204 03d5 F3       		.byte	0xf3
 4205 03d6 01       		.uleb128 0x1
 4206 03d7 53       		.byte	0x53
ARM GAS  C:\Users\ARTEM\AppData\Local\Temp\ccSYEePJ.s 			page 91


 4207 03d8 9F       		.byte	0x9f
 4208 03d9 00000000 		.4byte	0
 4209 03dd 00000000 		.4byte	0
 4210              	.LLST24:
 4211 03e1 18000000 		.4byte	.LVL74
 4212 03e5 40000000 		.4byte	.LVL84
 4213 03e9 0100     		.2byte	0x1
 4214 03eb 53       		.byte	0x53
 4215 03ec 42000000 		.4byte	.LVL85
 4216 03f0 4D000000 		.4byte	.LVL89-1
 4217 03f4 0100     		.2byte	0x1
 4218 03f6 53       		.byte	0x53
 4219 03f7 4D000000 		.4byte	.LVL89-1
 4220 03fb 9E000000 		.4byte	.LVL107
 4221 03ff 0100     		.2byte	0x1
 4222 0401 58       		.byte	0x58
 4223 0402 00000000 		.4byte	0
 4224 0406 00000000 		.4byte	0
 4225              	.LLST25:
 4226 040a 1A000000 		.4byte	.LVL75
 4227 040e 9E000000 		.4byte	.LVL106
 4228 0412 0100     		.2byte	0x1
 4229 0414 57       		.byte	0x57
 4230 0415 00000000 		.4byte	0
 4231 0419 00000000 		.4byte	0
 4232              	.LLST26:
 4233 041d 32000000 		.4byte	.LVL81
 4234 0421 3A000000 		.4byte	.LVL82
 4235 0425 0300     		.2byte	0x3
 4236 0427 09       		.byte	0x9
 4237 0428 FF       		.byte	0xff
 4238 0429 9F       		.byte	0x9f
 4239 042a 3E000000 		.4byte	.LVL83
 4240 042e 9E000000 		.4byte	.LVL108
 4241 0432 0100     		.2byte	0x1
 4242 0434 59       		.byte	0x59
 4243 0435 00000000 		.4byte	0
 4244 0439 00000000 		.4byte	0
 4245              	.LLST27:
 4246 043d 20000000 		.4byte	.LVL76
 4247 0441 28000000 		.4byte	.LVL78
 4248 0445 0300     		.2byte	0x3
 4249 0447 09       		.byte	0x9
 4250 0448 FF       		.byte	0xff
 4251 0449 9F       		.byte	0x9f
 4252 044a 2C000000 		.4byte	.LVL80
 4253 044e 9E000000 		.4byte	.LVL109
 4254 0452 0100     		.2byte	0x1
 4255 0454 5A       		.byte	0x5a
 4256 0455 00000000 		.4byte	0
 4257 0459 00000000 		.4byte	0
 4258              	.LLST28:
 4259 045d 58000000 		.4byte	.LVL90
 4260 0461 78000000 		.4byte	.LVL96
 4261 0465 0100     		.2byte	0x1
 4262 0467 56       		.byte	0x56
 4263 0468 00000000 		.4byte	0
ARM GAS  C:\Users\ARTEM\AppData\Local\Temp\ccSYEePJ.s 			page 92


 4264 046c 00000000 		.4byte	0
 4265              	.LLST29:
 4266 0470 7E000000 		.4byte	.LVL97
 4267 0474 9C000000 		.4byte	.LVL103
 4268 0478 0100     		.2byte	0x1
 4269 047a 56       		.byte	0x56
 4270 047b 00000000 		.4byte	0
 4271 047f 00000000 		.4byte	0
 4272              	.LLST30:
 4273 0483 00000000 		.4byte	.LVL111
 4274 0487 20000000 		.4byte	.LVL116
 4275 048b 0100     		.2byte	0x1
 4276 048d 50       		.byte	0x50
 4277 048e 20000000 		.4byte	.LVL116
 4278 0492 40000000 		.4byte	.LVL121
 4279 0496 0100     		.2byte	0x1
 4280 0498 54       		.byte	0x54
 4281 0499 40000000 		.4byte	.LVL121
 4282 049d 4B000000 		.4byte	.LVL123-1
 4283 04a1 0100     		.2byte	0x1
 4284 04a3 50       		.byte	0x50
 4285 04a4 4B000000 		.4byte	.LVL123-1
 4286 04a8 78000000 		.4byte	.LVL127
 4287 04ac 0100     		.2byte	0x1
 4288 04ae 54       		.byte	0x54
 4289 04af 00000000 		.4byte	0
 4290 04b3 00000000 		.4byte	0
 4291              	.LLST31:
 4292 04b7 00000000 		.4byte	.LVL111
 4293 04bb 20000000 		.4byte	.LVL116
 4294 04bf 0100     		.2byte	0x1
 4295 04c1 51       		.byte	0x51
 4296 04c2 20000000 		.4byte	.LVL116
 4297 04c6 40000000 		.4byte	.LVL121
 4298 04ca 0200     		.2byte	0x2
 4299 04cc 91       		.byte	0x91
 4300 04cd 64       		.sleb128 -28
 4301 04ce 40000000 		.4byte	.LVL121
 4302 04d2 48000000 		.4byte	.LVL122
 4303 04d6 0100     		.2byte	0x1
 4304 04d8 51       		.byte	0x51
 4305 04d9 48000000 		.4byte	.LVL122
 4306 04dd 7A000000 		.4byte	.LFE49
 4307 04e1 0200     		.2byte	0x2
 4308 04e3 91       		.byte	0x91
 4309 04e4 64       		.sleb128 -28
 4310 04e5 00000000 		.4byte	0
 4311 04e9 00000000 		.4byte	0
 4312              	.LLST32:
 4313 04ed 00000000 		.4byte	.LVL111
 4314 04f1 20000000 		.4byte	.LVL116
 4315 04f5 0100     		.2byte	0x1
 4316 04f7 52       		.byte	0x52
 4317 04f8 20000000 		.4byte	.LVL116
 4318 04fc 40000000 		.4byte	.LVL121
 4319 0500 0100     		.2byte	0x1
 4320 0502 56       		.byte	0x56
ARM GAS  C:\Users\ARTEM\AppData\Local\Temp\ccSYEePJ.s 			page 93


 4321 0503 40000000 		.4byte	.LVL121
 4322 0507 4B000000 		.4byte	.LVL123-1
 4323 050b 0100     		.2byte	0x1
 4324 050d 52       		.byte	0x52
 4325 050e 4B000000 		.4byte	.LVL123-1
 4326 0512 78000000 		.4byte	.LVL128
 4327 0516 0100     		.2byte	0x1
 4328 0518 56       		.byte	0x56
 4329 0519 78000000 		.4byte	.LVL128
 4330 051d 7A000000 		.4byte	.LFE49
 4331 0521 0400     		.2byte	0x4
 4332 0523 F3       		.byte	0xf3
 4333 0524 01       		.uleb128 0x1
 4334 0525 52       		.byte	0x52
 4335 0526 9F       		.byte	0x9f
 4336 0527 00000000 		.4byte	0
 4337 052b 00000000 		.4byte	0
 4338              	.LLST33:
 4339 052f 00000000 		.4byte	.LVL111
 4340 0533 10000000 		.4byte	.LVL112
 4341 0537 0100     		.2byte	0x1
 4342 0539 53       		.byte	0x53
 4343 053a 10000000 		.4byte	.LVL112
 4344 053e 7A000000 		.4byte	.LFE49
 4345 0542 0200     		.2byte	0x2
 4346 0544 91       		.byte	0x91
 4347 0545 60       		.sleb128 -32
 4348 0546 00000000 		.4byte	0
 4349 054a 00000000 		.4byte	0
 4350              	.LLST34:
 4351 054e 1A000000 		.4byte	.LVL113
 4352 0552 1C000000 		.4byte	.LVL114
 4353 0556 0100     		.2byte	0x1
 4354 0558 55       		.byte	0x55
 4355 0559 1E000000 		.4byte	.LVL115
 4356 055d 40000000 		.4byte	.LVL121
 4357 0561 0100     		.2byte	0x1
 4358 0563 55       		.byte	0x55
 4359 0564 00000000 		.4byte	0
 4360 0568 00000000 		.4byte	0
 4361              	.LLST35:
 4362 056c 00000000 		.4byte	.LVL135
 4363 0570 20000000 		.4byte	.LVL140
 4364 0574 0100     		.2byte	0x1
 4365 0576 50       		.byte	0x50
 4366 0577 20000000 		.4byte	.LVL140
 4367 057b 5A000000 		.4byte	.LFE51
 4368 057f 0200     		.2byte	0x2
 4369 0581 91       		.byte	0x91
 4370 0582 5C       		.sleb128 -36
 4371 0583 00000000 		.4byte	0
 4372 0587 00000000 		.4byte	0
 4373              	.LLST36:
 4374 058b 00000000 		.4byte	.LVL135
 4375 058f 20000000 		.4byte	.LVL140
 4376 0593 0100     		.2byte	0x1
 4377 0595 51       		.byte	0x51
ARM GAS  C:\Users\ARTEM\AppData\Local\Temp\ccSYEePJ.s 			page 94


 4378 0596 20000000 		.4byte	.LVL140
 4379 059a 5A000000 		.4byte	.LFE51
 4380 059e 0400     		.2byte	0x4
 4381 05a0 F3       		.byte	0xf3
 4382 05a1 01       		.uleb128 0x1
 4383 05a2 51       		.byte	0x51
 4384 05a3 9F       		.byte	0x9f
 4385 05a4 00000000 		.4byte	0
 4386 05a8 00000000 		.4byte	0
 4387              	.LLST37:
 4388 05ac 00000000 		.4byte	.LVL135
 4389 05b0 20000000 		.4byte	.LVL140
 4390 05b4 0100     		.2byte	0x1
 4391 05b6 52       		.byte	0x52
 4392 05b7 20000000 		.4byte	.LVL140
 4393 05bb 52000000 		.4byte	.LVL152
 4394 05bf 0100     		.2byte	0x1
 4395 05c1 57       		.byte	0x57
 4396 05c2 52000000 		.4byte	.LVL152
 4397 05c6 5A000000 		.4byte	.LFE51
 4398 05ca 0400     		.2byte	0x4
 4399 05cc F3       		.byte	0xf3
 4400 05cd 01       		.uleb128 0x1
 4401 05ce 52       		.byte	0x52
 4402 05cf 9F       		.byte	0x9f
 4403 05d0 00000000 		.4byte	0
 4404 05d4 00000000 		.4byte	0
 4405              	.LLST38:
 4406 05d8 00000000 		.4byte	.LVL135
 4407 05dc 14000000 		.4byte	.LVL137
 4408 05e0 0100     		.2byte	0x1
 4409 05e2 53       		.byte	0x53
 4410 05e3 14000000 		.4byte	.LVL137
 4411 05e7 4A000000 		.4byte	.LVL148
 4412 05eb 0100     		.2byte	0x1
 4413 05ed 5B       		.byte	0x5b
 4414 05ee 4A000000 		.4byte	.LVL148
 4415 05f2 4F000000 		.4byte	.LVL149-1
 4416 05f6 0100     		.2byte	0x1
 4417 05f8 53       		.byte	0x53
 4418 05f9 4F000000 		.4byte	.LVL149-1
 4419 05fd 52000000 		.4byte	.LVL154
 4420 0601 0100     		.2byte	0x1
 4421 0603 5B       		.byte	0x5b
 4422 0604 52000000 		.4byte	.LVL154
 4423 0608 5A000000 		.4byte	.LFE51
 4424 060c 0400     		.2byte	0x4
 4425 060e F3       		.byte	0xf3
 4426 060f 01       		.uleb128 0x1
 4427 0610 53       		.byte	0x53
 4428 0611 9F       		.byte	0x9f
 4429 0612 00000000 		.4byte	0
 4430 0616 00000000 		.4byte	0
 4431              	.LLST39:
 4432 061a 20000000 		.4byte	.LVL140
 4433 061e 32000000 		.4byte	.LVL144
 4434 0622 0100     		.2byte	0x1
ARM GAS  C:\Users\ARTEM\AppData\Local\Temp\ccSYEePJ.s 			page 95


 4435 0624 54       		.byte	0x54
 4436 0625 34000000 		.4byte	.LVL145
 4437 0629 3E000000 		.4byte	.LVL146
 4438 062d 0100     		.2byte	0x1
 4439 062f 54       		.byte	0x54
 4440 0630 00000000 		.4byte	0
 4441 0634 00000000 		.4byte	0
 4442              	.LLST40:
 4443 0638 1C000000 		.4byte	.LVL139
 4444 063c 20000000 		.4byte	.LVL140
 4445 0640 0100     		.2byte	0x1
 4446 0642 51       		.byte	0x51
 4447 0643 20000000 		.4byte	.LVL140
 4448 0647 32000000 		.4byte	.LVL144
 4449 064b 0200     		.2byte	0x2
 4450 064d 7D       		.byte	0x7d
 4451 064e 00       		.sleb128 0
 4452 064f 32000000 		.4byte	.LVL144
 4453 0653 34000000 		.4byte	.LVL145
 4454 0657 0100     		.2byte	0x1
 4455 0659 52       		.byte	0x52
 4456 065a 34000000 		.4byte	.LVL145
 4457 065e 52000000 		.4byte	.LVL150
 4458 0662 0200     		.2byte	0x2
 4459 0664 7D       		.byte	0x7d
 4460 0665 00       		.sleb128 0
 4461 0666 52000000 		.4byte	.LVL150
 4462 066a 5A000000 		.4byte	.LFE51
 4463 066e 0200     		.2byte	0x2
 4464 0670 91       		.byte	0x91
 4465 0671 58       		.sleb128 -40
 4466 0672 00000000 		.4byte	0
 4467 0676 00000000 		.4byte	0
 4468              	.LLST41:
 4469 067a 12000000 		.4byte	.LVL136
 4470 067e 16000000 		.4byte	.LVL138
 4471 0682 0200     		.2byte	0x2
 4472 0684 31       		.byte	0x31
 4473 0685 9F       		.byte	0x9f
 4474 0686 16000000 		.4byte	.LVL138
 4475 068a 20000000 		.4byte	.LVL140
 4476 068e 0200     		.2byte	0x2
 4477 0690 32       		.byte	0x32
 4478 0691 9F       		.byte	0x9f
 4479 0692 20000000 		.4byte	.LVL140
 4480 0696 22000000 		.4byte	.LVL141
 4481 069a 0100     		.2byte	0x1
 4482 069c 53       		.byte	0x53
 4483 069d 22000000 		.4byte	.LVL141
 4484 06a1 32000000 		.4byte	.LVL144
 4485 06a5 0100     		.2byte	0x1
 4486 06a7 55       		.byte	0x55
 4487 06a8 32000000 		.4byte	.LVL144
 4488 06ac 46000000 		.4byte	.LVL147
 4489 06b0 0100     		.2byte	0x1
 4490 06b2 53       		.byte	0x53
 4491 06b3 00000000 		.4byte	0
ARM GAS  C:\Users\ARTEM\AppData\Local\Temp\ccSYEePJ.s 			page 96


 4492 06b7 00000000 		.4byte	0
 4493              	.LLST42:
 4494 06bb 16000000 		.4byte	.LVL138
 4495 06bf 52000000 		.4byte	.LVL151
 4496 06c3 0100     		.2byte	0x1
 4497 06c5 56       		.byte	0x56
 4498 06c6 00000000 		.4byte	0
 4499 06ca 00000000 		.4byte	0
 4500              	.LLST43:
 4501 06ce 1C000000 		.4byte	.LVL139
 4502 06d2 52000000 		.4byte	.LVL153
 4503 06d6 0100     		.2byte	0x1
 4504 06d8 58       		.byte	0x58
 4505 06d9 00000000 		.4byte	0
 4506 06dd 00000000 		.4byte	0
 4507              		.section	.debug_aranges,"",%progbits
 4508 0000 9C000000 		.4byte	0x9c
 4509 0004 0200     		.2byte	0x2
 4510 0006 00000000 		.4byte	.Ldebug_info0
 4511 000a 04       		.byte	0x4
 4512 000b 00       		.byte	0
 4513 000c 0000     		.2byte	0
 4514 000e 0000     		.2byte	0
 4515 0010 00000000 		.4byte	.LFB40
 4516 0014 60000000 		.4byte	.LFE40-.LFB40
 4517 0018 00000000 		.4byte	.LFB41
 4518 001c 7C000000 		.4byte	.LFE41-.LFB41
 4519 0020 00000000 		.4byte	.LFB36
 4520 0024 6C000000 		.4byte	.LFE36-.LFB36
 4521 0028 00000000 		.4byte	.LFB37
 4522 002c 1C000000 		.4byte	.LFE37-.LFB37
 4523 0030 00000000 		.4byte	.LFB38
 4524 0034 0C000000 		.4byte	.LFE38-.LFB38
 4525 0038 00000000 		.4byte	.LFB39
 4526 003c 24000000 		.4byte	.LFE39-.LFB39
 4527 0040 00000000 		.4byte	.LFB43
 4528 0044 2C000000 		.4byte	.LFE43-.LFB43
 4529 0048 00000000 		.4byte	.LFB42
 4530 004c 0E000000 		.4byte	.LFE42-.LFB42
 4531 0050 00000000 		.4byte	.LFB44
 4532 0054 24000000 		.4byte	.LFE44-.LFB44
 4533 0058 00000000 		.4byte	.LFB45
 4534 005c 24000000 		.4byte	.LFE45-.LFB45
 4535 0060 00000000 		.4byte	.LFB46
 4536 0064 28000000 		.4byte	.LFE46-.LFB46
 4537 0068 00000000 		.4byte	.LFB47
 4538 006c FC000000 		.4byte	.LFE47-.LFB47
 4539 0070 00000000 		.4byte	.LFB48
 4540 0074 AA000000 		.4byte	.LFE48-.LFB48
 4541 0078 00000000 		.4byte	.LFB49
 4542 007c 7A000000 		.4byte	.LFE49-.LFB49
 4543 0080 00000000 		.4byte	.LFB50
 4544 0084 78000000 		.4byte	.LFE50-.LFB50
 4545 0088 00000000 		.4byte	.LFB35
 4546 008c 7C000000 		.4byte	.LFE35-.LFB35
 4547 0090 00000000 		.4byte	.LFB51
 4548 0094 5A000000 		.4byte	.LFE51-.LFB51
ARM GAS  C:\Users\ARTEM\AppData\Local\Temp\ccSYEePJ.s 			page 97


 4549 0098 00000000 		.4byte	0
 4550 009c 00000000 		.4byte	0
 4551              		.section	.debug_ranges,"",%progbits
 4552              	.Ldebug_ranges0:
 4553 0000 00000000 		.4byte	.LFB40
 4554 0004 60000000 		.4byte	.LFE40
 4555 0008 00000000 		.4byte	.LFB41
 4556 000c 7C000000 		.4byte	.LFE41
 4557 0010 00000000 		.4byte	.LFB36
 4558 0014 6C000000 		.4byte	.LFE36
 4559 0018 00000000 		.4byte	.LFB37
 4560 001c 1C000000 		.4byte	.LFE37
 4561 0020 00000000 		.4byte	.LFB38
 4562 0024 0C000000 		.4byte	.LFE38
 4563 0028 00000000 		.4byte	.LFB39
 4564 002c 24000000 		.4byte	.LFE39
 4565 0030 00000000 		.4byte	.LFB43
 4566 0034 2C000000 		.4byte	.LFE43
 4567 0038 00000000 		.4byte	.LFB42
 4568 003c 0E000000 		.4byte	.LFE42
 4569 0040 00000000 		.4byte	.LFB44
 4570 0044 24000000 		.4byte	.LFE44
 4571 0048 00000000 		.4byte	.LFB45
 4572 004c 24000000 		.4byte	.LFE45
 4573 0050 00000000 		.4byte	.LFB46
 4574 0054 28000000 		.4byte	.LFE46
 4575 0058 00000000 		.4byte	.LFB47
 4576 005c FC000000 		.4byte	.LFE47
 4577 0060 00000000 		.4byte	.LFB48
 4578 0064 AA000000 		.4byte	.LFE48
 4579 0068 00000000 		.4byte	.LFB49
 4580 006c 7A000000 		.4byte	.LFE49
 4581 0070 00000000 		.4byte	.LFB50
 4582 0074 78000000 		.4byte	.LFE50
 4583 0078 00000000 		.4byte	.LFB35
 4584 007c 7C000000 		.4byte	.LFE35
 4585 0080 00000000 		.4byte	.LFB51
 4586 0084 5A000000 		.4byte	.LFE51
 4587 0088 00000000 		.4byte	0
 4588 008c 00000000 		.4byte	0
 4589              		.section	.debug_line,"",%progbits
 4590              	.Ldebug_line0:
 4591 0000 FD020000 		.section	.debug_str,"MS",%progbits,1
 4591      0200B400 
 4591      00000201 
 4591      FB0E0D00 
 4591      01010101 
 4592              	.LASF82:
 4593 0000 4359424C 		.ascii	"CYBLE_EVT_L2CAP_CBFC_RX_CREDIT_IND\000"
 4593      455F4556 
 4593      545F4C32 
 4593      4341505F 
 4593      43424643 
 4594              	.LASF23:
 4595 0023 4359424C 		.ascii	"CYBLE_EVT_STACK_BUSY_STATUS\000"
 4595      455F4556 
 4595      545F5354 
ARM GAS  C:\Users\ARTEM\AppData\Local\Temp\ccSYEePJ.s 			page 98


 4595      41434B5F 
 4595      42555359 
 4596              	.LASF142:
 4597 003f 53747269 		.ascii	"StripLights_row\000"
 4597      704C6967 
 4597      6874735F 
 4597      726F7700 
 4598              	.LASF148:
 4599 004f 423A5C55 		.ascii	"B:\\UCU Second year\\Term 1\\POC\\Cyberpong\\CyberP"
 4599      43552053 
 4599      65636F6E 
 4599      64207965 
 4599      61725C54 
 4600 007d 6F6E672E 		.ascii	"ong.cydsn\000"
 4600      63796473 
 4600      6E00
 4601              	.LASF116:
 4602 0087 53747269 		.ascii	"StripLights_Pixel\000"
 4602      704C6967 
 4602      6874735F 
 4602      50697865 
 4602      6C00
 4603              	.LASF96:
 4604 0099 4359424C 		.ascii	"CYBLE_AIOS_CHAR_USER_DESCRIPTION_DESCR\000"
 4604      455F4149 
 4604      4F535F43 
 4604      4841525F 
 4604      55534552 
 4605              	.LASF90:
 4606 00c0 4359424C 		.ascii	"CYBLE_AIOS_DIGITAL\000"
 4606      455F4149 
 4606      4F535F44 
 4606      49474954 
 4606      414C00
 4607              	.LASF80:
 4608 00d3 4359424C 		.ascii	"CYBLE_EVT_L2CAP_CBFC_DISCONN_CNF\000"
 4608      455F4556 
 4608      545F4C32 
 4608      4341505F 
 4608      43424643 
 4609              	.LASF40:
 4610 00f4 4359424C 		.ascii	"CYBLE_EVT_GAP_OOB_GENERATED_NOTIFICATION\000"
 4610      455F4556 
 4610      545F4741 
 4610      505F4F4F 
 4610      425F4745 
 4611              	.LASF60:
 4612 011d 4359424C 		.ascii	"CYBLE_EVT_GATTC_READ_MULTI_RSP\000"
 4612      455F4556 
 4612      545F4741 
 4612      5454435F 
 4612      52454144 
 4613              	.LASF65:
 4614 013c 4359424C 		.ascii	"CYBLE_EVT_GATTS_EXEC_WRITE_REQ\000"
 4614      455F4556 
 4614      545F4741 
 4614      5454535F 
ARM GAS  C:\Users\ARTEM\AppData\Local\Temp\ccSYEePJ.s 			page 99


 4614      45584543 
 4615              	.LASF106:
 4616 015b 53747269 		.ascii	"StripLights_CISR\000"
 4616      704C6967 
 4616      6874735F 
 4616      43495352 
 4616      00
 4617              	.LASF118:
 4618 016c 53747269 		.ascii	"StripLights_GetPixel\000"
 4618      704C6967 
 4618      6874735F 
 4618      47657450 
 4618      6978656C 
 4619              	.LASF20:
 4620 0181 4359424C 		.ascii	"CYBLE_EVT_TIMEOUT\000"
 4620      455F4556 
 4620      545F5449 
 4620      4D454F55 
 4620      5400
 4621              	.LASF4:
 4622 0193 6C6F6E67 		.ascii	"long int\000"
 4622      20696E74 
 4622      00
 4623              	.LASF146:
 4624 019c 474E5520 		.ascii	"GNU C11 5.4.1 20160609 (release) [ARM/embedded-5-br"
 4624      43313120 
 4624      352E342E 
 4624      31203230 
 4624      31363036 
 4625 01cf 616E6368 		.ascii	"anch revision 237715] -mcpu=cortex-m0 -mthumb -g -O"
 4625      20726576 
 4625      6973696F 
 4625      6E203233 
 4625      37373135 
 4626 0202 67202D66 		.ascii	"g -ffunction-sections -ffat-lto-objects\000"
 4626      66756E63 
 4626      74696F6E 
 4626      2D736563 
 4626      74696F6E 
 4627              	.LASF134:
 4628 022a 53747269 		.ascii	"StripLights_bplot\000"
 4628      704C6967 
 4628      6874735F 
 4628      62706C6F 
 4628      7400
 4629              	.LASF7:
 4630 023c 6C6F6E67 		.ascii	"long long unsigned int\000"
 4630      206C6F6E 
 4630      6720756E 
 4630      7369676E 
 4630      65642069 
 4631              	.LASF22:
 4632 0253 4359424C 		.ascii	"CYBLE_EVT_HCI_STATUS\000"
 4632      455F4556 
 4632      545F4843 
 4632      495F5354 
 4632      41545553 
ARM GAS  C:\Users\ARTEM\AppData\Local\Temp\ccSYEePJ.s 			page 100


 4633              	.LASF85:
 4634 0268 4359424C 		.ascii	"CYBLE_EVT_PENDING_FLASH_WRITE\000"
 4634      455F4556 
 4634      545F5045 
 4634      4E44494E 
 4634      475F464C 
 4635              	.LASF97:
 4636 0286 4359424C 		.ascii	"CYBLE_AIOS_CHAR_EXTENDED_PROPERTIES\000"
 4636      455F4149 
 4636      4F535F43 
 4636      4841525F 
 4636      45585445 
 4637              	.LASF123:
 4638 02aa 53747269 		.ascii	"StripLights_DrawLine\000"
 4638      704C6967 
 4638      6874735F 
 4638      44726177 
 4638      4C696E65 
 4639              	.LASF34:
 4640 02bf 4359424C 		.ascii	"CYBLE_EVT_GAP_ENCRYPT_CHANGE\000"
 4640      455F4556 
 4640      545F4741 
 4640      505F454E 
 4640      43525950 
 4641              	.LASF38:
 4642 02dc 4359424C 		.ascii	"CYBLE_EVT_GAP_NUMERIC_COMPARISON_REQUEST\000"
 4642      455F4556 
 4642      545F4741 
 4642      505F4E55 
 4642      4D455249 
 4643              	.LASF6:
 4644 0305 6C6F6E67 		.ascii	"long long int\000"
 4644      206C6F6E 
 4644      6720696E 
 4644      7400
 4645              	.LASF0:
 4646 0313 7369676E 		.ascii	"signed char\000"
 4646      65642063 
 4646      68617200 
 4647              	.LASF19:
 4648 031f 4359424C 		.ascii	"CYBLE_EVT_STACK_ON\000"
 4648      455F4556 
 4648      545F5354 
 4648      41434B5F 
 4648      4F4E00
 4649              	.LASF36:
 4650 0332 4359424C 		.ascii	"CYBLE_EVT_GAPC_SCAN_START_STOP\000"
 4650      455F4556 
 4650      545F4741 
 4650      50435F53 
 4650      43414E5F 
 4651              	.LASF26:
 4652 0351 4359424C 		.ascii	"CYBLE_EVT_GAP_AUTH_REQ\000"
 4652      455F4556 
 4652      545F4741 
 4652      505F4155 
 4652      54485F52 
ARM GAS  C:\Users\ARTEM\AppData\Local\Temp\ccSYEePJ.s 			page 101


 4653              	.LASF58:
 4654 0368 4359424C 		.ascii	"CYBLE_EVT_GATTC_READ_RSP\000"
 4654      455F4556 
 4654      545F4741 
 4654      5454435F 
 4654      52454144 
 4655              	.LASF63:
 4656 0381 4359424C 		.ascii	"CYBLE_EVT_GATTS_WRITE_CMD_REQ\000"
 4656      455F4556 
 4656      545F4741 
 4656      5454535F 
 4656      57524954 
 4657              	.LASF113:
 4658 039f 53747269 		.ascii	"StripLights_MemClear\000"
 4658      704C6967 
 4658      6874735F 
 4658      4D656D43 
 4658      6C656172 
 4659              	.LASF31:
 4660 03b4 4359424C 		.ascii	"CYBLE_EVT_GAPP_ADVERTISEMENT_START_STOP\000"
 4660      455F4556 
 4660      545F4741 
 4660      50505F41 
 4660      44564552 
 4661              	.LASF112:
 4662 03dc 636F6C6F 		.ascii	"colorIndex\000"
 4662      72496E64 
 4662      657800
 4663              	.LASF9:
 4664 03e7 75696E74 		.ascii	"uint8\000"
 4664      3800
 4665              	.LASF95:
 4666 03ed 4359424C 		.ascii	"CYBLE_AIOS_CHAR_PRESENTATION_FORMAT\000"
 4666      455F4149 
 4666      4F535F43 
 4666      4841525F 
 4666      50524553 
 4667              	.LASF66:
 4668 0411 4359424C 		.ascii	"CYBLE_EVT_GATTC_EXEC_WRITE_RSP\000"
 4668      455F4556 
 4668      545F4741 
 4668      5454435F 
 4668      45584543 
 4669              	.LASF13:
 4670 0430 646F7562 		.ascii	"double\000"
 4670      6C6500
 4671              	.LASF11:
 4672 0437 696E7433 		.ascii	"int32\000"
 4672      3200
 4673              	.LASF144:
 4674 043d 53747269 		.ascii	"StripLights_cisr_StartEx\000"
 4674      704C6967 
 4674      6874735F 
 4674      63697372 
 4674      5F537461 
 4675              	.LASF133:
 4676 0456 53747269 		.ascii	"StripLights_initvar\000"
ARM GAS  C:\Users\ARTEM\AppData\Local\Temp\ccSYEePJ.s 			page 102


 4676      704C6967 
 4676      6874735F 
 4676      696E6974 
 4676      76617200 
 4677              	.LASF10:
 4678 046a 75696E74 		.ascii	"uint32\000"
 4678      333200
 4679              	.LASF150:
 4680 0471 53747269 		.ascii	"StripLights_Stop\000"
 4680      704C6967 
 4680      6874735F 
 4680      53746F70 
 4680      00
 4681              	.LASF89:
 4682 0482 4359424C 		.ascii	"CYBLE_EVT_MAX\000"
 4682      455F4556 
 4682      545F4D41 
 4682      5800
 4683              	.LASF74:
 4684 0490 4359424C 		.ascii	"CYBLE_EVT_L2CAP_CONN_PARAM_UPDATE_REQ\000"
 4684      455F4556 
 4684      545F4C32 
 4684      4341505F 
 4684      434F4E4E 
 4685              	.LASF84:
 4686 04b6 4359424C 		.ascii	"CYBLE_EVT_L2CAP_CBFC_DATA_WRITE_IND\000"
 4686      455F4556 
 4686      545F4C32 
 4686      4341505F 
 4686      43424643 
 4687              	.LASF102:
 4688 04da 4359424C 		.ascii	"CYBLE_AIOS_DESCR_COUNT\000"
 4688      455F4149 
 4688      4F535F44 
 4688      45534352 
 4688      5F434F55 
 4689              	.LASF141:
 4690 04f1 53747269 		.ascii	"StripLights_ledIndex\000"
 4690      704C6967 
 4690      6874735F 
 4690      6C656449 
 4690      6E646578 
 4691              	.LASF46:
 4692 0506 4359424C 		.ascii	"CYBLE_EVT_GAP_SCAN_REQ_RECVD\000"
 4692      455F4556 
 4692      545F4741 
 4692      505F5343 
 4692      414E5F52 
 4693              	.LASF73:
 4694 0523 4359424C 		.ascii	"CYBLE_EVT_GATTC_LONG_PROCEDURE_END\000"
 4694      455F4556 
 4694      545F4741 
 4694      5454435F 
 4694      4C4F4E47 
 4695              	.LASF71:
 4696 0546 4359424C 		.ascii	"CYBLE_EVT_GATTC_STOP_CMD_COMPLETE\000"
 4696      455F4556 
ARM GAS  C:\Users\ARTEM\AppData\Local\Temp\ccSYEePJ.s 			page 103


 4696      545F4741 
 4696      5454435F 
 4696      53544F50 
 4697              	.LASF137:
 4698 0568 61696E64 		.ascii	"aindex\000"
 4698      657800
 4699              	.LASF8:
 4700 056f 756E7369 		.ascii	"unsigned int\000"
 4700      676E6564 
 4700      20696E74 
 4700      00
 4701              	.LASF129:
 4702 057c 78446966 		.ascii	"xDiff\000"
 4702      6600
 4703              	.LASF86:
 4704 0582 4359424C 		.ascii	"CYBLE_EVT_LE_PING_AUTH_TIMEOUT\000"
 4704      455F4556 
 4704      545F4C45 
 4704      5F50494E 
 4704      475F4155 
 4705              	.LASF103:
 4706 05a1 53747269 		.ascii	"StripLights_DimMask\000"
 4706      704C6967 
 4706      6874735F 
 4706      44696D4D 
 4706      61736B00 
 4707              	.LASF5:
 4708 05b5 6C6F6E67 		.ascii	"long unsigned int\000"
 4708      20756E73 
 4708      69676E65 
 4708      6420696E 
 4708      7400
 4709              	.LASF45:
 4710 05c7 4359424C 		.ascii	"CYBLE_EVT_GAP_CONN_ESTB\000"
 4710      455F4556 
 4710      545F4741 
 4710      505F434F 
 4710      4E4E5F45 
 4711              	.LASF35:
 4712 05df 4359424C 		.ascii	"CYBLE_EVT_GAP_CONNECTION_UPDATE_COMPLETE\000"
 4712      455F4556 
 4712      545F4741 
 4712      505F434F 
 4712      4E4E4543 
 4713              	.LASF53:
 4714 0608 4359424C 		.ascii	"CYBLE_EVT_GATTC_XCHNG_MTU_RSP\000"
 4714      455F4556 
 4714      545F4741 
 4714      5454435F 
 4714      5843484E 
 4715              	.LASF70:
 4716 0626 4359424C 		.ascii	"CYBLE_EVT_GATTS_DATA_SIGNED_CMD_REQ\000"
 4716      455F4556 
 4716      545F4741 
 4716      5454535F 
 4716      44415441 
 4717              	.LASF92:
ARM GAS  C:\Users\ARTEM\AppData\Local\Temp\ccSYEePJ.s 			page 104


 4718 064a 4359424C 		.ascii	"CYBLE_AIOS_AGGREGATE\000"
 4718      455F4149 
 4718      4F535F41 
 4718      47475245 
 4718      47415445 
 4719              	.LASF121:
 4720 065f 6464465F 		.ascii	"ddF_x\000"
 4720      7800
 4721              	.LASF122:
 4722 0665 6464465F 		.ascii	"ddF_y\000"
 4722      7900
 4723              	.LASF3:
 4724 066b 73686F72 		.ascii	"short unsigned int\000"
 4724      7420756E 
 4724      7369676E 
 4724      65642069 
 4724      6E7400
 4725              	.LASF18:
 4726 067e 4359424C 		.ascii	"CYBLE_EVT_HOST_INVALID\000"
 4726      455F4556 
 4726      545F484F 
 4726      53545F49 
 4726      4E56414C 
 4727              	.LASF56:
 4728 0695 4359424C 		.ascii	"CYBLE_EVT_GATTC_FIND_INFO_RSP\000"
 4728      455F4556 
 4728      545F4741 
 4728      5454435F 
 4728      46494E44 
 4729              	.LASF24:
 4730 06b3 4359424C 		.ascii	"CYBLE_EVT_MEMORY_REQUEST\000"
 4730      455F4556 
 4730      545F4D45 
 4730      4D4F5259 
 4730      5F524551 
 4731              	.LASF98:
 4732 06cc 4359424C 		.ascii	"CYBLE_AIOS_VALUE_TRIGGER_SETTINGS\000"
 4732      455F4149 
 4732      4F535F56 
 4732      414C5545 
 4732      5F545249 
 4733              	.LASF93:
 4734 06ee 4359424C 		.ascii	"CYBLE_AIOS_CHAR_COUNT\000"
 4734      455F4149 
 4734      4F535F43 
 4734      4841525F 
 4734      434F554E 
 4735              	.LASF81:
 4736 0704 4359424C 		.ascii	"CYBLE_EVT_L2CAP_CBFC_DATA_READ\000"
 4736      455F4556 
 4736      545F4C32 
 4736      4341505F 
 4736      43424643 
 4737              	.LASF27:
 4738 0723 4359424C 		.ascii	"CYBLE_EVT_GAP_PASSKEY_ENTRY_REQUEST\000"
 4738      455F4556 
 4738      545F4741 
ARM GAS  C:\Users\ARTEM\AppData\Local\Temp\ccSYEePJ.s 			page 105


 4738      505F5041 
 4738      53534B45 
 4739              	.LASF32:
 4740 0747 4359424C 		.ascii	"CYBLE_EVT_GAP_DEVICE_CONNECTED\000"
 4740      455F4556 
 4740      545F4741 
 4740      505F4445 
 4740      56494345 
 4741              	.LASF61:
 4742 0766 4359424C 		.ascii	"CYBLE_EVT_GATTS_WRITE_REQ\000"
 4742      455F4556 
 4742      545F4741 
 4742      5454535F 
 4742      57524954 
 4743              	.LASF47:
 4744 0780 4359424C 		.ascii	"CYBLE_EVT_GAP_AUTH_REQ_REPLY_ERR\000"
 4744      455F4556 
 4744      545F4741 
 4744      505F4155 
 4744      54485F52 
 4745              	.LASF104:
 4746 07a1 53747269 		.ascii	"StripLights_DimShift\000"
 4746      704C6967 
 4746      6874735F 
 4746      44696D53 
 4746      68696674 
 4747              	.LASF28:
 4748 07b6 4359424C 		.ascii	"CYBLE_EVT_GAP_PASSKEY_DISPLAY_REQUEST\000"
 4748      455F4556 
 4748      545F4741 
 4748      505F5041 
 4748      53534B45 
 4749              	.LASF101:
 4750 07dc 4359424C 		.ascii	"CYBLE_AIOS_NUM_OF_DIGITAL_DESCR\000"
 4750      455F4149 
 4750      4F535F4E 
 4750      554D5F4F 
 4750      465F4449 
 4751              	.LASF50:
 4752 07fc 4359424C 		.ascii	"CYBLE_EVT_GATT_CONNECT_IND\000"
 4752      455F4556 
 4752      545F4741 
 4752      54545F43 
 4752      4F4E4E45 
 4753              	.LASF76:
 4754 0817 4359424C 		.ascii	"CYBLE_EVT_L2CAP_COMMAND_REJ\000"
 4754      455F4556 
 4754      545F4C32 
 4754      4341505F 
 4754      434F4D4D 
 4755              	.LASF120:
 4756 0833 72616469 		.ascii	"radius\000"
 4756      757300
 4757              	.LASF25:
 4758 083a 4359424C 		.ascii	"CYBLE_EVT_GAPC_SCAN_PROGRESS_RESULT\000"
 4758      455F4556 
 4758      545F4741 
ARM GAS  C:\Users\ARTEM\AppData\Local\Temp\ccSYEePJ.s 			page 106


 4758      50435F53 
 4758      43414E5F 
 4759              	.LASF48:
 4760 085e 4359424C 		.ascii	"CYBLE_EVT_GAP_SMP_LOC_P256_KEYS_GEN_AND_SET_COMPLET"
 4760      455F4556 
 4760      545F4741 
 4760      505F534D 
 4760      505F4C4F 
 4761 0891 4500     		.ascii	"E\000"
 4762              	.LASF77:
 4763 0893 4359424C 		.ascii	"CYBLE_EVT_L2CAP_CBFC_CONN_IND\000"
 4763      455F4556 
 4763      545F4C32 
 4763      4341505F 
 4763      43424643 
 4764              	.LASF55:
 4765 08b1 4359424C 		.ascii	"CYBLE_EVT_GATTC_READ_BY_TYPE_RSP\000"
 4765      455F4556 
 4765      545F4741 
 4765      5454435F 
 4765      52454144 
 4766              	.LASF17:
 4767 08d2 73697A65 		.ascii	"sizetype\000"
 4767      74797065 
 4767      00
 4768              	.LASF111:
 4769 08db 53747269 		.ascii	"StripLights_CLUT\000"
 4769      704C6967 
 4769      6874735F 
 4769      434C5554 
 4769      00
 4770              	.LASF130:
 4771 08ec 53747269 		.ascii	"StripLights_Dim\000"
 4771      704C6967 
 4771      6874735F 
 4771      44696D00 
 4772              	.LASF16:
 4773 08fc 6C6F6E67 		.ascii	"long double\000"
 4773      20646F75 
 4773      626C6500 
 4774              	.LASF30:
 4775 0908 4359424C 		.ascii	"CYBLE_EVT_GAP_AUTH_FAILED\000"
 4775      455F4556 
 4775      545F4741 
 4775      505F4155 
 4775      54485F46 
 4776              	.LASF117:
 4777 0922 53747269 		.ascii	"StripLights_ColorInc\000"
 4777      704C6967 
 4777      6874735F 
 4777      436F6C6F 
 4777      72496E63 
 4778              	.LASF62:
 4779 0937 4359424C 		.ascii	"CYBLE_EVT_GATTC_WRITE_RSP\000"
 4779      455F4556 
 4779      545F4741 
 4779      5454435F 
ARM GAS  C:\Users\ARTEM\AppData\Local\Temp\ccSYEePJ.s 			page 107


 4779      57524954 
 4780              	.LASF43:
 4781 0951 4359424C 		.ascii	"CYBLE_EVT_GAPC_DIRECT_ADV_REPORT\000"
 4781      455F4556 
 4781      545F4741 
 4781      50435F44 
 4781      49524543 
 4782              	.LASF41:
 4783 0972 4359424C 		.ascii	"CYBLE_EVT_GAP_DATA_LENGTH_CHANGE\000"
 4783      455F4556 
 4783      545F4741 
 4783      505F4441 
 4783      54415F4C 
 4784              	.LASF29:
 4785 0993 4359424C 		.ascii	"CYBLE_EVT_GAP_AUTH_COMPLETE\000"
 4785      455F4556 
 4785      545F4741 
 4785      505F4155 
 4785      54485F43 
 4786              	.LASF110:
 4787 09af 696E6356 		.ascii	"incValue\000"
 4787      616C7565 
 4787      00
 4788              	.LASF99:
 4789 09b8 4359424C 		.ascii	"CYBLE_AIOS_TIME_TRIGGER_SETTINGS\000"
 4789      455F4149 
 4789      4F535F54 
 4789      494D455F 
 4789      54524947 
 4790              	.LASF67:
 4791 09d9 4359424C 		.ascii	"CYBLE_EVT_GATTC_HANDLE_VALUE_NTF\000"
 4791      455F4556 
 4791      545F4741 
 4791      5454435F 
 4791      48414E44 
 4792              	.LASF119:
 4793 09fa 53747269 		.ascii	"StripLights_DrawCircle\000"
 4793      704C6967 
 4793      6874735F 
 4793      44726177 
 4793      43697263 
 4794              	.LASF143:
 4795 0a11 53747269 		.ascii	"StripLights_SetFont\000"
 4795      704C6967 
 4795      6874735F 
 4795      53657446 
 4795      6F6E7400 
 4796              	.LASF78:
 4797 0a25 4359424C 		.ascii	"CYBLE_EVT_L2CAP_CBFC_CONN_CNF\000"
 4797      455F4556 
 4797      545F4C32 
 4797      4341505F 
 4797      43424643 
 4798              	.LASF147:
 4799 0a43 47656E65 		.ascii	"Generated_Source\\PSoC4\\StripLights.c\000"
 4799      72617465 
 4799      645F536F 
ARM GAS  C:\Users\ARTEM\AppData\Local\Temp\ccSYEePJ.s 			page 108


 4799      75726365 
 4799      5C50536F 
 4800              	.LASF109:
 4801 0a68 53747269 		.ascii	"StripLights_Trigger\000"
 4801      704C6967 
 4801      6874735F 
 4801      54726967 
 4801      67657200 
 4802              	.LASF54:
 4803 0a7c 4359424C 		.ascii	"CYBLE_EVT_GATTC_READ_BY_GROUP_TYPE_RSP\000"
 4803      455F4556 
 4803      545F4741 
 4803      5454435F 
 4803      52454144 
 4804              	.LASF132:
 4805 0aa3 53747269 		.ascii	"StripLights_Start\000"
 4805      704C6967 
 4805      6874735F 
 4805      53746172 
 4805      7400
 4806              	.LASF15:
 4807 0ab5 72656738 		.ascii	"reg8\000"
 4807      00
 4808              	.LASF1:
 4809 0aba 756E7369 		.ascii	"unsigned char\000"
 4809      676E6564 
 4809      20636861 
 4809      7200
 4810              	.LASF39:
 4811 0ac8 4359424C 		.ascii	"CYBLE_EVT_GAP_KEYPRESS_NOTIFICATION\000"
 4811      455F4556 
 4811      545F4741 
 4811      505F4B45 
 4811      59505245 
 4812              	.LASF2:
 4813 0aec 73686F72 		.ascii	"short int\000"
 4813      7420696E 
 4813      7400
 4814              	.LASF68:
 4815 0af6 4359424C 		.ascii	"CYBLE_EVT_GATTC_HANDLE_VALUE_IND\000"
 4815      455F4556 
 4815      545F4741 
 4815      5454435F 
 4815      48414E44 
 4816              	.LASF64:
 4817 0b17 4359424C 		.ascii	"CYBLE_EVT_GATTS_PREP_WRITE_REQ\000"
 4817      455F4556 
 4817      545F4741 
 4817      5454535F 
 4817      50524550 
 4818              	.LASF100:
 4819 0b36 4359424C 		.ascii	"CYBLE_AIOS_VRD\000"
 4819      455F4149 
 4819      4F535F56 
 4819      524400
 4820              	.LASF131:
 4821 0b45 64696D4C 		.ascii	"dimLevel\000"
ARM GAS  C:\Users\ARTEM\AppData\Local\Temp\ccSYEePJ.s 			page 109


 4821      6576656C 
 4821      00
 4822              	.LASF128:
 4823 0b4e 66696C6C 		.ascii	"fill\000"
 4823      00
 4824              	.LASF87:
 4825 0b53 4359424C 		.ascii	"CYBLE_EVT_HCI_PKT\000"
 4825      455F4556 
 4825      545F4843 
 4825      495F504B 
 4825      5400
 4826              	.LASF91:
 4827 0b65 4359424C 		.ascii	"CYBLE_AIOS_ANALOG\000"
 4827      455F4149 
 4827      4F535F41 
 4827      4E414C4F 
 4827      4700
 4828              	.LASF135:
 4829 0b77 6269744D 		.ascii	"bitMap\000"
 4829      617000
 4830              	.LASF114:
 4831 0b7e 53747269 		.ascii	"StripLights_DisplayClear\000"
 4831      704C6967 
 4831      6874735F 
 4831      44697370 
 4831      6C617943 
 4832              	.LASF105:
 4833 0b97 53747269 		.ascii	"StripLights_FISR\000"
 4833      704C6967 
 4833      6874735F 
 4833      46495352 
 4833      00
 4834              	.LASF69:
 4835 0ba8 4359424C 		.ascii	"CYBLE_EVT_GATTS_HANDLE_VALUE_CNF\000"
 4835      455F4556 
 4835      545F4741 
 4835      5454535F 
 4835      48414E44 
 4836              	.LASF49:
 4837 0bc9 4359424C 		.ascii	"CYBLE_EVT_GATTC_ERROR_RSP\000"
 4837      455F4556 
 4837      545F4741 
 4837      5454435F 
 4837      4552524F 
 4838              	.LASF44:
 4839 0be3 4359424C 		.ascii	"CYBLE_EVT_GAP_SMP_NEGOTIATED_AUTH_INFO\000"
 4839      455F4556 
 4839      545F4741 
 4839      505F534D 
 4839      505F4E45 
 4840              	.LASF12:
 4841 0c0a 666C6F61 		.ascii	"float\000"
 4841      7400
 4842              	.LASF88:
 4843 0c10 4359424C 		.ascii	"CYBLE_EVT_FLASH_CORRUPT\000"
 4843      455F4556 
 4843      545F464C 
ARM GAS  C:\Users\ARTEM\AppData\Local\Temp\ccSYEePJ.s 			page 110


 4843      4153485F 
 4843      434F5252 
 4844              	.LASF107:
 4845 0c28 636F6C6F 		.ascii	"color\000"
 4845      7200
 4846              	.LASF14:
 4847 0c2e 63686172 		.ascii	"char\000"
 4847      00
 4848              	.LASF33:
 4849 0c33 4359424C 		.ascii	"CYBLE_EVT_GAP_DEVICE_DISCONNECTED\000"
 4849      455F4556 
 4849      545F4741 
 4849      505F4445 
 4849      56494345 
 4850              	.LASF127:
 4851 0c55 53747269 		.ascii	"StripLights_DrawRect\000"
 4851      704C6967 
 4851      6874735F 
 4851      44726177 
 4851      52656374 
 4852              	.LASF115:
 4853 0c6a 53747269 		.ascii	"StripLights_WriteColor\000"
 4853      704C6967 
 4853      6874735F 
 4853      57726974 
 4853      65436F6C 
 4854              	.LASF72:
 4855 0c81 4359424C 		.ascii	"CYBLE_EVT_GATTS_READ_CHAR_VAL_ACCESS_REQ\000"
 4855      455F4556 
 4855      545F4741 
 4855      5454535F 
 4855      52454144 
 4856              	.LASF140:
 4857 0caa 53747269 		.ascii	"StripLights_ledArray\000"
 4857      704C6967 
 4857      6874735F 
 4857      6C656441 
 4857      72726179 
 4858              	.LASF149:
 4859 0cbf 53747269 		.ascii	"StripLights_Ready\000"
 4859      704C6967 
 4859      6874735F 
 4859      52656164 
 4859      7900
 4860              	.LASF83:
 4861 0cd1 4359424C 		.ascii	"CYBLE_EVT_L2CAP_CBFC_TX_CREDIT_IND\000"
 4861      455F4556 
 4861      545F4C32 
 4861      4341505F 
 4861      43424643 
 4862              	.LASF126:
 4863 0cf4 66726163 		.ascii	"fraction\000"
 4863      74696F6E 
 4863      00
 4864              	.LASF21:
 4865 0cfd 4359424C 		.ascii	"CYBLE_EVT_HARDWARE_ERROR\000"
 4865      455F4556 
ARM GAS  C:\Users\ARTEM\AppData\Local\Temp\ccSYEePJ.s 			page 111


 4865      545F4841 
 4865      52445741 
 4865      52455F45 
 4866              	.LASF94:
 4867 0d16 4359424C 		.ascii	"CYBLE_AIOS_CCCD\000"
 4867      455F4149 
 4867      4F535F43 
 4867      43434400 
 4868              	.LASF136:
 4869 0d26 75706461 		.ascii	"update\000"
 4869      746500
 4870              	.LASF52:
 4871 0d2d 4359424C 		.ascii	"CYBLE_EVT_GATTS_XCNHG_MTU_REQ\000"
 4871      455F4556 
 4871      545F4741 
 4871      5454535F 
 4871      58434E48 
 4872              	.LASF108:
 4873 0d4b 53747269 		.ascii	"StripLights_refreshComplete\000"
 4873      704C6967 
 4873      6874735F 
 4873      72656672 
 4873      65736843 
 4874              	.LASF59:
 4875 0d67 4359424C 		.ascii	"CYBLE_EVT_GATTC_READ_BLOB_RSP\000"
 4875      455F4556 
 4875      545F4741 
 4875      5454435F 
 4875      52454144 
 4876              	.LASF138:
 4877 0d85 6D617858 		.ascii	"maxX\000"
 4877      00
 4878              	.LASF139:
 4879 0d8a 6D617859 		.ascii	"maxY\000"
 4879      00
 4880              	.LASF57:
 4881 0d8f 4359424C 		.ascii	"CYBLE_EVT_GATTC_FIND_BY_TYPE_VALUE_RSP\000"
 4881      455F4556 
 4881      545F4741 
 4881      5454435F 
 4881      46494E44 
 4882              	.LASF37:
 4883 0db6 4359424C 		.ascii	"CYBLE_EVT_GAP_KEYINFO_EXCHNGE_CMPLT\000"
 4883      455F4556 
 4883      545F4741 
 4883      505F4B45 
 4883      59494E46 
 4884              	.LASF79:
 4885 0dda 4359424C 		.ascii	"CYBLE_EVT_L2CAP_CBFC_DISCONN_IND\000"
 4885      455F4556 
 4885      545F4C32 
 4885      4341505F 
 4885      43424643 
 4886              	.LASF145:
 4887 0dfb 53747269 		.ascii	"StripLights_fisr_StartEx\000"
 4887      704C6967 
 4887      6874735F 
ARM GAS  C:\Users\ARTEM\AppData\Local\Temp\ccSYEePJ.s 			page 112


 4887      66697372 
 4887      5F537461 
 4888              	.LASF75:
 4889 0e14 4359424C 		.ascii	"CYBLE_EVT_L2CAP_CONN_PARAM_UPDATE_RSP\000"
 4889      455F4556 
 4889      545F4C32 
 4889      4341505F 
 4889      434F4E4E 
 4890              	.LASF42:
 4891 0e3a 4359424C 		.ascii	"CYBLE_EVT_GAP_ENHANCE_CONN_COMPLETE\000"
 4891      455F4556 
 4891      545F4741 
 4891      505F454E 
 4891      48414E43 
 4892              	.LASF124:
 4893 0e5e 73746570 		.ascii	"stepx\000"
 4893      7800
 4894              	.LASF125:
 4895 0e64 73746570 		.ascii	"stepy\000"
 4895      7900
 4896              	.LASF51:
 4897 0e6a 4359424C 		.ascii	"CYBLE_EVT_GATT_DISCONNECT_IND\000"
 4897      455F4556 
 4897      545F4741 
 4897      54545F44 
 4897      4953434F 
 4898              		.ident	"GCC: (GNU Tools for ARM Embedded Processors) 5.4.1 20160609 (release) [ARM/embedded-5-bran
