Loading plugins phase: Elapsed time ==> 0s.336ms
<CYPRESSTAG name="CyDsfit arguments...">
cydsfit arguments: -.fdsnotice -.fdswarpdepfile=warp_dependencies.txt -.fdselabdepfile=elab_dependencies.txt -.fdsbldfile=generated_files.txt -.fdsreffile=referenced_files.txt -p B:\UCU Second year\Term 1\POC\Project\CyberPong\CyberPong.cydsn\CyberPong.cyprj -d CY8C4248LQI-BL583 -s B:\UCU Second year\Term 1\POC\Project\CyberPong\CyberPong.cydsn\Generated_Source\PSoC4 -- -yv2 -q10 -ygs -o2 -v3 -.fftcfgtype=LE
</CYPRESSTAG>
<CYPRESSTAG name="Design elaboration results...">
</CYPRESSTAG>
Elaboration phase: Elapsed time ==> 2s.697ms
<CYPRESSTAG name="HDL generation results...">
</CYPRESSTAG>
HDL generation phase: Elapsed time ==> 0s.256ms
<CYPRESSTAG name="Synthesis results...">

     | | | | | | |
   _________________
  -|               |-
  -|               |-
  -|               |-
  -|    CYPRESS    |-
  -|               |-
  -|               |-   Warp Verilog Synthesis Compiler: Version 6.3 IR 41
  -|               |-   Copyright (C) 1991-2001 Cypress Semiconductor
   |_______________|
     | | | | | | |

======================================================================
Compiling:  CyberPong.v
Program  :   B:\PSoC Creator\4.4\PSoC Creator\warp\bin\warp.exe
Options  :    -yv2 -q10 -ygs -o2 -v3 -.fftcfgtype=LE -ya -.fftprj=B:\UCU Second year\Term 1\POC\Project\CyberPong\CyberPong.cydsn\CyberPong.cyprj -dcpsoc3 CyberPong.v -verilog
======================================================================

======================================================================
Compiling:  CyberPong.v
Program  :   B:\PSoC Creator\4.4\PSoC Creator\warp\bin\warp.exe
Options  :    -yv2 -q10 -ygs -o2 -v3 -.fftcfgtype=LE -ya -.fftprj=B:\UCU Second year\Term 1\POC\Project\CyberPong\CyberPong.cydsn\CyberPong.cyprj -dcpsoc3 CyberPong.v -verilog
======================================================================

======================================================================
Compiling:  CyberPong.v
Program  :   vlogfe
Options  :    -yv2 -q10 -ygs -o2 -v3 -.fftcfgtype=LE -ya -.fftprj=B:\UCU Second year\Term 1\POC\Project\CyberPong\CyberPong.cydsn\CyberPong.cyprj -dcpsoc3 -verilog CyberPong.v
======================================================================

vlogfe V6.3 IR 41:  Verilog parser
Fri Dec 29 12:48:55 2023


======================================================================
Compiling:  CyberPong.v
Program  :   vpp
Options  :    -yv2 -q10 CyberPong.v
======================================================================

vpp V6.3 IR 41:  Verilog Pre-Processor
Fri Dec 29 12:48:55 2023

Flattening file 'B:\PSoC Creator\4.4\PSoC Creator\psoc\content\CyPrimitives\cyprimitives.cylib\cy_virtualmux_v1_0\cy_virtualmux_v1_0.v'
Flattening file 'B:\PSoC Creator\4.4\PSoC Creator\psoc\content\CyPrimitives\cyprimitives.cylib\ZeroTerminal\ZeroTerminal.v'
Flattening file 'B:\PSoC Creator\4.4\PSoC Creator\psoc\content\CyPrimitives\cyprimitives.cylib\or_v1_0\or_v1_0.v'
Flattening file 'B:\PSoC Creator\4.4\PSoC Creator\psoc\content\CyPrimitives\cyprimitives.cylib\not_v1_0\not_v1_0.v'
Flattening file 'B:\PSoC Creator\4.4\PSoC Creator\psoc\content\CyPrimitives\cyprimitives.cylib\and_v1_0\and_v1_0.v'
Flattening file 'B:\PSoC Creator\4.4\PSoC Creator\psoc\content\CyPrimitives\cyprimitives.cylib\CyControlReg_v1_80\CyControlReg_v1_80.v'
Flattening file 'B:\PSoC Creator\4.4\PSoC Creator\warp\lib\common\cypress.v'
Flattening file 'B:\PSoC Creator\4.4\PSoC Creator\warp\lib\common\cy_psoc3_inc.v'
Flattening file 'B:\PSoC Creator\4.4\PSoC Creator\psoc\content\CyPrimitives\cyprimitives.cylib\cy_constant_v1_0\cy_constant_v1_0.v'
Flattening file 'B:\PSoC Creator\4.4\PSoC Creator\psoc\content\CyPrimitives\cyprimitives.cylib\cy_analog_virtualmux_v1_0\cy_analog_virtualmux_v1_0.v'
Flattening file 'B:\PSoC Creator\4.4\PSoC Creator\psoc\content\CyComponentLibrary\CyComponentLibrary.cylib\Bus_Connect_v2_50\Bus_Connect_v2_50.v'
Flattening file 'B:\PSoC Creator\4.4\PSoC Creator\warp\lib\common\cypress.v'
Flattening file 'B:\PSoC Creator\4.4\PSoC Creator\psoc\content\CyPrimitives\cyprimitives.cylib\demux_v1_10\demux_v1_10.v'
Flattening file 'B:\UCU Second year\Term 1\POC\Project\CyberPong\CyberPong.cydsn\B_WS2811_v1_3\B_WS2811_v1_3.v'
Flattening file 'B:\PSoC Creator\4.4\PSoC Creator\warp\lib\common\cypress.v'

vpp:  No errors.

Library 'work' => directory 'lcpsoc3'
General_symbol_table
General_symbol_table
Linking 'B:\PSoC Creator\4.4\PSoC Creator\warp\lib\common\std.vhd'.
Linking 'B:\PSoC Creator\4.4\PSoC Creator\warp\lib\common\cypress.vhd'.
Linking 'B:\PSoC Creator\4.4\PSoC Creator\warp\lib\common\work\cypress.vif'.
Linking 'B:\PSoC Creator\4.4\PSoC Creator\warp\lib\ieee\work\stdlogic.vif'.
Linking 'B:\PSoC Creator\4.4\PSoC Creator\warp\lib\common\stdlogic\lpmpkg.vif'.
Linking 'B:\PSoC Creator\4.4\PSoC Creator\warp\lib\common\stdlogic\rtlpkg.vif'.
Linking 'B:\PSoC Creator\4.4\PSoC Creator\warp\lib\common\stdlogic\mod_cnst.vif'.
Linking 'B:\PSoC Creator\4.4\PSoC Creator\warp\lib\common\stdlogic\mod_mthv.vif'.
Linking 'B:\PSoC Creator\4.4\PSoC Creator\warp\lib\common\stdlogic\mod_genv.vif'.
Using control file 'CyberPong.ctl'.
B:\UCU Second year\Term 1\POC\Project\CyberPong\CyberPong.cydsn\B_WS2811_v1_3\B_WS2811_v1_3.v (line 165, col 50):  Note: Substituting module 'add_vv_vv' for '+'.
Linking 'B:\PSoC Creator\4.4\PSoC Creator\warp\lib\common\stdlogic\cy_psoc3pkg.vif'.
Linking 'B:\PSoC Creator\4.4\PSoC Creator\warp\lib\common\stdlogic\cy_psoc3.vif'.

vlogfe:  No errors.


======================================================================
Compiling:  CyberPong.v
Program  :   tovif
Options  :    -yv2 -q10 -ygs -o2 -v3 -.fftcfgtype=LE -ya -.fftprj=B:\UCU Second year\Term 1\POC\Project\CyberPong\CyberPong.cydsn\CyberPong.cyprj -dcpsoc3 -verilog CyberPong.v
======================================================================

tovif V6.3 IR 41:  High-level synthesis
Fri Dec 29 12:48:55 2023

Linking 'B:\PSoC Creator\4.4\PSoC Creator\warp\lib\common\std.vhd'.
Linking 'B:\PSoC Creator\4.4\PSoC Creator\warp\lib\common\cypress.vhd'.
Linking 'B:\PSoC Creator\4.4\PSoC Creator\warp\lib\common\work\cypress.vif'.
Linking 'B:\PSoC Creator\4.4\PSoC Creator\warp\lib\ieee\work\stdlogic.vif'.
Linking 'B:\PSoC Creator\4.4\PSoC Creator\warp\lib\common\stdlogic\lpmpkg.vif'.
Linking 'B:\PSoC Creator\4.4\PSoC Creator\warp\lib\common\stdlogic\rtlpkg.vif'.
Linking 'B:\PSoC Creator\4.4\PSoC Creator\warp\lib\common\stdlogic\mod_cnst.vif'.
Linking 'B:\PSoC Creator\4.4\PSoC Creator\warp\lib\common\stdlogic\mod_mthv.vif'.
Linking 'B:\PSoC Creator\4.4\PSoC Creator\warp\lib\common\stdlogic\mod_genv.vif'.
Linking 'B:\UCU Second year\Term 1\POC\Project\CyberPong\CyberPong.cydsn\codegentemp\CyberPong.ctl'.
Linking 'B:\PSoC Creator\4.4\PSoC Creator\psoc\content\CyPrimitives\cyprimitives.cylib\cy_virtualmux_v1_0\cy_virtualmux_v1_0.v'.
Linking 'B:\UCU Second year\Term 1\POC\Project\CyberPong\CyberPong.cydsn\codegentemp\CyberPong.v'.
Linking 'B:\PSoC Creator\4.4\PSoC Creator\psoc\content\CyPrimitives\cyprimitives.cylib\ZeroTerminal\ZeroTerminal.v'.
Linking 'B:\PSoC Creator\4.4\PSoC Creator\psoc\content\CyPrimitives\cyprimitives.cylib\or_v1_0\or_v1_0.v'.
Linking 'B:\PSoC Creator\4.4\PSoC Creator\psoc\content\CyPrimitives\cyprimitives.cylib\not_v1_0\not_v1_0.v'.
Linking 'B:\PSoC Creator\4.4\PSoC Creator\psoc\content\CyPrimitives\cyprimitives.cylib\and_v1_0\and_v1_0.v'.
Linking 'B:\PSoC Creator\4.4\PSoC Creator\psoc\content\CyPrimitives\cyprimitives.cylib\CyControlReg_v1_80\CyControlReg_v1_80.v'.
Linking 'B:\PSoC Creator\4.4\PSoC Creator\warp\lib\common\cypress.v'.
Linking 'B:\PSoC Creator\4.4\PSoC Creator\warp\lib\common\cy_psoc3_inc.v'.
Linking 'B:\PSoC Creator\4.4\PSoC Creator\psoc\content\CyPrimitives\cyprimitives.cylib\cy_constant_v1_0\cy_constant_v1_0.v'.
Linking 'B:\PSoC Creator\4.4\PSoC Creator\psoc\content\CyPrimitives\cyprimitives.cylib\cy_analog_virtualmux_v1_0\cy_analog_virtualmux_v1_0.v'.
Linking 'B:\PSoC Creator\4.4\PSoC Creator\psoc\content\CyComponentLibrary\CyComponentLibrary.cylib\Bus_Connect_v2_50\Bus_Connect_v2_50.v'.
Linking 'B:\PSoC Creator\4.4\PSoC Creator\psoc\content\CyPrimitives\cyprimitives.cylib\demux_v1_10\demux_v1_10.v'.
Linking 'B:\UCU Second year\Term 1\POC\Project\CyberPong\CyberPong.cydsn\B_WS2811_v1_3\B_WS2811_v1_3.v'.
Linking 'B:\PSoC Creator\4.4\PSoC Creator\warp\lib\common\stdlogic\cy_psoc3pkg.vif'.
Linking 'B:\PSoC Creator\4.4\PSoC Creator\warp\lib\common\stdlogic\cy_psoc3.vif'.
Linking 'B:\PSoC Creator\4.4\PSoC Creator\warp\lib\lcpsoc3\stdlogic\mod_cnst.vif'.

tovif:  No errors.


======================================================================
Compiling:  CyberPong.v
Program  :   topld
Options  :    -yv2 -q10 -ygs -o2 -v3 -.fftcfgtype=LE -ya -.fftprj=B:\UCU Second year\Term 1\POC\Project\CyberPong\CyberPong.cydsn\CyberPong.cyprj -dcpsoc3 -verilog CyberPong.v
======================================================================

topld V6.3 IR 41:  Synthesis and optimization
Fri Dec 29 12:48:56 2023

Linking 'B:\PSoC Creator\4.4\PSoC Creator\warp\lib\common\std.vhd'.
Linking 'B:\PSoC Creator\4.4\PSoC Creator\warp\lib\common\cypress.vhd'.
Linking 'B:\PSoC Creator\4.4\PSoC Creator\warp\lib\common\work\cypress.vif'.
Linking 'B:\PSoC Creator\4.4\PSoC Creator\warp\lib\ieee\work\stdlogic.vif'.
Linking 'B:\PSoC Creator\4.4\PSoC Creator\warp\lib\common\stdlogic\lpmpkg.vif'.
Linking 'B:\PSoC Creator\4.4\PSoC Creator\warp\lib\common\stdlogic\rtlpkg.vif'.
Linking 'B:\PSoC Creator\4.4\PSoC Creator\warp\lib\common\stdlogic\mod_cnst.vif'.
Linking 'B:\PSoC Creator\4.4\PSoC Creator\warp\lib\common\stdlogic\mod_mthv.vif'.
Linking 'B:\PSoC Creator\4.4\PSoC Creator\warp\lib\common\stdlogic\mod_genv.vif'.
Linking 'B:\UCU Second year\Term 1\POC\Project\CyberPong\CyberPong.cydsn\codegentemp\CyberPong.ctl'.
Linking 'B:\PSoC Creator\4.4\PSoC Creator\psoc\content\CyPrimitives\cyprimitives.cylib\cy_virtualmux_v1_0\cy_virtualmux_v1_0.v'.
Linking 'B:\UCU Second year\Term 1\POC\Project\CyberPong\CyberPong.cydsn\codegentemp\CyberPong.v'.
Linking 'B:\PSoC Creator\4.4\PSoC Creator\psoc\content\CyPrimitives\cyprimitives.cylib\ZeroTerminal\ZeroTerminal.v'.
Linking 'B:\PSoC Creator\4.4\PSoC Creator\psoc\content\CyPrimitives\cyprimitives.cylib\or_v1_0\or_v1_0.v'.
Linking 'B:\PSoC Creator\4.4\PSoC Creator\psoc\content\CyPrimitives\cyprimitives.cylib\not_v1_0\not_v1_0.v'.
Linking 'B:\PSoC Creator\4.4\PSoC Creator\psoc\content\CyPrimitives\cyprimitives.cylib\and_v1_0\and_v1_0.v'.
Linking 'B:\PSoC Creator\4.4\PSoC Creator\psoc\content\CyPrimitives\cyprimitives.cylib\CyControlReg_v1_80\CyControlReg_v1_80.v'.
Linking 'B:\PSoC Creator\4.4\PSoC Creator\warp\lib\common\cypress.v'.
Linking 'B:\PSoC Creator\4.4\PSoC Creator\warp\lib\common\cy_psoc3_inc.v'.
Linking 'B:\PSoC Creator\4.4\PSoC Creator\psoc\content\CyPrimitives\cyprimitives.cylib\cy_constant_v1_0\cy_constant_v1_0.v'.
Linking 'B:\PSoC Creator\4.4\PSoC Creator\psoc\content\CyPrimitives\cyprimitives.cylib\cy_analog_virtualmux_v1_0\cy_analog_virtualmux_v1_0.v'.
Linking 'B:\PSoC Creator\4.4\PSoC Creator\psoc\content\CyComponentLibrary\CyComponentLibrary.cylib\Bus_Connect_v2_50\Bus_Connect_v2_50.v'.
Linking 'B:\PSoC Creator\4.4\PSoC Creator\psoc\content\CyPrimitives\cyprimitives.cylib\demux_v1_10\demux_v1_10.v'.
Linking 'B:\UCU Second year\Term 1\POC\Project\CyberPong\CyberPong.cydsn\B_WS2811_v1_3\B_WS2811_v1_3.v'.
Linking 'B:\PSoC Creator\4.4\PSoC Creator\warp\lib\common\stdlogic\cy_psoc3pkg.vif'.
Linking 'B:\PSoC Creator\4.4\PSoC Creator\warp\lib\common\stdlogic\cy_psoc3.vif'.
Linking 'B:\PSoC Creator\4.4\PSoC Creator\warp\lib\lcpsoc3\stdlogic\mod_cnst.vif'.
Linking 'B:\PSoC Creator\4.4\PSoC Creator\warp\lib\lcpsoc3\stdlogic\cpsoc3.vif'.

----------------------------------------------------------
Detecting unused logic.
----------------------------------------------------------
    User names
	\UART:Net_1257\
	\UART:uncfg_rx_irq\
	\UART:Net_1099\
	\UART:Net_1258\
	Net_189
	Net_190
	Net_191
	Net_192
	Net_193
	Net_194
	Net_195
	Net_198
	Net_199
	Net_206
	Net_2642
	Net_2643
	Net_2644
	Net_2645
	Net_1576
	\Bluetooth:Net_55\
	\ADC:Net_3125\
	\ADC:Net_3126\
	\StripLights:demux_1:tmp__demux_1_1_reg\
	\StripLights:demux_1:tmp__demux_1_2_reg\
	\StripLights:demux_1:tmp__demux_1_3_reg\
	\StripLights:demux_1:tmp__demux_1_4_reg\
	\StripLights:demux_1:tmp__demux_1_5_reg\
	\StripLights:demux_1:tmp__demux_1_6_reg\
	\StripLights:demux_1:tmp__demux_1_7_reg\
	\StripLights:demux_1:tmp__demux_1_8_reg\
	\StripLights:demux_1:tmp__demux_1_9_reg\
	\StripLights:demux_1:tmp__demux_1_10_reg\
	\StripLights:demux_1:tmp__demux_1_11_reg\
	\StripLights:demux_1:tmp__demux_1_12_reg\
	\StripLights:demux_1:tmp__demux_1_13_reg\
	\StripLights:demux_1:tmp__demux_1_14_reg\
	\StripLights:demux_1:tmp__demux_1_15_reg\
	Net_2692
	Net_2699
	Net_2700
	Net_2701
	Net_2702
	Net_2703
	Net_2704
	Net_2705
	Net_2706
	Net_2693
	Net_2694
	Net_2695
	Net_2696
	Net_2697
	Net_2698
	\StripLights:Net_167\
	\StripLights:Net_168\
	\StripLights:Net_169\
	\StripLights:Net_170\
	\StripLights:B_WS2811:npwmTC\
	\StripLights:B_WS2811:restart\
	\StripLights:Net_163\
	\StripLights:B_WS2811:MODULE_1:g2:a0:b_2\
	\StripLights:B_WS2811:MODULE_1:g2:a0:b_1\
	\StripLights:B_WS2811:MODULE_1:g2:a0:b_0\


Deleted 62 User equations/components.
Deleted 0 Synthesized equations/components.

------------------------------------------------------
Alias Detection
------------------------------------------------------
Aliasing one to tmpOE__Pin_Output_UP_net_0
Aliasing \UART:select_s_wire\ to zero
Aliasing \UART:sclk_s_wire\ to zero
Aliasing \UART:mosi_s_wire\ to zero
Aliasing \UART:miso_m_wire\ to zero
Aliasing \UART:tmpOE__tx_net_0\ to tmpOE__Pin_Output_UP_net_0
Aliasing \UART:tmpOE__rx_net_0\ to tmpOE__Pin_Output_UP_net_0
Aliasing \UART:cts_wire\ to zero
Aliasing tmpOE__Pin_Output_UP_GROUND_net_0 to tmpOE__Pin_Output_UP_net_0
Aliasing tmpOE__Pin_Output_RIGHT_net_0 to tmpOE__Pin_Output_UP_net_0
Aliasing \PWM:Net_75\ to zero
Aliasing \PWM:Net_69\ to tmpOE__Pin_Output_UP_net_0
Aliasing \PWM:Net_66\ to zero
Aliasing \PWM:Net_82\ to zero
Aliasing \PWM:Net_72\ to zero
Aliasing tmpOE__Pin_Output_Serve_net_0 to tmpOE__Pin_Output_UP_net_0
Aliasing tmpOE__Pin_Output_RIGHT_GROUND_net_0 to tmpOE__Pin_Output_UP_net_0
Aliasing tmpOE__Pin_Output_LEFT_net_0 to tmpOE__Pin_Output_UP_net_0
Aliasing tmpOE__Pin_Output_LEFT_GROUND_net_0 to tmpOE__Pin_Output_UP_net_0
Aliasing tmpOE__Pin_Input_BallTrigger_net_0 to tmpOE__Pin_Output_UP_net_0
Aliasing tmpOE__Pin_Output_DOWN_GROUND_net_0 to tmpOE__Pin_Output_UP_net_0
Aliasing \Control_Rotation:clk\ to zero
Aliasing \Control_Rotation:rst\ to zero
Aliasing tmpOE__Pin_Output_DOWN_net_0 to tmpOE__Pin_Output_UP_net_0
Aliasing tmpOE__ENA_P_16_net_0 to tmpOE__Pin_Output_UP_net_0
Aliasing tmpOE__IN1_P_01_net_0 to tmpOE__Pin_Output_UP_net_0
Aliasing tmpOE__IN2_P_00_net_0 to tmpOE__Pin_Output_UP_net_0
Aliasing tmpOE__Pin_Motor_net_0 to tmpOE__Pin_Output_UP_net_0
Aliasing \PWM_Down:Net_75\ to zero
Aliasing \PWM_Down:Net_69\ to tmpOE__Pin_Output_UP_net_0
Aliasing \PWM_Down:Net_66\ to zero
Aliasing \PWM_Down:Net_82\ to zero
Aliasing \PWM_Down:Net_72\ to zero
Aliasing \ADC:Net_3107\ to zero
Aliasing \ADC:Net_3106\ to zero
Aliasing \ADC:Net_3105\ to zero
Aliasing \ADC:Net_3104\ to zero
Aliasing \ADC:Net_3103\ to zero
Aliasing \ADC:Net_3207_1\ to zero
Aliasing \ADC:Net_3207_0\ to zero
Aliasing \ADC:Net_3235\ to zero
Aliasing tmpOE__P_03_net_0 to tmpOE__Pin_Output_UP_net_0
Aliasing \StripLights:Net_7\ to zero
Aliasing \StripLights:StringSel:clk\ to zero
Aliasing \StripLights:StringSel:rst\ to zero
Aliasing \StripLights:B_WS2811:status_5\ to zero
Aliasing \StripLights:B_WS2811:status_4\ to zero
Aliasing \StripLights:B_WS2811:status_3\ to zero
Aliasing \StripLights:B_WS2811:status_2\ to zero
Aliasing \StripLights:B_WS2811:dataOut\\S\ to zero
Aliasing \StripLights:B_WS2811:xferCmpt\\R\ to \StripLights:B_WS2811:dataOut\\R\
Aliasing \StripLights:B_WS2811:xferCmpt\\S\ to zero
Aliasing \StripLights:B_WS2811:bitCount_2\\R\ to \StripLights:B_WS2811:dataOut\\R\
Aliasing \StripLights:B_WS2811:bitCount_2\\S\ to zero
Aliasing \StripLights:B_WS2811:state_1\\R\ to \StripLights:B_WS2811:dataOut\\R\
Aliasing \StripLights:B_WS2811:state_1\\S\ to zero
Aliasing \StripLights:B_WS2811:state_0\\R\ to \StripLights:B_WS2811:dataOut\\R\
Aliasing \StripLights:B_WS2811:state_0\\S\ to zero
Aliasing \StripLights:B_WS2811:bitCount_1\\R\ to \StripLights:B_WS2811:dataOut\\R\
Aliasing \StripLights:B_WS2811:bitCount_1\\S\ to zero
Aliasing \StripLights:B_WS2811:bitCount_0\\R\ to \StripLights:B_WS2811:dataOut\\R\
Aliasing \StripLights:B_WS2811:bitCount_0\\S\ to zero
Aliasing \StripLights:B_WS2811:dpAddr_1\\R\ to \StripLights:B_WS2811:dataOut\\R\
Aliasing \StripLights:B_WS2811:dpAddr_1\\S\ to zero
Aliasing \StripLights:B_WS2811:dpAddr_0\\R\ to \StripLights:B_WS2811:dataOut\\R\
Aliasing \StripLights:B_WS2811:dpAddr_0\\S\ to zero
Aliasing \StripLights:B_WS2811:pwmCntl\\R\ to zero
Aliasing \StripLights:B_WS2811:pwmCntl\\S\ to \StripLights:B_WS2811:dataOut\\R\
Aliasing \StripLights:B_WS2811:dshifter:cs_addr_2\ to zero
Aliasing \StripLights:B_WS2811:pwm8:cs_addr_2\ to zero
Aliasing \StripLights:B_WS2811:MODULE_1:g2:a0:g1:z1:s0:g1:u0:b_0\ to tmpOE__Pin_Output_UP_net_0
Aliasing tmpOE__Din_net_0 to tmpOE__Pin_Output_UP_net_0
Removing Lhs of wire one[9] = tmpOE__Pin_Output_UP_net_0[3]
Removing Lhs of wire \UART:select_s_wire\[13] = zero[8]
Removing Rhs of wire \UART:rx_wire\[14] = \UART:Net_1268\[15]
Removing Lhs of wire \UART:Net_1170\[18] = \UART:Net_847\[12]
Removing Lhs of wire \UART:sclk_s_wire\[19] = zero[8]
Removing Lhs of wire \UART:mosi_s_wire\[20] = zero[8]
Removing Lhs of wire \UART:miso_m_wire\[21] = zero[8]
Removing Lhs of wire \UART:tmpOE__tx_net_0\[23] = tmpOE__Pin_Output_UP_net_0[3]
Removing Lhs of wire \UART:tmpOE__rx_net_0\[32] = tmpOE__Pin_Output_UP_net_0[3]
Removing Lhs of wire \UART:cts_wire\[36] = zero[8]
Removing Lhs of wire tmpOE__Pin_Output_UP_GROUND_net_0[63] = tmpOE__Pin_Output_UP_net_0[3]
Removing Rhs of wire Net_4260[70] = \Control_Rotation:control_out_0\[138]
Removing Rhs of wire Net_4260[70] = \Control_Rotation:control_0\[159]
Removing Lhs of wire tmpOE__Pin_Output_RIGHT_net_0[72] = tmpOE__Pin_Output_UP_net_0[3]
Removing Lhs of wire \PWM:Net_81\[79] = Net_2919[1]
Removing Lhs of wire \PWM:Net_75\[80] = zero[8]
Removing Lhs of wire \PWM:Net_69\[81] = tmpOE__Pin_Output_UP_net_0[3]
Removing Lhs of wire \PWM:Net_66\[82] = zero[8]
Removing Lhs of wire \PWM:Net_82\[83] = zero[8]
Removing Lhs of wire \PWM:Net_72\[84] = zero[8]
Removing Lhs of wire tmpOE__Pin_Output_Serve_net_0[92] = tmpOE__Pin_Output_UP_net_0[3]
Removing Lhs of wire tmpOE__Pin_Output_RIGHT_GROUND_net_0[98] = tmpOE__Pin_Output_UP_net_0[3]
Removing Lhs of wire tmpOE__Pin_Output_LEFT_net_0[105] = tmpOE__Pin_Output_UP_net_0[3]
Removing Lhs of wire tmpOE__Pin_Output_LEFT_GROUND_net_0[112] = tmpOE__Pin_Output_UP_net_0[3]
Removing Rhs of wire Net_4276[118] = \Control_Rotation:control_out_1\[139]
Removing Rhs of wire Net_4276[118] = \Control_Rotation:control_1\[158]
Removing Lhs of wire tmpOE__Pin_Input_BallTrigger_net_0[121] = tmpOE__Pin_Output_UP_net_0[3]
Removing Lhs of wire tmpOE__Pin_Output_DOWN_GROUND_net_0[127] = tmpOE__Pin_Output_UP_net_0[3]
Removing Rhs of wire Net_1378[135] = \Control_Rotation:control_out_2\[140]
Removing Rhs of wire Net_1378[135] = \Control_Rotation:control_2\[157]
Removing Lhs of wire \Control_Rotation:clk\[136] = zero[8]
Removing Lhs of wire \Control_Rotation:rst\[137] = zero[8]
Removing Rhs of wire Net_4270[141] = \Control_Rotation:control_out_3\[142]
Removing Rhs of wire Net_4270[141] = \Control_Rotation:control_3\[156]
Removing Lhs of wire tmpOE__Pin_Output_DOWN_net_0[163] = tmpOE__Pin_Output_UP_net_0[3]
Removing Lhs of wire tmpOE__ENA_P_16_net_0[177] = tmpOE__Pin_Output_UP_net_0[3]
Removing Lhs of wire tmpOE__IN1_P_01_net_0[184] = tmpOE__Pin_Output_UP_net_0[3]
Removing Lhs of wire tmpOE__IN2_P_00_net_0[190] = tmpOE__Pin_Output_UP_net_0[3]
Removing Lhs of wire tmpOE__Pin_Motor_net_0[196] = tmpOE__Pin_Output_UP_net_0[3]
Removing Lhs of wire \PWM_Down:Net_81\[204] = Net_2904[202]
Removing Lhs of wire \PWM_Down:Net_75\[205] = zero[8]
Removing Lhs of wire \PWM_Down:Net_69\[206] = tmpOE__Pin_Output_UP_net_0[3]
Removing Lhs of wire \PWM_Down:Net_66\[207] = zero[8]
Removing Lhs of wire \PWM_Down:Net_82\[208] = zero[8]
Removing Lhs of wire \PWM_Down:Net_72\[209] = zero[8]
Removing Lhs of wire \ADC:Net_3107\[286] = zero[8]
Removing Lhs of wire \ADC:Net_3106\[287] = zero[8]
Removing Lhs of wire \ADC:Net_3105\[288] = zero[8]
Removing Lhs of wire \ADC:Net_3104\[289] = zero[8]
Removing Lhs of wire \ADC:Net_3103\[290] = zero[8]
Removing Lhs of wire \ADC:Net_17\[332] = \ADC:Net_1845\[217]
Removing Lhs of wire \ADC:Net_3207_1\[354] = zero[8]
Removing Lhs of wire \ADC:Net_3207_0\[355] = zero[8]
Removing Lhs of wire \ADC:Net_3235\[356] = zero[8]
Removing Lhs of wire tmpOE__P_03_net_0[430] = tmpOE__Pin_Output_UP_net_0[3]
Removing Lhs of wire \StripLights:Net_7\[435] = zero[8]
Removing Rhs of wire \StripLights:saddr_3\[441] = \StripLights:StringSel:control_out_3\[482]
Removing Rhs of wire \StripLights:saddr_3\[441] = \StripLights:StringSel:control_3\[496]
Removing Rhs of wire \StripLights:saddr_2\[442] = \StripLights:StringSel:control_out_2\[481]
Removing Rhs of wire \StripLights:saddr_2\[442] = \StripLights:StringSel:control_2\[497]
Removing Rhs of wire \StripLights:saddr_1\[443] = \StripLights:StringSel:control_out_1\[480]
Removing Rhs of wire \StripLights:saddr_1\[443] = \StripLights:StringSel:control_1\[498]
Removing Rhs of wire \StripLights:saddr_0\[444] = \StripLights:StringSel:control_out_0\[479]
Removing Rhs of wire \StripLights:saddr_0\[444] = \StripLights:StringSel:control_0\[499]
Removing Rhs of wire \StripLights:Net_64\[445] = \StripLights:B_WS2811:dataOut\[506]
Removing Rhs of wire Net_2[461] = \StripLights:demux_1:tmp__demux_1_0_reg\[440]
Removing Lhs of wire \StripLights:StringSel:clk\[477] = zero[8]
Removing Lhs of wire \StripLights:StringSel:rst\[478] = zero[8]
Removing Rhs of wire \StripLights:B_WS2811:status_7\[518] = \StripLights:B_WS2811:enable\[526]
Removing Lhs of wire \StripLights:B_WS2811:status_7\[518] = \StripLights:B_WS2811:control_0\[515]
Removing Rhs of wire \StripLights:B_WS2811:status_6\[519] = \StripLights:B_WS2811:xferCmpt\[534]
Removing Lhs of wire \StripLights:B_WS2811:status_5\[520] = zero[8]
Removing Lhs of wire \StripLights:B_WS2811:status_4\[521] = zero[8]
Removing Lhs of wire \StripLights:B_WS2811:status_3\[522] = zero[8]
Removing Lhs of wire \StripLights:B_WS2811:status_2\[523] = zero[8]
Removing Rhs of wire \StripLights:B_WS2811:status_1\[524] = \StripLights:B_WS2811:fifoNotFull\[533]
Removing Rhs of wire \StripLights:B_WS2811:status_0\[525] = \StripLights:B_WS2811:fifoEmpty\[532]
Removing Lhs of wire \StripLights:B_WS2811:fifo_irq_en\[529] = \StripLights:B_WS2811:control_3\[512]
Removing Lhs of wire \StripLights:B_WS2811:xfrCmpt_irq_en\[530] = \StripLights:B_WS2811:control_4\[511]
Removing Lhs of wire \StripLights:B_WS2811:next_row\[531] = \StripLights:B_WS2811:control_5\[510]
Removing Lhs of wire \StripLights:B_WS2811:add_vv_vv_MODGEN_1_2\[538] = \StripLights:B_WS2811:MODULE_1:g2:a0:s_2\[638]
Removing Lhs of wire \StripLights:B_WS2811:add_vv_vv_MODGEN_1_1\[540] = \StripLights:B_WS2811:MODULE_1:g2:a0:s_1\[639]
Removing Lhs of wire \StripLights:B_WS2811:add_vv_vv_MODGEN_1_0\[542] = \StripLights:B_WS2811:MODULE_1:g2:a0:s_0\[640]
Removing Lhs of wire \StripLights:B_WS2811:dataOut\\R\[547] = zero[8]
Removing Lhs of wire \StripLights:B_WS2811:dataOut\\S\[548] = zero[8]
Removing Lhs of wire \StripLights:B_WS2811:xferCmpt\\R\[549] = zero[8]
Removing Lhs of wire \StripLights:B_WS2811:xferCmpt\\S\[550] = zero[8]
Removing Lhs of wire \StripLights:B_WS2811:bitCount_2\\R\[551] = zero[8]
Removing Lhs of wire \StripLights:B_WS2811:bitCount_2\\S\[552] = zero[8]
Removing Lhs of wire \StripLights:B_WS2811:state_1\\R\[553] = zero[8]
Removing Lhs of wire \StripLights:B_WS2811:state_1\\S\[554] = zero[8]
Removing Lhs of wire \StripLights:B_WS2811:state_0\\R\[555] = zero[8]
Removing Lhs of wire \StripLights:B_WS2811:state_0\\S\[556] = zero[8]
Removing Lhs of wire \StripLights:B_WS2811:bitCount_1\\R\[557] = zero[8]
Removing Lhs of wire \StripLights:B_WS2811:bitCount_1\\S\[558] = zero[8]
Removing Lhs of wire \StripLights:B_WS2811:bitCount_0\\R\[559] = zero[8]
Removing Lhs of wire \StripLights:B_WS2811:bitCount_0\\S\[560] = zero[8]
Removing Lhs of wire \StripLights:B_WS2811:dpAddr_1\\R\[561] = zero[8]
Removing Lhs of wire \StripLights:B_WS2811:dpAddr_1\\S\[562] = zero[8]
Removing Lhs of wire \StripLights:B_WS2811:dpAddr_0\\R\[563] = zero[8]
Removing Lhs of wire \StripLights:B_WS2811:dpAddr_0\\S\[564] = zero[8]
Removing Lhs of wire \StripLights:B_WS2811:pwmCntl\\R\[565] = zero[8]
Removing Lhs of wire \StripLights:B_WS2811:pwmCntl\\S\[566] = zero[8]
Removing Lhs of wire \StripLights:B_WS2811:dshifter:cs_addr_2\[568] = zero[8]
Removing Lhs of wire \StripLights:B_WS2811:pwm8:cs_addr_2\[599] = zero[8]
Removing Lhs of wire \StripLights:B_WS2811:MODULE_1:g2:a0:a_2\[629] = \StripLights:B_WS2811:MODIN1_2\[630]
Removing Lhs of wire \StripLights:B_WS2811:MODIN1_2\[630] = \StripLights:B_WS2811:bitCount_2\[535]
Removing Lhs of wire \StripLights:B_WS2811:MODULE_1:g2:a0:a_1\[631] = \StripLights:B_WS2811:MODIN1_1\[632]
Removing Lhs of wire \StripLights:B_WS2811:MODIN1_1\[632] = \StripLights:B_WS2811:bitCount_1\[539]
Removing Lhs of wire \StripLights:B_WS2811:MODULE_1:g2:a0:a_0\[633] = \StripLights:B_WS2811:MODIN1_0\[634]
Removing Lhs of wire \StripLights:B_WS2811:MODIN1_0\[634] = \StripLights:B_WS2811:bitCount_0\[541]
Removing Lhs of wire \StripLights:B_WS2811:MODULE_1:g2:a0:g1:z1:s0:g1:u0:c_0\[643] = tmpOE__Pin_Output_UP_net_0[3]
Removing Lhs of wire \StripLights:B_WS2811:MODULE_1:g2:a0:g1:z1:s0:g1:u0:b_0\[644] = tmpOE__Pin_Output_UP_net_0[3]
Removing Lhs of wire tmpOE__Din_net_0[653] = tmpOE__Pin_Output_UP_net_0[3]

------------------------------------------------------
Aliased 0 equations, 114 wires.
------------------------------------------------------

----------------------------------------------------------
Circuit simplification
----------------------------------------------------------

Substituting virtuals - pass 1:

Note:  Expanding virtual equation for 'tmpOE__Pin_Output_UP_net_0' (cost = 0):
tmpOE__Pin_Output_UP_net_0 <=  ('1') ;

Note:  Expanding virtual equation for 'Net_1381' (cost = 0):
Net_1381 <= (not Net_1378);

Note:  Expanding virtual equation for 'Net_1386' (cost = 0):
Net_1386 <= (not Net_4260);

Note:  Expanding virtual equation for 'Net_1391' (cost = 0):
Net_1391 <= (not Net_4276);

Note:  Expanding virtual equation for 'Net_899' (cost = 0):
Net_899 <= (not Net_4270);

Note:  Expanding virtual equation for '\StripLights:B_WS2811:zeroBit\' (cost = 0):
\StripLights:B_WS2811:zeroBit\ <= (not \StripLights:B_WS2811:zeroCmp\);

Note:  Expanding virtual equation for '\StripLights:B_WS2811:oneBit\' (cost = 0):
\StripLights:B_WS2811:oneBit\ <= (not \StripLights:B_WS2811:oneCmp\);

Note:  Expanding virtual equation for '\StripLights:B_WS2811:MODULE_1:g2:a0:g1:z1:s0:g1:u0:c_1\' (cost = 0):
\StripLights:B_WS2811:MODULE_1:g2:a0:g1:z1:s0:g1:u0:c_1\ <= (\StripLights:B_WS2811:bitCount_0\);

Note:  Expanding virtual equation for '\StripLights:B_WS2811:MODULE_1:g2:a0:s_0\' (cost = 0):
\StripLights:B_WS2811:MODULE_1:g2:a0:s_0\ <= (not \StripLights:B_WS2811:bitCount_0\);


Substituting virtuals - pass 2:

Note:  Expanding virtual equation for '\StripLights:B_WS2811:MODULE_1:g2:a0:g1:z1:s0:g1:u0:c_2\' (cost = 3):
\StripLights:B_WS2811:MODULE_1:g2:a0:g1:z1:s0:g1:u0:c_2\ <= ((\StripLights:B_WS2811:bitCount_1\ and \StripLights:B_WS2811:bitCount_0\));

Note:  Expanding virtual equation for '\StripLights:B_WS2811:MODULE_1:g2:a0:s_1\' (cost = 8):
\StripLights:B_WS2811:MODULE_1:g2:a0:s_1\ <= ((not \StripLights:B_WS2811:bitCount_0\ and \StripLights:B_WS2811:bitCount_1\)
	OR (not \StripLights:B_WS2811:bitCount_1\ and \StripLights:B_WS2811:bitCount_0\));


Substituting virtuals - pass 3:

Note:  Expanding virtual equation for '\StripLights:B_WS2811:MODULE_1:g2:a0:s_2\' (cost = 48):
\StripLights:B_WS2811:MODULE_1:g2:a0:s_2\ <= ((not \StripLights:B_WS2811:bitCount_1\ and \StripLights:B_WS2811:bitCount_2\)
	OR (not \StripLights:B_WS2811:bitCount_0\ and \StripLights:B_WS2811:bitCount_2\)
	OR (not \StripLights:B_WS2811:bitCount_2\ and \StripLights:B_WS2811:bitCount_1\ and \StripLights:B_WS2811:bitCount_0\));


Substituting virtuals - pass 4:


----------------------------------------------------------
Circuit simplification results:

	Expanded 12 signals.
	Turned 0 signals into soft nodes.
	Maximum default expansion cost was set at 3.
----------------------------------------------------------

------------------------------------------------------
Alias Detection
------------------------------------------------------

------------------------------------------------------
Aliased 0 equations, 0 wires.
------------------------------------------------------

Last attempt to remove unused logic - pass 1:


Last attempt to remove unused logic - pass 2:


topld:  No errors.

CYPRESS_DIR    : B:\PSoC Creator\4.4\PSoC Creator\warp
Warp Program   : B:\PSoC Creator\4.4\PSoC Creator\warp\bin\warp.exe
Warp Arguments : -yv2 -q10 -ygs -o2 -v3 -.fftcfgtype=LE -ya "-.fftprj=B:\UCU Second year\Term 1\POC\Project\CyberPong\CyberPong.cydsn\CyberPong.cyprj" -dcpsoc3 CyberPong.v -verilog
</CYPRESSTAG>
Warp synthesis phase: Elapsed time ==> 0s.720ms
<CYPRESSTAG name="Fitter results...">
<CYPRESSTAG name="Fitter startup details...">
cyp3fit: V4.4.0.80, Family: PSoC3, Started at: Friday, 29 December 2023 12:48:56
Options: -yv2 -q10 -ygs -o2 -v3 -.fftcfgtype=LE -ya -.fftprj=B:\UCU Second year\Term 1\POC\Project\CyberPong\CyberPong.cydsn\CyberPong.cyprj -d CY8C4248LQI-BL583 CyberPong.v -verilog
</CYPRESSTAG>
<CYPRESSTAG name="Design parsing">
Design parsing phase: Elapsed time ==> 0s.104ms
</CYPRESSTAG>
<CYPRESSTAG name="Tech Mapping">
<CYPRESSTAG name="Initial Mapping" icon="FILE_RPT_TECHM">
Assigning clock Bluetooth_LFCLK to clock LFClk because it is a pass-through
Assigning clock StripLights_Clock_1 to clock HFClk because it is a pass-through

Removing unused cells resulting from optimization
Done removing unused cells.
<CYPRESSTAG name="Global Clock Selection" icon="FILE_RPT_TECHM">
    Fixed Function Clock 7: Automatic-assigning  clock 'Clock'. Signal=Net_2919_ff7
    Fixed Function Clock 8: Automatic-assigning  clock 'Clock_1'. Signal=Net_2904_ff8
    Fixed Function Clock 6: Automatic-assigning  clock 'ADC_intClock'. Signal=\ADC:Net_1845_ff6\
    Fixed Function Clock 1: Automatic-assigning  clock 'UART_SCBCLK'. Signal=\UART:Net_847_ff1\
<CYPRESSTAG name="UDB Clock/Enable Remapping Results">
</CYPRESSTAG>
</CYPRESSTAG>

Removing unused cells resulting from optimization
Done removing unused cells.
<CYPRESSTAG name="Duplicate Macrocell detection">
</CYPRESSTAG>
</CYPRESSTAG>
<CYPRESSTAG name="Duplicate Macrocell detection">
</CYPRESSTAG>
<CYPRESSTAG name="Design Equations" icon="FILE_RPT_EQUATION">

------------------------------------------------------------
Design Equations
------------------------------------------------------------
    <CYPRESSTAG name="Pin listing">

    ------------------------------------------------------------
    Pin listing
    ------------------------------------------------------------

    Pin : Name = Pin_Output_UP(0)
        Attributes:
            In Group/Port: True
            In Sync Option: AUTO
            Out Sync Option: NOSYNC
            Interrupt generated: False
            Interrupt mode: NONE
            Drive mode: CMOS_OUT
            VTrip: EITHER
            Slew: FAST
            Input Sync needed: False
            Output Sync needed: False
            SC shield enabled: False
            POR State: ANY
            LCD Mode: COMMON
            Register Mode: RegComb
            CaSense Mode: NEITHER
            Treat as pin: True
            Is OE Registered: False
            Uses Analog: False
            Can contain Digital: True
            Is SIO: False
            SIO Output Buf: NONREGULATED
            SIO Input Buf: SINGLE_ENDED
            SIO HiFreq: LOW
            SIO Hyst: DISABLED
            SIO Vtrip: MULTIPLIER_0_5
            SIO Multiplier Index: 0
            SIO RefSel: VCC_IO
            Required Capabilities: DIGITAL, ROUTABLE
            Initial Value: 1
            IO Voltage: 0
        PORT MAP (
            pa_out => Pin_Output_UP(0)__PA ,
            pin_input => Net_2637 ,
            pad => Pin_Output_UP(0)_PAD );
        Properties:
        {
        }

    Pin : Name = \UART:tx(0)\
        Attributes:
            In Group/Port: True
            In Sync Option: NOSYNC
            Out Sync Option: NOSYNC
            Interrupt generated: False
            Interrupt mode: NONE
            Drive mode: CMOS_OUT
            VTrip: CMOS
            Slew: FAST
            Input Sync needed: False
            Output Sync needed: False
            SC shield enabled: False
            POR State: ANY
            LCD Mode: COMMON
            Register Mode: RegComb
            CaSense Mode: NEITHER
            Treat as pin: True
            Is OE Registered: False
            Uses Analog: False
            Can contain Digital: True
            Is SIO: False
            SIO Output Buf: NONREGULATED
            SIO Input Buf: SINGLE_ENDED
            SIO HiFreq: LOW
            SIO Hyst: DISABLED
            SIO Vtrip: MULTIPLIER_0_5
            SIO Multiplier Index: 0
            SIO RefSel: VCC_IO
            Required Capabilities: DIGITAL
            Initial Value: 1
            IO Voltage: 0
        PORT MAP (
            pa_out => \UART:tx(0)\__PA ,
            pin_input => \UART:tx_wire\ ,
            pad => \UART:tx(0)_PAD\ );
        Properties:
        {
        }

    Pin : Name = \UART:rx(0)\
        Attributes:
            In Group/Port: True
            In Sync Option: NOSYNC
            Out Sync Option: AUTO
            Interrupt generated: False
            Interrupt mode: NONE
            Drive mode: HI_Z_DIGITAL
            VTrip: CMOS
            Slew: FAST
            Input Sync needed: False
            Output Sync needed: False
            SC shield enabled: False
            POR State: ANY
            LCD Mode: COMMON
            Register Mode: RegComb
            CaSense Mode: NEITHER
            Treat as pin: True
            Is OE Registered: False
            Uses Analog: False
            Can contain Digital: True
            Is SIO: False
            SIO Output Buf: NONREGULATED
            SIO Input Buf: SINGLE_ENDED
            SIO HiFreq: LOW
            SIO Hyst: DISABLED
            SIO Vtrip: MULTIPLIER_0_5
            SIO Multiplier Index: 0
            SIO RefSel: VCC_IO
            Required Capabilities: DIGITAL
            Initial Value: 0
            IO Voltage: 0
        PORT MAP (
            pa_out => \UART:rx(0)\__PA ,
            fb => \UART:rx_wire\ ,
            pad => \UART:rx(0)_PAD\ );
        Properties:
        {
        }

    Pin : Name = Pin_Output_UP_GROUND(0)
        Attributes:
            In Group/Port: True
            In Sync Option: AUTO
            Out Sync Option: NOSYNC
            Interrupt generated: False
            Interrupt mode: NONE
            Drive mode: CMOS_OUT
            VTrip: EITHER
            Slew: FAST
            Input Sync needed: False
            Output Sync needed: False
            SC shield enabled: False
            POR State: ANY
            LCD Mode: COMMON
            Register Mode: RegComb
            CaSense Mode: NEITHER
            Treat as pin: True
            Is OE Registered: False
            Uses Analog: False
            Can contain Digital: True
            Is SIO: False
            SIO Output Buf: NONREGULATED
            SIO Input Buf: SINGLE_ENDED
            SIO HiFreq: LOW
            SIO Hyst: DISABLED
            SIO Vtrip: MULTIPLIER_0_5
            SIO Multiplier Index: 0
            SIO RefSel: VCC_IO
            Required Capabilities: DIGITAL, ROUTABLE
            Initial Value: 1
            IO Voltage: 0
        PORT MAP (
            pa_out => Pin_Output_UP_GROUND(0)__PA ,
            pin_input => Net_2638 ,
            pad => Pin_Output_UP_GROUND(0)_PAD );
        Properties:
        {
        }

    Pin : Name = Pin_Output_RIGHT(0)
        Attributes:
            In Group/Port: True
            In Sync Option: AUTO
            Out Sync Option: NOSYNC
            Interrupt generated: False
            Interrupt mode: NONE
            Drive mode: CMOS_OUT
            VTrip: EITHER
            Slew: FAST
            Input Sync needed: False
            Output Sync needed: False
            SC shield enabled: False
            POR State: ANY
            LCD Mode: COMMON
            Register Mode: RegComb
            CaSense Mode: NEITHER
            Treat as pin: True
            Is OE Registered: False
            Uses Analog: False
            Can contain Digital: True
            Is SIO: False
            SIO Output Buf: NONREGULATED
            SIO Input Buf: SINGLE_ENDED
            SIO HiFreq: LOW
            SIO Hyst: DISABLED
            SIO Vtrip: MULTIPLIER_0_5
            SIO Multiplier Index: 0
            SIO RefSel: VCC_IO
            Required Capabilities: DIGITAL, ROUTABLE
            Initial Value: 1
            IO Voltage: 0
        PORT MAP (
            pa_out => Pin_Output_RIGHT(0)__PA ,
            pin_input => Net_2636 ,
            pad => Pin_Output_RIGHT(0)_PAD );
        Properties:
        {
        }

    Pin : Name = Pin_Output_Serve(0)
        Attributes:
            In Group/Port: True
            In Sync Option: AUTO
            Out Sync Option: NOSYNC
            Interrupt generated: False
            Interrupt mode: NONE
            Drive mode: CMOS_OUT
            VTrip: EITHER
            Slew: FAST
            Input Sync needed: False
            Output Sync needed: False
            SC shield enabled: False
            POR State: ANY
            LCD Mode: COMMON
            Register Mode: RegComb
            CaSense Mode: NEITHER
            Treat as pin: True
            Is OE Registered: False
            Uses Analog: False
            Can contain Digital: True
            Is SIO: False
            SIO Output Buf: NONREGULATED
            SIO Input Buf: SINGLE_ENDED
            SIO HiFreq: LOW
            SIO Hyst: DISABLED
            SIO Vtrip: MULTIPLIER_0_5
            SIO Multiplier Index: 0
            SIO RefSel: VCC_IO
            Required Capabilities: DIGITAL
            Initial Value: 0
            IO Voltage: 0
        PORT MAP (
            pa_out => Pin_Output_Serve(0)__PA ,
            pad => Pin_Output_Serve(0)_PAD );
        Properties:
        {
        }

    Pin : Name = Pin_Output_RIGHT_GROUND(0)
        Attributes:
            In Group/Port: True
            In Sync Option: AUTO
            Out Sync Option: NOSYNC
            Interrupt generated: False
            Interrupt mode: NONE
            Drive mode: CMOS_OUT
            VTrip: EITHER
            Slew: FAST
            Input Sync needed: False
            Output Sync needed: False
            SC shield enabled: False
            POR State: ANY
            LCD Mode: COMMON
            Register Mode: RegComb
            CaSense Mode: NEITHER
            Treat as pin: True
            Is OE Registered: False
            Uses Analog: False
            Can contain Digital: True
            Is SIO: False
            SIO Output Buf: NONREGULATED
            SIO Input Buf: SINGLE_ENDED
            SIO HiFreq: LOW
            SIO Hyst: DISABLED
            SIO Vtrip: MULTIPLIER_0_5
            SIO Multiplier Index: 0
            SIO RefSel: VCC_IO
            Required Capabilities: DIGITAL, ROUTABLE
            Initial Value: 1
            IO Voltage: 0
        PORT MAP (
            pa_out => Pin_Output_RIGHT_GROUND(0)__PA ,
            pin_input => Net_2648 ,
            pad => Pin_Output_RIGHT_GROUND(0)_PAD );
        Properties:
        {
        }

    Pin : Name = Pin_Output_LEFT(0)
        Attributes:
            In Group/Port: True
            In Sync Option: AUTO
            Out Sync Option: NOSYNC
            Interrupt generated: False
            Interrupt mode: NONE
            Drive mode: CMOS_OUT
            VTrip: EITHER
            Slew: FAST
            Input Sync needed: False
            Output Sync needed: False
            SC shield enabled: False
            POR State: ANY
            LCD Mode: COMMON
            Register Mode: RegComb
            CaSense Mode: NEITHER
            Treat as pin: True
            Is OE Registered: False
            Uses Analog: False
            Can contain Digital: True
            Is SIO: False
            SIO Output Buf: NONREGULATED
            SIO Input Buf: SINGLE_ENDED
            SIO HiFreq: LOW
            SIO Hyst: DISABLED
            SIO Vtrip: MULTIPLIER_0_5
            SIO Multiplier Index: 0
            SIO RefSel: VCC_IO
            Required Capabilities: DIGITAL, ROUTABLE
            Initial Value: 1
            IO Voltage: 0
        PORT MAP (
            pa_out => Pin_Output_LEFT(0)__PA ,
            pin_input => Net_2635 ,
            pad => Pin_Output_LEFT(0)_PAD );
        Properties:
        {
        }

    Pin : Name = Pin_Output_LEFT_GROUND(0)
        Attributes:
            In Group/Port: True
            In Sync Option: AUTO
            Out Sync Option: NOSYNC
            Interrupt generated: False
            Interrupt mode: NONE
            Drive mode: CMOS_OUT
            VTrip: EITHER
            Slew: FAST
            Input Sync needed: False
            Output Sync needed: False
            SC shield enabled: False
            POR State: ANY
            LCD Mode: COMMON
            Register Mode: RegComb
            CaSense Mode: NEITHER
            Treat as pin: True
            Is OE Registered: False
            Uses Analog: False
            Can contain Digital: True
            Is SIO: False
            SIO Output Buf: NONREGULATED
            SIO Input Buf: SINGLE_ENDED
            SIO HiFreq: LOW
            SIO Hyst: DISABLED
            SIO Vtrip: MULTIPLIER_0_5
            SIO Multiplier Index: 0
            SIO RefSel: VCC_IO
            Required Capabilities: DIGITAL, ROUTABLE
            Initial Value: 1
            IO Voltage: 0
        PORT MAP (
            pa_out => Pin_Output_LEFT_GROUND(0)__PA ,
            pin_input => Net_2647 ,
            pad => Pin_Output_LEFT_GROUND(0)_PAD );
        Properties:
        {
        }

    Pin : Name = Pin_Input_BallTrigger(0)
        Attributes:
            In Group/Port: True
            In Sync Option: NOSYNC
            Out Sync Option: AUTO
            Interrupt generated: False
            Interrupt mode: NONE
            Drive mode: RES_PULL_UP
            VTrip: CMOS
            Slew: FAST
            Input Sync needed: False
            Output Sync needed: False
            SC shield enabled: False
            POR State: ANY
            LCD Mode: COMMON
            Register Mode: RegComb
            CaSense Mode: NEITHER
            Treat as pin: True
            Is OE Registered: False
            Uses Analog: False
            Can contain Digital: True
            Is SIO: False
            SIO Output Buf: NONREGULATED
            SIO Input Buf: SINGLE_ENDED
            SIO HiFreq: LOW
            SIO Hyst: DISABLED
            SIO Vtrip: MULTIPLIER_0_5
            SIO Multiplier Index: 0
            SIO RefSel: VCC_IO
            Required Capabilities: DIGITAL, ROUTABLE
            Initial Value: 1
            IO Voltage: 0
        PORT MAP (
            pa_out => Pin_Input_BallTrigger(0)__PA ,
            fb => Net_2629 ,
            pad => Pin_Input_BallTrigger(0)_PAD );
        Properties:
        {
        }

    Pin : Name = Pin_Output_DOWN_GROUND(0)
        Attributes:
            In Group/Port: True
            In Sync Option: AUTO
            Out Sync Option: NOSYNC
            Interrupt generated: False
            Interrupt mode: NONE
            Drive mode: CMOS_OUT
            VTrip: EITHER
            Slew: FAST
            Input Sync needed: False
            Output Sync needed: False
            SC shield enabled: False
            POR State: ANY
            LCD Mode: COMMON
            Register Mode: RegComb
            CaSense Mode: NEITHER
            Treat as pin: True
            Is OE Registered: False
            Uses Analog: False
            Can contain Digital: True
            Is SIO: False
            SIO Output Buf: NONREGULATED
            SIO Input Buf: SINGLE_ENDED
            SIO HiFreq: LOW
            SIO Hyst: DISABLED
            SIO Vtrip: MULTIPLIER_0_5
            SIO Multiplier Index: 0
            SIO RefSel: VCC_IO
            Required Capabilities: DIGITAL, ROUTABLE
            Initial Value: 1
            IO Voltage: 0
        PORT MAP (
            pa_out => Pin_Output_DOWN_GROUND(0)__PA ,
            pin_input => Net_2640 ,
            pad => Pin_Output_DOWN_GROUND(0)_PAD );
        Properties:
        {
        }

    Pin : Name = Pin_Output_DOWN(0)
        Attributes:
            In Group/Port: True
            In Sync Option: AUTO
            Out Sync Option: NOSYNC
            Interrupt generated: False
            Interrupt mode: NONE
            Drive mode: CMOS_OUT
            VTrip: EITHER
            Slew: FAST
            Input Sync needed: False
            Output Sync needed: False
            SC shield enabled: False
            POR State: ANY
            LCD Mode: COMMON
            Register Mode: RegComb
            CaSense Mode: NEITHER
            Treat as pin: True
            Is OE Registered: False
            Uses Analog: False
            Can contain Digital: True
            Is SIO: False
            SIO Output Buf: NONREGULATED
            SIO Input Buf: SINGLE_ENDED
            SIO HiFreq: LOW
            SIO Hyst: DISABLED
            SIO Vtrip: MULTIPLIER_0_5
            SIO Multiplier Index: 0
            SIO RefSel: VCC_IO
            Required Capabilities: DIGITAL, ROUTABLE
            Initial Value: 1
            IO Voltage: 0
        PORT MAP (
            pa_out => Pin_Output_DOWN(0)__PA ,
            pin_input => Net_2639 ,
            pad => Pin_Output_DOWN(0)_PAD );
        Properties:
        {
        }

    Pin : Name = ENA_P_16(0)
        Attributes:
            In Group/Port: True
            In Sync Option: AUTO
            Out Sync Option: NOSYNC
            Interrupt generated: False
            Interrupt mode: NONE
            Drive mode: CMOS_OUT
            VTrip: EITHER
            Slew: FAST
            Input Sync needed: False
            Output Sync needed: False
            SC shield enabled: False
            POR State: ANY
            LCD Mode: COMMON
            Register Mode: RegComb
            CaSense Mode: NEITHER
            Treat as pin: True
            Is OE Registered: False
            Uses Analog: False
            Can contain Digital: True
            Is SIO: False
            SIO Output Buf: NONREGULATED
            SIO Input Buf: SINGLE_ENDED
            SIO HiFreq: LOW
            SIO Hyst: DISABLED
            SIO Vtrip: MULTIPLIER_0_5
            SIO Multiplier Index: 0
            SIO RefSel: VCC_IO
            Required Capabilities: DIGITAL
            Initial Value: 1
            IO Voltage: 0
        PORT MAP (
            pa_out => ENA_P_16(0)__PA ,
            pin_input => Net_2907 ,
            pad => ENA_P_16(0)_PAD );
        Properties:
        {
        }

    Pin : Name = IN1_P_01(0)
        Attributes:
            In Group/Port: True
            In Sync Option: AUTO
            Out Sync Option: NOSYNC
            Interrupt generated: False
            Interrupt mode: NONE
            Drive mode: CMOS_OUT
            VTrip: EITHER
            Slew: FAST
            Input Sync needed: False
            Output Sync needed: False
            SC shield enabled: False
            POR State: ANY
            LCD Mode: COMMON
            Register Mode: RegComb
            CaSense Mode: NEITHER
            Treat as pin: True
            Is OE Registered: False
            Uses Analog: False
            Can contain Digital: True
            Is SIO: False
            SIO Output Buf: NONREGULATED
            SIO Input Buf: SINGLE_ENDED
            SIO HiFreq: LOW
            SIO Hyst: DISABLED
            SIO Vtrip: MULTIPLIER_0_5
            SIO Multiplier Index: 0
            SIO RefSel: VCC_IO
            Required Capabilities: DIGITAL
            Initial Value: 0
            IO Voltage: 0
        PORT MAP (
            pa_out => IN1_P_01(0)__PA ,
            pad => IN1_P_01(0)_PAD );
        Properties:
        {
        }

    Pin : Name = IN2_P_00(0)
        Attributes:
            In Group/Port: True
            In Sync Option: AUTO
            Out Sync Option: NOSYNC
            Interrupt generated: False
            Interrupt mode: NONE
            Drive mode: CMOS_OUT
            VTrip: EITHER
            Slew: FAST
            Input Sync needed: False
            Output Sync needed: False
            SC shield enabled: False
            POR State: ANY
            LCD Mode: COMMON
            Register Mode: RegComb
            CaSense Mode: NEITHER
            Treat as pin: True
            Is OE Registered: False
            Uses Analog: False
            Can contain Digital: True
            Is SIO: False
            SIO Output Buf: NONREGULATED
            SIO Input Buf: SINGLE_ENDED
            SIO HiFreq: LOW
            SIO Hyst: DISABLED
            SIO Vtrip: MULTIPLIER_0_5
            SIO Multiplier Index: 0
            SIO RefSel: VCC_IO
            Required Capabilities: DIGITAL
            Initial Value: 0
            IO Voltage: 0
        PORT MAP (
            pa_out => IN2_P_00(0)__PA ,
            pad => IN2_P_00(0)_PAD );
        Properties:
        {
        }

    Pin : Name = Pin_Motor(0)
        Attributes:
            In Group/Port: True
            In Sync Option: AUTO
            Out Sync Option: NOSYNC
            Interrupt generated: False
            Interrupt mode: NONE
            Drive mode: CMOS_OUT
            VTrip: EITHER
            Slew: FAST
            Input Sync needed: False
            Output Sync needed: False
            SC shield enabled: False
            POR State: ANY
            LCD Mode: COMMON
            Register Mode: RegComb
            CaSense Mode: NEITHER
            Treat as pin: True
            Is OE Registered: False
            Uses Analog: False
            Can contain Digital: True
            Is SIO: False
            SIO Output Buf: NONREGULATED
            SIO Input Buf: SINGLE_ENDED
            SIO HiFreq: LOW
            SIO Hyst: DISABLED
            SIO Vtrip: MULTIPLIER_0_5
            SIO Multiplier Index: 0
            SIO RefSel: VCC_IO
            Required Capabilities: DIGITAL
            Initial Value: 0
            IO Voltage: 0
        PORT MAP (
            pa_out => Pin_Motor(0)__PA ,
            pad => Pin_Motor(0)_PAD );
        Properties:
        {
        }

    Pin : Name = P_03(0)
        Attributes:
            In Group/Port: True
            In Sync Option: AUTO
            Out Sync Option: AUTO
            Interrupt generated: False
            Interrupt mode: NONE
            Drive mode: HI_Z_ANALOG
            VTrip: EITHER
            Slew: FAST
            Input Sync needed: False
            Output Sync needed: False
            SC shield enabled: False
            POR State: ANY
            LCD Mode: COMMON
            Register Mode: RegComb
            CaSense Mode: NEITHER
            Treat as pin: True
            Is OE Registered: False
            Uses Analog: True
            Can contain Digital: False
            Is SIO: False
            SIO Output Buf: NONREGULATED
            SIO Input Buf: SINGLE_ENDED
            SIO HiFreq: LOW
            SIO Hyst: DISABLED
            SIO Vtrip: MULTIPLIER_0_5
            SIO Multiplier Index: 0
            SIO RefSel: VCC_IO
            Required Capabilities: ANALOG
            Initial Value: 1
            IO Voltage: 0
        PORT MAP (
            pa_out => P_03(0)__PA ,
            analog_term => Net_3152 ,
            annotation => Net_422 ,
            pad => P_03(0)_PAD );
        Properties:
        {
        }

    Pin : Name = Din(0)
        Attributes:
            In Group/Port: True
            In Sync Option: AUTO
            Out Sync Option: NOSYNC
            Interrupt generated: False
            Interrupt mode: NONE
            Drive mode: CMOS_OUT
            VTrip: EITHER
            Slew: FAST
            Input Sync needed: False
            Output Sync needed: False
            SC shield enabled: False
            POR State: ANY
            LCD Mode: COMMON
            Register Mode: RegComb
            CaSense Mode: NEITHER
            Treat as pin: True
            Is OE Registered: False
            Uses Analog: False
            Can contain Digital: True
            Is SIO: False
            SIO Output Buf: NONREGULATED
            SIO Input Buf: SINGLE_ENDED
            SIO HiFreq: LOW
            SIO Hyst: DISABLED
            SIO Vtrip: MULTIPLIER_0_5
            SIO Multiplier Index: 0
            SIO RefSel: VCC_IO
            Required Capabilities: DIGITAL, ROUTABLE
            Initial Value: 1
            IO Voltage: 0
        PORT MAP (
            pa_out => Din(0)__PA ,
            pin_input => Net_2 ,
            annotation => Net_18 ,
            pad => Din(0)_PAD );
        Properties:
        {
        }
    </CYPRESSTAG>
    <CYPRESSTAG name="Macrocell listing" icon="FILE_RPT_EQUATION">

    ------------------------------------------------------------
    Macrocell listing
    ------------------------------------------------------------

    MacroCell: Name=Net_2647, Mode=(Combinatorial)
        Total # of inputs        : 2
        Total # of product terms : 1
            Clock Enable: True
        Main Equation            : 1 pterm
        (
              Net_4260 * Net_1948
        );
        Output = Net_2647 (fanout=1)

    MacroCell: Name=Net_2648, Mode=(Combinatorial)
        Total # of inputs        : 2
        Total # of product terms : 1
            Clock Enable: True
        Main Equation            : 1 pterm
        (
              Net_1948 * Net_4276
        );
        Output = Net_2648 (fanout=1)

    MacroCell: Name=Net_2635, Mode=(Combinatorial)
        Total # of inputs        : 2
        Total # of product terms : 1
            Clock Enable: True
        Main Equation            : 1 pterm
        (
              !Net_4260 * Net_1948
        );
        Output = Net_2635 (fanout=1)

    MacroCell: Name=Net_2636, Mode=(Combinatorial)
        Total # of inputs        : 2
        Total # of product terms : 1
            Clock Enable: True
        Main Equation            : 1 pterm
        (
              Net_1948 * !Net_4276
        );
        Output = Net_2636 (fanout=1)

    MacroCell: Name=Net_2638, Mode=(Combinatorial)
        Total # of inputs        : 2
        Total # of product terms : 1
            Clock Enable: True
        Main Equation            : 1 pterm
        (
              Net_1948 * !Net_1378
        );
        Output = Net_2638 (fanout=1)

    MacroCell: Name=Net_2637, Mode=(Combinatorial)
        Total # of inputs        : 2
        Total # of product terms : 1
            Clock Enable: True
        Main Equation            : 1 pterm
        (
              Net_1948 * Net_1378
        );
        Output = Net_2637 (fanout=1)

    MacroCell: Name=Net_2640, Mode=(Combinatorial)
        Total # of inputs        : 2
        Total # of product terms : 1
            Clock Enable: True
        Main Equation            : 1 pterm
        (
              Net_1948 * !Net_4270
        );
        Output = Net_2640 (fanout=1)

    MacroCell: Name=Net_2639, Mode=(Combinatorial)
        Total # of inputs        : 2
        Total # of product terms : 1
            Clock Enable: True
        Main Equation            : 1 pterm
        (
              Net_1948 * Net_4270
        );
        Output = Net_2639 (fanout=1)

    MacroCell: Name=Net_2, Mode=(Combinatorial)
        Total # of inputs        : 5
        Total # of product terms : 1
            Clock Enable: True
        Main Equation            : 1 pterm
        (
              !\StripLights:saddr_3\ * !\StripLights:saddr_2\ * 
              !\StripLights:saddr_1\ * !\StripLights:saddr_0\ * 
              \StripLights:Net_64\
        );
        Output = Net_2 (fanout=1)

    MacroCell: Name=\StripLights:Net_159\, Mode=(Combinatorial)
        Total # of inputs        : 3
        Total # of product terms : 1
            Clock Enable: True
        Main Equation            : 1 pterm
        (
              \StripLights:B_WS2811:control_3\ * 
              \StripLights:B_WS2811:control_0\ * 
              \StripLights:B_WS2811:status_0\
        );
        Output = \StripLights:Net_159\ (fanout=1)

    MacroCell: Name=Net_2691, Mode=(Combinatorial)
        Total # of inputs        : 3
        Total # of product terms : 1
            Clock Enable: True
        Main Equation            : 1 pterm
        (
              \StripLights:B_WS2811:control_4\ * 
              \StripLights:B_WS2811:control_0\ * 
              \StripLights:B_WS2811:status_6\
        );
        Output = Net_2691 (fanout=1)

    MacroCell: Name=\StripLights:Net_64\, Mode=(D-Register)
        Total # of inputs        : 5
        Total # of product terms : 3
        List of special equations: 
            Clock  = (ClockBlock_HFClk) => Global
            Clock Enable: True
        Main Equation            : 3 pterms
        (
              !\StripLights:B_WS2811:zeroCmp\ * 
              \StripLights:B_WS2811:state_1\ * 
              !\StripLights:B_WS2811:state_0\ * 
              !\StripLights:B_WS2811:shiftOut\
            + !\StripLights:B_WS2811:oneCmp\ * \StripLights:B_WS2811:state_1\ * 
              !\StripLights:B_WS2811:state_0\ * 
              \StripLights:B_WS2811:shiftOut\
            + !\StripLights:B_WS2811:state_1\ * 
              \StripLights:B_WS2811:state_0\
        );
        Output = \StripLights:Net_64\ (fanout=1)

    MacroCell: Name=\StripLights:B_WS2811:status_6\, Mode=(D-Register)
        Total # of inputs        : 2
        Total # of product terms : 1
        List of special equations: 
            Clock  = (ClockBlock_HFClk) => Global
            Clock Enable: True
        Main Equation            : 1 pterm
        (
              \StripLights:B_WS2811:state_1\ * \StripLights:B_WS2811:state_0\
        );
        Output = \StripLights:B_WS2811:status_6\ (fanout=2)

    MacroCell: Name=\StripLights:B_WS2811:bitCount_2\, Mode=(T-Register)
        Total # of inputs        : 6
        Total # of product terms : 2
        List of special equations: 
            Clock  = (ClockBlock_HFClk) => Global
            Clock Enable: True
        Main Equation            : 2 pterms
        (
              \StripLights:B_WS2811:pwmTC\ * \StripLights:B_WS2811:state_1\ * 
              !\StripLights:B_WS2811:state_0\ * 
              \StripLights:B_WS2811:bitCount_1\ * 
              \StripLights:B_WS2811:bitCount_0\
            + \StripLights:B_WS2811:bitCount_2\ * 
              !\StripLights:B_WS2811:state_1\
        );
        Output = \StripLights:B_WS2811:bitCount_2\ (fanout=4)

    MacroCell: Name=\StripLights:B_WS2811:state_1\, Mode=(D-Register)
        Total # of inputs        : 9
        Total # of product terms : 3
        List of special equations: 
            Clock  = (ClockBlock_HFClk) => Global
            Clock Enable: True
        Main Equation            : 3 pterms
        !(
              \StripLights:B_WS2811:pwmTC\ * \StripLights:B_WS2811:control_0\ * 
              !\StripLights:B_WS2811:status_0\ * 
              \StripLights:B_WS2811:bitCount_2\ * 
              !\StripLights:B_WS2811:state_0\ * 
              \StripLights:B_WS2811:bitCount_1\ * 
              \StripLights:B_WS2811:bitCount_0\
            + \StripLights:B_WS2811:control_5\ * 
              \StripLights:B_WS2811:state_1\ * \StripLights:B_WS2811:state_0\
            + !\StripLights:B_WS2811:state_1\ * 
              !\StripLights:B_WS2811:state_0\
        );
        Output = \StripLights:B_WS2811:state_1\ (fanout=10)

    MacroCell: Name=\StripLights:B_WS2811:state_0\, Mode=(D-Register)
        Total # of inputs        : 9
        Total # of product terms : 3
        List of special equations: 
            Clock  = (ClockBlock_HFClk) => Global
            Clock Enable: True
        Main Equation            : 3 pterms
        (
              \StripLights:B_WS2811:pwmTC\ * 
              \StripLights:B_WS2811:bitCount_2\ * 
              \StripLights:B_WS2811:state_1\ * 
              !\StripLights:B_WS2811:state_0\ * 
              \StripLights:B_WS2811:bitCount_1\ * 
              \StripLights:B_WS2811:bitCount_0\
            + !\StripLights:B_WS2811:control_5\ * 
              \StripLights:B_WS2811:state_1\ * \StripLights:B_WS2811:state_0\
            + \StripLights:B_WS2811:control_0\ * 
              !\StripLights:B_WS2811:status_0\ * 
              !\StripLights:B_WS2811:state_1\ * 
              !\StripLights:B_WS2811:state_0\
        );
        Output = \StripLights:B_WS2811:state_0\ (fanout=10)

    MacroCell: Name=\StripLights:B_WS2811:bitCount_1\, Mode=(T-Register)
        Total # of inputs        : 5
        Total # of product terms : 2
        List of special equations: 
            Clock  = (ClockBlock_HFClk) => Global
            Clock Enable: True
        Main Equation            : 2 pterms
        (
              \StripLights:B_WS2811:pwmTC\ * \StripLights:B_WS2811:state_1\ * 
              !\StripLights:B_WS2811:state_0\ * 
              \StripLights:B_WS2811:bitCount_0\
            + !\StripLights:B_WS2811:state_1\ * 
              \StripLights:B_WS2811:bitCount_1\
        );
        Output = \StripLights:B_WS2811:bitCount_1\ (fanout=5)

    MacroCell: Name=\StripLights:B_WS2811:bitCount_0\, Mode=(T-Register)
        Total # of inputs        : 4
        Total # of product terms : 2
        List of special equations: 
            Clock  = (ClockBlock_HFClk) => Global
            Clock Enable: True
        Main Equation            : 2 pterms
        (
              \StripLights:B_WS2811:pwmTC\ * \StripLights:B_WS2811:state_1\ * 
              !\StripLights:B_WS2811:state_0\
            + !\StripLights:B_WS2811:state_1\ * 
              \StripLights:B_WS2811:bitCount_0\
        );
        Output = \StripLights:B_WS2811:bitCount_0\ (fanout=6)

    MacroCell: Name=\StripLights:B_WS2811:dpAddr_1\, Mode=(D-Register)
        Total # of inputs        : 7
        Total # of product terms : 4
        List of special equations: 
            Clock  = (ClockBlock_HFClk) => Global
            Clock Enable: True
        Main Equation            : 4 pterms
        (
              \StripLights:B_WS2811:pwmTC\ * 
              !\StripLights:B_WS2811:bitCount_2\ * 
              \StripLights:B_WS2811:state_1\ * 
              !\StripLights:B_WS2811:state_0\
            + \StripLights:B_WS2811:pwmTC\ * \StripLights:B_WS2811:state_1\ * 
              !\StripLights:B_WS2811:state_0\ * 
              !\StripLights:B_WS2811:bitCount_1\
            + \StripLights:B_WS2811:pwmTC\ * \StripLights:B_WS2811:state_1\ * 
              !\StripLights:B_WS2811:state_0\ * 
              !\StripLights:B_WS2811:bitCount_0\
            + \StripLights:B_WS2811:state_1\ * \StripLights:B_WS2811:state_0\ * 
              \StripLights:B_WS2811:dpAddr_1\
        );
        Output = \StripLights:B_WS2811:dpAddr_1\ (fanout=2)

    MacroCell: Name=\StripLights:B_WS2811:dpAddr_0\, Mode=(D-Register)
        Total # of inputs        : 3
        Total # of product terms : 2
        List of special equations: 
            Clock  = (ClockBlock_HFClk) => Global
            Clock Enable: True
        Main Equation            : 2 pterms
        (
              !\StripLights:B_WS2811:state_1\ * 
              \StripLights:B_WS2811:state_0\
            + \StripLights:B_WS2811:state_0\ * 
              \StripLights:B_WS2811:dpAddr_0\
        );
        Output = \StripLights:B_WS2811:dpAddr_0\ (fanout=2)

    MacroCell: Name=\StripLights:B_WS2811:pwmCntl\, Mode=(D-Register)
        Total # of inputs        : 5
        Total # of product terms : 3
        List of special equations: 
            Clock  = (ClockBlock_HFClk) => Global
            Clock Enable: True
        Main Equation            : 3 pterms
        !(
              \StripLights:B_WS2811:control_0\ * 
              !\StripLights:B_WS2811:status_0\ * 
              !\StripLights:B_WS2811:state_0\
            + \StripLights:B_WS2811:state_1\ * 
              !\StripLights:B_WS2811:state_0\
            + \StripLights:B_WS2811:state_1\ * 
              !\StripLights:B_WS2811:pwmCntl\
        );
        Output = \StripLights:B_WS2811:pwmCntl\ (fanout=2)
    </CYPRESSTAG>
    <CYPRESSTAG name="Datapath listing">

    ------------------------------------------------------------
    Datapath listing
    ------------------------------------------------------------

    datapathcell: Name =\StripLights:B_WS2811:dshifter:u0\
        PORT MAP (
            clock => ClockBlock_HFClk ,
            cs_addr_1 => \StripLights:B_WS2811:dpAddr_1\ ,
            cs_addr_0 => \StripLights:B_WS2811:dpAddr_0\ ,
            so_comb => \StripLights:B_WS2811:shiftOut\ ,
            f0_bus_stat_comb => \StripLights:B_WS2811:status_1\ ,
            f0_blk_stat_comb => \StripLights:B_WS2811:status_0\ );
        Properties:
        {
            a0_init = "00000000"
            a1_init = "00000000"
            ce0_sync = 1
            ce1_sync = 1
            cl0_sync = 1
            cl1_sync = 1
            cmsb_sync = 1
            co_msb_sync = 1
            cy_dpconfig = "0000000000000000000000001100000000000001010000000000000000000000000000000000000000000000000000000000000000000000000000000000000011111111000000001111111111111111000000000000000000000000000000000000000000000000"
            d0_init = "00000000"
            d1_init = "00000000"
            f0_blk_sync = 1
            f0_bus_sync = 1
            f1_blk_sync = 1
            f1_bus_sync = 1
            ff0_sync = 1
            ff1_sync = 1
            ov_msb_sync = 1
            so_sync = 1
            z0_sync = 1
            z1_sync = 1
        }
        Clock Polarity: Active High
        Clock Enable: True

    datapathcell: Name =\StripLights:B_WS2811:pwm8:u0\
        PORT MAP (
            clock => ClockBlock_HFClk ,
            cs_addr_1 => \StripLights:B_WS2811:pwmCntl\ ,
            cs_addr_0 => \StripLights:B_WS2811:pwmTC\ ,
            cl0_comb => \StripLights:B_WS2811:zeroCmp\ ,
            z0_comb => \StripLights:B_WS2811:pwmTC\ ,
            cl1_comb => \StripLights:B_WS2811:oneCmp\ );
        Properties:
        {
            a0_init = "00011000"
            a1_init = "00011000"
            ce0_sync = 1
            ce1_sync = 1
            cl0_sync = 1
            cl1_sync = 1
            cmsb_sync = 1
            co_msb_sync = 1
            cy_dpconfig = "0100000001000000000000001100000000000000110000000000000011000000000000000000000000000000000000000000000000000000000000000000000011111111000000001111111111111111101000000000000000000000000000000000000000000000"
            d0_init = "00010100"
            d1_init = "00001100"
            f0_blk_sync = 1
            f0_bus_sync = 1
            f1_blk_sync = 1
            f1_bus_sync = 1
            ff0_sync = 1
            ff1_sync = 1
            ov_msb_sync = 1
            so_sync = 1
            z0_sync = 1
            z1_sync = 1
        }
        Clock Polarity: Active High
        Clock Enable: True
    </CYPRESSTAG>
    <CYPRESSTAG name="Status register listing">

    ------------------------------------------------------------
    Status register listing
    ------------------------------------------------------------

    statuscell: Name =\StripLights:B_WS2811:StatusReg\
        PORT MAP (
            status_7 => \StripLights:B_WS2811:control_0\ ,
            status_6 => \StripLights:B_WS2811:status_6\ ,
            status_1 => \StripLights:B_WS2811:status_1\ ,
            status_0 => \StripLights:B_WS2811:status_0\ );
        Properties:
        {
            cy_force_order = 1
            cy_md_select = "00000000"
        }
        Clock Enable: True
    </CYPRESSTAG>
    <CYPRESSTAG name="StatusI register listing">
    </CYPRESSTAG>
    <CYPRESSTAG name="Sync listing">
    </CYPRESSTAG>
    <CYPRESSTAG name="Control register listing">

    ------------------------------------------------------------
    Control register listing
    ------------------------------------------------------------

    controlcell: Name =\Control_Rotation:Sync:ctrl_reg\
        PORT MAP (
            control_7 => \Control_Rotation:control_7\ ,
            control_6 => \Control_Rotation:control_6\ ,
            control_5 => \Control_Rotation:control_5\ ,
            control_4 => \Control_Rotation:control_4\ ,
            control_3 => Net_4270 ,
            control_2 => Net_1378 ,
            control_1 => Net_4276 ,
            control_0 => Net_4260 );
        Properties:
        {
            cy_ctrl_mode_0 = "00000000"
            cy_ctrl_mode_1 = "00000000"
            cy_ext_reset = 0
            cy_force_order = 1
            cy_init_value = "00001111"
        }
        Clock Enable: True

    controlcell: Name =\StripLights:StringSel:Sync:ctrl_reg\
        PORT MAP (
            control_7 => \StripLights:StringSel:control_7\ ,
            control_6 => \StripLights:StringSel:control_6\ ,
            control_5 => \StripLights:StringSel:control_5\ ,
            control_4 => \StripLights:StringSel:control_4\ ,
            control_3 => \StripLights:saddr_3\ ,
            control_2 => \StripLights:saddr_2\ ,
            control_1 => \StripLights:saddr_1\ ,
            control_0 => \StripLights:saddr_0\ );
        Properties:
        {
            cy_ctrl_mode_0 = "00000000"
            cy_ctrl_mode_1 = "00000000"
            cy_ext_reset = 0
            cy_force_order = 1
            cy_init_value = "00000000"
        }
        Clock Enable: True

    controlcell: Name =\StripLights:B_WS2811:ctrl\
        PORT MAP (
            control_7 => \StripLights:B_WS2811:control_7\ ,
            control_6 => \StripLights:B_WS2811:control_6\ ,
            control_5 => \StripLights:B_WS2811:control_5\ ,
            control_4 => \StripLights:B_WS2811:control_4\ ,
            control_3 => \StripLights:B_WS2811:control_3\ ,
            control_2 => \StripLights:B_WS2811:control_2\ ,
            control_1 => \StripLights:B_WS2811:control_1\ ,
            control_0 => \StripLights:B_WS2811:control_0\ );
        Properties:
        {
            cy_ctrl_mode_0 = "00000000"
            cy_ctrl_mode_1 = "00000000"
            cy_ext_reset = 0
            cy_force_order = 1
            cy_init_value = "00000000"
        }
        Clock Enable: True
    </CYPRESSTAG>
    <CYPRESSTAG name="Count7 listing">
    </CYPRESSTAG>
    <CYPRESSTAG name="DRQ listing">
    </CYPRESSTAG>
    <CYPRESSTAG name="Interrupt listing">

    ------------------------------------------------------------
    Interrupt listing
    ------------------------------------------------------------

    interrupt: Name =ISR_Ball_Trigger
        PORT MAP (
            interrupt => Net_2629 );
        Properties:
        {
            int_type = "10"
            is_nmi = 0
        }

    interrupt: Name =\Bluetooth:bless_isr\
        PORT MAP (
            interrupt => \Bluetooth:Net_15\ );
        Properties:
        {
            int_type = "10"
            is_nmi = 0
        }

    interrupt: Name =\ADC:IRQ\
        PORT MAP (
            interrupt => \ADC:Net_3112\ );
        Properties:
        {
            int_type = "10"
            is_nmi = 0
        }

    interrupt: Name =\StripLights:cisr\
        PORT MAP (
            interrupt => Net_2691 );
        Properties:
        {
            int_type = "00"
            is_nmi = 0
        }

    interrupt: Name =\StripLights:fisr\
        PORT MAP (
            interrupt => \StripLights:Net_159\ );
        Properties:
        {
            int_type = "00"
            is_nmi = 0
        }
    </CYPRESSTAG>
</CYPRESSTAG>
<CYPRESSTAG name="Technology mapping summary" expanded>

------------------------------------------------------------
Technology mapping summary
------------------------------------------------------------

Resource Type                 : Used : Free :  Max :  % Used
============================================================
Digital Clocks                :    0 :    4 :    4 :  0.00 %
Interrupts                    :    5 :   27 :   32 : 15.63 %
IO                            :   22 :   16 :   38 : 57.89 %
Segment LCD                   :    0 :    1 :    1 :  0.00 %
CapSense                      :    0 :    1 :    1 :  0.00 %
Die Temp                      :    0 :    1 :    1 :  0.00 %
Serial Communication (SCB)    :    1 :    1 :    2 : 50.00 %
BLE                           :    1 :    0 :    1 : 100.00 %
DMA Channels                  :    0 :    8 :    8 :  0.00 %
Timer/Counter/PWM             :    2 :    2 :    4 : 50.00 %
UDB                           :      :      :      :        
  Macrocells                  :   21 :   11 :   32 : 65.63 %
  Unique P-terms              :   35 :   29 :   64 : 54.69 %
  Total P-terms               :   36 :      :      :        
  Datapath Cells              :    2 :    2 :    4 : 50.00 %
  Status Cells                :    1 :    3 :    4 : 25.00 %
    Status Registers          :    1 :      :      :        
  Control Cells               :    3 :    1 :    4 : 75.00 %
    Control Registers         :    3 :      :      :        
Comparator/Opamp              :    0 :    4 :    4 :  0.00 %
LP Comparator                 :    0 :    2 :    2 :  0.00 %
SAR ADC                       :    1 :    0 :    1 : 100.00 %
DAC                           :      :      :      :        
  7-bit IDAC                  :    0 :    1 :    1 :  0.00 %
  8-bit IDAC                  :    0 :    1 :    1 :  0.00 %
</CYPRESSTAG>
Technology Mapping: Elapsed time ==> 0s.536ms
Tech Mapping phase: Elapsed time ==> 0s.657ms
</CYPRESSTAG>
<CYPRESSTAG name="Analog Placement">
<CYPRESSTAG name="FFB & IO Pre Placement">
<CYPRESSTAG name="Placement" icon="FILE_RPT_PLACEMENT">

Cell                                : Block                              
=========================================================================
Pin_Output_UP(0)                    : [IOP=(2)][IoId=(2)]                
\UART:tx(0)\                        : [IOP=(1)][IoId=(5)]                
\UART:rx(0)\                        : [IOP=(1)][IoId=(4)]                
Pin_Output_UP_GROUND(0)             : [IOP=(3)][IoId=(2)]                
Pin_Output_RIGHT(0)                 : [IOP=(2)][IoId=(1)]                
Pin_Output_Serve(0)                 : [IOP=(3)][IoId=(4)]                
Pin_Output_RIGHT_GROUND(0)          : [IOP=(3)][IoId=(1)]                
Pin_Output_LEFT(0)                  : [IOP=(2)][IoId=(0)]                
Pin_Output_LEFT_GROUND(0)           : [IOP=(3)][IoId=(0)]                
Pin_Input_BallTrigger(0)            : [IOP=(2)][IoId=(4)]                
Pin_Output_DOWN_GROUND(0)           : [IOP=(3)][IoId=(3)]                
Pin_Output_DOWN(0)                  : [IOP=(2)][IoId=(3)]                
ENA_P_16(0)                         : [IOP=(1)][IoId=(6)]                
IN1_P_01(0)                         : [IOP=(0)][IoId=(1)]                
IN2_P_00(0)                         : [IOP=(0)][IoId=(0)]                
Pin_Motor(0)                        : [IOP=(2)][IoId=(5)]                
P_03(0)                             : [IOP=(0)][IoId=(3)]                
Din(0)                              : [IOP=(0)][IoId=(2)]                
ClockGenBlock                       : CLK_GEN_[FFB(CLK_GEN,0)]           
\UART:SCB\                          : SCB_[FFB(SCB,0)]                   
\Bluetooth:cy_m0s8_ble\             : BLE_[FFB(BLE,0)]                   
\ADC:cy_psoc4_sar\                  : SARADC_[FFB(SARADC,0)]             
\PWM_Down:cy_m0s8_tcpwm_1\          : TCPWM_[FFB(TCPWM,3)]               
\PWM:cy_m0s8_tcpwm_1\               : TCPWM_[FFB(TCPWM,0)]               

</CYPRESSTAG>
</CYPRESSTAG>
<CYPRESSTAG name="Real Analog Placement">
Elapsed time ==> 0.2185581s
</CYPRESSTAG>
Analog Placement phase: Elapsed time ==> 0s.607ms
</CYPRESSTAG>
<CYPRESSTAG name="Analog Routing">
<CYPRESSTAG name="Analog Routing">
Route success=True, Iterations=1 Elapsed=0.0313732 secs
</CYPRESSTAG>
Analog Routing phase: Elapsed time ==> 0s.032ms
</CYPRESSTAG>
<CYPRESSTAG name="Analog Code Generation">
============ Analog Final Answer Routes ============
Dump of CyAnalogRoutingResultsDB
Map of net to items {
  Net: Net_3152 {
    p0_3
    P0_P43
    amuxbusa_ctb
    AMUX_CTB_SAR_SWITCH_A_SR
    amuxbridge_ctb_sar_a
    AMUX_CTB_SAR_SWITCH_A_SL
    amuxbusa_sar
    PASS0_SARMUX0_sw18
    PASS0_sarmux_vplus
  }
  Net: \ADC:Net_3113\ {
  }
  Net: \ADC:Net_3227\ {
  }
  Net: \ADC:mux_bus_minus_0\ {
  }
  Net: \ADC:mux_bus_minus_1\ {
  }
  Net: \ADC:mux_bus_plus_1\ {
  }
}
Map of item to net {
  p0_3                                             -> Net_3152
  P0_P43                                           -> Net_3152
  amuxbusa_ctb                                     -> Net_3152
  AMUX_CTB_SAR_SWITCH_A_SR                         -> Net_3152
  amuxbridge_ctb_sar_a                             -> Net_3152
  AMUX_CTB_SAR_SWITCH_A_SL                         -> Net_3152
  amuxbusa_sar                                     -> Net_3152
  PASS0_SARMUX0_sw18                               -> Net_3152
  PASS0_sarmux_vplus                               -> Net_3152
}
Mux Info {
}
Analog Code Generation phase: Elapsed time ==> 0s.071ms
</CYPRESSTAG>
<CYPRESSTAG name="Digital Placement">
<CYPRESSTAG name="Detailed placement messages">
I2076: Total run-time: 0.5 sec.

</CYPRESSTAG>
<CYPRESSTAG name="PLD Packing">
<CYPRESSTAG name="PLD Packing Summary" expanded>

------------------------------------------------------------
PLD Packing Summary
------------------------------------------------------------
            Resource Type : Used : Free :  Max :  % Used
    ====================================================
                     PLDs :    8 :    0 :    8 : 100.00%

<CYPRESSTAG name="PLD Statistics">

        PLD Resource Type :     Average/LAB
    =======================================
                   Inputs :            6.38
                   Pterms :            4.50
               Macrocells :            2.75
</CYPRESSTAG>
<CYPRESSTAG name="Packed PLD Contents">
Packed PLD Contents not displayed at this verbose level.</CYPRESSTAG>
</CYPRESSTAG>
PLD Packing: Elapsed time ==> 0s.032ms
</CYPRESSTAG>
<CYPRESSTAG name="Partitioning">
<CYPRESSTAG name="Initial Partitioning Summary">
Initial Partitioning Summary not displayed at this verbose level.</CYPRESSTAG>
<CYPRESSTAG name="Final Partitioning Summary">
Final Partitioning Summary not displayed at this verbose level.</CYPRESSTAG>
Partitioning: Elapsed time ==> 0s.104ms
</CYPRESSTAG>
<CYPRESSTAG name="Final Placement Summary">

------------------------------------------------------------
Final Placement Summary
------------------------------------------------------------

       Resource Type :      Count : Avg Inputs : Avg Outputs
    ========================================================
                 UDB :          4 :      10.00 :       5.50
<CYPRESSTAG name="Final Placement Details">
<CYPRESSTAG name="Component Details">

------------------------------------------------------------
Component Placement Details
------------------------------------------------------------
UDB [UDB=(0,0)] contents:
LAB@[UDB=(0,0)][LB=0] #macrocells=3, #inputs=3, #pterms=3
{
    [McSlotId=0]:     MacroCell: Name=Net_2648, Mode=(Combinatorial) @ [UDB=(0,0)][LB=0][MC=0]
        Total # of inputs        : 2
        Total # of product terms : 1
            Clock Enable: True
        Main Equation            : 1 pterm
        (
              Net_1948 * Net_4276
        );
        Output = Net_2648 (fanout=1)
        Properties               : 
        {
        }

    [McSlotId=1]:     MacroCell: Name=Net_2638, Mode=(Combinatorial) @ [UDB=(0,0)][LB=0][MC=1]
        Total # of inputs        : 2
        Total # of product terms : 1
            Clock Enable: True
        Main Equation            : 1 pterm
        (
              Net_1948 * !Net_1378
        );
        Output = Net_2638 (fanout=1)
        Properties               : 
        {
        }

    [McSlotId=2]: (empty)
    [McSlotId=3]:     MacroCell: Name=Net_2637, Mode=(Combinatorial) @ [UDB=(0,0)][LB=0][MC=3]
        Total # of inputs        : 2
        Total # of product terms : 1
            Clock Enable: True
        Main Equation            : 1 pterm
        (
              Net_1948 * Net_1378
        );
        Output = Net_2637 (fanout=1)
        Properties               : 
        {
        }
}

LAB@[UDB=(0,0)][LB=1] #macrocells=2, #inputs=7, #pterms=3
{
    [McSlotId=0]: (empty)
    [McSlotId=1]:     MacroCell: Name=\StripLights:B_WS2811:bitCount_1\, Mode=(T-Register) @ [UDB=(0,0)][LB=1][MC=1]
        Total # of inputs        : 5
        Total # of product terms : 2
        List of special equations: 
            Clock  = (ClockBlock_HFClk) => Global
            Clock Enable: True
        Main Equation            : 2 pterms
        (
              \StripLights:B_WS2811:pwmTC\ * \StripLights:B_WS2811:state_1\ * 
              !\StripLights:B_WS2811:state_0\ * 
              \StripLights:B_WS2811:bitCount_0\
            + !\StripLights:B_WS2811:state_1\ * 
              \StripLights:B_WS2811:bitCount_1\
        );
        Output = \StripLights:B_WS2811:bitCount_1\ (fanout=5)
        Properties               : 
        {
        }

    [McSlotId=2]:     MacroCell: Name=Net_2647, Mode=(Combinatorial) @ [UDB=(0,0)][LB=1][MC=2]
        Total # of inputs        : 2
        Total # of product terms : 1
            Clock Enable: True
        Main Equation            : 1 pterm
        (
              Net_4260 * Net_1948
        );
        Output = Net_2647 (fanout=1)
        Properties               : 
        {
        }

    [McSlotId=3]: (empty)
}

UDB [UDB=(0,1)] contents:
LAB@[UDB=(0,1)][LB=0] #macrocells=2, #inputs=2, #pterms=2
{
    [McSlotId=0]:     MacroCell: Name=Net_2640, Mode=(Combinatorial) @ [UDB=(0,1)][LB=0][MC=0]
        Total # of inputs        : 2
        Total # of product terms : 1
            Clock Enable: True
        Main Equation            : 1 pterm
        (
              Net_1948 * !Net_4270
        );
        Output = Net_2640 (fanout=1)
        Properties               : 
        {
        }

    [McSlotId=1]: (empty)
    [McSlotId=2]:     MacroCell: Name=__ONE__, Mode=(Combinatorial) @ [UDB=(0,1)][LB=0][MC=2]
        Total # of inputs        : 0
        Total # of product terms : 1
            Clock Enable: True
        Main Equation            : 1 pterm
        (
            1
        );
        Output = __ONE__ (fanout=1)
        Properties               : 
        {
        }

    [McSlotId=3]: (empty)
}

LAB@[UDB=(0,1)][LB=1] #macrocells=3, #inputs=4, #pterms=3
{
    [McSlotId=0]:     MacroCell: Name=Net_2635, Mode=(Combinatorial) @ [UDB=(0,1)][LB=1][MC=0]
        Total # of inputs        : 2
        Total # of product terms : 1
            Clock Enable: True
        Main Equation            : 1 pterm
        (
              !Net_4260 * Net_1948
        );
        Output = Net_2635 (fanout=1)
        Properties               : 
        {
        }

    [McSlotId=1]:     MacroCell: Name=Net_2636, Mode=(Combinatorial) @ [UDB=(0,1)][LB=1][MC=1]
        Total # of inputs        : 2
        Total # of product terms : 1
            Clock Enable: True
        Main Equation            : 1 pterm
        (
              Net_1948 * !Net_4276
        );
        Output = Net_2636 (fanout=1)
        Properties               : 
        {
        }

    [McSlotId=2]:     MacroCell: Name=Net_2639, Mode=(Combinatorial) @ [UDB=(0,1)][LB=1][MC=2]
        Total # of inputs        : 2
        Total # of product terms : 1
            Clock Enable: True
        Main Equation            : 1 pterm
        (
              Net_1948 * Net_4270
        );
        Output = Net_2639 (fanout=1)
        Properties               : 
        {
        }

    [McSlotId=3]: (empty)
}

controlcell: Name =\Control_Rotation:Sync:ctrl_reg\
    PORT MAP (
        control_7 => \Control_Rotation:control_7\ ,
        control_6 => \Control_Rotation:control_6\ ,
        control_5 => \Control_Rotation:control_5\ ,
        control_4 => \Control_Rotation:control_4\ ,
        control_3 => Net_4270 ,
        control_2 => Net_1378 ,
        control_1 => Net_4276 ,
        control_0 => Net_4260 );
    Properties:
    {
        cy_ctrl_mode_0 = "00000000"
        cy_ctrl_mode_1 = "00000000"
        cy_ext_reset = 0
        cy_force_order = 1
        cy_init_value = "00001111"
    }
    Clock Enable: True

UDB [UDB=(1,0)] contents:
LAB@[UDB=(1,0)][LB=0] #macrocells=3, #inputs=9, #pterms=8
{
    [McSlotId=0]:     MacroCell: Name=\StripLights:B_WS2811:state_1\, Mode=(D-Register) @ [UDB=(1,0)][LB=0][MC=0]
        Total # of inputs        : 9
        Total # of product terms : 3
        List of special equations: 
            Clock  = (ClockBlock_HFClk) => Global
            Clock Enable: True
        Main Equation            : 3 pterms
        !(
              \StripLights:B_WS2811:pwmTC\ * \StripLights:B_WS2811:control_0\ * 
              !\StripLights:B_WS2811:status_0\ * 
              \StripLights:B_WS2811:bitCount_2\ * 
              !\StripLights:B_WS2811:state_0\ * 
              \StripLights:B_WS2811:bitCount_1\ * 
              \StripLights:B_WS2811:bitCount_0\
            + \StripLights:B_WS2811:control_5\ * 
              \StripLights:B_WS2811:state_1\ * \StripLights:B_WS2811:state_0\
            + !\StripLights:B_WS2811:state_1\ * 
              !\StripLights:B_WS2811:state_0\
        );
        Output = \StripLights:B_WS2811:state_1\ (fanout=10)
        Properties               : 
        {
        }

    [McSlotId=1]:     MacroCell: Name=\StripLights:B_WS2811:state_0\, Mode=(D-Register) @ [UDB=(1,0)][LB=0][MC=1]
        Total # of inputs        : 9
        Total # of product terms : 3
        List of special equations: 
            Clock  = (ClockBlock_HFClk) => Global
            Clock Enable: True
        Main Equation            : 3 pterms
        (
              \StripLights:B_WS2811:pwmTC\ * 
              \StripLights:B_WS2811:bitCount_2\ * 
              \StripLights:B_WS2811:state_1\ * 
              !\StripLights:B_WS2811:state_0\ * 
              \StripLights:B_WS2811:bitCount_1\ * 
              \StripLights:B_WS2811:bitCount_0\
            + !\StripLights:B_WS2811:control_5\ * 
              \StripLights:B_WS2811:state_1\ * \StripLights:B_WS2811:state_0\
            + \StripLights:B_WS2811:control_0\ * 
              !\StripLights:B_WS2811:status_0\ * 
              !\StripLights:B_WS2811:state_1\ * 
              !\StripLights:B_WS2811:state_0\
        );
        Output = \StripLights:B_WS2811:state_0\ (fanout=10)
        Properties               : 
        {
        }

    [McSlotId=2]:     MacroCell: Name=\StripLights:B_WS2811:bitCount_2\, Mode=(T-Register) @ [UDB=(1,0)][LB=0][MC=2]
        Total # of inputs        : 6
        Total # of product terms : 2
        List of special equations: 
            Clock  = (ClockBlock_HFClk) => Global
            Clock Enable: True
        Main Equation            : 2 pterms
        (
              \StripLights:B_WS2811:pwmTC\ * \StripLights:B_WS2811:state_1\ * 
              !\StripLights:B_WS2811:state_0\ * 
              \StripLights:B_WS2811:bitCount_1\ * 
              \StripLights:B_WS2811:bitCount_0\
            + \StripLights:B_WS2811:bitCount_2\ * 
              !\StripLights:B_WS2811:state_1\
        );
        Output = \StripLights:B_WS2811:bitCount_2\ (fanout=4)
        Properties               : 
        {
        }

    [McSlotId=3]: (empty)
}

LAB@[UDB=(1,0)][LB=1] #macrocells=2, #inputs=7, #pterms=6
{
    [McSlotId=0]:     MacroCell: Name=\StripLights:B_WS2811:dpAddr_1\, Mode=(D-Register) @ [UDB=(1,0)][LB=1][MC=0]
        Total # of inputs        : 7
        Total # of product terms : 4
        List of special equations: 
            Clock  = (ClockBlock_HFClk) => Global
            Clock Enable: True
        Main Equation            : 4 pterms
        (
              \StripLights:B_WS2811:pwmTC\ * 
              !\StripLights:B_WS2811:bitCount_2\ * 
              \StripLights:B_WS2811:state_1\ * 
              !\StripLights:B_WS2811:state_0\
            + \StripLights:B_WS2811:pwmTC\ * \StripLights:B_WS2811:state_1\ * 
              !\StripLights:B_WS2811:state_0\ * 
              !\StripLights:B_WS2811:bitCount_1\
            + \StripLights:B_WS2811:pwmTC\ * \StripLights:B_WS2811:state_1\ * 
              !\StripLights:B_WS2811:state_0\ * 
              !\StripLights:B_WS2811:bitCount_0\
            + \StripLights:B_WS2811:state_1\ * \StripLights:B_WS2811:state_0\ * 
              \StripLights:B_WS2811:dpAddr_1\
        );
        Output = \StripLights:B_WS2811:dpAddr_1\ (fanout=2)
        Properties               : 
        {
        }

    [McSlotId=1]: (empty)
    [McSlotId=2]:     MacroCell: Name=\StripLights:B_WS2811:bitCount_0\, Mode=(T-Register) @ [UDB=(1,0)][LB=1][MC=2]
        Total # of inputs        : 4
        Total # of product terms : 2
        List of special equations: 
            Clock  = (ClockBlock_HFClk) => Global
            Clock Enable: True
        Main Equation            : 2 pterms
        (
              \StripLights:B_WS2811:pwmTC\ * \StripLights:B_WS2811:state_1\ * 
              !\StripLights:B_WS2811:state_0\
            + !\StripLights:B_WS2811:state_1\ * 
              \StripLights:B_WS2811:bitCount_0\
        );
        Output = \StripLights:B_WS2811:bitCount_0\ (fanout=6)
        Properties               : 
        {
        }

    [McSlotId=3]: (empty)
}

datapathcell: Name =\StripLights:B_WS2811:dshifter:u0\
    PORT MAP (
        clock => ClockBlock_HFClk ,
        cs_addr_1 => \StripLights:B_WS2811:dpAddr_1\ ,
        cs_addr_0 => \StripLights:B_WS2811:dpAddr_0\ ,
        so_comb => \StripLights:B_WS2811:shiftOut\ ,
        f0_bus_stat_comb => \StripLights:B_WS2811:status_1\ ,
        f0_blk_stat_comb => \StripLights:B_WS2811:status_0\ );
    Properties:
    {
        a0_init = "00000000"
        a1_init = "00000000"
        ce0_sync = 1
        ce1_sync = 1
        cl0_sync = 1
        cl1_sync = 1
        cmsb_sync = 1
        co_msb_sync = 1
        cy_dpconfig = "0000000000000000000000001100000000000001010000000000000000000000000000000000000000000000000000000000000000000000000000000000000011111111000000001111111111111111000000000000000000000000000000000000000000000000"
        d0_init = "00000000"
        d1_init = "00000000"
        f0_blk_sync = 1
        f0_bus_sync = 1
        f1_blk_sync = 1
        f1_bus_sync = 1
        ff0_sync = 1
        ff1_sync = 1
        ov_msb_sync = 1
        so_sync = 1
        z0_sync = 1
        z1_sync = 1
    }
    Clock Polarity: Active High
    Clock Enable: True

statuscell: Name =\StripLights:B_WS2811:StatusReg\
    PORT MAP (
        status_7 => \StripLights:B_WS2811:control_0\ ,
        status_6 => \StripLights:B_WS2811:status_6\ ,
        status_1 => \StripLights:B_WS2811:status_1\ ,
        status_0 => \StripLights:B_WS2811:status_0\ );
    Properties:
    {
        cy_force_order = 1
        cy_md_select = "00000000"
    }
    Clock Enable: True

controlcell: Name =\StripLights:B_WS2811:ctrl\
    PORT MAP (
        control_7 => \StripLights:B_WS2811:control_7\ ,
        control_6 => \StripLights:B_WS2811:control_6\ ,
        control_5 => \StripLights:B_WS2811:control_5\ ,
        control_4 => \StripLights:B_WS2811:control_4\ ,
        control_3 => \StripLights:B_WS2811:control_3\ ,
        control_2 => \StripLights:B_WS2811:control_2\ ,
        control_1 => \StripLights:B_WS2811:control_1\ ,
        control_0 => \StripLights:B_WS2811:control_0\ );
    Properties:
    {
        cy_ctrl_mode_0 = "00000000"
        cy_ctrl_mode_1 = "00000000"
        cy_ext_reset = 0
        cy_force_order = 1
        cy_init_value = "00000000"
    }
    Clock Enable: True

UDB [UDB=(1,1)] contents:
LAB@[UDB=(1,1)][LB=0] #macrocells=4, #inputs=11, #pterms=6
{
    [McSlotId=0]:     MacroCell: Name=Net_2, Mode=(Combinatorial) @ [UDB=(1,1)][LB=0][MC=0]
        Total # of inputs        : 5
        Total # of product terms : 1
            Clock Enable: True
        Main Equation            : 1 pterm
        (
              !\StripLights:saddr_3\ * !\StripLights:saddr_2\ * 
              !\StripLights:saddr_1\ * !\StripLights:saddr_0\ * 
              \StripLights:Net_64\
        );
        Output = Net_2 (fanout=1)
        Properties               : 
        {
        }

    [McSlotId=1]:     MacroCell: Name=\StripLights:Net_64\, Mode=(D-Register) @ [UDB=(1,1)][LB=0][MC=1]
        Total # of inputs        : 5
        Total # of product terms : 3
        List of special equations: 
            Clock  = (ClockBlock_HFClk) => Global
            Clock Enable: True
        Main Equation            : 3 pterms
        (
              !\StripLights:B_WS2811:zeroCmp\ * 
              \StripLights:B_WS2811:state_1\ * 
              !\StripLights:B_WS2811:state_0\ * 
              !\StripLights:B_WS2811:shiftOut\
            + !\StripLights:B_WS2811:oneCmp\ * \StripLights:B_WS2811:state_1\ * 
              !\StripLights:B_WS2811:state_0\ * 
              \StripLights:B_WS2811:shiftOut\
            + !\StripLights:B_WS2811:state_1\ * 
              \StripLights:B_WS2811:state_0\
        );
        Output = \StripLights:Net_64\ (fanout=1)
        Properties               : 
        {
        }

    [McSlotId=2]:     MacroCell: Name=\StripLights:B_WS2811:dpAddr_0\, Mode=(D-Register) @ [UDB=(1,1)][LB=0][MC=2]
        Total # of inputs        : 3
        Total # of product terms : 2
        List of special equations: 
            Clock  = (ClockBlock_HFClk) => Global
            Clock Enable: True
        Main Equation            : 2 pterms
        (
              !\StripLights:B_WS2811:state_1\ * 
              \StripLights:B_WS2811:state_0\
            + \StripLights:B_WS2811:state_0\ * 
              \StripLights:B_WS2811:dpAddr_0\
        );
        Output = \StripLights:B_WS2811:dpAddr_0\ (fanout=2)
        Properties               : 
        {
        }

    [McSlotId=3]:     MacroCell: Name=\StripLights:B_WS2811:status_6\, Mode=(D-Register) @ [UDB=(1,1)][LB=0][MC=3]
        Total # of inputs        : 2
        Total # of product terms : 1
        List of special equations: 
            Clock  = (ClockBlock_HFClk) => Global
            Clock Enable: True
        Main Equation            : 1 pterm
        (
              \StripLights:B_WS2811:state_1\ * \StripLights:B_WS2811:state_0\
        );
        Output = \StripLights:B_WS2811:status_6\ (fanout=2)
        Properties               : 
        {
        }
}

LAB@[UDB=(1,1)][LB=1] #macrocells=3, #inputs=8, #pterms=5
{
    [McSlotId=0]:     MacroCell: Name=\StripLights:B_WS2811:pwmCntl\, Mode=(D-Register) @ [UDB=(1,1)][LB=1][MC=0]
        Total # of inputs        : 5
        Total # of product terms : 3
        List of special equations: 
            Clock  = (ClockBlock_HFClk) => Global
            Clock Enable: True
        Main Equation            : 3 pterms
        !(
              \StripLights:B_WS2811:control_0\ * 
              !\StripLights:B_WS2811:status_0\ * 
              !\StripLights:B_WS2811:state_0\
            + \StripLights:B_WS2811:state_1\ * 
              !\StripLights:B_WS2811:state_0\
            + \StripLights:B_WS2811:state_1\ * 
              !\StripLights:B_WS2811:pwmCntl\
        );
        Output = \StripLights:B_WS2811:pwmCntl\ (fanout=2)
        Properties               : 
        {
        }

    [McSlotId=1]:     MacroCell: Name=\StripLights:Net_159\, Mode=(Combinatorial) @ [UDB=(1,1)][LB=1][MC=1]
        Total # of inputs        : 3
        Total # of product terms : 1
            Clock Enable: True
        Main Equation            : 1 pterm
        (
              \StripLights:B_WS2811:control_3\ * 
              \StripLights:B_WS2811:control_0\ * 
              \StripLights:B_WS2811:status_0\
        );
        Output = \StripLights:Net_159\ (fanout=1)
        Properties               : 
        {
        }

    [McSlotId=2]:     MacroCell: Name=Net_2691, Mode=(Combinatorial) @ [UDB=(1,1)][LB=1][MC=2]
        Total # of inputs        : 3
        Total # of product terms : 1
            Clock Enable: True
        Main Equation            : 1 pterm
        (
              \StripLights:B_WS2811:control_4\ * 
              \StripLights:B_WS2811:control_0\ * 
              \StripLights:B_WS2811:status_6\
        );
        Output = Net_2691 (fanout=1)
        Properties               : 
        {
        }

    [McSlotId=3]: (empty)
}

datapathcell: Name =\StripLights:B_WS2811:pwm8:u0\
    PORT MAP (
        clock => ClockBlock_HFClk ,
        cs_addr_1 => \StripLights:B_WS2811:pwmCntl\ ,
        cs_addr_0 => \StripLights:B_WS2811:pwmTC\ ,
        cl0_comb => \StripLights:B_WS2811:zeroCmp\ ,
        z0_comb => \StripLights:B_WS2811:pwmTC\ ,
        cl1_comb => \StripLights:B_WS2811:oneCmp\ );
    Properties:
    {
        a0_init = "00011000"
        a1_init = "00011000"
        ce0_sync = 1
        ce1_sync = 1
        cl0_sync = 1
        cl1_sync = 1
        cmsb_sync = 1
        co_msb_sync = 1
        cy_dpconfig = "0100000001000000000000001100000000000000110000000000000011000000000000000000000000000000000000000000000000000000000000000000000011111111000000001111111111111111101000000000000000000000000000000000000000000000"
        d0_init = "00010100"
        d1_init = "00001100"
        f0_blk_sync = 1
        f0_bus_sync = 1
        f1_blk_sync = 1
        f1_bus_sync = 1
        ff0_sync = 1
        ff1_sync = 1
        ov_msb_sync = 1
        so_sync = 1
        z0_sync = 1
        z1_sync = 1
    }
    Clock Polarity: Active High
    Clock Enable: True

controlcell: Name =\StripLights:StringSel:Sync:ctrl_reg\
    PORT MAP (
        control_7 => \StripLights:StringSel:control_7\ ,
        control_6 => \StripLights:StringSel:control_6\ ,
        control_5 => \StripLights:StringSel:control_5\ ,
        control_4 => \StripLights:StringSel:control_4\ ,
        control_3 => \StripLights:saddr_3\ ,
        control_2 => \StripLights:saddr_2\ ,
        control_1 => \StripLights:saddr_1\ ,
        control_0 => \StripLights:saddr_0\ );
    Properties:
    {
        cy_ctrl_mode_0 = "00000000"
        cy_ctrl_mode_1 = "00000000"
        cy_ext_reset = 0
        cy_force_order = 1
        cy_init_value = "00000000"
    }
    Clock Enable: True

Intr container @ [IntrContainer=(0)]: 
  Intr@ [IntrContainer=(0)][IntrId=(1)] 
    interrupt: Name =ISR_Ball_Trigger
        PORT MAP (
            interrupt => Net_2629 );
        Properties:
        {
            int_type = "10"
            is_nmi = 0
        }
  Intr@ [IntrContainer=(0)][IntrId=(2)] 
    interrupt: Name =\StripLights:cisr\
        PORT MAP (
            interrupt => Net_2691 );
        Properties:
        {
            int_type = "00"
            is_nmi = 0
        }
  Intr@ [IntrContainer=(0)][IntrId=(3)] 
    interrupt: Name =\StripLights:fisr\
        PORT MAP (
            interrupt => \StripLights:Net_159\ );
        Properties:
        {
            int_type = "00"
            is_nmi = 0
        }
  Intr@ [IntrContainer=(0)][IntrId=(12)] 
    interrupt: Name =\Bluetooth:bless_isr\
        PORT MAP (
            interrupt => \Bluetooth:Net_15\ );
        Properties:
        {
            int_type = "10"
            is_nmi = 0
        }
  Intr@ [IntrContainer=(0)][IntrId=(15)] 
    interrupt: Name =\ADC:IRQ\
        PORT MAP (
            interrupt => \ADC:Net_3112\ );
        Properties:
        {
            int_type = "10"
            is_nmi = 0
        }
Drq container @ [DrqContainer=(0)]: empty
Port 0 contains the following IO cells:
[IoId=0]: 
Pin : Name = IN2_P_00(0)
    Attributes:
        In Group/Port: True
        In Sync Option: AUTO
        Out Sync Option: NOSYNC
        Interrupt generated: False
        Interrupt mode: NONE
        Drive mode: CMOS_OUT
        VTrip: EITHER
        Slew: FAST
        Input Sync needed: False
        Output Sync needed: False
        SC shield enabled: False
        POR State: ANY
        LCD Mode: COMMON
        Register Mode: RegComb
        CaSense Mode: NEITHER
        Treat as pin: True
        Is OE Registered: False
        Uses Analog: False
        Can contain Digital: True
        Is SIO: False
        SIO Output Buf: NONREGULATED
        SIO Input Buf: SINGLE_ENDED
        SIO HiFreq: LOW
        SIO Hyst: DISABLED
        SIO Vtrip: MULTIPLIER_0_5
        SIO Multiplier Index: 0
        SIO RefSel: VCC_IO
        Required Capabilities: DIGITAL
        Initial Value: 0
        IO Voltage: 0
    PORT MAP (
        pa_out => IN2_P_00(0)__PA ,
        pad => IN2_P_00(0)_PAD );
    Properties:
    {
    }

[IoId=1]: 
Pin : Name = IN1_P_01(0)
    Attributes:
        In Group/Port: True
        In Sync Option: AUTO
        Out Sync Option: NOSYNC
        Interrupt generated: False
        Interrupt mode: NONE
        Drive mode: CMOS_OUT
        VTrip: EITHER
        Slew: FAST
        Input Sync needed: False
        Output Sync needed: False
        SC shield enabled: False
        POR State: ANY
        LCD Mode: COMMON
        Register Mode: RegComb
        CaSense Mode: NEITHER
        Treat as pin: True
        Is OE Registered: False
        Uses Analog: False
        Can contain Digital: True
        Is SIO: False
        SIO Output Buf: NONREGULATED
        SIO Input Buf: SINGLE_ENDED
        SIO HiFreq: LOW
        SIO Hyst: DISABLED
        SIO Vtrip: MULTIPLIER_0_5
        SIO Multiplier Index: 0
        SIO RefSel: VCC_IO
        Required Capabilities: DIGITAL
        Initial Value: 0
        IO Voltage: 0
    PORT MAP (
        pa_out => IN1_P_01(0)__PA ,
        pad => IN1_P_01(0)_PAD );
    Properties:
    {
    }

[IoId=2]: 
Pin : Name = Din(0)
    Attributes:
        In Group/Port: True
        In Sync Option: AUTO
        Out Sync Option: NOSYNC
        Interrupt generated: False
        Interrupt mode: NONE
        Drive mode: CMOS_OUT
        VTrip: EITHER
        Slew: FAST
        Input Sync needed: False
        Output Sync needed: False
        SC shield enabled: False
        POR State: ANY
        LCD Mode: COMMON
        Register Mode: RegComb
        CaSense Mode: NEITHER
        Treat as pin: True
        Is OE Registered: False
        Uses Analog: False
        Can contain Digital: True
        Is SIO: False
        SIO Output Buf: NONREGULATED
        SIO Input Buf: SINGLE_ENDED
        SIO HiFreq: LOW
        SIO Hyst: DISABLED
        SIO Vtrip: MULTIPLIER_0_5
        SIO Multiplier Index: 0
        SIO RefSel: VCC_IO
        Required Capabilities: DIGITAL, ROUTABLE
        Initial Value: 1
        IO Voltage: 0
    PORT MAP (
        pa_out => Din(0)__PA ,
        pin_input => Net_2 ,
        annotation => Net_18 ,
        pad => Din(0)_PAD );
    Properties:
    {
    }

[IoId=3]: 
Pin : Name = P_03(0)
    Attributes:
        In Group/Port: True
        In Sync Option: AUTO
        Out Sync Option: AUTO
        Interrupt generated: False
        Interrupt mode: NONE
        Drive mode: HI_Z_ANALOG
        VTrip: EITHER
        Slew: FAST
        Input Sync needed: False
        Output Sync needed: False
        SC shield enabled: False
        POR State: ANY
        LCD Mode: COMMON
        Register Mode: RegComb
        CaSense Mode: NEITHER
        Treat as pin: True
        Is OE Registered: False
        Uses Analog: True
        Can contain Digital: False
        Is SIO: False
        SIO Output Buf: NONREGULATED
        SIO Input Buf: SINGLE_ENDED
        SIO HiFreq: LOW
        SIO Hyst: DISABLED
        SIO Vtrip: MULTIPLIER_0_5
        SIO Multiplier Index: 0
        SIO RefSel: VCC_IO
        Required Capabilities: ANALOG
        Initial Value: 1
        IO Voltage: 0
    PORT MAP (
        pa_out => P_03(0)__PA ,
        analog_term => Net_3152 ,
        annotation => Net_422 ,
        pad => P_03(0)_PAD ,
        pin_input => __ONE__ );
    Properties:
    {
    }

Port 1 contains the following IO cells:
[IoId=4]: 
Pin : Name = \UART:rx(0)\
    Attributes:
        In Group/Port: True
        In Sync Option: NOSYNC
        Out Sync Option: AUTO
        Interrupt generated: False
        Interrupt mode: NONE
        Drive mode: HI_Z_DIGITAL
        VTrip: CMOS
        Slew: FAST
        Input Sync needed: False
        Output Sync needed: False
        SC shield enabled: False
        POR State: ANY
        LCD Mode: COMMON
        Register Mode: RegComb
        CaSense Mode: NEITHER
        Treat as pin: True
        Is OE Registered: False
        Uses Analog: False
        Can contain Digital: True
        Is SIO: False
        SIO Output Buf: NONREGULATED
        SIO Input Buf: SINGLE_ENDED
        SIO HiFreq: LOW
        SIO Hyst: DISABLED
        SIO Vtrip: MULTIPLIER_0_5
        SIO Multiplier Index: 0
        SIO RefSel: VCC_IO
        Required Capabilities: DIGITAL
        Initial Value: 0
        IO Voltage: 0
    PORT MAP (
        pa_out => \UART:rx(0)\__PA ,
        fb => \UART:rx_wire\ ,
        pad => \UART:rx(0)_PAD\ );
    Properties:
    {
    }

[IoId=5]: 
Pin : Name = \UART:tx(0)\
    Attributes:
        In Group/Port: True
        In Sync Option: NOSYNC
        Out Sync Option: NOSYNC
        Interrupt generated: False
        Interrupt mode: NONE
        Drive mode: CMOS_OUT
        VTrip: CMOS
        Slew: FAST
        Input Sync needed: False
        Output Sync needed: False
        SC shield enabled: False
        POR State: ANY
        LCD Mode: COMMON
        Register Mode: RegComb
        CaSense Mode: NEITHER
        Treat as pin: True
        Is OE Registered: False
        Uses Analog: False
        Can contain Digital: True
        Is SIO: False
        SIO Output Buf: NONREGULATED
        SIO Input Buf: SINGLE_ENDED
        SIO HiFreq: LOW
        SIO Hyst: DISABLED
        SIO Vtrip: MULTIPLIER_0_5
        SIO Multiplier Index: 0
        SIO RefSel: VCC_IO
        Required Capabilities: DIGITAL
        Initial Value: 1
        IO Voltage: 0
    PORT MAP (
        pa_out => \UART:tx(0)\__PA ,
        pin_input => \UART:tx_wire\ ,
        pad => \UART:tx(0)_PAD\ );
    Properties:
    {
    }

[IoId=6]: 
Pin : Name = ENA_P_16(0)
    Attributes:
        In Group/Port: True
        In Sync Option: AUTO
        Out Sync Option: NOSYNC
        Interrupt generated: False
        Interrupt mode: NONE
        Drive mode: CMOS_OUT
        VTrip: EITHER
        Slew: FAST
        Input Sync needed: False
        Output Sync needed: False
        SC shield enabled: False
        POR State: ANY
        LCD Mode: COMMON
        Register Mode: RegComb
        CaSense Mode: NEITHER
        Treat as pin: True
        Is OE Registered: False
        Uses Analog: False
        Can contain Digital: True
        Is SIO: False
        SIO Output Buf: NONREGULATED
        SIO Input Buf: SINGLE_ENDED
        SIO HiFreq: LOW
        SIO Hyst: DISABLED
        SIO Vtrip: MULTIPLIER_0_5
        SIO Multiplier Index: 0
        SIO RefSel: VCC_IO
        Required Capabilities: DIGITAL
        Initial Value: 1
        IO Voltage: 0
    PORT MAP (
        pa_out => ENA_P_16(0)__PA ,
        pin_input => Net_2907 ,
        pad => ENA_P_16(0)_PAD );
    Properties:
    {
    }

Port 2 contains the following IO cells:
[IoId=0]: 
Pin : Name = Pin_Output_LEFT(0)
    Attributes:
        In Group/Port: True
        In Sync Option: AUTO
        Out Sync Option: NOSYNC
        Interrupt generated: False
        Interrupt mode: NONE
        Drive mode: CMOS_OUT
        VTrip: EITHER
        Slew: FAST
        Input Sync needed: False
        Output Sync needed: False
        SC shield enabled: False
        POR State: ANY
        LCD Mode: COMMON
        Register Mode: RegComb
        CaSense Mode: NEITHER
        Treat as pin: True
        Is OE Registered: False
        Uses Analog: False
        Can contain Digital: True
        Is SIO: False
        SIO Output Buf: NONREGULATED
        SIO Input Buf: SINGLE_ENDED
        SIO HiFreq: LOW
        SIO Hyst: DISABLED
        SIO Vtrip: MULTIPLIER_0_5
        SIO Multiplier Index: 0
        SIO RefSel: VCC_IO
        Required Capabilities: DIGITAL, ROUTABLE
        Initial Value: 1
        IO Voltage: 0
    PORT MAP (
        pa_out => Pin_Output_LEFT(0)__PA ,
        pin_input => Net_2635 ,
        pad => Pin_Output_LEFT(0)_PAD );
    Properties:
    {
    }

[IoId=1]: 
Pin : Name = Pin_Output_RIGHT(0)
    Attributes:
        In Group/Port: True
        In Sync Option: AUTO
        Out Sync Option: NOSYNC
        Interrupt generated: False
        Interrupt mode: NONE
        Drive mode: CMOS_OUT
        VTrip: EITHER
        Slew: FAST
        Input Sync needed: False
        Output Sync needed: False
        SC shield enabled: False
        POR State: ANY
        LCD Mode: COMMON
        Register Mode: RegComb
        CaSense Mode: NEITHER
        Treat as pin: True
        Is OE Registered: False
        Uses Analog: False
        Can contain Digital: True
        Is SIO: False
        SIO Output Buf: NONREGULATED
        SIO Input Buf: SINGLE_ENDED
        SIO HiFreq: LOW
        SIO Hyst: DISABLED
        SIO Vtrip: MULTIPLIER_0_5
        SIO Multiplier Index: 0
        SIO RefSel: VCC_IO
        Required Capabilities: DIGITAL, ROUTABLE
        Initial Value: 1
        IO Voltage: 0
    PORT MAP (
        pa_out => Pin_Output_RIGHT(0)__PA ,
        pin_input => Net_2636 ,
        pad => Pin_Output_RIGHT(0)_PAD );
    Properties:
    {
    }

[IoId=2]: 
Pin : Name = Pin_Output_UP(0)
    Attributes:
        In Group/Port: True
        In Sync Option: AUTO
        Out Sync Option: NOSYNC
        Interrupt generated: False
        Interrupt mode: NONE
        Drive mode: CMOS_OUT
        VTrip: EITHER
        Slew: FAST
        Input Sync needed: False
        Output Sync needed: False
        SC shield enabled: False
        POR State: ANY
        LCD Mode: COMMON
        Register Mode: RegComb
        CaSense Mode: NEITHER
        Treat as pin: True
        Is OE Registered: False
        Uses Analog: False
        Can contain Digital: True
        Is SIO: False
        SIO Output Buf: NONREGULATED
        SIO Input Buf: SINGLE_ENDED
        SIO HiFreq: LOW
        SIO Hyst: DISABLED
        SIO Vtrip: MULTIPLIER_0_5
        SIO Multiplier Index: 0
        SIO RefSel: VCC_IO
        Required Capabilities: DIGITAL, ROUTABLE
        Initial Value: 1
        IO Voltage: 0
    PORT MAP (
        pa_out => Pin_Output_UP(0)__PA ,
        pin_input => Net_2637 ,
        pad => Pin_Output_UP(0)_PAD );
    Properties:
    {
    }

[IoId=3]: 
Pin : Name = Pin_Output_DOWN(0)
    Attributes:
        In Group/Port: True
        In Sync Option: AUTO
        Out Sync Option: NOSYNC
        Interrupt generated: False
        Interrupt mode: NONE
        Drive mode: CMOS_OUT
        VTrip: EITHER
        Slew: FAST
        Input Sync needed: False
        Output Sync needed: False
        SC shield enabled: False
        POR State: ANY
        LCD Mode: COMMON
        Register Mode: RegComb
        CaSense Mode: NEITHER
        Treat as pin: True
        Is OE Registered: False
        Uses Analog: False
        Can contain Digital: True
        Is SIO: False
        SIO Output Buf: NONREGULATED
        SIO Input Buf: SINGLE_ENDED
        SIO HiFreq: LOW
        SIO Hyst: DISABLED
        SIO Vtrip: MULTIPLIER_0_5
        SIO Multiplier Index: 0
        SIO RefSel: VCC_IO
        Required Capabilities: DIGITAL, ROUTABLE
        Initial Value: 1
        IO Voltage: 0
    PORT MAP (
        pa_out => Pin_Output_DOWN(0)__PA ,
        pin_input => Net_2639 ,
        pad => Pin_Output_DOWN(0)_PAD );
    Properties:
    {
    }

[IoId=4]: 
Pin : Name = Pin_Input_BallTrigger(0)
    Attributes:
        In Group/Port: True
        In Sync Option: NOSYNC
        Out Sync Option: AUTO
        Interrupt generated: False
        Interrupt mode: NONE
        Drive mode: RES_PULL_UP
        VTrip: CMOS
        Slew: FAST
        Input Sync needed: False
        Output Sync needed: False
        SC shield enabled: False
        POR State: ANY
        LCD Mode: COMMON
        Register Mode: RegComb
        CaSense Mode: NEITHER
        Treat as pin: True
        Is OE Registered: False
        Uses Analog: False
        Can contain Digital: True
        Is SIO: False
        SIO Output Buf: NONREGULATED
        SIO Input Buf: SINGLE_ENDED
        SIO HiFreq: LOW
        SIO Hyst: DISABLED
        SIO Vtrip: MULTIPLIER_0_5
        SIO Multiplier Index: 0
        SIO RefSel: VCC_IO
        Required Capabilities: DIGITAL, ROUTABLE
        Initial Value: 1
        IO Voltage: 0
    PORT MAP (
        pa_out => Pin_Input_BallTrigger(0)__PA ,
        fb => Net_2629 ,
        pad => Pin_Input_BallTrigger(0)_PAD );
    Properties:
    {
    }

[IoId=5]: 
Pin : Name = Pin_Motor(0)
    Attributes:
        In Group/Port: True
        In Sync Option: AUTO
        Out Sync Option: NOSYNC
        Interrupt generated: False
        Interrupt mode: NONE
        Drive mode: CMOS_OUT
        VTrip: EITHER
        Slew: FAST
        Input Sync needed: False
        Output Sync needed: False
        SC shield enabled: False
        POR State: ANY
        LCD Mode: COMMON
        Register Mode: RegComb
        CaSense Mode: NEITHER
        Treat as pin: True
        Is OE Registered: False
        Uses Analog: False
        Can contain Digital: True
        Is SIO: False
        SIO Output Buf: NONREGULATED
        SIO Input Buf: SINGLE_ENDED
        SIO HiFreq: LOW
        SIO Hyst: DISABLED
        SIO Vtrip: MULTIPLIER_0_5
        SIO Multiplier Index: 0
        SIO RefSel: VCC_IO
        Required Capabilities: DIGITAL
        Initial Value: 0
        IO Voltage: 0
    PORT MAP (
        pa_out => Pin_Motor(0)__PA ,
        pad => Pin_Motor(0)_PAD );
    Properties:
    {
    }

Port 3 contains the following IO cells:
[IoId=0]: 
Pin : Name = Pin_Output_LEFT_GROUND(0)
    Attributes:
        In Group/Port: True
        In Sync Option: AUTO
        Out Sync Option: NOSYNC
        Interrupt generated: False
        Interrupt mode: NONE
        Drive mode: CMOS_OUT
        VTrip: EITHER
        Slew: FAST
        Input Sync needed: False
        Output Sync needed: False
        SC shield enabled: False
        POR State: ANY
        LCD Mode: COMMON
        Register Mode: RegComb
        CaSense Mode: NEITHER
        Treat as pin: True
        Is OE Registered: False
        Uses Analog: False
        Can contain Digital: True
        Is SIO: False
        SIO Output Buf: NONREGULATED
        SIO Input Buf: SINGLE_ENDED
        SIO HiFreq: LOW
        SIO Hyst: DISABLED
        SIO Vtrip: MULTIPLIER_0_5
        SIO Multiplier Index: 0
        SIO RefSel: VCC_IO
        Required Capabilities: DIGITAL, ROUTABLE
        Initial Value: 1
        IO Voltage: 0
    PORT MAP (
        pa_out => Pin_Output_LEFT_GROUND(0)__PA ,
        pin_input => Net_2647 ,
        pad => Pin_Output_LEFT_GROUND(0)_PAD );
    Properties:
    {
    }

[IoId=1]: 
Pin : Name = Pin_Output_RIGHT_GROUND(0)
    Attributes:
        In Group/Port: True
        In Sync Option: AUTO
        Out Sync Option: NOSYNC
        Interrupt generated: False
        Interrupt mode: NONE
        Drive mode: CMOS_OUT
        VTrip: EITHER
        Slew: FAST
        Input Sync needed: False
        Output Sync needed: False
        SC shield enabled: False
        POR State: ANY
        LCD Mode: COMMON
        Register Mode: RegComb
        CaSense Mode: NEITHER
        Treat as pin: True
        Is OE Registered: False
        Uses Analog: False
        Can contain Digital: True
        Is SIO: False
        SIO Output Buf: NONREGULATED
        SIO Input Buf: SINGLE_ENDED
        SIO HiFreq: LOW
        SIO Hyst: DISABLED
        SIO Vtrip: MULTIPLIER_0_5
        SIO Multiplier Index: 0
        SIO RefSel: VCC_IO
        Required Capabilities: DIGITAL, ROUTABLE
        Initial Value: 1
        IO Voltage: 0
    PORT MAP (
        pa_out => Pin_Output_RIGHT_GROUND(0)__PA ,
        pin_input => Net_2648 ,
        pad => Pin_Output_RIGHT_GROUND(0)_PAD );
    Properties:
    {
    }

[IoId=2]: 
Pin : Name = Pin_Output_UP_GROUND(0)
    Attributes:
        In Group/Port: True
        In Sync Option: AUTO
        Out Sync Option: NOSYNC
        Interrupt generated: False
        Interrupt mode: NONE
        Drive mode: CMOS_OUT
        VTrip: EITHER
        Slew: FAST
        Input Sync needed: False
        Output Sync needed: False
        SC shield enabled: False
        POR State: ANY
        LCD Mode: COMMON
        Register Mode: RegComb
        CaSense Mode: NEITHER
        Treat as pin: True
        Is OE Registered: False
        Uses Analog: False
        Can contain Digital: True
        Is SIO: False
        SIO Output Buf: NONREGULATED
        SIO Input Buf: SINGLE_ENDED
        SIO HiFreq: LOW
        SIO Hyst: DISABLED
        SIO Vtrip: MULTIPLIER_0_5
        SIO Multiplier Index: 0
        SIO RefSel: VCC_IO
        Required Capabilities: DIGITAL, ROUTABLE
        Initial Value: 1
        IO Voltage: 0
    PORT MAP (
        pa_out => Pin_Output_UP_GROUND(0)__PA ,
        pin_input => Net_2638 ,
        pad => Pin_Output_UP_GROUND(0)_PAD );
    Properties:
    {
    }

[IoId=3]: 
Pin : Name = Pin_Output_DOWN_GROUND(0)
    Attributes:
        In Group/Port: True
        In Sync Option: AUTO
        Out Sync Option: NOSYNC
        Interrupt generated: False
        Interrupt mode: NONE
        Drive mode: CMOS_OUT
        VTrip: EITHER
        Slew: FAST
        Input Sync needed: False
        Output Sync needed: False
        SC shield enabled: False
        POR State: ANY
        LCD Mode: COMMON
        Register Mode: RegComb
        CaSense Mode: NEITHER
        Treat as pin: True
        Is OE Registered: False
        Uses Analog: False
        Can contain Digital: True
        Is SIO: False
        SIO Output Buf: NONREGULATED
        SIO Input Buf: SINGLE_ENDED
        SIO HiFreq: LOW
        SIO Hyst: DISABLED
        SIO Vtrip: MULTIPLIER_0_5
        SIO Multiplier Index: 0
        SIO RefSel: VCC_IO
        Required Capabilities: DIGITAL, ROUTABLE
        Initial Value: 1
        IO Voltage: 0
    PORT MAP (
        pa_out => Pin_Output_DOWN_GROUND(0)__PA ,
        pin_input => Net_2640 ,
        pad => Pin_Output_DOWN_GROUND(0)_PAD );
    Properties:
    {
    }

[IoId=4]: 
Pin : Name = Pin_Output_Serve(0)
    Attributes:
        In Group/Port: True
        In Sync Option: AUTO
        Out Sync Option: NOSYNC
        Interrupt generated: False
        Interrupt mode: NONE
        Drive mode: CMOS_OUT
        VTrip: EITHER
        Slew: FAST
        Input Sync needed: False
        Output Sync needed: False
        SC shield enabled: False
        POR State: ANY
        LCD Mode: COMMON
        Register Mode: RegComb
        CaSense Mode: NEITHER
        Treat as pin: True
        Is OE Registered: False
        Uses Analog: False
        Can contain Digital: True
        Is SIO: False
        SIO Output Buf: NONREGULATED
        SIO Input Buf: SINGLE_ENDED
        SIO HiFreq: LOW
        SIO Hyst: DISABLED
        SIO Vtrip: MULTIPLIER_0_5
        SIO Multiplier Index: 0
        SIO RefSel: VCC_IO
        Required Capabilities: DIGITAL
        Initial Value: 0
        IO Voltage: 0
    PORT MAP (
        pa_out => Pin_Output_Serve(0)__PA ,
        pad => Pin_Output_Serve(0)_PAD );
    Properties:
    {
    }

Port 4 contains the following IO cells:
Port 5 contains the following IO cells:
Port 6 contains the following IO cells:
ARM group 0: empty
Clock group 0: 
    Clock Block @ F(Clock,0): 
    m0s8clockblockcell: Name =ClockBlock
        PORT MAP (
            hfclk => ClockBlock_HFClk ,
            imo => ClockBlock_IMO ,
            ext => ClockBlock_ExtClk ,
            sysclk => ClockBlock_SysClk ,
            eco => ClockBlock_ECO ,
            ilo => ClockBlock_ILO ,
            lfclk => ClockBlock_LFClk ,
            wco => ClockBlock_WCO ,
            dsi_in_0 => ClockBlock_Routed1 ,
            ff_div_7 => Net_2919_ff7 ,
            ff_div_8 => Net_2904_ff8 ,
            ff_div_6 => \ADC:Net_1845_ff6\ ,
            ff_div_1 => \UART:Net_847_ff1\ );
        Properties:
        {
        }
LCD group 0: empty
PICU group 0: empty
LPCOMP group 0: empty
SCB group 0: 
    SCB Block @ F(SCB,0): 
    m0s8scbcell: Name =\UART:SCB\
        PORT MAP (
            clock => \UART:Net_847_ff1\ ,
            interrupt => Net_187 ,
            uart_rx => \UART:rx_wire\ ,
            uart_tx => \UART:tx_wire\ ,
            uart_rts => \UART:rts_wire\ ,
            mosi_m => \UART:mosi_m_wire\ ,
            select_m_3 => \UART:select_m_wire_3\ ,
            select_m_2 => \UART:select_m_wire_2\ ,
            select_m_1 => \UART:select_m_wire_1\ ,
            select_m_0 => \UART:select_m_wire_0\ ,
            sclk_m => \UART:sclk_m_wire\ ,
            miso_s => \UART:miso_s_wire\ ,
            tr_tx_req => Net_205 ,
            tr_rx_req => Net_196 );
        Properties:
        {
            cy_registers = ""
            scb_mode = 2
        }
CSD group 0: empty
CSIDAC8 group 0: empty
CSIDAC7 group 0: empty
TCPWM group 0: 
    Tcpwm Block @ F(TCPWM,0): 
    m0s8tcpwmcell: Name =\PWM:cy_m0s8_tcpwm_1\
        PORT MAP (
            clock => Net_2919_ff7 ,
            capture => zero ,
            count => tmpOE__Pin_Output_UP_net_0 ,
            reload => zero ,
            stop => zero ,
            start => zero ,
            tr_underflow => Net_2658 ,
            tr_overflow => Net_2654 ,
            tr_compare_match => Net_2650 ,
            line => Net_1948 ,
            line_compl => Net_2653 ,
            interrupt => Net_2652 );
        Properties:
        {
            cy_registers = ""
        }
    Tcpwm Block @ F(TCPWM,3): 
    m0s8tcpwmcell: Name =\PWM_Down:cy_m0s8_tcpwm_1\
        PORT MAP (
            clock => Net_2904_ff8 ,
            capture => zero ,
            count => tmpOE__Pin_Output_UP_net_0 ,
            reload => zero ,
            stop => zero ,
            start => zero ,
            tr_underflow => Net_2523 ,
            tr_overflow => Net_2519 ,
            tr_compare_match => Net_2707 ,
            line => Net_2907 ,
            line_compl => Net_2518 ,
            interrupt => Net_2516 );
        Properties:
        {
            cy_registers = ""
        }
OA group 0: empty
TEMP group 0: empty
SARADC group 0: 
    SAR ADC @ F(SARADC,0): 
    p4sarcell: Name =\ADC:cy_psoc4_sar\
        PORT MAP (
            vplus => Net_3152 ,
            vminus => \ADC:mux_bus_minus_0\ ,
            vref => \ADC:Net_3113\ ,
            ext_vref => \ADC:Net_3227\ ,
            clock => \ADC:Net_1845_ff6\ ,
            sample_done => Net_2688 ,
            chan_id_valid => \ADC:Net_3108\ ,
            chan_id_3 => \ADC:Net_3109_3\ ,
            chan_id_2 => \ADC:Net_3109_2\ ,
            chan_id_1 => \ADC:Net_3109_1\ ,
            chan_id_0 => \ADC:Net_3109_0\ ,
            data_valid => \ADC:Net_3110\ ,
            data_11 => \ADC:Net_3111_11\ ,
            data_10 => \ADC:Net_3111_10\ ,
            data_9 => \ADC:Net_3111_9\ ,
            data_8 => \ADC:Net_3111_8\ ,
            data_7 => \ADC:Net_3111_7\ ,
            data_6 => \ADC:Net_3111_6\ ,
            data_5 => \ADC:Net_3111_5\ ,
            data_4 => \ADC:Net_3111_4\ ,
            data_3 => \ADC:Net_3111_3\ ,
            data_2 => \ADC:Net_3111_2\ ,
            data_1 => \ADC:Net_3111_1\ ,
            data_0 => \ADC:Net_3111_0\ ,
            tr_sar_out => Net_2687 ,
            irq => \ADC:Net_3112\ );
        Properties:
        {
            cy_registers = ""
        }
CLK_GEN group 0: 
    M0S8 Clock Gen Block @ F(CLK_GEN,0): 
    m0s8clockgenblockcell: Name =ClockGenBlock
        PORT MAP (
             );
        Properties:
        {
        }
LPCOMPBLOCK group 0: empty
PASSBLOCK group 0: empty
BLE group 0: 
    BLE Block @ F(BLE,0): 
    p4blecell: Name =\Bluetooth:cy_m0s8_ble\
        PORT MAP (
            interrupt => \Bluetooth:Net_15\ ,
            rfctrl_extpa_en => Net_1577 );
        Properties:
        {
            cy_registers = ""
        }
WCO group 0: empty
SRSS group 0: empty
CPUSS group 0: empty
IOSS group 0: empty
EXCO group 0: empty
</CYPRESSTAG>
<CYPRESSTAG name="Port Configuration Details">

------------------------------------------------------------
Port Configuration report
------------------------------------------------------------
     |     |       | Interrupt |                  |                            | 
Port | Pin | Fixed |      Type |       Drive Mode |                       Name | Connections
-----+-----+-------+-----------+------------------+----------------------------+------------------------------
   0 |   0 |     * |      NONE |         CMOS_OUT |                IN2_P_00(0) | 
     |   1 |     * |      NONE |         CMOS_OUT |                IN1_P_01(0) | 
     |   2 |     * |      NONE |         CMOS_OUT |                     Din(0) | In(Net_2)
     |   3 |     * |      NONE |      HI_Z_ANALOG |                    P_03(0) | In(__ONE__), Analog(Net_3152)
-----+-----+-------+-----------+------------------+----------------------------+------------------------------
   1 |   4 |     * |      NONE |     HI_Z_DIGITAL |               \UART:rx(0)\ | FB(\UART:rx_wire\)
     |   5 |     * |      NONE |         CMOS_OUT |               \UART:tx(0)\ | In(\UART:tx_wire\)
     |   6 |     * |      NONE |         CMOS_OUT |                ENA_P_16(0) | In(Net_2907)
-----+-----+-------+-----------+------------------+----------------------------+------------------------------
   2 |   0 |     * |      NONE |         CMOS_OUT |         Pin_Output_LEFT(0) | In(Net_2635)
     |   1 |     * |      NONE |         CMOS_OUT |        Pin_Output_RIGHT(0) | In(Net_2636)
     |   2 |     * |      NONE |         CMOS_OUT |           Pin_Output_UP(0) | In(Net_2637)
     |   3 |     * |      NONE |         CMOS_OUT |         Pin_Output_DOWN(0) | In(Net_2639)
     |   4 |     * |      NONE |      RES_PULL_UP |   Pin_Input_BallTrigger(0) | FB(Net_2629)
     |   5 |     * |      NONE |         CMOS_OUT |               Pin_Motor(0) | 
-----+-----+-------+-----------+------------------+----------------------------+------------------------------
   3 |   0 |     * |      NONE |         CMOS_OUT |  Pin_Output_LEFT_GROUND(0) | In(Net_2647)
     |   1 |     * |      NONE |         CMOS_OUT | Pin_Output_RIGHT_GROUND(0) | In(Net_2648)
     |   2 |     * |      NONE |         CMOS_OUT |    Pin_Output_UP_GROUND(0) | In(Net_2638)
     |   3 |     * |      NONE |         CMOS_OUT |  Pin_Output_DOWN_GROUND(0) | In(Net_2640)
     |   4 |     * |      NONE |         CMOS_OUT |        Pin_Output_Serve(0) | 
--------------------------------------------------------------------------------------------------------------
</CYPRESSTAG>
</CYPRESSTAG>
</CYPRESSTAG>
Digital component placer commit/Report: Elapsed time ==> 0s.055ms
Digital Placement phase: Elapsed time ==> 1s.184ms
</CYPRESSTAG>
<CYPRESSTAG name="Digital Routing">
"B:\PSoC Creator\4.4\PSoC Creator\bin/sjrouter.exe" --xml-path "B:\PSoC Creator\4.4\PSoC Creator\dev\psoc4/3/256dma/route_arch-rrg.cydata" --vh2-path "CyberPong_r.vh2" --pcf-path "CyberPong.pco" --des-name "CyberPong" --dsf-path "CyberPong.dsf" --sdc-path "CyberPong.sdc" --lib-path "CyberPong_r.lib"
Routing successful.
Digital Routing phase: Elapsed time ==> 1s.000ms
</CYPRESSTAG>
<CYPRESSTAG name="Bitstream Generation">
Bitstream Generation phase: Elapsed time ==> 0s.448ms
</CYPRESSTAG>
<CYPRESSTAG name="Bitstream Verification">
Bitstream Verification phase: Elapsed time ==> 0s.071ms
</CYPRESSTAG>
<CYPRESSTAG name="Static timing analysis">
Timing report is in CyberPong_timing.html.
Static timing analysis phase: Elapsed time ==> 0s.320ms
</CYPRESSTAG>
<CYPRESSTAG name="Data reporting">
Data reporting phase: Elapsed time ==> 0s.000ms
</CYPRESSTAG>
<CYPRESSTAG name="Database update...">
Design database save phase: Elapsed time ==> 0s.279ms
</CYPRESSTAG>
cydsfit: Elapsed time ==> 4s.859ms
</CYPRESSTAG>
Fitter phase: Elapsed time ==> 4s.875ms
API generation phase: Elapsed time ==> 4s.891ms
Dependency generation phase: Elapsed time ==> 0s.032ms
Cleanup phase: Elapsed time ==> 0s.008ms
